id,timestamp,location_timestamp,sim_id,arfcn,code,sig_pow,sig_quality,sig_rssi,sig_snr,sig_cinr,source_id,technology,param1,param2,param3,param4,param5,info,plmn_id,lac,rac,cell_id,frame_type,node_id,is_synced
315831,73603596583567360,,0,1423,,-840,-120.0,-510.0,40.0,0.0,3,4,,,,,,,43211.0,44200.0,,23055629.0,0,0,0
315832,73603596640888657,,0,1423,489.0,-840,-120.0,-500.0,35.0,,1,4,274.0,5838.0,,,,,,,,,45459,0,0
315833,73603596642575146,,0,1423,490.0,-960,-300.0,-570.0,,,2,4,,,,,,,,,,,45461,0,0
315834,73603596642576146,,0,1423,490.0,-970,-280.0,,,,2,4,,,,,,,,,,,45433,0,0
315835,73603596766096350,,0,1423,406.0,-970,-300.0,-580.0,,,2,4,,,,,,,,,,,45461,0,0
315836,73603596766096350,,0,1423,490.0,-980,-300.0,-590.0,,,2,4,,,,,,,,,,,45461,0,0
315837,73603596766098350,,0,1423,490.0,-980,-290.0,,,,2,4,,,,,,,,,,,45433,0,0
315838,73603596766098350,,0,1423,406.0,-970,-300.0,,,,2,4,,,,,,,,,,,45433,0,0
315839,73603596804518378,,0,1423,460.0,-1020,-300.0,-630.0,,,2,4,,,,,,,,,,,45461,0,0
315840,73603596804518378,,0,1423,490.0,-990,-300.0,-600.0,,,2,4,,,,,,,,,,,45461,0,0
315841,73603596804518378,,0,1423,406.0,-990,-300.0,-600.0,,,2,4,,,,,,,,,,,45461,0,0
315842,73603596804518925,,0,1423,406.0,-990,-300.0,,,,2,4,,,,,,,,,,,45433,0,0
315843,73603596804518925,,0,1423,490.0,-990,-290.0,,,,2,4,,,,,,,,,,,45433,0,0
315844,73603596804518925,,0,1423,460.0,-1020,-300.0,,,,2,4,,,,,,,,,,,45433,0,0
315845,73603596898479899,,0,1423,490.0,-980,-290.0,,,,2,4,,,,,,,,,,,45433,0,0
315846,73603596898479899,,0,1423,460.0,-990,-300.0,,,,2,4,,,,,,,,,,,45433,0,0
315847,73603596898476899,,0,1423,490.0,-990,-300.0,-600.0,,,2,4,,,,,,,,,,,45461,0,0
315848,73603596910370530,,0,1423,490.0,-980,-300.0,-590.0,,,2,4,,,,,,,,,,,45461,0,0
315849,73603596910374530,,0,1423,490.0,-980,-290.0,,,,2,4,,,,,,,,,,,45433,0,0
315850,73603596898476899,,0,1423,460.0,-990,-300.0,-600.0,,,2,4,,,,,,,,,,,45461,0,0
315851,73603596910374530,,0,1423,460.0,-980,-300.0,,,,2,4,,,,,,,,,,,45433,0,0
315852,73603596910370530,,0,1423,460.0,-980,-300.0,-590.0,,,2,4,,,,,,,,,,,45461,0,0
315853,73603597072203776,,0,1423,,-840,-120.0,-520.0,40.0,0.0,3,4,,,,,,,43211.0,44200.0,,23055629.0,0,0,0
315854,73603597119827219,,0,1423,460.0,-900,-210.0,-590.0,,,2,4,,,,,,,,,,,45461,0,0
315855,73603597119832219,,0,1423,460.0,-920,-270.0,,,,2,4,,,,,,,,,,,45433,0,0
315856,73603597119827219,,0,1423,148.0,-860,-180.0,-590.0,,,2,4,,,,,,,,,,,45461,0,0
315857,73603597119827219,,0,1423,406.0,-870,-190.0,-590.0,,,2,4,,,,,,,,,,,45461,0,0
315858,73603597119832219,,0,1423,406.0,-890,-260.0,,,,2,4,,,,,,,,,,,45433,0,0
315859,73603597119832219,,0,1423,148.0,-860,-180.0,,,,2,4,,,,,,,,,,,45433,0,0
315860,73603597230657409,,0,1423,406.0,-1000,-270.0,,,,2,4,,,,,,,,,,,45433,0,0
315861,73603597230651409,,0,1423,406.0,-1000,-210.0,-610.0,,,2,4,,,,,,,,,,,45461,0,0
315862,73603597254039016,,0,1423,460.0,-980,-300.0,-590.0,,,2,4,,,,,,,,,,,45461,0,0
315863,73603597230651409,,0,1423,460.0,-1000,-300.0,-610.0,,,2,4,,,,,,,,,,,45461,0,0
315864,73603597254039016,,0,1423,148.0,-980,-230.0,-590.0,,,2,4,,,,,,,,,,,45461,0,0
315865,73603597254046016,,0,1423,406.0,-920,-260.0,,,,2,4,,,,,,,,,,,45433,0,0
315866,73603597254046016,,0,1423,148.0,-960,-210.0,,,,2,4,,,,,,,,,,,45433,0,0
315867,73603597254039016,,0,1423,406.0,-910,-220.0,-590.0,,,2,4,,,,,,,,,,,45461,0,0
315868,73603597619757056,,0,1423,,-840,-120.0,-500.0,30.0,0.0,3,4,,,,,,,43211.0,44200.0,,23055629.0,0,0,0
315869,73603598189723648,,0,1423,,-840,-110.0,-520.0,50.0,0.0,3,4,,,,,,,43211.0,44200.0,,23055629.0,0,0,0
315870,73603598659878912,,0,1423,,-840,-110.0,-540.0,50.0,0.0,3,4,,,,,,,43211.0,44200.0,,23055629.0,0,0,0
315871,73603599069451560,,0,1423,95.0,-970,-220.0,,,,2,4,,,,,,,,,,,45433,0,0
315872,73603599069433560,,0,1423,95.0,-980,-300.0,-590.0,,,2,4,,,,,,,,,,,45461,0,0
315873,73603599092934588,,0,1423,95.0,-970,-250.0,,,,2,4,,,,,,,,,,,45433,0,0
315874,73603599092915588,,0,1423,95.0,-960,-300.0,-570.0,,,2,4,,,,,,,,,,,45461,0,0
315875,73603599109754037,,0,1423,95.0,-990,-300.0,-600.0,,,2,4,,,,,,,,,,,45461,0,0
315876,73603599109774037,,0,1423,95.0,-990,-270.0,,,,2,4,,,,,,,,,,,45433,0,0
315877,73603599210971136,,0,1423,,-840,-120.0,-500.0,50.0,0.0,3,4,,,,,,,43211.0,44200.0,,23055629.0,0,0,0
315878,73603599431716932,,0,1423,148.0,-890,-200.0,-600.0,,,2,4,,,,,,,,,,,45461,0,0
315879,73603599431741932,,0,1423,148.0,-890,-200.0,,,,2,4,,,,,,,,,,,45433,0,0
315880,73603599458566651,,0,1423,148.0,-900,-210.0,-600.0,,,2,4,,,,,,,,,,,45461,0,0
315881,73603599458592651,,0,1423,148.0,-910,-220.0,,,,2,4,,,,,,,,,,,45433,0,0
315882,73603599475344274,,0,1423,148.0,-990,-300.0,-600.0,,,2,4,,,,,,,,,,,45461,0,0
315883,73603599492149074,,0,1423,148.0,-980,-260.0,,,,2,4,,,,,,,,,,,45433,0,0
315884,73603599593603992,,0,3300,490.0,-980,-120.0,-750.0,,,2,4,,,,,,,,,,,45458,0,0
315885,73603599593603992,,0,3300,460.0,-1010,-150.0,-760.0,,,2,4,,,,,,,,,,,45458,0,0
315886,73603599580757939,,0,1423,489.0,-840,-110.0,-510.0,32.0,,1,4,274.0,9397.0,,,,,,,,,45459,0,0
315887,73603599546267045,,0,450,489.0,-860,-50.0,-710.0,,,2,4,,,,,,,,,,,45458,0,0
315888,73603599593603992,,0,3300,489.0,-1020,-170.0,-750.0,,,2,4,,,,,,,,,,,45458,0,0
315889,73603599824060416,,0,3300,,-1000,-150.0,-630.0,-40.0,0.0,3,4,,,,,,,43211.0,44200.0,,23055618.0,0,0,0
315890,73603599889867710,,0,3300,460.0,-1150,-300.0,,,,2,4,,,,,,,,,,,45433,0,0
315891,73603599936015957,,0,3102,490.0,-1020,-150.0,-740.0,,,2,4,,,,,,,,,,,45458,0,0
315892,73603599878140773,,0,3300,490.0,-1000,-150.0,-660.0,-41.0,,1,4,274.0,1773.0,,,,,,,,,45459,0,0
315893,73603599889833710,,0,3300,460.0,-1150,-300.0,-760.0,,,2,4,,,,,,,,,,,45461,0,0
315894,73603599888682337,,0,3300,490.0,-1000,-150.0,-660.0,-19.0,,1,4,274.0,2817.0,,,,,,,,,45459,0,0
315895,73603599889833710,,0,3300,489.0,-1000,-160.0,-750.0,,,2,4,,,,,,,,,,,45461,0,0
315896,73603599917142002,,0,3102,490.0,-1050,-220.0,-740.0,,,2,4,,,,,,,,,,,45458,0,0
315897,73603599902461408,,0,3102,490.0,-1030,-150.0,-740.0,,,2,4,,,,,,,,,,,45458,0,0
315898,73603599889867710,,0,3300,489.0,-1000,-160.0,,,,2,4,,,,,,,,,,,45433,0,0
315899,73603599954891513,,0,3102,460.0,-1020,-190.0,-730.0,,,2,4,,,,,,,,,,,45458,0,0
315900,73603599984250537,,0,3102,460.0,-1010,-180.0,-740.0,,,2,4,,,,,,,,,,,45458,0,0
315901,73603599954891513,,0,3102,490.0,-1120,-300.0,-730.0,,,2,4,,,,,,,,,,,45458,0,0
315902,73603600276520960,,0,3300,,-1000,-150.0,-640.0,-40.0,0.0,3,4,,,,,,,43211.0,44200.0,,23055618.0,0,0,0
315903,73603600760569856,,0,3300,,-1000,-150.0,-630.0,-40.0,0.0,3,4,,,,,,,43211.0,44200.0,,23055618.0,0,0,0
315904,73603601313955840,,0,3300,,-1000,-150.0,-640.0,-30.0,0.0,3,4,,,,,,,43211.0,44200.0,,23055618.0,0,0,0
315905,73603601798660096,,0,3300,,-1000,-150.0,-640.0,-30.0,0.0,3,4,,,,,,,43211.0,44200.0,,23055618.0,0,0,0
315906,73603602349162496,,0,3300,,-1000,-150.0,-640.0,-40.0,0.0,3,4,,,,,,,43211.0,44200.0,,23055618.0,0,0,0
315907,73603602900123648,,0,3300,,-1000,-150.0,-650.0,-20.0,0.0,3,4,,,,,,,43211.0,44200.0,,23055618.0,0,0,0
315908,73603603426902016,,0,3300,,-1000,-150.0,-630.0,-50.0,0.0,3,4,,,,,,,43211.0,44200.0,,23055618.0,0,0,0
315909,73603603703314621,,0,3300,490.0,-1000,-140.0,-660.0,-29.0,,1,4,274.0,1901.0,,,,,,,,,45459,0,0
315910,73603603770470241,,0,3300,490.0,-990,-150.0,-650.0,-33.0,,1,4,274.0,10220.0,,,,,,,,,45459,0,0
315911,73603603770584898,,0,3300,489.0,-1020,-170.0,-760.0,,,2,4,,,,,,,,,,,45458,0,0
315912,73603603770584898,,0,3300,460.0,-1070,-210.0,-760.0,,,2,4,,,,,,,,,,,45458,0,0
315913,73603603770584898,,0,3300,95.0,-1040,-180.0,-770.0,,,2,4,,,,,,,,,,,45458,0,0
315914,73603603837795847,,0,3300,489.0,-1040,-170.0,-760.0,,,2,4,,,,,,,,,,,45458,0,0
315915,73603603899219968,,0,3300,,-1000,-160.0,-620.0,-40.0,0.0,3,4,,,,,,,43211.0,44200.0,,23055618.0,0,0,0
315916,73603603837795847,,0,3300,95.0,-1140,-300.0,-750.0,,,2,4,,,,,,,,,,,45458,0,0
315917,73603603837532030,,0,3300,490.0,-1000,-150.0,-670.0,-39.0,,1,4,274.0,1133.0,,,,,,,,,45459,0,0
315918,73603603837795847,,0,3300,460.0,-1150,-300.0,-760.0,,,2,4,,,,,,,,,,,45458,0,0
315919,73603603884161682,,0,3300,489.0,-1030,-170.0,-760.0,,,2,4,,,,,,,,,,,45461,0,0
315920,73603603884200682,,0,3300,489.0,-1030,-170.0,,,,2,4,,,,,,,,,,,45433,0,0
315921,73603603884200682,,0,3300,460.0,-1160,-300.0,,,,2,4,,,,,,,,,,,45433,0,0
315922,73603603884200682,,0,3300,95.0,-1160,-300.0,,,,2,4,,,,,,,,,,,45433,0,0
315923,73603603884161682,,0,3300,95.0,-1160,-300.0,-770.0,,,2,4,,,,,,,,,,,45461,0,0
315924,73603603884161682,,0,3300,460.0,-1160,-300.0,-770.0,,,2,4,,,,,,,,,,,45461,0,0
315925,73603603895724430,,0,3102,489.0,-1000,-160.0,-740.0,,,2,4,,,,,,,,,,,45458,0,0
315926,73603603882675258,,0,3300,490.0,-1010,-150.0,-670.0,-26.0,,1,4,274.0,2243.0,,,,,,,,,45459,0,0
315927,73603604162061929,,0,3102,489.0,-990,-150.0,-750.0,,,2,4,,,,,,,,,,,45458,0,0
315928,73603604191422260,,0,3102,489.0,-970,-120.0,-760.0,,,2,4,,,,,,,,,,,45458,0,0
315929,73603604229171055,,0,3102,489.0,-980,-130.0,-760.0,,,2,4,,,,,,,,,,,45458,0,0
315930,73603604229171055,,0,3102,460.0,-1050,-210.0,-750.0,,,2,4,,,,,,,,,,,45458,0,0
315931,73603604258531400,,0,3102,460.0,-1110,-230.0,-740.0,,,2,4,,,,,,,,,,,45458,0,0
315932,73603604258531400,,0,3102,489.0,-980,-140.0,-740.0,,,2,4,,,,,,,,,,,45458,0,0
315933,73603604317250528,,0,3102,489.0,-1030,-170.0,-760.0,,,2,4,,,,,,,,,,,45458,0,0
315934,73603604094953712,,0,3102,489.0,-990,-150.0,-750.0,,,2,4,,,,,,,,,,,45458,0,0
315935,73603604371776984,,0,3102,489.0,-1060,-190.0,-750.0,,,2,4,,,,,,,,,,,45458,0,0
315936,73603604396943307,,0,3102,406.0,-1010,-190.0,-720.0,,,2,4,,,,,,,,,,,45458,0,0
315937,73603604534198272,,0,3300,,-1010,-140.0,-640.0,-20.0,0.0,3,4,,,,,,,43211.0,44200.0,,23055618.0,0,0,0
315938,73603604396943307,,0,3102,489.0,-1040,-210.0,-730.0,,,2,4,,,,,,,,,,,45458,0,0
315939,73603604560519697,,0,3102,489.0,-1030,-200.0,-730.0,,,2,4,,,,,,,,,,,45458,0,0
315940,73603604371776984,,0,3102,406.0,-1050,-180.0,-740.0,,,2,4,,,,,,,,,,,45458,0,0
315941,73603605797835959,,0,3102,406.0,-1020,-160.0,-770.0,,,2,4,,,,,,,,,,,45458,0,0
315942,73603605797835959,,0,3102,460.0,-1080,-210.0,-770.0,,,2,4,,,,,,,,,,,45458,0,0
315943,73603605990771950,,0,3102,460.0,-1060,-210.0,-750.0,,,2,4,,,,,,,,,,,45458,0,0
315944,73603606456338343,,0,3102,95.0,-1060,-180.0,-770.0,,,2,4,,,,,,,,,,,45458,0,0
315945,73603606456338343,,0,3102,460.0,-1100,-220.0,-770.0,,,2,4,,,,,,,,,,,45458,0,0
315946,73603606607333020,,0,3102,460.0,-1100,-220.0,-750.0,,,2,4,,,,,,,,,,,45458,0,0
315947,73603606678634685,,0,3102,460.0,-1080,-230.0,-750.0,,,2,4,,,,,,,,,,,45458,0,0
315948,73603606720577721,,0,3102,460.0,-1070,-220.0,-740.0,,,2,4,,,,,,,,,,,45458,0,0
315949,73603607362304765,,0,3102,406.0,-1050,-200.0,-750.0,,,2,4,,,,,,,,,,,45458,0,0
315950,73603607391665906,,0,3102,406.0,-1020,-180.0,-750.0,,,2,4,,,,,,,,,,,45458,0,0
315951,73603607429413293,,0,3102,406.0,-1030,-190.0,-750.0,,,2,4,,,,,,,,,,,45458,0,0
315952,73603607450384833,,0,3102,406.0,-1130,-300.0,-740.0,,,2,4,,,,,,,,,,,45458,0,0
315953,73603607462967286,,0,3102,406.0,-1040,-180.0,-740.0,,,2,4,,,,,,,,,,,45458,0,0
315954,73603607595613441,,0,3300,490.0,-1000,-150.0,-670.0,-44.0,,1,4,274.0,1133.0,,,,,,,,,45459,0,0
315955,73603607639127225,,0,3300,490.0,-1000,-150.0,-660.0,-29.0,,1,4,274.0,1216.0,,,,,,,,,45459,0,0
315956,73603607640616084,,0,3300,489.0,-1020,-170.0,-750.0,,,2,4,,,,,,,,,,,45461,0,0
315957,73603607640616084,,0,3300,460.0,-1070,-200.0,-750.0,,,2,4,,,,,,,,,,,45461,0,0
315958,73603607640616084,,0,3300,95.0,-1140,-300.0,-750.0,,,2,4,,,,,,,,,,,45461,0,0
315959,73603607640658084,,0,3300,95.0,-1140,-300.0,,,,2,4,,,,,,,,,,,45433,0,0
315960,73603607640658084,,0,3300,460.0,-1070,-200.0,,,,2,4,,,,,,,,,,,45433,0,0
315961,73603607640658084,,0,3300,489.0,-1020,-170.0,,,,2,4,,,,,,,,,,,45433,0,0
315962,73603607652495854,,0,1423,490.0,-910,-170.0,-590.0,,,2,4,,,,,,,,,,,45458,0,0
315963,73603607652495854,,0,1423,489.0,-840,-130.0,-590.0,,,2,4,,,,,,,,,,,45458,0,0
315964,73603607746867764,,0,1423,489.0,-830,-130.0,-590.0,,,2,4,,,,,,,,,,,45458,0,0
315965,73603607667176582,,0,1423,489.0,-830,-130.0,-580.0,,,2,4,,,,,,,,,,,45458,0,0
315966,73603607686050491,,0,1423,489.0,-830,-110.0,-600.0,,,2,4,,,,,,,,,,,45458,0,0
315967,73603607704925207,,0,1423,489.0,-830,-100.0,-610.0,,,2,4,,,,,,,,,,,45458,0,0
315968,73603607723799166,,0,1423,489.0,-830,-110.0,-600.0,,,2,4,,,,,,,,,,,45458,0,0
315969,73603608768872448,,0,3300,,-1000,-160.0,-630.0,-40.0,0.0,3,4,,,,,,,43211.0,44200.0,,23055618.0,0,0,0
315970,73603612226104630,,0,3300,489.0,-960,-120.0,-660.0,28.0,,1,4,274.0,1773.0,,,,,,,,,45459,0,0
315971,73603612284103410,,0,3300,460.0,-1170,-300.0,-780.0,,,2,4,,,,,,,,,,,45461,0,0
315972,73603612282877084,,0,3300,489.0,-970,-130.0,-660.0,13.0,,1,4,274.0,4953.0,,,,,,,,,45459,0,0
315973,73603612284103410,,0,3300,490.0,-1000,-120.0,-780.0,,,2,4,,,,,,,,,,,45461,0,0
315974,73603612284148410,,0,3300,490.0,-1000,-120.0,,,,2,4,,,,,,,,,,,45433,0,0
315975,73603612373107560,,0,3300,490.0,-980,-110.0,,,,2,4,,,,,,,,,,,45433,0,0
315976,73603612373060560,,0,3300,95.0,-1070,-220.0,-760.0,,,2,4,,,,,,,,,,,45461,0,0
315977,73603612373060560,,0,3300,281.0,-1060,-190.0,-780.0,,,2,4,,,,,,,,,,,45461,0,0
315978,73603612373060560,,0,3300,59.0,-1070,-190.0,-780.0,,,2,4,,,,,,,,,,,45461,0,0
315979,73603612373060560,,0,3300,490.0,-980,-100.0,-780.0,,,2,4,,,,,,,,,,,45461,0,0
315980,73603612373107560,,0,3300,281.0,-1060,-210.0,,,,2,4,,,,,,,,,,,45433,0,0
315981,73603612373107560,,0,3300,59.0,-1080,-260.0,,,,2,4,,,,,,,,,,,45433,0,0
315982,73603612373107560,,0,3300,95.0,-1080,-260.0,,,,2,4,,,,,,,,,,,45433,0,0
315983,73603612394986683,,0,3300,281.0,-1160,-300.0,-770.0,,,2,4,,,,,,,,,,,45461,0,0
315984,73603612394986683,,0,3300,95.0,-1070,-220.0,-760.0,,,2,4,,,,,,,,,,,45461,0,0
315985,73603612394986683,,0,3300,490.0,-980,-120.0,-760.0,,,2,4,,,,,,,,,,,45461,0,0
315986,73603612394986683,,0,3300,59.0,-1030,-170.0,-760.0,,,2,4,,,,,,,,,,,45461,0,0
315987,73603612395034683,,0,3300,59.0,-1040,-230.0,,,,2,4,,,,,,,,,,,45433,0,0
315988,73603612395034683,,0,3300,490.0,-980,-120.0,,,,2,4,,,,,,,,,,,45433,0,0
315989,73603612395034683,,0,3300,95.0,-1080,-240.0,,,,2,4,,,,,,,,,,,45433,0,0
315990,73603612395034683,,0,3300,281.0,-1140,-230.0,,,,2,4,,,,,,,,,,,45433,0,0
315991,73603612567778034,,0,3300,490.0,-980,-110.0,-760.0,,,2,4,,,,,,,,,,,45461,0,0
315992,73603612567827034,,0,3300,490.0,-980,-110.0,,,,2,4,,,,,,,,,,,45433,0,0
315993,73603612567778034,,0,3300,59.0,-1160,-300.0,-770.0,,,2,4,,,,,,,,,,,45461,0,0
315994,73603612567827034,,0,3300,59.0,-1150,-300.0,,,,2,4,,,,,,,,,,,45433,0,0
315995,73603612641489843,,0,3300,490.0,-1000,-130.0,,,,2,4,,,,,,,,,,,45433,0,0
315996,73603612641489843,,0,3300,281.0,-1060,-260.0,,,,2,4,,,,,,,,,,,45433,0,0
315997,73603612641439843,,0,3300,281.0,-1040,-180.0,-760.0,,,2,4,,,,,,,,,,,45461,0,0
315998,73603612996927488,,0,3300,,-960,-120.0,-640.0,30.0,0.0,3,4,,,,,,,43211.0,44200.0,,23055619.0,0,0,0
315999,73603612956295568,,0,3300,429.0,-1150,-300.0,-760.0,,,2,4,,,,,,,,,,,45461,0,0
316000,73603612956349568,,0,3300,429.0,-1120,-220.0,,,,2,4,,,,,,,,,,,45433,0,0
316001,73603613688342987,,0,3300,281.0,-1020,-170.0,-750.0,,,2,4,,,,,,,,,,,45461,0,0
316002,73603613688397987,,0,3300,281.0,-1040,-260.0,,,,2,4,,,,,,,,,,,45433,0,0
316003,73603613705120361,,0,3300,281.0,-1060,-190.0,-770.0,,,2,4,,,,,,,,,,,45461,0,0
316004,73603613705176361,,0,3300,281.0,-1050,-240.0,,,,2,4,,,,,,,,,,,45433,0,0
316005,73603614748655633,,0,3300,406.0,-1060,-190.0,-760.0,,,2,4,,,,,,,,,,,45461,0,0
316006,73603614748713633,,0,3300,406.0,-1080,-260.0,,,,2,4,,,,,,,,,,,45433,0,0
316007,73603614770622600,,0,3300,406.0,-1140,-300.0,-750.0,,,2,4,,,,,,,,,,,45461,0,0
316008,73603614770681600,,0,3300,406.0,-1140,-280.0,,,,2,4,,,,,,,,,,,45433,0,0
316009,73603614966758679,,0,3300,406.0,-1050,-200.0,-760.0,,,2,4,,,,,,,,,,,45461,0,0
316010,73603614966819679,,0,3300,406.0,-1060,-250.0,,,,2,4,,,,,,,,,,,45433,0,0
316011,73603614983535627,,0,3300,406.0,-1060,-210.0,-760.0,,,2,4,,,,,,,,,,,45461,0,0
316012,73603614983597627,,0,3300,406.0,-1060,-240.0,,,,2,4,,,,,,,,,,,45433,0,0
316013,73603615302356219,,0,3300,59.0,-1140,-300.0,-750.0,,,2,4,,,,,,,,,,,45461,0,0
316014,73603615302420219,,0,3300,59.0,-1130,-230.0,,,,2,4,,,,,,,,,,,45433,0,0
316015,73603615755442515,,0,3300,406.0,-1080,-270.0,,,,2,4,,,,,,,,,,,45433,0,0
316016,73603615755377515,,0,3300,406.0,-1070,-220.0,-750.0,,,2,4,,,,,,,,,,,45461,0,0
316017,73603616251989306,,0,3300,460.0,-1070,-210.0,-760.0,,,2,4,,,,,,,,,,,45461,0,0
316018,73603616268834690,,0,3300,59.0,-1070,-250.0,,,,2,4,,,,,,,,,,,45433,0,0
316019,73603616282458139,,0,3300,59.0,-1150,-300.0,-760.0,,,2,4,,,,,,,,,,,45461,0,0
316020,73603616327901502,,0,3300,95.0,-1050,-200.0,-760.0,,,2,4,,,,,,,,,,,45461,0,0
316021,73603616953275837,,0,3300,490.0,-980,-130.0,-750.0,,,2,4,,,,,,,,,,,45461,0,0
316022,73603617019011853,,0,1423,490.0,-900,-210.0,-600.0,,,2,4,,,,,,,,,,,45458,0,0
316023,73603617019011853,,0,1423,489.0,-830,-130.0,-600.0,,,2,4,,,,,,,,,,,45458,0,0
316024,73603617065150463,,0,1423,489.0,-840,-90.0,-640.0,,,2,4,,,,,,,,,,,45458,0,0
316025,73603617126219776,,0,3300,,-970,-120.0,-640.0,20.0,0.0,3,4,,,,,,,43211.0,44200.0,,23055619.0,0,0,0
316026,73603617192123057,,0,3300,489.0,-970,-120.0,-670.0,36.0,,1,4,274.0,2029.0,,,,,,,,,45459,0,0
316027,73603617259277599,,0,3300,489.0,-970,-120.0,-660.0,17.0,,1,4,274.0,9324.0,,,,,,,,,45459,0,0
316028,73603617326385956,,0,3300,489.0,-970,-130.0,-660.0,3.0,,1,4,274.0,9452.0,,,,,,,,,45459,0,0
316029,73603617393130472,,0,3300,489.0,-970,-130.0,-670.0,31.0,,1,4,274.0,5484.0,,,,,,,,,45459,0,0
316030,73603617406028625,,0,3102,489.0,-1020,-160.0,-770.0,,,2,4,,,,,,,,,,,45458,0,0
316031,73603619321196319,,0,3300,281.0,-1140,-300.0,-750.0,,,2,4,,,,,,,,,,,45461,0,0
316032,73603620314567654,,0,3300,59.0,-1170,-300.0,-780.0,,,2,4,,,,,,,,,,,45461,0,0
316033,73603620314567654,,0,3300,460.0,-1070,-200.0,-770.0,,,2,4,,,,,,,,,,,45461,0,0
316034,73603620314567654,,0,3300,95.0,-1160,-300.0,-770.0,,,2,4,,,,,,,,,,,45461,0,0
316035,73603620314671654,,0,3300,406.0,-1160,-300.0,,,,2,4,,,,,,,,,,,45433,0,0
316036,73603620951899296,,0,3300,490.0,-990,-130.0,-760.0,,,2,4,,,,,,,,,,,45461,0,0
316037,73603621369741312,,0,3300,,-970,-130.0,-640.0,10.0,0.0,3,4,,,,,,,43211.0,44200.0,,23055619.0,0,0,0
316038,73603621285746896,,0,3300,489.0,-960,-120.0,-660.0,15.0,,1,4,274.0,1645.0,,,,,,,,,45459,0,0
316039,73603621420135222,,0,3300,489.0,-960,-110.0,-650.0,22.0,,1,4,274.0,10092.0,,,,,,,,,45459,0,0
316040,73603621352900666,,0,3300,489.0,-960,-120.0,-660.0,30.0,,1,4,274.0,9964.0,,,,,,,,,45459,0,0
316041,73603621487119119,,0,3300,489.0,-960,-120.0,-650.0,36.0,,1,4,274.0,10220.0,,,,,,,,,45459,0,0
316042,73603621542644942,,0,1423,489.0,-840,-100.0,-610.0,,,2,4,,,,,,,,,,,45458,0,0
316043,73603621603461229,,0,1423,489.0,-850,-120.0,-620.0,,,2,4,,,,,,,,,,,45458,0,0
316044,73603621927271036,,0,3300,227.0,-1010,-160.0,-740.0,,,2,4,,,,,,,,,,,45461,0,0
316045,73603621927405036,,0,3300,227.0,-1040,-260.0,,,,2,4,,,,,,,,,,,45433,0,0
316046,73603621944103206,,0,3300,227.0,-1030,-180.0,-760.0,,,2,4,,,,,,,,,,,45461,0,0
316047,73603621944238206,,0,3300,227.0,-1040,-220.0,,,,2,4,,,,,,,,,,,45433,0,0
316048,73603624086901695,,0,3300,281.0,-1150,-300.0,-760.0,,,2,4,,,,,,,,,,,45461,0,0
316049,73603624370183871,,0,3300,460.0,-1070,-220.0,-760.0,,,2,4,,,,,,,,,,,45461,0,0
316050,73603624370183871,,0,3300,95.0,-1160,-300.0,-770.0,,,2,4,,,,,,,,,,,45461,0,0
316051,73603624959262590,,0,3300,490.0,-980,-120.0,,,,2,4,,,,,,,,,,,45433,0,0
316052,73603625336382932,,0,3300,406.0,-1080,-190.0,-790.0,,,2,4,,,,,,,,,,,45461,0,0
316053,73603625455978112,,0,3300,59.0,-1150,-300.0,-760.0,,,2,4,,,,,,,,,,,45461,0,0
316054,73603625433732119,,0,3300,300.0,-1140,-300.0,-750.0,,,2,4,,,,,,,,,,,45461,0,0
316055,73603625433891119,,0,3300,300.0,-1140,-300.0,,,,2,4,,,,,,,,,,,45433,0,0
316056,73603625455978112,,0,3300,300.0,-1140,-300.0,-750.0,,,2,4,,,,,,,,,,,45461,0,0
316057,73603625456138112,,0,3300,300.0,-1140,-300.0,,,,2,4,,,,,,,,,,,45433,0,0
316058,73603625608169624,,0,3300,293.0,-1070,-220.0,-760.0,,,2,4,,,,,,,,,,,45461,0,0
316059,73603625608331624,,0,3300,293.0,-1080,-260.0,,,,2,4,,,,,,,,,,,45433,0,0
316060,73603625732472832,,0,3300,,-960,-120.0,-630.0,20.0,0.0,3,4,,,,,,,43211.0,44200.0,,23055619.0,0,0,0
316061,73603626261198773,,0,3102,489.0,-1050,-170.0,-770.0,,,2,4,,,,,,,,,,,45458,0,0
316062,73603626351376155,,0,3102,460.0,-1040,-200.0,-740.0,,,2,4,,,,,,,,,,,45458,0,0
316063,73603628030786641,,0,3300,281.0,-1050,-190.0,-760.0,,,2,4,,,,,,,,,,,45461,0,0
316064,73603628910011843,,0,3300,95.0,-1140,-300.0,-750.0,,,2,4,,,,,,,,,,,45461,0,0
316065,73603628910207843,,0,3300,490.0,-990,-130.0,,,,2,4,,,,,,,,,,,45433,0,0
316066,73603628910011843,,0,3300,460.0,-1080,-210.0,-750.0,,,2,4,,,,,,,,,,,45461,0,0
316067,73603629378459235,,0,3300,406.0,-1160,-300.0,-770.0,,,2,4,,,,,,,,,,,45461,0,0
316068,73603629378459235,,0,3300,254.0,-1150,-300.0,-760.0,,,2,4,,,,,,,,,,,45461,0,0
316069,73603629378664235,,0,3300,254.0,-1150,-300.0,,,,2,4,,,,,,,,,,,45433,0,0
316070,73603629845020156,,0,3300,461.0,-1150,-300.0,,,,2,4,,,,,,,,,,,45433,0,0
316071,73603629844814156,,0,3300,461.0,-1150,-300.0,-760.0,,,2,4,,,,,,,,,,,45461,0,0
316072,73603629957316608,,0,3300,,-960,-120.0,-630.0,30.0,0.0,3,4,,,,,,,43211.0,44200.0,,23055619.0,0,0,0
316073,73603630979770137,,0,1423,489.0,-840,-120.0,-620.0,,,2,4,,,,,,,,,,,45458,0,0
316074,73603631144995297,,0,3300,300.0,-1060,-230.0,,,,2,4,,,,,,,,,,,45433,0,0
316075,73603631161556280,,0,3300,300.0,-1050,-180.0,-770.0,,,2,4,,,,,,,,,,,45461,0,0
316076,73603631111225523,,0,3300,59.0,-1090,-220.0,-770.0,,,2,4,,,,,,,,,,,45461,0,0
316077,73603631111225523,,0,3300,300.0,-1050,-200.0,-760.0,,,2,4,,,,,,,,,,,45461,0,0
316078,73603631111439523,,0,3300,300.0,-1070,-270.0,,,,2,4,,,,,,,,,,,45433,0,0
316079,73603631128001834,,0,3300,300.0,-1070,-210.0,-770.0,,,2,4,,,,,,,,,,,45461,0,0
316080,73603631128216834,,0,3300,300.0,-1070,-250.0,,,,2,4,,,,,,,,,,,45433,0,0
316081,73603631352061936,,0,3300,489.0,-960,-110.0,-670.0,44.0,,1,4,274.0,9580.0,,,,,,,,,45459,0,0
316082,73603631527912346,,0,3102,490.0,-1040,-160.0,-750.0,,,2,4,,,,,,,,,,,45458,0,0
316083,73603631527912346,,0,3102,489.0,-980,-130.0,-750.0,,,2,4,,,,,,,,,,,45458,0,0
316084,73603631527912346,,0,3102,95.0,-1030,-190.0,-750.0,,,2,4,,,,,,,,,,,45458,0,0
316085,73603631597117562,,0,3102,490.0,-1010,-170.0,-750.0,,,2,4,,,,,,,,,,,45458,0,0
316086,73603631597117562,,0,3102,460.0,-1060,-190.0,-740.0,,,2,4,,,,,,,,,,,45458,0,0
316087,73603631613895294,,0,3102,490.0,-1060,-190.0,-740.0,,,2,4,,,,,,,,,,,45458,0,0
316088,73603631721323814,,0,3300,148.0,-1160,-300.0,-770.0,,,2,4,,,,,,,,,,,45461,0,0
316089,73603631721558814,,0,3300,148.0,-1160,-300.0,,,,2,4,,,,,,,,,,,45433,0,0
316090,73603631737086283,,0,3300,78.0,-1150,-300.0,,,,2,4,,,,,,,,,,,45433,0,0
316091,73603631736850283,,0,3300,78.0,-1150,-300.0,-760.0,,,2,4,,,,,,,,,,,45461,0,0
316092,73603632838747063,,0,3300,148.0,-1080,-220.0,-750.0,,,2,4,,,,,,,,,,,45461,0,0
316093,73603632838985063,,0,3300,148.0,-1090,-270.0,,,,2,4,,,,,,,,,,,45433,0,0
316094,73603633271434024,,0,3300,460.0,-1060,-200.0,-760.0,,,2,4,,,,,,,,,,,45461,0,0
316095,73603633362077009,,0,3300,490.0,-1000,-110.0,-760.0,,,2,4,,,,,,,,,,,45461,0,0
316096,73603633362077009,,0,3300,406.0,-1050,-200.0,-760.0,,,2,4,,,,,,,,,,,45461,0,0
316097,73603633271434024,,0,3300,95.0,-1150,-300.0,-760.0,,,2,4,,,,,,,,,,,45461,0,0
316098,73603634246254592,,0,3300,,-970,-120.0,-640.0,10.0,0.0,3,4,,,,,,,43211.0,44200.0,,23055619.0,0,0,0
316099,73603634288226577,,0,3300,281.0,-1050,-180.0,-770.0,,,2,4,,,,,,,,,,,45461,0,0
316100,73603634407177807,,0,1423,490.0,-950,-160.0,-650.0,,,2,4,,,,,,,,,,,45458,0,0
316101,73603634447025736,,0,1423,406.0,-940,-210.0,-630.0,,,2,4,,,,,,,,,,,45458,0,0
316102,73603636242239063,,0,3300,117.0,-1140,-300.0,-750.0,,,2,4,,,,,,,,,,,45461,0,0
316103,73603636242510063,,0,3300,117.0,-1140,-300.0,,,,2,4,,,,,,,,,,,45433,0,0
316104,73603636576418817,,0,3300,246.0,-1140,-300.0,-750.0,,,2,4,,,,,,,,,,,45461,0,0
316105,73603636576693817,,0,3300,246.0,-1140,-300.0,,,,2,4,,,,,,,,,,,45433,0,0
316106,73603637289125729,,0,3300,460.0,-1080,-210.0,-760.0,,,2,4,,,,,,,,,,,45461,0,0
316107,73603637289125729,,0,3300,95.0,-1050,-200.0,-760.0,,,2,4,,,,,,,,,,,45461,0,0
316108,73603637328133371,,0,3300,490.0,-1000,-120.0,-760.0,,,2,4,,,,,,,,,,,45461,0,0
316109,73603637328133371,,0,3300,406.0,-1150,-300.0,-760.0,,,2,4,,,,,,,,,,,45461,0,0
316110,73603637861529334,,0,3300,489.0,-960,-110.0,-670.0,60.0,,1,4,274.0,1517.0,,,,,,,,,45459,0,0
316111,73603637957433437,,0,1423,489.0,-830,-120.0,-610.0,,,2,4,,,,,,,,,,,45458,0,0
316112,73603638047188053,,0,3300,59.0,-1050,-180.0,-770.0,,,2,4,,,,,,,,,,,45461,0,0
316113,73603638483448802,,0,3300,148.0,-1030,-180.0,-750.0,,,2,4,,,,,,,,,,,45461,0,0
316114,73603638483756802,,0,3300,148.0,-1030,-180.0,,,,2,4,,,,,,,,,,,45433,0,0
316115,73603638495624330,,0,3300,148.0,-1140,-300.0,-750.0,,,2,4,,,,,,,,,,,45461,0,0
316116,73603638495933330,,0,3300,148.0,-1110,-220.0,,,,2,4,,,,,,,,,,,45433,0,0
316117,73603638593126400,,0,3300,,-960,-120.0,-630.0,40.0,0.0,3,4,,,,,,,43211.0,44200.0,,23055619.0,0,0,0
316118,73603640052841885,,0,3300,281.0,-1140,-300.0,,,,2,4,,,,,,,,,,,45433,0,0
316119,73603641384641457,,0,3300,490.0,-980,-130.0,-760.0,,,2,4,,,,,,,,,,,45461,0,0
316120,73603641384641457,,0,3300,460.0,-1070,-210.0,-760.0,,,2,4,,,,,,,,,,,45461,0,0
316121,73603641384959457,,0,3300,95.0,-1140,-290.0,,,,2,4,,,,,,,,,,,45433,0,0
316122,73603641384641457,,0,3300,143.0,-1140,-300.0,-750.0,,,2,4,,,,,,,,,,,45461,0,0
316123,73603641384959457,,0,3300,143.0,-1140,-300.0,,,,2,4,,,,,,,,,,,45433,0,0
316124,73603641421867450,,0,3300,406.0,-1160,-300.0,,,,2,4,,,,,,,,,,,45433,0,0
316125,73603642258360986,,0,3300,59.0,-1040,-190.0,-750.0,,,2,4,,,,,,,,,,,45461,0,0
316126,73603642379210843,,0,3300,154.0,-1060,-210.0,-750.0,,,2,4,,,,,,,,,,,45461,0,0
316127,73603642379545843,,0,3300,154.0,-1080,-270.0,,,,2,4,,,,,,,,,,,45433,0,0
316128,73603642395987946,,0,3300,154.0,-1150,-300.0,-760.0,,,2,4,,,,,,,,,,,45461,0,0
316129,73603642396323946,,0,3300,154.0,-1140,-280.0,,,,2,4,,,,,,,,,,,45433,0,0
316130,73603642409396593,,0,3300,154.0,-1060,-210.0,-760.0,,,2,4,,,,,,,,,,,45461,0,0
316131,73603642409733593,,0,3300,154.0,-1080,-260.0,,,,2,4,,,,,,,,,,,45433,0,0
316132,73603642675986586,,0,3102,489.0,-990,-150.0,-740.0,,,2,4,,,,,,,,,,,45458,0,0
316133,73603642831929344,,0,3300,,-960,-120.0,-640.0,30.0,0.0,3,4,,,,,,,43211.0,44200.0,,23055619.0,0,0,0
316134,73603643144086729,,0,3300,383.0,-1180,-300.0,-790.0,,,2,4,,,,,,,,,,,45461,0,0
316135,73603643144087184,,0,3300,383.0,-1170,-300.0,,,,2,4,,,,,,,,,,,45433,0,0
316136,73603643479629708,,0,3300,79.0,-1090,-200.0,-770.0,,,2,4,,,,,,,,,,,45461,0,0
316137,73603643479971708,,0,3300,79.0,-1100,-270.0,,,,2,4,,,,,,,,,,,45433,0,0
316138,73603643496445295,,0,3300,79.0,-1140,-300.0,-750.0,,,2,4,,,,,,,,,,,45461,0,0
316139,73603643496788295,,0,3300,79.0,-1130,-280.0,,,,2,4,,,,,,,,,,,45433,0,0
316140,73603643513222679,,0,3300,79.0,-1040,-190.0,-760.0,,,2,4,,,,,,,,,,,45461,0,0
316141,73603643513566679,,0,3300,79.0,-1050,-250.0,,,,2,4,,,,,,,,,,,45433,0,0
316142,73603643530000391,,0,3300,79.0,-1150,-300.0,-760.0,,,2,4,,,,,,,,,,,45461,0,0
316143,73603643530345391,,0,3300,79.0,-1130,-270.0,,,,2,4,,,,,,,,,,,45433,0,0
316144,73603643699974558,,0,3300,489.0,-960,-130.0,-660.0,38.0,,1,4,274.0,1389.0,,,,,,,,,45459,0,0
316145,73603643844770899,,0,3102,95.0,-1030,-180.0,-750.0,,,2,4,,,,,,,,,,,45458,0,0
316146,73603645318235174,,0,3300,460.0,-1130,-260.0,,,,2,4,,,,,,,,,,,45433,0,0
316147,73603645317871174,,0,3300,490.0,-970,-120.0,-750.0,,,2,4,,,,,,,,,,,45461,0,0
316148,73603645317871174,,0,3300,95.0,-1150,-300.0,-750.0,,,2,4,,,,,,,,,,,45461,0,0
316149,73603646107594763,,0,3300,406.0,-1150,-300.0,-760.0,,,2,4,,,,,,,,,,,45461,0,0
316150,73603646133079454,,0,3300,281.0,-1110,-220.0,-780.0,,,2,4,,,,,,,,,,,45461,0,0
316151,73603646376283434,,0,450,489.0,-860,-110.0,-660.0,,,2,4,,,,,,,,,,,45458,0,0
316152,73603646390963500,,0,450,489.0,-870,-100.0,-660.0,,,2,4,,,,,,,,,,,45458,0,0
316153,73603646473633792,,0,450,,-820,-90.0,-580.0,40.0,0.0,3,4,,,,,,,43211.0,44200.0,,23055639.0,0,0,0
316154,73603646561267981,,0,450,490.0,-970,-220.0,-660.0,,,2,4,,,,,,,,,,,45461,0,0
316155,73603646561642981,,0,450,490.0,-980,-260.0,,,,2,4,,,,,,,,,,,45433,0,0
316156,73603646561642981,,0,450,406.0,-1050,-300.0,,,,2,4,,,,,,,,,,,45433,0,0
316157,73603646561267981,,0,450,406.0,-1050,-300.0,-660.0,,,2,4,,,,,,,,,,,45461,0,0
316158,73603646594713857,,0,450,460.0,-950,-190.0,-660.0,,,2,4,,,,,,,,,,,45461,0,0
316159,73603646594713857,,0,450,490.0,-970,-210.0,-660.0,,,2,4,,,,,,,,,,,45461,0,0
316160,73603646578421306,,0,450,406.0,-1000,-270.0,,,,2,4,,,,,,,,,,,45433,0,0
316161,73603646594713857,,0,450,347.0,-1050,-300.0,-660.0,,,2,4,,,,,,,,,,,45461,0,0
316162,73603646594713857,,0,450,406.0,-970,-210.0,-660.0,,,2,4,,,,,,,,,,,45461,0,0
316163,73603646595090857,,0,450,460.0,-950,-190.0,,,,2,4,,,,,,,,,,,45433,0,0
316164,73603646578421306,,0,450,490.0,-980,-240.0,,,,2,4,,,,,,,,,,,45433,0,0
316165,73603646578045306,,0,450,490.0,-980,-210.0,-670.0,,,2,4,,,,,,,,,,,45461,0,0
316166,73603646595090857,,0,450,347.0,-1050,-300.0,,,,2,4,,,,,,,,,,,45433,0,0
316167,73603646578045306,,0,450,406.0,-990,-210.0,-670.0,,,2,4,,,,,,,,,,,45461,0,0
316168,73603646595090857,,0,450,406.0,-970,-250.0,,,,2,4,,,,,,,,,,,45433,0,0
316169,73603646595090857,,0,450,490.0,-980,-230.0,,,,2,4,,,,,,,,,,,45433,0,0
316170,73603646611489182,,0,450,460.0,-1050,-300.0,-660.0,,,2,4,,,,,,,,,,,45461,0,0
316171,73603646611489182,,0,450,406.0,-970,-210.0,-660.0,,,2,4,,,,,,,,,,,45461,0,0
316172,73603646611867182,,0,450,406.0,-970,-240.0,,,,2,4,,,,,,,,,,,45433,0,0
316173,73603646611489182,,0,450,490.0,-950,-190.0,-660.0,,,2,4,,,,,,,,,,,45461,0,0
316174,73603646611867182,,0,450,347.0,-980,-270.0,,,,2,4,,,,,,,,,,,45433,0,0
316175,73603646611489182,,0,450,347.0,-970,-210.0,-660.0,,,2,4,,,,,,,,,,,45461,0,0
316176,73603646611867182,,0,450,460.0,-1040,-220.0,,,,2,4,,,,,,,,,,,45433,0,0
316177,73603646611867182,,0,450,490.0,-950,-220.0,,,,2,4,,,,,,,,,,,45433,0,0
316178,73603646742734471,,0,450,406.0,-1030,-260.0,,,,2,4,,,,,,,,,,,45433,0,0
316179,73603646742355471,,0,450,460.0,-1020,-180.0,-740.0,,,2,4,,,,,,,,,,,45461,0,0
316180,73603646742734471,,0,450,490.0,-1000,-240.0,,,,2,4,,,,,,,,,,,45433,0,0
316181,73603646742355471,,0,450,490.0,-990,-180.0,-710.0,,,2,4,,,,,,,,,,,45461,0,0
316182,73603646742355471,,0,450,347.0,-1070,-260.0,-710.0,,,2,4,,,,,,,,,,,45461,0,0
316183,73603646742734471,,0,450,347.0,-1070,-280.0,,,,2,4,,,,,,,,,,,45433,0,0
316184,73603646742734471,,0,450,460.0,-1020,-260.0,,,,2,4,,,,,,,,,,,45433,0,0
316185,73603646742355471,,0,450,406.0,-1020,-190.0,-730.0,,,2,4,,,,,,,,,,,45461,0,0
316186,73603647039799296,,0,450,,-820,-100.0,-500.0,20.0,0.0,3,4,,,,,,,43211.0,44200.0,,23055639.0,0,0,0
316187,73603647052677004,,0,450,460.0,-1060,-300.0,-670.0,,,2,4,,,,,,,,,,,45461,0,0
316188,73603647053057004,,0,450,460.0,-1060,-300.0,,,,2,4,,,,,,,,,,,45433,0,0
316189,73603647502024704,,0,450,,-840,-90.0,-550.0,50.0,0.0,3,4,,,,,,,43211.0,44200.0,,23055639.0,0,0,0
316190,73603648011189131,,0,450,460.0,-1060,-300.0,,,,2,4,,,,,,,,,,,45433,0,0
316191,73603647879941172,,0,450,460.0,-1060,-300.0,-670.0,,,2,4,,,,,,,,,,,45461,0,0
316192,73603648111837184,,0,450,,-840,-90.0,-560.0,20.0,0.0,3,4,,,,,,,43211.0,44200.0,,23055639.0,0,0,0
316193,73603648583827456,,0,450,,-840,-90.0,-560.0,30.0,0.0,3,4,,,,,,,43211.0,44200.0,,23055639.0,0,0,0
316194,73603648661707893,,0,450,95.0,-1100,-300.0,-710.0,,,2,4,,,,,,,,,,,45461,0,0
316195,73603648661707893,,0,450,347.0,-1070,-300.0,-680.0,,,2,4,,,,,,,,,,,45461,0,0
316196,73603648662091893,,0,450,347.0,-1070,-300.0,,,,2,4,,,,,,,,,,,45433,0,0
316197,73603648662091893,,0,450,95.0,-1100,-300.0,,,,2,4,,,,,,,,,,,45433,0,0
316198,73603648678485077,,0,450,95.0,-1120,-300.0,-730.0,,,2,4,,,,,,,,,,,45461,0,0
316199,73603648678485077,,0,450,347.0,-1100,-300.0,-710.0,,,2,4,,,,,,,,,,,45461,0,0
316200,73603648678870077,,0,450,347.0,-1100,-300.0,,,,2,4,,,,,,,,,,,45433,0,0
316201,73603648678870077,,0,450,95.0,-1120,-300.0,,,,2,4,,,,,,,,,,,45433,0,0
316202,73603648690990321,,0,450,95.0,-1100,-300.0,,,,2,4,,,,,,,,,,,45433,0,0
316203,73603648690604321,,0,450,95.0,-1090,-300.0,-700.0,,,2,4,,,,,,,,,,,45461,0,0
316204,73603648866441671,,0,450,148.0,-990,-220.0,-670.0,,,2,4,,,,,,,,,,,45461,0,0
316205,73603648866441671,,0,450,356.0,-1020,-210.0,-700.0,,,2,4,,,,,,,,,,,45461,0,0
316206,73603648866829671,,0,450,356.0,-1030,-270.0,,,,2,4,,,,,,,,,,,45433,0,0
316207,73603648866829671,,0,450,148.0,-1000,-270.0,,,,2,4,,,,,,,,,,,45433,0,0
316208,73603648883218855,,0,450,148.0,-950,-190.0,-670.0,,,2,4,,,,,,,,,,,45461,0,0
316209,73603648883607855,,0,450,148.0,-960,-250.0,,,,2,4,,,,,,,,,,,45433,0,0
316210,73603648883218855,,0,450,356.0,-930,-170.0,-670.0,,,2,4,,,,,,,,,,,45461,0,0
316211,73603648883607855,,0,450,356.0,-940,-240.0,,,,2,4,,,,,,,,,,,45433,0,0
316212,73603649141866496,,0,450,,-830,-80.0,-560.0,60.0,0.0,3,4,,,,,,,43211.0,44200.0,,23055639.0,0,0,0
316213,73603649463659179,,0,450,459.0,-940,-170.0,-670.0,,,2,4,,,,,,,,,,,45461,0,0
316214,73603649464053179,,0,450,459.0,-960,-240.0,,,,2,4,,,,,,,,,,,45433,0,0
316215,73603649480436395,,0,450,459.0,-970,-170.0,-700.0,,,2,4,,,,,,,,,,,45461,0,0
316216,73603649480831395,,0,450,459.0,-970,-220.0,,,,2,4,,,,,,,,,,,45433,0,0
316217,73603649497213574,,0,450,459.0,-1120,-300.0,-730.0,,,2,4,,,,,,,,,,,45461,0,0
316218,73603649497609574,,0,450,459.0,-1090,-240.0,,,,2,4,,,,,,,,,,,45433,0,0
316219,73603649513990470,,0,450,459.0,-1070,-300.0,-680.0,,,2,4,,,,,,,,,,,45461,0,0
316220,73603649514387470,,0,450,459.0,-1070,-260.0,,,,2,4,,,,,,,,,,,45433,0,0
316221,73603649693679616,,0,450,,-820,-90.0,-560.0,70.0,0.0,3,4,,,,,,,43211.0,44200.0,,23055639.0,0,0,0
316222,73603650166063104,,0,450,,-800,-80.0,-610.0,70.0,0.0,3,4,,,,,,,43211.0,44200.0,,23055639.0,0,0,0
316223,73603650140142460,,0,450,356.0,-1060,-300.0,-670.0,,,2,4,,,,,,,,,,,45461,0,0
316224,73603650140549460,,0,450,356.0,-1060,-300.0,,,,2,4,,,,,,,,,,,45433,0,0
316225,73603650217093034,,0,450,356.0,-970,-260.0,,,,2,4,,,,,,,,,,,45433,0,0
316226,73603650216685034,,0,450,356.0,-940,-180.0,-660.0,,,2,4,,,,,,,,,,,45461,0,0
316227,73603650591016623,,0,450,489.0,-800,-90.0,-490.0,55.0,,1,4,274.0,8388.0,,,,,,,,,45459,0,0
316228,73603650603076441,,0,3102,489.0,-1000,-150.0,-750.0,,,2,4,,,,,,,,,,,45458,0,0
316229,73603650661797821,,0,3102,460.0,-1050,-180.0,-750.0,,,2,4,,,,,,,,,,,45458,0,0
316230,73603650716303360,,0,450,,-790,-80.0,-490.0,60.0,0.0,3,4,,,,,,,43211.0,44200.0,,23055639.0,0,0,0
316231,73603650723727135,,0,450,490.0,-950,-170.0,-690.0,,,2,4,,,,,,,,,,,45461,0,0
316232,73603650724152135,,0,450,406.0,-1010,-220.0,,,,2,4,,,,,,,,,,,45433,0,0
316233,73603650723727135,,0,450,95.0,-1010,-180.0,-730.0,,,2,4,,,,,,,,,,,45461,0,0
316234,73603650724152135,,0,450,95.0,-1020,-260.0,,,,2,4,,,,,,,,,,,45433,0,0
316235,73603651266871296,,0,450,,-820,-80.0,-550.0,50.0,0.0,3,4,,,,,,,43211.0,44200.0,,23055639.0,0,0,0
316236,73603651908556082,,0,450,356.0,-980,-210.0,-670.0,,,2,4,,,,,,,,,,,45461,0,0
316237,73603651908556082,,0,450,407.0,-960,-190.0,-670.0,,,2,4,,,,,,,,,,,45461,0,0
316238,73603651908556082,,0,450,148.0,-1010,-180.0,-730.0,,,2,4,,,,,,,,,,,45461,0,0
316239,73603651908990082,,0,450,148.0,-1010,-180.0,,,,2,4,,,,,,,,,,,45433,0,0
316240,73603651908556082,,0,450,95.0,-970,-220.0,-660.0,,,2,4,,,,,,,,,,,45461,0,0
316241,73603651908990082,,0,450,407.0,-980,-260.0,,,,2,4,,,,,,,,,,,45433,0,0
316242,73603651908556082,,0,450,460.0,-970,-200.0,-670.0,,,2,4,,,,,,,,,,,45461,0,0
316243,73603651908990082,,0,450,356.0,-980,-210.0,,,,2,4,,,,,,,,,,,45433,0,0
316244,73603651908990082,,0,450,95.0,-990,-270.0,,,,2,4,,,,,,,,,,,45433,0,0
316245,73603651925278160,,0,450,148.0,-1000,-190.0,-700.0,,,2,4,,,,,,,,,,,45461,0,0
316246,73603651925713160,,0,450,148.0,-1000,-180.0,,,,2,4,,,,,,,,,,,45433,0,0
316247,73603651941128944,,0,450,148.0,-1080,-220.0,,,,2,4,,,,,,,,,,,45433,0,0
316248,73603651940692944,,0,450,148.0,-1090,-300.0,-700.0,,,2,4,,,,,,,,,,,45461,0,0
316249,73603652639822574,,0,450,40.0,-970,-220.0,-650.0,,,2,4,,,,,,,,,,,45461,0,0
316250,73603652640267574,,0,450,40.0,-970,-260.0,,,,2,4,,,,,,,,,,,45433,0,0
316251,73603652656599895,,0,450,40.0,-1040,-300.0,-650.0,,,2,4,,,,,,,,,,,45461,0,0
316252,73603652657045895,,0,450,40.0,-1030,-270.0,,,,2,4,,,,,,,,,,,45433,0,0
316253,73603652673823670,,0,450,40.0,-980,-260.0,,,,2,4,,,,,,,,,,,45433,0,0
316254,73603652690154482,,0,450,40.0,-980,-220.0,-660.0,,,2,4,,,,,,,,,,,45461,0,0
316255,73603652673376670,,0,450,40.0,-970,-220.0,-650.0,,,2,4,,,,,,,,,,,45461,0,0
316256,73603652690602482,,0,450,40.0,-980,-250.0,,,,2,4,,,,,,,,,,,45433,0,0
316257,73603652706931199,,0,450,40.0,-940,-170.0,-650.0,,,2,4,,,,,,,,,,,45461,0,0
316258,73603652707380199,,0,450,40.0,-950,-220.0,,,,2,4,,,,,,,,,,,45433,0,0
316259,73603652835319667,,0,1423,489.0,-830,-110.0,-610.0,,,2,4,,,,,,,,,,,45458,0,0
316260,73603652893889275,,0,450,489.0,-820,-100.0,-540.0,66.0,,1,4,274.0,9708.0,,,,,,,,,45459,0,0
316261,73603652960991620,,0,450,489.0,-870,-60.0,-630.0,78.0,,1,4,274.0,9836.0,,,,,,,,,45459,0,0
316262,73603653028102974,,0,450,489.0,-830,-90.0,-550.0,77.0,,1,4,274.0,9964.0,,,,,,,,,45459,0,0
316263,73603653095208910,,0,450,489.0,-820,-100.0,-540.0,53.0,,1,4,274.0,10092.0,,,,,,,,,45459,0,0
316264,73603653162320166,,0,450,489.0,-820,-90.0,-550.0,42.0,,1,4,274.0,10220.0,,,,,,,,,45459,0,0
316265,73603653229431499,,0,450,489.0,-820,-90.0,-560.0,84.0,,1,4,274.0,9324.0,,,,,,,,,45459,0,0
316266,73603653295808320,,0,450,489.0,-830,-40.0,-620.0,88.0,,1,4,274.0,8427.0,,,,,,,,,45459,0,0
316267,73603653307867391,,0,3300,490.0,-980,-120.0,-760.0,,,2,4,,,,,,,,,,,45458,0,0
316268,73603653307867391,,0,3300,489.0,-1010,-140.0,-760.0,,,2,4,,,,,,,,,,,45458,0,0
316269,73603653307867391,,0,3300,95.0,-1050,-180.0,-760.0,,,2,4,,,,,,,,,,,45458,0,0
316270,73603653307867391,,0,3300,460.0,-1020,-170.0,-760.0,,,2,4,,,,,,,,,,,45458,0,0
316271,73603653369483156,,0,450,347.0,-970,-220.0,-650.0,,,2,4,,,,,,,,,,,45461,0,0
316272,73603653960758934,,0,450,407.0,-1070,-300.0,-680.0,,,2,4,,,,,,,,,,,45461,0,0
316273,73603653961241934,,0,450,407.0,-1070,-300.0,,,,2,4,,,,,,,,,,,45433,0,0
316274,73603653977294321,,0,450,407.0,-1010,-270.0,,,,2,4,,,,,,,,,,,45433,0,0
316275,73603653976810321,,0,450,407.0,-1000,-220.0,-690.0,,,2,4,,,,,,,,,,,45461,0,0
316276,73603655362590119,,0,450,103.0,-940,-190.0,-660.0,,,2,4,,,,,,,,,,,45461,0,0
316277,73603655362590119,,0,450,490.0,-960,-200.0,-660.0,,,2,4,,,,,,,,,,,45461,0,0
316278,73603655363076119,,0,450,103.0,-940,-190.0,,,,2,4,,,,,,,,,,,45433,0,0
316279,73603655420739584,,0,450,,-810,-90.0,-540.0,30.0,0.0,3,4,,,,,,,43211.0,44200.0,,23055639.0,0,0,0
316280,73603655855942853,,0,450,406.0,-1060,-300.0,-670.0,,,2,4,,,,,,,,,,,45461,0,0
316281,73603655856430853,,0,450,460.0,-1060,-300.0,,,,2,4,,,,,,,,,,,45433,0,0
316282,73603656324981218,,0,450,148.0,-1060,-300.0,-670.0,,,2,4,,,,,,,,,,,45461,0,0
316283,73603657050378226,,0,450,356.0,-1070,-300.0,-680.0,,,2,4,,,,,,,,,,,45461,0,0
316284,73603657436252759,,0,450,347.0,-1080,-300.0,-690.0,,,2,4,,,,,,,,,,,45461,0,0
316285,73603658028483787,,0,1423,490.0,-880,-180.0,-600.0,,,2,4,,,,,,,,,,,45458,0,0
316286,73603658028483787,,0,1423,489.0,-830,-120.0,-600.0,,,2,4,,,,,,,,,,,45458,0,0
316287,73603658080913411,,0,1423,406.0,-1000,-300.0,-610.0,,,2,4,,,,,,,,,,,45458,0,0
316288,73603659356188542,,0,450,490.0,-980,-240.0,,,,2,4,,,,,,,,,,,45433,0,0
316289,73603659670552576,,0,450,,-850,-100.0,-540.0,30.0,0.0,3,4,,,,,,,43211.0,44200.0,,23055639.0,0,0,0
316290,73603659842002248,,0,450,460.0,-1060,-300.0,-670.0,,,2,4,,,,,,,,,,,45461,0,0
316291,73603660685620842,,0,450,406.0,-1050,-300.0,,,,2,4,,,,,,,,,,,45433,0,0
316292,73603661088050566,,0,3300,490.0,-980,-120.0,-760.0,,,2,4,,,,,,,,,,,45458,0,0
316293,73603661081085480,,0,450,489.0,-850,-120.0,-550.0,44.0,,1,4,274.0,1773.0,,,,,,,,,45459,0,0
316294,73603661148230452,,0,450,489.0,-790,-100.0,-490.0,52.0,,1,4,274.0,10092.0,,,,,,,,,45459,0,0
316295,73603661148924136,,0,3102,490.0,-1050,-200.0,-750.0,,,2,4,,,,,,,,,,,45458,0,0
316296,73603661148924136,,0,3102,489.0,-980,-140.0,-750.0,,,2,4,,,,,,,,,,,45458,0,0
316297,73603661459772996,,0,450,95.0,-1060,-300.0,-670.0,,,2,4,,,,,,,,,,,45461,0,0
316298,73603661476551089,,0,450,43.0,-1060,-300.0,-670.0,,,2,4,,,,,,,,,,,45461,0,0
316299,73603661477110089,,0,450,43.0,-1060,-300.0,,,,2,4,,,,,,,,,,,45433,0,0
316300,73603661493327813,,0,450,43.0,-1050,-300.0,-660.0,,,2,4,,,,,,,,,,,45461,0,0
316301,73603661493887813,,0,450,43.0,-1050,-300.0,,,,2,4,,,,,,,,,,,45433,0,0
316302,73603661510104663,,0,450,43.0,-1060,-300.0,-670.0,,,2,4,,,,,,,,,,,45461,0,0
316303,73603661510665663,,0,450,43.0,-1050,-300.0,,,,2,4,,,,,,,,,,,45433,0,0
316304,73603661527336146,,0,450,347.0,-930,-170.0,,,,2,4,,,,,,,,,,,45433,0,0
316305,73603661526774146,,0,450,43.0,-940,-170.0,-670.0,,,2,4,,,,,,,,,,,45461,0,0
316306,73603661527336146,,0,450,43.0,-960,-260.0,,,,2,4,,,,,,,,,,,45433,0,0
316307,73603661544111728,,0,450,43.0,-1050,-270.0,,,,2,4,,,,,,,,,,,45433,0,0
316308,73603661543548728,,0,450,43.0,-1060,-300.0,-670.0,,,2,4,,,,,,,,,,,45461,0,0
316309,73603663276784911,,0,450,356.0,-1050,-300.0,-660.0,,,2,4,,,,,,,,,,,45461,0,0
316310,73603663365993890,,0,450,490.0,-970,-230.0,,,,2,4,,,,,,,,,,,45433,0,0
316311,73603663852535808,,0,450,,-780,-80.0,-500.0,60.0,0.0,3,4,,,,,,,43211.0,44200.0,,23055639.0,0,0,0
316312,73603664285044073,,0,450,460.0,-1000,-220.0,-680.0,,,2,4,,,,,,,,,,,45461,0,0
316313,73603664513214921,,0,450,421.0,-1090,-300.0,-700.0,,,2,4,,,,,,,,,,,45461,0,0
316314,73603664513802921,,0,450,421.0,-1090,-300.0,,,,2,4,,,,,,,,,,,45433,0,0
316315,73603664529937151,,0,450,421.0,-1060,-300.0,-670.0,,,2,4,,,,,,,,,,,45461,0,0
316316,73603664530526151,,0,450,421.0,-1070,-300.0,,,,2,4,,,,,,,,,,,45433,0,0
316317,73603664674265693,,0,450,406.0,-1060,-300.0,-670.0,,,2,4,,,,,,,,,,,45461,0,0
316318,73603665212881208,,0,450,180.0,-1050,-300.0,-660.0,,,2,4,,,,,,,,,,,45461,0,0
316319,73603665213479208,,0,450,180.0,-1050,-300.0,,,,2,4,,,,,,,,,,,45433,0,0
316320,73603665607236211,,0,450,95.0,-1070,-300.0,-680.0,,,2,4,,,,,,,,,,,45461,0,0
316321,73603665930769218,,0,3300,460.0,-1080,-220.0,-750.0,,,2,4,,,,,,,,,,,45458,0,0
316322,73603665930769218,,0,3300,489.0,-1020,-170.0,-750.0,,,2,4,,,,,,,,,,,45458,0,0
316323,73603665930769218,,0,3300,490.0,-980,-130.0,-750.0,,,2,4,,,,,,,,,,,45458,0,0
316324,73603666002126998,,0,3300,95.0,-1140,-300.0,-750.0,,,2,4,,,,,,,,,,,45458,0,0
316325,73603666392870673,,0,1423,489.0,-830,-100.0,-620.0,,,2,4,,,,,,,,,,,45458,0,0
316326,73603666449810883,,0,450,489.0,-820,-100.0,-540.0,40.0,,1,4,274.0,9964.0,,,,,,,,,45459,0,0
316327,73603666530756922,,0,3102,490.0,-1140,-300.0,-750.0,,,2,4,,,,,,,,,,,45458,0,0
316328,73603666581087790,,0,3102,490.0,-1030,-150.0,-770.0,,,2,4,,,,,,,,,,,45458,0,0
316329,73603666860070286,,0,450,347.0,-1070,-300.0,-680.0,,,2,4,,,,,,,,,,,45461,0,0
316330,73603668101431296,,0,450,,-820,-70.0,-560.0,40.0,0.0,3,4,,,,,,,43211.0,44200.0,,23055639.0,0,0,0
316331,73603667910365430,,0,450,490.0,-980,-210.0,-670.0,,,2,4,,,,,,,,,,,45461,0,0
316332,73603668051247955,,0,450,356.0,-950,-190.0,-660.0,,,2,4,,,,,,,,,,,45461,0,0
316333,73603668400160992,,0,450,460.0,-1030,-220.0,-720.0,,,2,4,,,,,,,,,,,45461,0,0
316334,73603668980641316,,0,450,406.0,-980,-170.0,-710.0,,,2,4,,,,,,,,,,,45461,0,0
316335,73603669635658693,,0,450,407.0,-970,-210.0,,,,2,4,,,,,,,,,,,45433,0,0
316336,73603669635011693,,0,450,407.0,-970,-210.0,-660.0,,,2,4,,,,,,,,,,,45461,0,0
316337,73603669635011693,,0,450,95.0,-1000,-230.0,-670.0,,,2,4,,,,,,,,,,,45461,0,0
316338,73603670343599926,,0,450,407.0,-1070,-300.0,,,,2,4,,,,,,,,,,,45433,0,0
316339,73603670342941926,,0,450,407.0,-1070,-300.0,-680.0,,,2,4,,,,,,,,,,,45461,0,0
316340,73603670484867011,,0,1423,489.0,-830,-110.0,-600.0,,,2,4,,,,,,,,,,,45458,0,0
316341,73603670544164148,,0,3300,490.0,-990,-100.0,-790.0,,,2,4,,,,,,,,,,,45458,0,0
316342,73603670543441245,,0,450,489.0,-830,-100.0,-550.0,66.0,,1,4,274.0,9580.0,,,,,,,,,45459,0,0
316343,73603670544164148,,0,3300,489.0,-1040,-150.0,-790.0,,,2,4,,,,,,,,,,,45458,0,0
316344,73603670544164148,,0,3300,95.0,-1040,-170.0,-780.0,,,2,4,,,,,,,,,,,45458,0,0
316345,73603670544164148,,0,3300,460.0,-1040,-160.0,-780.0,,,2,4,,,,,,,,,,,45458,0,0
316346,73603670574839393,,0,1423,490.0,-940,-160.0,-630.0,,,2,4,,,,,,,,,,,45458,0,0
316347,73603670574839393,,0,1423,460.0,-960,-220.0,-640.0,,,2,4,,,,,,,,,,,45458,0,0
316348,73603670792888760,,0,450,347.0,-1060,-280.0,,,,2,4,,,,,,,,,,,45433,0,0
316349,73603670912951987,,0,450,124.0,-960,-210.0,-660.0,,,2,4,,,,,,,,,,,45461,0,0
316350,73603670913629987,,0,450,124.0,-960,-210.0,,,,2,4,,,,,,,,,,,45433,0,0
316351,73603670929731089,,0,450,124.0,-1040,-220.0,-730.0,,,2,4,,,,,,,,,,,45461,0,0
316352,73603670930410089,,0,450,124.0,-1030,-210.0,,,,2,4,,,,,,,,,,,45433,0,0
316353,73603671950409882,,0,450,490.0,-990,-220.0,,,,2,4,,,,,,,,,,,45433,0,0
316354,73603672177997933,,0,450,90.0,-1060,-300.0,-670.0,,,2,4,,,,,,,,,,,45461,0,0
316355,73603672178681933,,0,450,90.0,-1060,-300.0,,,,2,4,,,,,,,,,,,45433,0,0
316356,73603672193469998,,0,450,90.0,-1040,-300.0,-650.0,,,2,4,,,,,,,,,,,45461,0,0
316357,73603672194154998,,0,450,90.0,-1040,-300.0,,,,2,4,,,,,,,,,,,45433,0,0
316358,73603672318083072,,0,450,,-830,-70.0,-540.0,70.0,0.0,3,4,,,,,,,43211.0,44200.0,,23055639.0,0,0,0
316359,73603672560520797,,0,450,460.0,-1100,-300.0,-710.0,,,2,4,,,,,,,,,,,45461,0,0
316360,73603672708740206,,0,450,148.0,-1060,-300.0,,,,2,4,,,,,,,,,,,45433,0,0
316361,73603672931662830,,0,450,406.0,-990,-210.0,-680.0,,,2,4,,,,,,,,,,,45461,0,0
316362,73603672931662830,,0,450,356.0,-1080,-300.0,-690.0,,,2,4,,,,,,,,,,,45461,0,0
316363,73603673004120749,,0,450,491.0,-1060,-300.0,,,,2,4,,,,,,,,,,,45433,0,0
316364,73603673003430749,,0,450,491.0,-1060,-300.0,-670.0,,,2,4,,,,,,,,,,,45461,0,0
316365,73603673020207727,,0,450,491.0,-1090,-300.0,-700.0,,,2,4,,,,,,,,,,,45461,0,0
316366,73603673020898727,,0,450,491.0,-1080,-300.0,,,,2,4,,,,,,,,,,,45433,0,0
316367,73603673788493808,,0,450,491.0,-1040,-230.0,-700.0,,,2,4,,,,,,,,,,,45461,0,0
316368,73603673789190808,,0,450,491.0,-1040,-230.0,,,,2,4,,,,,,,,,,,45433,0,0
316369,73603673805271061,,0,450,491.0,-980,-210.0,-670.0,,,2,4,,,,,,,,,,,45461,0,0
316370,73603673822747263,,0,450,491.0,-1020,-220.0,,,,2,4,,,,,,,,,,,45433,0,0
316371,73603673805969061,,0,450,491.0,-990,-220.0,,,,2,4,,,,,,,,,,,45433,0,0
316372,73603673822048263,,0,450,491.0,-1020,-230.0,-700.0,,,2,4,,,,,,,,,,,45461,0,0
316373,73603674177736916,,0,450,95.0,-1010,-190.0,-720.0,,,2,4,,,,,,,,,,,45461,0,0
316374,73603674271790529,,0,450,153.0,-1070,-300.0,-680.0,,,2,4,,,,,,,,,,,45461,0,0
316375,73603674272494529,,0,450,153.0,-1070,-300.0,,,,2,4,,,,,,,,,,,45433,0,0
316376,73603674288567958,,0,450,153.0,-990,-200.0,-700.0,,,2,4,,,,,,,,,,,45461,0,0
316377,73603674288567958,,0,450,407.0,-1030,-240.0,-700.0,,,2,4,,,,,,,,,,,45461,0,0
316378,73603674289272958,,0,450,153.0,-1000,-270.0,,,,2,4,,,,,,,,,,,45433,0,0
316379,73603674305345084,,0,450,153.0,-1040,-240.0,-690.0,,,2,4,,,,,,,,,,,45461,0,0
316380,73603674306051084,,0,450,153.0,-1030,-260.0,,,,2,4,,,,,,,,,,,45433,0,0
316381,73603674322074830,,0,450,153.0,-1060,-300.0,-670.0,,,2,4,,,,,,,,,,,45461,0,0
316382,73603674322781830,,0,450,153.0,-1050,-270.0,,,,2,4,,,,,,,,,,,45433,0,0
316383,73603674338843524,,0,450,153.0,-910,-170.0,-650.0,,,2,4,,,,,,,,,,,45461,0,0
316384,73603674339551524,,0,450,153.0,-930,-240.0,,,,2,4,,,,,,,,,,,45433,0,0
316385,73603674355620861,,0,450,15.0,-970,-200.0,-670.0,,,2,4,,,,,,,,,,,45461,0,0
316386,73603674356329861,,0,450,15.0,-970,-200.0,,,,2,4,,,,,,,,,,,45433,0,0
316387,73603674373056743,,0,450,15.0,-1000,-200.0,,,,2,4,,,,,,,,,,,45433,0,0
316388,73603674372346743,,0,450,15.0,-1010,-210.0,-710.0,,,2,4,,,,,,,,,,,45461,0,0
316389,73603674645600644,,0,1423,489.0,-840,-110.0,-600.0,,,2,4,,,,,,,,,,,45458,0,0
316390,73603674636986875,,0,450,489.0,-820,-60.0,-580.0,70.0,,1,4,274.0,2029.0,,,,,,,,,45459,0,0
316391,73603674735198393,,0,3102,489.0,-990,-140.0,-760.0,,,2,4,,,,,,,,,,,45458,0,0
316392,73603674735198393,,0,3102,490.0,-1020,-170.0,-760.0,,,2,4,,,,,,,,,,,45458,0,0
316393,73603674781335846,,0,3102,460.0,-1030,-190.0,-750.0,,,2,4,,,,,,,,,,,45458,0,0
316394,73603675974205226,,0,450,490.0,-1050,-300.0,,,,2,4,,,,,,,,,,,45433,0,0
316395,73603676551053312,,0,450,,-890,-100.0,-610.0,50.0,0.0,3,4,,,,,,,43211.0,44200.0,,23055639.0,0,0,0
316396,73603676885943051,,0,450,406.0,-1040,-300.0,,,,2,4,,,,,,,,,,,45433,0,0
316397,73603677180567708,,0,450,460.0,-970,-220.0,-660.0,,,2,4,,,,,,,,,,,45461,0,0
316398,73603678299829476,,0,450,407.0,-1060,-300.0,-670.0,,,2,4,,,,,,,,,,,45461,0,0
316399,73603678299829476,,0,450,95.0,-1060,-300.0,-670.0,,,2,4,,,,,,,,,,,45461,0,0
316400,73603678828868102,,0,450,375.0,-1070,-300.0,,,,2,4,,,,,,,,,,,45433,0,0
316401,73603678828083102,,0,450,375.0,-1070,-300.0,-680.0,,,2,4,,,,,,,,,,,45461,0,0
316402,73603679033453691,,0,450,356.0,-1100,-300.0,,,,2,4,,,,,,,,,,,45433,0,0
316403,73603679238495257,,0,450,489.0,-860,-90.0,-560.0,81.0,,1,4,274.0,8757.0,,,,,,,,,45459,0,0
316404,73603679252222600,,0,3102,489.0,-1000,-160.0,-750.0,,,2,4,,,,,,,,,,,45458,0,0
316405,73603679323527163,,0,3102,460.0,-1030,-190.0,-750.0,,,2,4,,,,,,,,,,,45458,0,0
316406,73603680167601484,,0,450,490.0,-1060,-300.0,-670.0,,,2,4,,,,,,,,,,,45461,0,0
316407,73603680749486080,,0,450,,-850,-80.0,-580.0,40.0,0.0,3,4,,,,,,,43211.0,44200.0,,23055639.0,0,0,0
316408,73603681086557506,,0,450,406.0,-1080,-300.0,-680.0,,,2,4,,,,,,,,,,,45461,0,0
316409,73603681255940724,,0,450,460.0,-1060,-300.0,,,,2,4,,,,,,,,,,,45433,0,0
316410,73603682275900730,,0,450,95.0,-1090,-300.0,-700.0,,,2,4,,,,,,,,,,,45461,0,0
316411,73603683066355881,,0,450,356.0,-1070,-300.0,-680.0,,,2,4,,,,,,,,,,,45461,0,0
316412,73603683970852076,,0,3300,490.0,-970,-110.0,-760.0,,,2,4,,,,,,,,,,,45458,0,0
316413,73603683970852076,,0,3300,489.0,-1030,-170.0,-760.0,,,2,4,,,,,,,,,,,45458,0,0
316414,73603683970852076,,0,3300,95.0,-1150,-300.0,-760.0,,,2,4,,,,,,,,,,,45458,0,0
316415,73603683970852076,,0,3300,460.0,-1070,-200.0,-760.0,,,2,4,,,,,,,,,,,45458,0,0
316416,73603684135993344,,0,3300,,-1000,-150.0,-630.0,-30.0,0.0,3,4,,,,,,,43211.0,44200.0,,23055618.0,0,0,0
316417,73603687186283080,,0,3300,490.0,-1000,-140.0,-660.0,-22.0,,1,4,274.0,1389.0,,,,,,,,,45459,0,0
316418,73603687253436961,,0,3300,490.0,-1000,-140.0,-660.0,-17.0,,1,4,274.0,9708.0,,,,,,,,,45459,0,0
316419,73603687351392363,,0,1423,489.0,-840,-120.0,-630.0,,,2,4,,,,,,,,,,,45458,0,0
316420,73603687351392363,,0,1423,490.0,-940,-160.0,-630.0,,,2,4,,,,,,,,,,,45458,0,0
316421,73603688336588800,,0,3300,,-1000,-150.0,-640.0,-20.0,0.0,3,4,,,,,,,43211.0,44200.0,,23055618.0,0,0,0
316422,73603689870827879,,0,3300,489.0,-1030,-170.0,-750.0,,,2,4,,,,,,,,,,,45458,0,0
316423,73603689870827879,,0,3300,460.0,-1060,-220.0,-750.0,,,2,4,,,,,,,,,,,45458,0,0
316424,73603689870827879,,0,3300,406.0,-1050,-200.0,-750.0,,,2,4,,,,,,,,,,,45458,0,0
316425,73603692360957952,,0,3300,,-1000,-150.0,-640.0,-30.0,0.0,3,4,,,,,,,43211.0,44200.0,,23055618.0,0,0,0
316426,73603693628853111,,0,3300,95.0,-1020,-180.0,-740.0,,,2,4,,,,,,,,,,,45458,0,0
316427,73603693628752305,,0,3300,490.0,-1000,-160.0,-670.0,-69.0,,1,4,274.0,9580.0,,,,,,,,,45459,0,0
316428,73603693747343092,,0,1423,489.0,-850,-120.0,-630.0,,,2,4,,,,,,,,,,,45458,0,0
316429,73603693831229648,,0,1423,490.0,-1010,-300.0,-620.0,,,2,4,,,,,,,,,,,45458,0,0
316430,73603694166589062,,0,3300,489.0,-1010,-160.0,,,,2,4,,,,,,,,,,,45433,0,0
316431,73603694173063191,,0,3102,489.0,-990,-160.0,-740.0,,,2,4,,,,,,,,,,,45458,0,0
316432,73603694273726762,,0,3102,490.0,-1100,-220.0,-720.0,,,2,4,,,,,,,,,,,45458,0,0
316433,73603694621854147,,0,3102,460.0,-1140,-300.0,-750.0,,,2,4,,,,,,,,,,,45458,0,0
316434,73603695741782437,,0,3102,95.0,-1040,-170.0,-780.0,,,2,4,,,,,,,,,,,45458,0,0
316435,73603696681943040,,0,3300,,-1010,-150.0,-650.0,-20.0,0.0,3,4,,,,,,,43211.0,44200.0,,23055618.0,0,0,0
316436,73603697342169904,,0,3300,460.0,-1090,-250.0,,,,2,4,,,,,,,,,,,45433,0,0
316437,73603697562722950,,0,3300,490.0,-1010,-150.0,-650.0,-15.0,,1,4,274.0,7868.0,,,,,,,,,45459,0,0
316438,73603700932739072,,0,3300,,-1000,-150.0,-630.0,-40.0,0.0,3,4,,,,,,,43211.0,44200.0,,23055618.0,0,0,0
316439,73603702301685630,,0,3102,460.0,-1000,-150.0,-750.0,,,2,4,,,,,,,,,,,45458,0,0
316440,73603702316364571,,0,3102,490.0,-1020,-170.0,-760.0,,,2,4,,,,,,,,,,,45458,0,0
316441,73603702335240144,,0,3102,489.0,-1040,-200.0,-740.0,,,2,4,,,,,,,,,,,45458,0,0
316442,73603702755456240,,0,3300,490.0,-1010,-140.0,-680.0,-19.0,,1,4,274.0,1389.0,,,,,,,,,45459,0,0
316443,73603702790235552,,0,3300,489.0,-1020,-170.0,-760.0,,,2,4,,,,,,,,,,,45461,0,0
316444,73603702790236048,,0,3300,95.0,-1150,-300.0,,,,2,4,,,,,,,,,,,45433,0,0
316445,73603705226919936,,0,3300,,-1000,-150.0,-660.0,-30.0,0.0,3,4,,,,,,,43211.0,44200.0,,23055618.0,0,0,0
316446,73603706852283796,,0,3300,489.0,-1040,-170.0,-780.0,,,2,4,,,,,,,,,,,45461,0,0
316447,73603706853184796,,0,3300,460.0,-1170,-290.0,,,,2,4,,,,,,,,,,,45433,0,0
316448,73603706852283796,,0,3300,95.0,-1090,-210.0,-780.0,,,2,4,,,,,,,,,,,45461,0,0
316449,73603706889981901,,0,3300,406.0,-1070,-190.0,,,,2,4,,,,,,,,,,,45433,0,0
316450,73603707050404201,,0,3300,490.0,-1020,-150.0,-670.0,-31.0,,1,4,274.0,1389.0,,,,,,,,,45459,0,0
316451,73603707271649305,,0,3102,489.0,-1050,-210.0,-740.0,,,2,4,,,,,,,,,,,45458,0,0
316452,73603707321985701,,0,3102,406.0,-1040,-160.0,-760.0,,,2,4,,,,,,,,,,,45458,0,0
316453,73603707340855876,,0,3102,406.0,-1060,-230.0,-740.0,,,2,4,,,,,,,,,,,45458,0,0
316454,73603707817955914,,0,1423,490.0,-880,-190.0,-600.0,,,2,4,,,,,,,,,,,45458,0,0
316455,73603707817955914,,0,1423,489.0,-840,-130.0,-600.0,,,2,4,,,,,,,,,,,45458,0,0
316456,73603709392650240,,0,3300,,-1010,-160.0,-640.0,-40.0,0.0,3,4,,,,,,,43211.0,44200.0,,23055618.0,0,0,0
316457,73603711479553336,,0,3300,490.0,-1000,-150.0,-660.0,-31.0,,1,4,274.0,1645.0,,,,,,,,,45459,0,0
316458,73603711480400372,,0,3300,489.0,-1000,-140.0,-760.0,,,2,4,,,,,,,,,,,45458,0,0
316459,73603711510009101,,0,3300,460.0,-1160,-300.0,,,,2,4,,,,,,,,,,,45433,0,0
316460,73603711571563904,,0,1423,406.0,-900,-200.0,-610.0,,,2,4,,,,,,,,,,,45458,0,0
316461,73603713599799296,,0,3300,,-1010,-150.0,-650.0,-10.0,0.0,3,4,,,,,,,43211.0,44200.0,,23055618.0,0,0,0
316462,73603716248191335,,0,3102,460.0,-1040,-190.0,-730.0,,,2,4,,,,,,,,,,,45458,0,0
316463,73603716248191335,,0,3102,490.0,-1000,-160.0,-740.0,,,2,4,,,,,,,,,,,45458,0,0
316464,73603716378478419,,0,3300,490.0,-1000,-140.0,-670.0,-22.0,,1,4,274.0,1773.0,,,,,,,,,45459,0,0
316465,73603716445732646,,0,3300,489.0,-1030,-160.0,-750.0,,,2,4,,,,,,,,,,,45458,0,0
316466,73603716445732646,,0,3300,59.0,-1090,-230.0,-770.0,,,2,4,,,,,,,,,,,45458,0,0
316467,73603716445732646,,0,3300,460.0,-1080,-220.0,-760.0,,,2,4,,,,,,,,,,,45458,0,0
316468,73603716500109419,,0,3102,489.0,-1010,-170.0,-740.0,,,2,4,,,,,,,,,,,45458,0,0
316469,73603716500109419,,0,3102,95.0,-1060,-210.0,-740.0,,,2,4,,,,,,,,,,,45458,0,0
316470,73603716514735580,,0,3102,95.0,-1050,-210.0,-740.0,,,2,4,,,,,,,,,,,45458,0,0
316471,73603716514735580,,0,3102,406.0,-1040,-170.0,-740.0,,,2,4,,,,,,,,,,,45458,0,0
316472,73603717847777280,,0,3300,,-1010,-160.0,-640.0,-40.0,0.0,3,4,,,,,,,43211.0,44200.0,,23055618.0,0,0,0
316473,73603720874735336,,0,3300,490.0,-1000,-140.0,-660.0,-20.0,,1,4,274.0,1133.0,,,,,,,,,45459,0,0
316474,73603720942005757,,0,3300,489.0,-1030,-180.0,-750.0,,,2,4,,,,,,,,,,,45458,0,0
316475,73603720942005757,,0,3300,95.0,-1030,-180.0,-750.0,,,2,4,,,,,,,,,,,45458,0,0
316476,73603720947523480,,0,3300,460.0,-1070,-210.0,-770.0,,,2,4,,,,,,,,,,,45461,0,0
316477,73603720959257406,,0,3102,460.0,-1030,-200.0,-740.0,,,2,4,,,,,,,,,,,45458,0,0
316478,73603721017976519,,0,3102,490.0,-1040,-200.0,-750.0,,,2,4,,,,,,,,,,,45458,0,0
316479,73603721066212162,,0,3102,406.0,-1060,-190.0,-750.0,,,2,4,,,,,,,,,,,45458,0,0
316480,73603722120003584,,0,3300,,-1000,-150.0,-650.0,-30.0,0.0,3,4,,,,,,,43211.0,44200.0,,23055618.0,0,0,0
316481,73603722911695881,,0,3102,489.0,-1000,-150.0,-750.0,,,2,4,,,,,,,,,,,45458,0,0
316482,73603725034003119,,0,3102,406.0,-1040,-210.0,-730.0,,,2,4,,,,,,,,,,,45458,0,0
316483,73603725102575291,,0,3300,490.0,-1000,-140.0,-660.0,-9.0,,1,4,274.0,2029.0,,,,,,,,,45459,0,0
316484,73603725103420755,,0,3300,489.0,-1020,-170.0,-760.0,,,2,4,,,,,,,,,,,45458,0,0
316485,73603725269034151,,0,1423,406.0,-970,-220.0,-620.0,,,2,4,,,,,,,,,,,45458,0,0
316486,73603725283714172,,0,1423,490.0,-920,-170.0,-640.0,,,2,4,,,,,,,,,,,45458,0,0
316487,73603725269034151,,0,1423,489.0,-840,-120.0,-620.0,,,2,4,,,,,,,,,,,45458,0,0
316488,73603726291107840,,0,3300,,-1000,-150.0,-620.0,-30.0,0.0,3,4,,,,,,,43211.0,44200.0,,23055618.0,0,0,0
316489,73603728143485187,,0,3102,489.0,-990,-140.0,-750.0,,,2,4,,,,,,,,,,,45458,0,0
316490,73603728143485187,,0,3102,95.0,-1150,-300.0,-760.0,,,2,4,,,,,,,,,,,45458,0,0
316491,73603728185428479,,0,3102,95.0,-1060,-220.0,-750.0,,,2,4,,,,,,,,,,,45458,0,0
316492,73603728500000496,,0,3102,460.0,-1060,-220.0,-740.0,,,2,4,,,,,,,,,,,45458,0,0
316493,73603728592275350,,0,3102,95.0,-1140,-300.0,-750.0,,,2,4,,,,,,,,,,,45458,0,0
316494,73603730564972544,,0,3300,,-1000,-150.0,-640.0,-20.0,0.0,3,4,,,,,,,43211.0,44200.0,,23055618.0,0,0,0
316495,73603731796692819,,0,3102,406.0,-1050,-180.0,-740.0,,,2,4,,,,,,,,,,,45458,0,0
316496,73603732014740671,,0,3300,490.0,-1000,-140.0,-670.0,-21.0,,1,4,274.0,1901.0,,,,,,,,,45459,0,0
316497,73603732082010281,,0,3300,489.0,-1010,-150.0,-760.0,,,2,4,,,,,,,,,,,45458,0,0
316498,73603732082010281,,0,3300,460.0,-1130,-300.0,-740.0,,,2,4,,,,,,,,,,,45458,0,0
316499,73603732133490453,,0,3102,489.0,-980,-140.0,-740.0,,,2,4,,,,,,,,,,,45458,0,0
316500,73603732118809787,,0,3102,490.0,-1000,-170.0,-730.0,,,2,4,,,,,,,,,,,45458,0,0
316501,73603734819201064,,0,1423,490.0,-860,-160.0,-600.0,,,2,4,,,,,,,,,,,45458,0,0
316502,73603734819201064,,0,1423,489.0,-830,-110.0,-600.0,,,2,4,,,,,,,,,,,45458,0,0
316503,73603734954442752,,0,3300,,-1000,-150.0,-650.0,-30.0,0.0,3,4,,,,,,,43211.0,44200.0,,23055618.0,0,0,0
316504,73603738591577453,,0,3300,490.0,-1000,-140.0,-670.0,-26.0,,1,4,274.0,9324.0,,,,,,,,,45459,0,0
316505,73603738594379039,,0,3300,489.0,-1020,-170.0,-760.0,,,2,4,,,,,,,,,,,45458,0,0
316506,73603738658633450,,0,3300,460.0,-1160,-300.0,-770.0,,,2,4,,,,,,,,,,,45458,0,0
316507,73603738694027039,,0,3102,489.0,-990,-140.0,-750.0,,,2,4,,,,,,,,,,,45458,0,0
316508,73603738694027039,,0,3102,460.0,-1060,-210.0,-750.0,,,2,4,,,,,,,,,,,45458,0,0
316509,73603738849218219,,0,3102,406.0,-1070,-210.0,-720.0,,,2,4,,,,,,,,,,,45458,0,0
316510,73603739089305600,,0,3300,,-1000,-140.0,-660.0,-10.0,0.0,3,4,,,,,,,43211.0,44200.0,,23055618.0,0,0,0
316511,73603740687835940,,0,3300,95.0,-1140,-300.0,-750.0,,,2,4,,,,,,,,,,,45461,0,0
316512,73603741551858783,,0,3300,281.0,-1140,-300.0,-750.0,,,2,4,,,,,,,,,,,45461,0,0
316513,73603742825397087,,0,3102,489.0,-1000,-180.0,-720.0,,,2,4,,,,,,,,,,,45458,0,0
316514,73603742919102495,,0,3300,489.0,-1020,-170.0,-760.0,,,2,4,,,,,,,,,,,45461,0,0
316515,73603742919102495,,0,3300,59.0,-1160,-300.0,-770.0,,,2,4,,,,,,,,,,,45461,0,0
316516,73603742920063495,,0,3300,460.0,-1160,-290.0,,,,2,4,,,,,,,,,,,45433,0,0
316517,73603743087638830,,0,3300,490.0,-1010,-150.0,-660.0,-21.0,,1,4,274.0,1517.0,,,,,,,,,45459,0,0
316518,73603743240465382,,0,1423,490.0,-900,-210.0,-590.0,,,2,4,,,,,,,,,,,45458,0,0
316519,73603743240465382,,0,1423,489.0,-830,-130.0,-590.0,,,2,4,,,,,,,,,,,45458,0,0
316520,73603743357730816,,0,3300,,-1010,-150.0,-630.0,-30.0,0.0,3,4,,,,,,,43211.0,44200.0,,23055618.0,0,0,0
316521,73603745715995727,,0,1423,460.0,-980,-200.0,-630.0,,,2,4,,,,,,,,,,,45458,0,0
316522,73603747690708992,,0,3300,,-1010,-150.0,-630.0,-30.0,0.0,3,4,,,,,,,43211.0,44200.0,,23055618.0,0,0,0
316523,73603749664277781,,0,3300,490.0,-1000,-130.0,-670.0,-17.0,,1,4,274.0,1773.0,,,,,,,,,45459,0,0
316524,73603749670129849,,0,3300,489.0,-1030,-170.0,,,,2,4,,,,,,,,,,,45433,0,0
316525,73603749670129849,,0,3300,460.0,-1070,-210.0,,,,2,4,,,,,,,,,,,45433,0,0
316526,73603749681839060,,0,1423,489.0,-830,-140.0,-580.0,,,2,4,,,,,,,,,,,45458,0,0
316527,73603749681839060,,0,1423,490.0,-970,-300.0,-580.0,,,2,4,,,,,,,,,,,45458,0,0
316528,73603749694424718,,0,3102,489.0,-970,-150.0,-730.0,,,2,4,,,,,,,,,,,45458,0,0
316529,73603749694424718,,0,3102,490.0,-1080,-220.0,-730.0,,,2,4,,,,,,,,,,,45458,0,0
316530,73603749780923237,,0,3300,95.0,-1160,-290.0,,,,2,4,,,,,,,,,,,45433,0,0
316531,73603751307126482,,0,3102,460.0,-1130,-300.0,-740.0,,,2,4,,,,,,,,,,,45458,0,0
316532,73603751853555712,,0,3300,,-1010,-150.0,-650.0,-30.0,0.0,3,4,,,,,,,43211.0,44200.0,,23055618.0,0,0,0
316533,73603753882400908,,0,3102,490.0,-1000,-180.0,-730.0,,,2,4,,,,,,,,,,,45458,0,0
316534,73603753882400908,,0,3102,489.0,-980,-160.0,-730.0,,,2,4,,,,,,,,,,,45458,0,0
316535,73603754094276895,,0,3300,489.0,-1010,-160.0,-750.0,,,2,4,,,,,,,,,,,45458,0,0
316536,73603754093427625,,0,3300,490.0,-1000,-140.0,-660.0,-23.0,,1,4,274.0,2029.0,,,,,,,,,45459,0,0
316537,73603754219835628,,0,3102,406.0,-1040,-200.0,-750.0,,,2,4,,,,,,,,,,,45458,0,0
316538,73603756100091904,,0,3300,,-1000,-140.0,-640.0,-10.0,0.0,3,4,,,,,,,43211.0,44200.0,,23055618.0,0,0,0
316539,73603757609404013,,0,3300,490.0,-1030,-130.0,-790.0,,,2,4,,,,,,,,,,,45461,0,0
316540,73603757609404013,,0,3300,95.0,-1070,-200.0,-770.0,,,2,4,,,,,,,,,,,45461,0,0
316541,73603757609404013,,0,3300,460.0,-1050,-170.0,-780.0,,,2,4,,,,,,,,,,,45461,0,0
316542,73603757609404013,,0,3300,406.0,-1110,-210.0,-780.0,,,2,4,,,,,,,,,,,45461,0,0
316543,73603758242774092,,0,3300,489.0,-970,-110.0,-680.0,26.0,,1,4,274.0,4823.0,,,,,,,,,45459,0,0
316544,73603758246506519,,0,3300,59.0,-1200,-300.0,-810.0,,,2,4,,,,,,,,,,,45461,0,0
316545,73603758255357447,,0,1423,489.0,-850,-130.0,-630.0,,,2,4,,,,,,,,,,,45458,0,0
316546,73603758255357447,,0,1423,490.0,-920,-150.0,-630.0,,,2,4,,,,,,,,,,,45458,0,0
316547,73603758255357447,,0,1423,460.0,-1020,-300.0,-630.0,,,2,4,,,,,,,,,,,45458,0,0
316548,73603758875704876,,0,3300,90.0,-1090,-200.0,-770.0,,,2,4,,,,,,,,,,,45461,0,0
316549,73603758876720876,,0,3300,90.0,-1100,-220.0,,,,2,4,,,,,,,,,,,45433,0,0
316550,73603760326311936,,0,3300,,-970,-110.0,-660.0,50.0,0.0,3,4,,,,,,,43211.0,44200.0,,23055619.0,0,0,0
316551,73603761269195330,,0,3300,228.0,-1160,-300.0,,,,2,4,,,,,,,,,,,45433,0,0
316552,73603761268171330,,0,3300,228.0,-1160,-300.0,-770.0,,,2,4,,,,,,,,,,,45461,0,0
316553,73603761284948761,,0,3300,228.0,-1170,-300.0,-780.0,,,2,4,,,,,,,,,,,45461,0,0
316554,73603761285973761,,0,3300,228.0,-1170,-300.0,,,,2,4,,,,,,,,,,,45433,0,0
316555,73603761664904682,,0,3300,95.0,-1160,-300.0,-770.0,,,2,4,,,,,,,,,,,45461,0,0
316556,73603761665933682,,0,3300,490.0,-980,-120.0,,,,2,4,,,,,,,,,,,45433,0,0
316557,73603761664904682,,0,3300,460.0,-1150,-300.0,-760.0,,,2,4,,,,,,,,,,,45461,0,0
316558,73603761801411331,,0,3300,406.0,-1070,-210.0,,,,2,4,,,,,,,,,,,45433,0,0
316559,73603762347782401,,0,3300,489.0,-960,-110.0,-680.0,21.0,,1,4,274.0,1389.0,,,,,,,,,45459,0,0
316560,73603762564722504,,0,1423,489.0,-840,-140.0,-610.0,,,2,4,,,,,,,,,,,45458,0,0
316561,73603762577305224,,0,3102,489.0,-980,-140.0,-740.0,,,2,4,,,,,,,,,,,45458,0,0
316562,73603762598713894,,0,3300,281.0,-1060,-190.0,-770.0,,,2,4,,,,,,,,,,,45461,0,0
316563,73603762766048806,,0,3102,460.0,-1020,-200.0,-730.0,,,2,4,,,,,,,,,,,45458,0,0
316564,73603762896073151,,0,3102,95.0,-1080,-220.0,-750.0,,,2,4,,,,,,,,,,,45458,0,0
316565,73603763698666216,,0,3300,59.0,-1170,-300.0,-780.0,,,2,4,,,,,,,,,,,45461,0,0
316566,73603764331945170,,0,3300,91.0,-1160,-300.0,-770.0,,,2,4,,,,,,,,,,,45461,0,0
316567,73603764333014170,,0,3300,91.0,-1160,-300.0,,,,2,4,,,,,,,,,,,45433,0,0
316568,73603764483719168,,0,3300,,-980,-130.0,-660.0,20.0,0.0,3,4,,,,,,,43211.0,44200.0,,23055619.0,0,0,0
316569,73603765636605479,,0,3300,490.0,-980,-120.0,,,,2,4,,,,,,,,,,,45433,0,0
316570,73603765635528479,,0,3300,460.0,-1050,-200.0,-750.0,,,2,4,,,,,,,,,,,45461,0,0
316571,73603765750138119,,0,3300,406.0,-1150,-300.0,-760.0,,,2,4,,,,,,,,,,,45461,0,0
316572,73603765750138119,,0,3300,95.0,-1150,-300.0,-760.0,,,2,4,,,,,,,,,,,45461,0,0
316573,73603765920153263,,0,3102,490.0,-1080,-200.0,-730.0,,,2,4,,,,,,,,,,,45458,0,0
316574,73603766048195714,,0,3300,272.0,-1110,-230.0,-760.0,,,2,4,,,,,,,,,,,45461,0,0
316575,73603766049283714,,0,3300,272.0,-1110,-230.0,,,,2,4,,,,,,,,,,,45433,0,0
316576,73603766081750240,,0,3300,272.0,-1060,-200.0,-750.0,,,2,4,,,,,,,,,,,45461,0,0
316577,73603766082839240,,0,3300,272.0,-1080,-230.0,,,,2,4,,,,,,,,,,,45433,0,0
316578,73603766374280309,,0,3300,489.0,-960,-130.0,-660.0,17.0,,1,4,274.0,1901.0,,,,,,,,,45459,0,0
316579,73603766430805666,,0,450,489.0,-870,-100.0,-670.0,,,2,4,,,,,,,,,,,45458,0,0
316580,73603766500011832,,0,450,489.0,-860,-100.0,-660.0,,,2,4,,,,,,,,,,,45458,0,0
316581,73603766627515743,,0,3300,281.0,-1060,-200.0,-760.0,,,2,4,,,,,,,,,,,45461,0,0
316582,73603768810340352,,0,3300,,-960,-130.0,-640.0,30.0,0.0,3,4,,,,,,,43211.0,44200.0,,23055619.0,0,0,0
316583,73603768983036884,,0,3300,59.0,-1070,-220.0,-750.0,,,2,4,,,,,,,,,,,45461,0,0
316584,73603769573588907,,0,3300,490.0,-980,-110.0,-760.0,,,2,4,,,,,,,,,,,45461,0,0
316585,73603769573588907,,0,3300,460.0,-1050,-190.0,-760.0,,,2,4,,,,,,,,,,,45461,0,0
316586,73603769684363265,,0,3300,406.0,-1060,-210.0,-760.0,,,2,4,,,,,,,,,,,45461,0,0
316587,73603769684363265,,0,3300,95.0,-1040,-190.0,-750.0,,,2,4,,,,,,,,,,,45461,0,0
316588,73603770263552349,,0,3300,452.0,-1150,-300.0,-760.0,,,2,4,,,,,,,,,,,45461,0,0
316589,73603770264689349,,0,3300,452.0,-1160,-300.0,,,,2,4,,,,,,,,,,,45433,0,0
316590,73603770560182199,,0,3300,281.0,-1140,-300.0,-750.0,,,2,4,,,,,,,,,,,45461,0,0
316591,73603770736337740,,0,3300,489.0,-960,-130.0,-670.0,23.0,,1,4,274.0,2029.0,,,,,,,,,45459,0,0
316592,73603770829866390,,0,3102,489.0,-1030,-160.0,-730.0,,,2,4,,,,,,,,,,,45458,0,0
316593,73603770829866390,,0,3102,460.0,-1000,-180.0,-730.0,,,2,4,,,,,,,,,,,45458,0,0
316594,73603770829866390,,0,3102,490.0,-1010,-190.0,-730.0,,,2,4,,,,,,,,,,,45458,0,0
316595,73603772349889533,,0,3300,278.0,-1080,-230.0,-750.0,,,2,4,,,,,,,,,,,45461,0,0
316596,73603772351060533,,0,3300,278.0,-1090,-280.0,,,,2,4,,,,,,,,,,,45433,0,0
316597,73603772994179300,,0,3300,59.0,-1040,-160.0,-790.0,,,2,4,,,,,,,,,,,45461,0,0
316598,73603773108125696,,0,3300,,-960,-130.0,-630.0,30.0,0.0,3,4,,,,,,,43211.0,44200.0,,23055619.0,0,0,0
316599,73603773405800901,,0,3300,300.0,-1160,-300.0,-770.0,,,2,4,,,,,,,,,,,45461,0,0
316600,73603773714381057,,0,3300,460.0,-1060,-170.0,-790.0,,,2,4,,,,,,,,,,,45461,0,0
316601,73603773714381057,,0,3300,490.0,-980,-100.0,-780.0,,,2,4,,,,,,,,,,,45461,0,0
316602,73603773796169110,,0,3300,95.0,-1080,-200.0,-780.0,,,2,4,,,,,,,,,,,45461,0,0
316603,73603774535292877,,0,3300,406.0,-1070,-210.0,,,,2,4,,,,,,,,,,,45433,0,0
316604,73603775178676733,,0,3300,281.0,-1060,-190.0,-760.0,,,2,4,,,,,,,,,,,45461,0,0
316605,73603775359758296,,0,3300,492.0,-1060,-200.0,-750.0,,,2,4,,,,,,,,,,,45461,0,0
316606,73603775360958296,,0,3300,492.0,-1080,-270.0,,,,2,4,,,,,,,,,,,45433,0,0
316607,73603775548437130,,0,3102,489.0,-990,-140.0,-760.0,,,2,4,,,,,,,,,,,45458,0,0
316608,73603775590381755,,0,3102,490.0,-1020,-170.0,-740.0,,,2,4,,,,,,,,,,,45458,0,0
316609,73603775590381755,,0,3102,460.0,-990,-160.0,-740.0,,,2,4,,,,,,,,,,,45458,0,0
316610,73603775874543228,,0,3300,489.0,-960,-110.0,-680.0,34.0,,1,4,274.0,5685.0,,,,,,,,,45459,0,0
316611,73603775902855007,,0,1423,489.0,-840,-140.0,-600.0,,,2,4,,,,,,,,,,,45458,0,0
316612,73603775902855007,,0,1423,490.0,-990,-300.0,-600.0,,,2,4,,,,,,,,,,,45458,0,0
316613,73603776167453453,,0,450,489.0,-850,-100.0,-660.0,,,2,4,,,,,,,,,,,45458,0,0
316614,73603776242952043,,0,450,489.0,-850,-100.0,-650.0,,,2,4,,,,,,,,,,,45458,0,0
316615,73603776322643858,,0,450,406.0,-1050,-300.0,-660.0,,,2,4,,,,,,,,,,,45458,0,0
316616,73603776322643858,,0,450,489.0,-860,-100.0,-660.0,,,2,4,,,,,,,,,,,45458,0,0
316617,73603776297477596,,0,450,460.0,-1100,-300.0,-710.0,,,2,4,,,,,,,,,,,45458,0,0
316618,73603776297477596,,0,450,489.0,-860,-70.0,-690.0,,,2,4,,,,,,,,,,,45458,0,0
316619,73603776339420759,,0,450,489.0,-850,-80.0,-670.0,,,2,4,,,,,,,,,,,45458,0,0
316620,73603776941047807,,0,3300,59.0,-1150,-300.0,-760.0,,,2,4,,,,,,,,,,,45461,0,0
316621,73603777288339456,,0,3300,,-970,-130.0,-620.0,0.0,0.0,3,4,,,,,,,43211.0,44200.0,,23055619.0,0,0,0
316622,73603777455101697,,0,450,490.0,-990,-190.0,-690.0,,,2,4,,,,,,,,,,,45458,0,0
316623,73603777659807406,,0,3300,490.0,-970,-120.0,,,,2,4,,,,,,,,,,,45433,0,0
316624,73603777658554406,,0,3300,460.0,-1040,-180.0,-750.0,,,2,4,,,,,,,,,,,45461,0,0
316625,73603777977354980,,0,3300,95.0,-1140,-300.0,-750.0,,,2,4,,,,,,,,,,,45461,0,0
316626,73603778188747799,,0,3300,204.0,-1170,-300.0,-780.0,,,2,4,,,,,,,,,,,45461,0,0
316627,73603778190004799,,0,3300,204.0,-1170,-300.0,,,,2,4,,,,,,,,,,,45433,0,0
316628,73603779010772430,,0,3300,406.0,-1060,-180.0,-790.0,,,2,4,,,,,,,,,,,45461,0,0
316629,73603779555074043,,0,3300,200.0,-1150,-300.0,-760.0,,,2,4,,,,,,,,,,,45461,0,0
316630,73603779556348043,,0,3300,200.0,-1150,-300.0,,,,2,4,,,,,,,,,,,45433,0,0
316631,73603779568504222,,0,3300,200.0,-1160,-300.0,-770.0,,,2,4,,,,,,,,,,,45461,0,0
316632,73603779569779222,,0,3300,200.0,-1150,-300.0,,,,2,4,,,,,,,,,,,45433,0,0
316633,73603779890590950,,0,3300,265.0,-1150,-300.0,,,,2,4,,,,,,,,,,,45433,0,0
316634,73603779889311950,,0,3300,265.0,-1150,-300.0,-760.0,,,2,4,,,,,,,,,,,45461,0,0
316635,73603780290438048,,0,450,489.0,-850,-80.0,-670.0,,,2,4,,,,,,,,,,,45458,0,0
316636,73603780290438048,,0,450,406.0,-1010,-220.0,-670.0,,,2,4,,,,,,,,,,,45458,0,0
316637,73603780927968824,,0,1423,489.0,-840,-130.0,-610.0,,,2,4,,,,,,,,,,,45458,0,0
316638,73603781272414819,,0,3300,489.0,-960,-120.0,-650.0,10.0,,1,4,274.0,9836.0,,,,,,,,,45459,0,0
316639,73603781453977337,,0,450,347.0,-960,-190.0,-650.0,,,2,4,,,,,,,,,,,45458,0,0
316640,73603781441393886,,0,1423,490.0,-920,-160.0,-620.0,,,2,4,,,,,,,,,,,45458,0,0
316641,73603781453977337,,0,450,490.0,-960,-190.0,-650.0,,,2,4,,,,,,,,,,,45458,0,0
316642,73603781538021376,,0,3300,,-960,-120.0,-640.0,20.0,0.0,3,4,,,,,,,43211.0,44200.0,,23055619.0,0,0,0
316643,73603781497555244,,0,3300,59.0,-1140,-300.0,-750.0,,,2,4,,,,,,,,,,,45461,0,0
316644,73603781605562877,,0,3300,460.0,-1070,-250.0,,,,2,4,,,,,,,,,,,45433,0,0
316645,73603781605562877,,0,3300,490.0,-980,-120.0,,,,2,4,,,,,,,,,,,45433,0,0
316646,73603781970685579,,0,3300,95.0,-1150,-300.0,,,,2,4,,,,,,,,,,,45433,0,0
316647,73603783008014832,,0,450,460.0,-1010,-200.0,-720.0,,,2,4,,,,,,,,,,,45458,0,0
316648,73603784350186628,,0,450,489.0,-860,-50.0,-710.0,,,2,4,,,,,,,,,,,45458,0,0
316649,73603784379547190,,0,450,406.0,-1100,-300.0,-710.0,,,2,4,,,,,,,,,,,45458,0,0
316650,73603785432312712,,0,450,490.0,-1050,-300.0,-660.0,,,2,4,,,,,,,,,,,45458,0,0
316651,73603785643461823,,0,3300,490.0,-980,-130.0,-750.0,,,2,4,,,,,,,,,,,45461,0,0
316652,73603785643461823,,0,3300,460.0,-1140,-300.0,-750.0,,,2,4,,,,,,,,,,,45461,0,0
316653,73603785671386809,,0,450,347.0,-1050,-300.0,-660.0,,,2,4,,,,,,,,,,,45458,0,0
316654,73603785787637760,,0,3300,,-970,-120.0,-640.0,10.0,0.0,3,4,,,,,,,43211.0,44200.0,,23055619.0,0,0,0
316655,73603785796411567,,0,3300,59.0,-1080,-210.0,,,,2,4,,,,,,,,,,,45433,0,0
316656,73603785835753452,,0,3300,489.0,-970,-120.0,-670.0,22.0,,1,4,274.0,1133.0,,,,,,,,,45459,0,0
316657,73603786480475305,,0,3300,95.0,-1080,-210.0,,,,2,4,,,,,,,,,,,45433,0,0
316658,73603786682052750,,0,3300,406.0,-1050,-170.0,-770.0,,,2,4,,,,,,,,,,,45461,0,0
316659,73603786691123492,,0,3102,490.0,-1020,-180.0,-750.0,,,2,4,,,,,,,,,,,45458,0,0
316660,73603786705803617,,0,3102,489.0,-980,-130.0,-760.0,,,2,4,,,,,,,,,,,45458,0,0
316661,73603786745650158,,0,3102,460.0,-1070,-240.0,-740.0,,,2,4,,,,,,,,,,,45458,0,0
316662,73603787997017994,,0,3300,471.0,-1150,-300.0,-760.0,,,2,4,,,,,,,,,,,45461,0,0
316663,73603787998391994,,0,3300,471.0,-1160,-300.0,,,,2,4,,,,,,,,,,,45433,0,0
316664,73603788817053815,,0,3300,281.0,-1150,-300.0,-760.0,,,2,4,,,,,,,,,,,45461,0,0
316665,73603789605318288,,0,3300,460.0,-1080,-220.0,-760.0,,,2,4,,,,,,,,,,,45461,0,0
316666,73603789605318288,,0,3300,490.0,-980,-110.0,-770.0,,,2,4,,,,,,,,,,,45461,0,0
316667,73603789814663457,,0,3300,59.0,-1170,-300.0,-780.0,,,2,4,,,,,,,,,,,45461,0,0
316668,73603790063861760,,0,3300,,-970,-120.0,-640.0,20.0,0.0,3,4,,,,,,,43211.0,44200.0,,23055619.0,0,0,0
316669,73603791099833339,,0,3300,95.0,-1070,-200.0,-770.0,,,2,4,,,,,,,,,,,45461,0,0
316670,73603792322796184,,0,3300,406.0,-1050,-160.0,-790.0,,,2,4,,,,,,,,,,,45461,0,0
316671,73603792633894202,,0,3300,96.0,-1160,-300.0,-770.0,,,2,4,,,,,,,,,,,45461,0,0
316672,73603792635302202,,0,3300,96.0,-1160,-300.0,,,,2,4,,,,,,,,,,,45433,0,0
316673,73603792656869407,,0,3300,96.0,-1050,-190.0,-770.0,,,2,4,,,,,,,,,,,45461,0,0
316674,73603792658278407,,0,3300,96.0,-1070,-250.0,,,,2,4,,,,,,,,,,,45433,0,0
316675,73603792668405603,,0,3300,96.0,-1130,-300.0,-740.0,,,2,4,,,,,,,,,,,45461,0,0
316676,73603792669815603,,0,3300,96.0,-1120,-260.0,,,,2,4,,,,,,,,,,,45433,0,0
316677,73603792747345829,,0,3300,359.0,-1090,-230.0,-770.0,,,2,4,,,,,,,,,,,45461,0,0
316678,73603792748756829,,0,3300,359.0,-1100,-280.0,,,,2,4,,,,,,,,,,,45433,0,0
316679,73603792764178644,,0,3300,359.0,-1030,-180.0,-760.0,,,2,4,,,,,,,,,,,45461,0,0
316680,73603792765590644,,0,3300,359.0,-1040,-230.0,,,,2,4,,,,,,,,,,,45433,0,0
316681,73603792807694984,,0,3300,281.0,-1050,-180.0,-770.0,,,2,4,,,,,,,,,,,45461,0,0
316682,73603793797602974,,0,3300,460.0,-1040,-180.0,-760.0,,,2,4,,,,,,,,,,,45461,0,0
316683,73603793799021974,,0,3300,490.0,-980,-110.0,,,,2,4,,,,,,,,,,,45433,0,0
316684,73603794220382657,,0,3300,59.0,-1090,-220.0,-780.0,,,2,4,,,,,,,,,,,45461,0,0
316685,73603794278678528,,0,3300,,-970,-120.0,-650.0,40.0,0.0,3,4,,,,,,,43211.0,44200.0,,23055619.0,0,0,0
316686,73603794425635458,,0,3300,489.0,-970,-130.0,-670.0,22.0,,1,4,274.0,1133.0,,,,,,,,,45459,0,0
316687,73603794679126795,,0,450,490.0,-950,-200.0,-650.0,,,2,4,,,,,,,,,,,45458,0,0
316688,73603794664447708,,0,450,489.0,-870,-120.0,-660.0,,,2,4,,,,,,,,,,,45458,0,0
316689,73603794664447708,,0,450,347.0,-940,-190.0,-660.0,,,2,4,,,,,,,,,,,45458,0,0
316690,73603794820991765,,0,450,460.0,-1080,-300.0,,,,2,4,,,,,,,,,,,45433,0,0
316691,73603794836216220,,0,450,406.0,-940,-160.0,-680.0,,,2,4,,,,,,,,,,,45461,0,0
316692,73603794890457088,,0,450,,-870,-80.0,-560.0,60.0,0.0,3,4,,,,,,,43211.0,44200.0,,23055639.0,0,0,0
316693,73603795497115627,,0,450,133.0,-1050,-300.0,,,,2,4,,,,,,,,,,,45433,0,0
316694,73603795495659627,,0,450,133.0,-1050,-300.0,-660.0,,,2,4,,,,,,,,,,,45461,0,0
316695,73603795701179346,,0,450,95.0,-1050,-300.0,-660.0,,,2,4,,,,,,,,,,,45461,0,0
316696,73603796726734574,,0,450,233.0,-1060,-300.0,-670.0,,,2,4,,,,,,,,,,,45461,0,0
316697,73603796728206574,,0,450,233.0,-1060,-300.0,,,,2,4,,,,,,,,,,,45433,0,0
316698,73603797106261896,,0,450,277.0,-1050,-300.0,-660.0,,,2,4,,,,,,,,,,,45461,0,0
316699,73603797107741896,,0,450,277.0,-1050,-300.0,,,,2,4,,,,,,,,,,,45433,0,0
316700,73603798033927021,,0,450,148.0,-1050,-300.0,-660.0,,,2,4,,,,,,,,,,,45461,0,0
316701,73603798399782079,,0,450,5.0,-1080,-300.0,-690.0,,,2,4,,,,,,,,,,,45461,0,0
316702,73603798401281079,,0,450,5.0,-1080,-300.0,,,,2,4,,,,,,,,,,,45433,0,0
316703,73603798416559336,,0,450,5.0,-1040,-300.0,-650.0,,,2,4,,,,,,,,,,,45461,0,0
316704,73603798418059336,,0,450,5.0,-1050,-300.0,,,,2,4,,,,,,,,,,,45433,0,0
316705,73603798433339940,,0,450,5.0,-990,-220.0,-670.0,,,2,4,,,,,,,,,,,45461,0,0
316706,73603798434840940,,0,450,5.0,-1000,-270.0,,,,2,4,,,,,,,,,,,45433,0,0
316707,73603798679780102,,0,450,490.0,-970,-200.0,,,,2,4,,,,,,,,,,,45433,0,0
316708,73603798899728350,,0,450,347.0,-1050,-300.0,-660.0,,,2,4,,,,,,,,,,,45461,0,0
316709,73603798921915272,,0,450,489.0,-860,-70.0,-620.0,51.0,,1,4,274.0,1517.0,,,,,,,,,45459,0,0
316710,73603798932134511,,0,1423,489.0,-840,-130.0,-620.0,,,2,4,,,,,,,,,,,45458,0,0
316711,73603798989803990,,0,3300,59.0,-1070,-180.0,-780.0,,,2,4,,,,,,,,,,,45458,0,0
316712,73603798989803990,,0,3300,95.0,-1020,-150.0,-770.0,,,2,4,,,,,,,,,,,45458,0,0
316713,73603798989803990,,0,3300,460.0,-1070,-200.0,-770.0,,,2,4,,,,,,,,,,,45458,0,0
316714,73603798989803990,,0,3300,490.0,-990,-120.0,-770.0,,,2,4,,,,,,,,,,,45458,0,0
316715,73603798989803990,,0,3300,489.0,-1030,-160.0,-770.0,,,2,4,,,,,,,,,,,45458,0,0
316716,73603799062609920,,0,450,,-870,-70.0,-630.0,60.0,0.0,3,4,,,,,,,43211.0,44200.0,,23055639.0,0,0,0
316717,73603799013199619,,0,450,460.0,-1050,-300.0,-660.0,,,2,4,,,,,,,,,,,45461,0,0
316718,73603799013199619,,0,450,406.0,-1060,-300.0,-670.0,,,2,4,,,,,,,,,,,45461,0,0
316719,73603799544758272,,0,3300,,-1000,-150.0,-640.0,-20.0,0.0,3,4,,,,,,,43211.0,44200.0,,23055618.0,0,0,0
316720,73603801874673312,,0,3300,490.0,-1000,-130.0,-680.0,10.0,,1,4,274.0,2029.0,,,,,,,,,45459,0,0
316721,73603801925910351,,0,3300,406.0,-1080,-210.0,-770.0,,,2,4,,,,,,,,,,,45461,0,0
316722,73603803755773952,,0,3300,,-1000,-150.0,-650.0,-30.0,0.0,3,4,,,,,,,43211.0,44200.0,,23055618.0,0,0,0
316723,73603805834080144,,0,3300,490.0,-1000,-150.0,-660.0,-33.0,,1,4,274.0,1389.0,,,,,,,,,45459,0,0
316724,73603805901332554,,0,3300,489.0,-990,-130.0,-760.0,,,2,4,,,,,,,,,,,45458,0,0
316725,73603806072780364,,0,1423,489.0,-840,-140.0,-600.0,,,2,4,,,,,,,,,,,45458,0,0
316726,73603806141986233,,0,1423,490.0,-910,-190.0,-630.0,,,2,4,,,,,,,,,,,45458,0,0
316727,73603808004276224,,0,3300,,-1000,-150.0,-640.0,-30.0,0.0,3,4,,,,,,,43211.0,44200.0,,23055618.0,0,0,0
316728,73603809781377985,,0,3300,59.0,-1070,-180.0,-790.0,,,2,4,,,,,,,,,,,45461,0,0
316729,73603809781377985,,0,3300,95.0,-1060,-180.0,-780.0,,,2,4,,,,,,,,,,,45461,0,0
316730,73603809781377985,,0,3300,460.0,-1030,-150.0,-790.0,,,2,4,,,,,,,,,,,45461,0,0
316731,73603810365228336,,0,3300,489.0,-1010,-150.0,-760.0,,,2,4,,,,,,,,,,,45461,0,0
316732,73603810397464792,,0,3300,490.0,-990,-130.0,-680.0,-4.0,,1,4,274.0,1901.0,,,,,,,,,45459,0,0
316733,73603810554748957,,0,1423,489.0,-840,-110.0,-640.0,,,2,4,,,,,,,,,,,45458,0,0
316734,73603810569428307,,0,1423,490.0,-930,-170.0,-620.0,,,2,4,,,,,,,,,,,45458,0,0
316735,73603812202315776,,0,3300,,-1000,-140.0,-650.0,-30.0,0.0,3,4,,,,,,,43211.0,44200.0,,23055618.0,0,0,0
316736,73603815279594464,,0,3102,489.0,-990,-170.0,-730.0,,,2,4,,,,,,,,,,,45458,0,0
316737,73603815313150870,,0,3102,460.0,-1050,-210.0,-750.0,,,2,4,,,,,,,,,,,45458,0,0
316738,73603815400937872,,0,3300,95.0,-1100,-220.0,-780.0,,,2,4,,,,,,,,,,,45461,0,0
316739,73603815400937872,,0,3300,406.0,-1060,-170.0,-790.0,,,2,4,,,,,,,,,,,45461,0,0
316740,73603815400937872,,0,3300,489.0,-1030,-140.0,-790.0,,,2,4,,,,,,,,,,,45461,0,0
316741,73603815400937872,,0,3300,460.0,-1170,-300.0,-780.0,,,2,4,,,,,,,,,,,45461,0,0
316742,73603815400937872,,0,3300,59.0,-1180,-300.0,-790.0,,,2,4,,,,,,,,,,,45461,0,0
316743,73603815631917452,,0,3300,490.0,-1030,-140.0,-690.0,-34.0,,1,4,274.0,1645.0,,,,,,,,,45459,0,0
316744,73603815807137465,,0,1423,489.0,-840,-130.0,-620.0,,,2,4,,,,,,,,,,,45458,0,0
316745,73603815840692616,,0,1423,490.0,-880,-170.0,-610.0,,,2,4,,,,,,,,,,,45458,0,0
316746,73603816468840448,,0,3300,,-1000,-140.0,-650.0,-10.0,0.0,3,4,,,,,,,43211.0,44200.0,,23055618.0,0,0,0
316747,73603820531986617,,0,1423,489.0,-840,-130.0,-620.0,,,2,4,,,,,,,,,,,45458,0,0
316748,73603820531986617,,0,1423,490.0,-920,-200.0,-620.0,,,2,4,,,,,,,,,,,45458,0,0
316749,73603820662685696,,0,3300,,-1000,-150.0,-640.0,-40.0,0.0,3,4,,,,,,,43211.0,44200.0,,23055618.0,0,0,0
316750,73603821134822036,,0,3300,490.0,-1000,-140.0,-670.0,-22.0,,1,4,274.0,1901.0,,,,,,,,,45459,0,0
316751,73603821202073601,,0,3300,489.0,-1000,-140.0,-750.0,,,2,4,,,,,,,,,,,45458,0,0
316752,73603821411268277,,0,3102,489.0,-1000,-160.0,-740.0,,,2,4,,,,,,,,,,,45458,0,0
316753,73603821560166968,,0,3102,490.0,-1080,-210.0,-730.0,,,2,4,,,,,,,,,,,45458,0,0
316754,73603821660829295,,0,3102,460.0,-1120,-300.0,-730.0,,,2,4,,,,,,,,,,,45458,0,0
316755,73603822851602150,,0,3300,95.0,-1160,-300.0,-770.0,,,2,4,,,,,,,,,,,45461,0,0
316756,73603822851602150,,0,3300,460.0,-1070,-210.0,-770.0,,,2,4,,,,,,,,,,,45461,0,0
316757,73603822965254573,,0,3102,95.0,-1060,-220.0,-740.0,,,2,4,,,,,,,,,,,45458,0,0
316758,73603824955621376,,0,3300,,-1000,-140.0,-650.0,-20.0,0.0,3,4,,,,,,,43211.0,44200.0,,23055618.0,0,0,0
316759,73603825094257071,,0,3300,490.0,-1000,-160.0,-660.0,-24.0,,1,4,274.0,9452.0,,,,,,,,,45459,0,0
316760,73603825161480490,,0,3300,489.0,-990,-140.0,-760.0,,,2,4,,,,,,,,,,,45458,0,0
316761,73603825348076106,,0,3102,489.0,-990,-140.0,-740.0,,,2,4,,,,,,,,,,,45458,0,0
316762,73603826077881603,,0,3102,460.0,-1150,-300.0,-760.0,,,2,4,,,,,,,,,,,45458,0,0
316763,73603826878989378,,0,3102,490.0,-1010,-180.0,-730.0,,,2,4,,,,,,,,,,,45458,0,0
316764,73603828711893488,,0,3102,406.0,-1130,-300.0,-740.0,,,2,4,,,,,,,,,,,45458,0,0
316765,73603829291417600,,0,3300,,-1000,-140.0,-640.0,-30.0,0.0,3,4,,,,,,,43211.0,44200.0,,23055618.0,0,0,0
316766,73603829341035392,,0,3102,489.0,-980,-140.0,-740.0,,,2,4,,,,,,,,,,,45458,0,0
316767,73603830075456048,,0,3300,460.0,-1080,-210.0,-780.0,,,2,4,,,,,,,,,,,45461,0,0
316768,73603830075456048,,0,3300,489.0,-990,-130.0,-770.0,,,2,4,,,,,,,,,,,45461,0,0
316769,73603830075456048,,0,3300,59.0,-1190,-300.0,-800.0,,,2,4,,,,,,,,,,,45461,0,0
316770,73603830075456048,,0,3300,95.0,-1050,-180.0,-780.0,,,2,4,,,,,,,,,,,45461,0,0
316771,73603830096008064,,0,3102,460.0,-1050,-210.0,-740.0,,,2,4,,,,,,,,,,,45458,0,0
316772,73603830152061906,,0,3300,406.0,-1060,-180.0,-780.0,,,2,4,,,,,,,,,,,45461,0,0
316773,73603830206956498,,0,3300,492.0,-1160,-300.0,-760.0,,,2,4,,,,,,,,,,,45461,0,0
316774,73603830208539498,,0,3300,492.0,-1150,-280.0,,,,2,4,,,,,,,,,,,45433,0,0
316775,73603830788066440,,0,3102,95.0,-1060,-210.0,-740.0,,,2,4,,,,,,,,,,,45458,0,0
316776,73603831551410046,,0,3102,490.0,-1130,-300.0,-740.0,,,2,4,,,,,,,,,,,45458,0,0
316777,73603833484673024,,0,3300,,-1000,-140.0,-660.0,10.0,0.0,3,4,,,,,,,43211.0,44200.0,,23055618.0,0,0,0
316778,73603833522722911,,0,3102,489.0,-970,-130.0,-750.0,,,2,4,,,,,,,,,,,45458,0,0
316779,73603834195354594,,0,3300,460.0,-1160,-300.0,-770.0,,,2,4,,,,,,,,,,,45461,0,0
316780,73603834195354594,,0,3300,489.0,-1000,-140.0,-770.0,,,2,4,,,,,,,,,,,45461,0,0
316781,73603834195354594,,0,3300,95.0,-1170,-300.0,-780.0,,,2,4,,,,,,,,,,,45461,0,0
316782,73603834195354594,,0,3300,406.0,-1080,-210.0,-770.0,,,2,4,,,,,,,,,,,45461,0,0
316783,73603834202198633,,0,3102,460.0,-1120,-300.0,-720.0,,,2,4,,,,,,,,,,,45458,0,0
316784,73603834783107536,,0,1423,489.0,-840,-130.0,-610.0,,,2,4,,,,,,,,,,,45458,0,0
316785,73603834783107536,,0,1423,490.0,-970,-220.0,-610.0,,,2,4,,,,,,,,,,,45458,0,0
316786,73603834890061556,,0,3102,406.0,-1090,-210.0,-740.0,,,2,4,,,,,,,,,,,45458,0,0
316787,73603835093420418,,0,3300,490.0,-990,-140.0,-670.0,-18.0,,1,4,274.0,10092.0,,,,,,,,,45459,0,0
316788,73603835437628771,,0,3300,59.0,-1150,-300.0,-760.0,,,2,4,,,,,,,,,,,45461,0,0
316789,73603835813495256,,0,3102,490.0,-1040,-200.0,-740.0,,,2,4,,,,,,,,,,,45458,0,0
316790,73603837507970475,,0,3102,489.0,-960,-120.0,-740.0,,,2,4,,,,,,,,,,,45458,0,0
316791,73603837718036480,,0,3300,,-1000,-150.0,-640.0,-40.0,0.0,3,4,,,,,,,43211.0,44200.0,,23055618.0,0,0,0
316792,73603838443297539,,0,3102,460.0,-990,-170.0,-720.0,,,2,4,,,,,,,,,,,45458,0,0
316793,73603839656875625,,0,3300,59.0,-1190,-300.0,-800.0,,,2,4,,,,,,,,,,,45461,0,0
316794,73603839656875625,,0,3300,95.0,-1180,-300.0,-790.0,,,2,4,,,,,,,,,,,45461,0,0
316795,73603839656875625,,0,3300,460.0,-1070,-180.0,-790.0,,,2,4,,,,,,,,,,,45461,0,0
316796,73603839658470625,,0,3300,489.0,-990,-130.0,,,,2,4,,,,,,,,,,,45433,0,0
316797,73603840081428509,,0,3300,490.0,-1000,-150.0,-670.0,-24.0,,1,4,274.0,1175.0,,,,,,,,,45459,0,0
316798,73603842052456448,,0,3300,,-1000,-150.0,-650.0,0.0,0.0,3,4,,,,,,,43211.0,44200.0,,23055618.0,0,0,0
316799,73603842674034453,,0,3300,406.0,-1080,-210.0,-760.0,,,2,4,,,,,,,,,,,45461,0,0
316800,73603843616309910,,0,3300,460.0,-1060,-160.0,-790.0,,,2,4,,,,,,,,,,,45458,0,0
316801,73603843616309910,,0,3300,489.0,-1000,-120.0,-790.0,,,2,4,,,,,,,,,,,45458,0,0
316802,73603843706658243,,0,3102,489.0,-970,-120.0,-750.0,,,2,4,,,,,,,,,,,45458,0,0
316803,73603843748602533,,0,3102,490.0,-1050,-210.0,-740.0,,,2,4,,,,,,,,,,,45458,0,0
316804,73603843954121495,,0,3102,460.0,-1120,-300.0,-730.0,,,2,4,,,,,,,,,,,45458,0,0
316805,73603844271719085,,0,3300,95.0,-1100,-250.0,,,,2,4,,,,,,,,,,,45433,0,0
316806,73603844286791662,,0,3300,59.0,-1110,-220.0,-790.0,,,2,4,,,,,,,,,,,45461,0,0
316807,73603844286791662,,0,3300,281.0,-1080,-200.0,-780.0,,,2,4,,,,,,,,,,,45461,0,0
316808,73603846227492864,,0,3300,,-1000,-140.0,-660.0,-10.0,0.0,3,4,,,,,,,43211.0,44200.0,,23055618.0,0,0,0
316809,73603846916652848,,0,3300,406.0,-1050,-160.0,-780.0,,,2,4,,,,,,,,,,,45461,0,0
316810,73603848009981492,,0,3102,490.0,-1080,-190.0,-760.0,,,2,4,,,,,,,,,,,45458,0,0
316811,73603848009981492,,0,3102,489.0,-990,-130.0,-760.0,,,2,4,,,,,,,,,,,45458,0,0
316812,73603848009981492,,0,3102,460.0,-1010,-160.0,-760.0,,,2,4,,,,,,,,,,,45458,0,0
316813,73603848716401237,,0,3300,490.0,-1000,-140.0,-670.0,-25.0,,1,4,274.0,1261.0,,,,,,,,,45459,0,0
316814,73603848783670373,,0,3300,489.0,-1010,-150.0,-760.0,,,2,4,,,,,,,,,,,45458,0,0
316815,73603848868346940,,0,1423,490.0,-970,-220.0,-620.0,,,2,4,,,,,,,,,,,45458,0,0
316816,73603848868346940,,0,1423,489.0,-830,-120.0,-620.0,,,2,4,,,,,,,,,,,45458,0,0
316817,73603850543104000,,0,3300,,-1000,-140.0,-640.0,-20.0,0.0,3,4,,,,,,,43211.0,44200.0,,23055618.0,0,0,0
316818,73603850820214348,,0,3300,95.0,-1160,-300.0,-770.0,,,2,4,,,,,,,,,,,45461,0,0
316819,73603850820214348,,0,3300,460.0,-1160,-300.0,-770.0,,,2,4,,,,,,,,,,,45461,0,0
316820,73603850820214348,,0,3300,281.0,-1170,-300.0,-780.0,,,2,4,,,,,,,,,,,45461,0,0
316821,73603851507441083,,0,3300,406.0,-1040,-170.0,-770.0,,,2,4,,,,,,,,,,,45461,0,0
316822,73603852529734900,,0,3102,489.0,-980,-130.0,-750.0,,,2,4,,,,,,,,,,,45458,0,0
316823,73603852565387564,,0,3102,490.0,-1040,-190.0,-760.0,,,2,4,,,,,,,,,,,45458,0,0
316824,73603852588456768,,0,3102,460.0,-1130,-300.0,-740.0,,,2,4,,,,,,,,,,,45458,0,0
316825,73603854730461184,,0,3300,,-1000,-140.0,-650.0,-10.0,0.0,3,4,,,,,,,43211.0,44200.0,,23055618.0,0,0,0
316826,73603854726771641,,0,3300,489.0,-1000,-130.0,,,,2,4,,,,,,,,,,,45433,0,0
316827,73603855897046035,,0,3300,490.0,-1000,-120.0,-690.0,3.0,,1,4,274.0,9836.0,,,,,,,,,45459,0,0
316828,73603855897162103,,0,3300,95.0,-1170,-300.0,-780.0,,,2,4,,,,,,,,,,,45458,0,0
316829,73603856057019997,,0,1423,489.0,-830,-100.0,-620.0,,,2,4,,,,,,,,,,,45458,0,0
316830,73603856057019997,,0,1423,490.0,-920,-210.0,-620.0,,,2,4,,,,,,,,,,,45458,0,0
316831,73603858965069824,,0,3300,,-1000,-150.0,-640.0,-30.0,0.0,3,4,,,,,,,43211.0,44200.0,,23055618.0,0,0,0
316832,73603860393321618,,0,3300,490.0,-1000,-130.0,-680.0,5.0,,1,4,274.0,10220.0,,,,,,,,,45459,0,0
316833,73603860393435538,,0,3300,489.0,-1020,-150.0,-770.0,,,2,4,,,,,,,,,,,45458,0,0
316834,73603860393435538,,0,3300,95.0,-1040,-170.0,-770.0,,,2,4,,,,,,,,,,,45458,0,0
316835,73603860699415502,,0,1423,490.0,-920,-160.0,-630.0,,,2,4,,,,,,,,,,,45458,0,0
316836,73603860714095598,,0,1423,489.0,-820,-130.0,-590.0,,,2,4,,,,,,,,,,,45458,0,0
316837,73603863182442496,,0,3300,,-1000,-150.0,-650.0,-20.0,0.0,3,4,,,,,,,43211.0,44200.0,,23055618.0,0,0,0
316838,73603864663005676,,0,3300,95.0,-1110,-210.0,-770.0,,,2,4,,,,,,,,,,,45461,0,0
316839,73603864663005676,,0,3300,460.0,-1090,-200.0,-770.0,,,2,4,,,,,,,,,,,45461,0,0
316840,73603864663005676,,0,3300,281.0,-1090,-190.0,-790.0,,,2,4,,,,,,,,,,,45461,0,0
316841,73603864664666676,,0,3300,489.0,-1010,-140.0,,,,2,4,,,,,,,,,,,45433,0,0
316842,73603864755332910,,0,3300,490.0,-1000,-130.0,-680.0,-5.0,,1,4,274.0,1133.0,,,,,,,,,45459,0,0
316843,73603867541110784,,0,3300,,-1000,-140.0,-650.0,0.0,0.0,3,4,,,,,,,43211.0,44200.0,,23055618.0,0,0,0
316844,73603869491931290,,0,1423,490.0,-940,-210.0,-590.0,,,2,4,,,,,,,,,,,45458,0,0
316845,73603869491931290,,0,1423,489.0,-830,-140.0,-590.0,,,2,4,,,,,,,,,,,45458,0,0
316846,73603871752454144,,0,3300,,-1000,-150.0,-640.0,-30.0,0.0,3,4,,,,,,,43211.0,44200.0,,23055618.0,0,0,0
316847,73603871722775022,,0,3300,460.0,-1170,-300.0,-780.0,,,2,4,,,,,,,,,,,45461,0,0
316848,73603871724442022,,0,3300,489.0,-1010,-140.0,,,,2,4,,,,,,,,,,,45433,0,0
316849,73603872204362804,,0,3300,490.0,-1000,-140.0,-670.0,-23.0,,1,4,274.0,2029.0,,,,,,,,,45459,0,0
316850,73603872271632508,,0,3300,95.0,-1040,-180.0,-770.0,,,2,4,,,,,,,,,,,45458,0,0
316851,73603872476464389,,0,3102,489.0,-980,-130.0,-750.0,,,2,4,,,,,,,,,,,45458,0,0
316852,73603872690373782,,0,3102,460.0,-1140,-300.0,-750.0,,,2,4,,,,,,,,,,,45458,0,0
316853,73603874705063607,,0,3300,281.0,-1150,-300.0,-760.0,,,2,4,,,,,,,,,,,45461,0,0
316854,73603874705063607,,0,3300,406.0,-1160,-300.0,-770.0,,,2,4,,,,,,,,,,,45461,0,0
316855,73603876150640640,,0,3300,,-1000,-140.0,-660.0,0.0,0.0,3,4,,,,,,,43211.0,44200.0,,23055618.0,0,0,0
316856,73603876188407637,,0,3102,95.0,-1030,-180.0,-750.0,,,2,4,,,,,,,,,,,45458,0,0
316857,73603876888850881,,0,3102,489.0,-1000,-180.0,-730.0,,,2,4,,,,,,,,,,,45458,0,0
316858,73603876926600316,,0,3102,460.0,-1070,-210.0,-770.0,,,2,4,,,,,,,,,,,45458,0,0
316859,73603877103286578,,0,3300,490.0,-1000,-140.0,-680.0,-15.0,,1,4,274.0,1133.0,,,,,,,,,45459,0,0
316860,73603877170540657,,0,3300,95.0,-1050,-180.0,-770.0,,,2,4,,,,,,,,,,,45458,0,0
316861,73603877170540657,,0,3300,460.0,-1060,-190.0,-760.0,,,2,4,,,,,,,,,,,45458,0,0
316862,73603877170540657,,0,3300,489.0,-1020,-150.0,-760.0,,,2,4,,,,,,,,,,,45458,0,0
316863,73603877459539147,,0,1423,489.0,-830,-120.0,-620.0,,,2,4,,,,,,,,,,,45458,0,0
316864,73603877459539147,,0,1423,490.0,-910,-170.0,-620.0,,,2,4,,,,,,,,,,,45458,0,0
316865,73603877763053085,,0,3300,59.0,-1180,-300.0,-790.0,,,2,4,,,,,,,,,,,45461,0,0
316866,73603880575369216,,0,3300,,-1000,-150.0,-650.0,-30.0,0.0,3,4,,,,,,,43211.0,44200.0,,23055618.0,0,0,0
316867,73603881465487563,,0,3300,460.0,-1050,-180.0,-750.0,,,2,4,,,,,,,,,,,45458,0,0
316868,73603881465487563,,0,3300,489.0,-1010,-150.0,-760.0,,,2,4,,,,,,,,,,,45458,0,0
316869,73603881465487563,,0,3300,95.0,-1140,-300.0,-750.0,,,2,4,,,,,,,,,,,45458,0,0
316870,73603881465371122,,0,3300,490.0,-1000,-150.0,-660.0,-17.0,,1,4,274.0,9452.0,,,,,,,,,45459,0,0
316871,73603881729212032,,0,1423,489.0,-840,-140.0,-590.0,,,2,4,,,,,,,,,,,45458,0,0
316872,73603881729212032,,0,1423,490.0,-900,-170.0,-590.0,,,2,4,,,,,,,,,,,45458,0,0
316873,73603884798181376,,0,3300,,-1000,-150.0,-640.0,-30.0,0.0,3,4,,,,,,,43211.0,44200.0,,23055618.0,0,0,0
316874,73603885327886533,,0,3102,460.0,-1040,-200.0,-750.0,,,2,4,,,,,,,,,,,45458,0,0
316875,73603885363538543,,0,3102,489.0,-990,-130.0,-760.0,,,2,4,,,,,,,,,,,45458,0,0
316876,73603889067327488,,0,3300,,-1000,-140.0,-640.0,-30.0,0.0,3,4,,,,,,,43211.0,44200.0,,23055618.0,0,0,0
316877,73603889921004283,,0,3300,490.0,-1000,-140.0,-680.0,-16.0,,1,4,274.0,2029.0,,,,,,,,,45459,0,0
316878,73603889988254956,,0,3300,489.0,-1010,-140.0,-770.0,,,2,4,,,,,,,,,,,45458,0,0
316879,73603890405647545,,0,3102,460.0,-1030,-210.0,-720.0,,,2,4,,,,,,,,,,,45458,0,0
316880,73603890405647545,,0,3102,489.0,-1000,-180.0,-720.0,,,2,4,,,,,,,,,,,45458,0,0
316881,73603890443396265,,0,3102,490.0,-1070,-200.0,-760.0,,,2,4,,,,,,,,,,,45458,0,0
316882,73603893354692608,,0,3300,,-1000,-140.0,-660.0,0.0,0.0,3,4,,,,,,,43211.0,44200.0,,23055618.0,0,0,0
316883,73603895140976899,,0,3102,489.0,-970,-140.0,-740.0,,,2,4,,,,,,,,,,,45458,0,0
316884,73603895372194041,,0,3300,59.0,-1180,-300.0,-790.0,,,2,4,,,,,,,,,,,45461,0,0
316885,73603895372194041,,0,3300,460.0,-1090,-210.0,-780.0,,,2,4,,,,,,,,,,,45461,0,0
316886,73603895372194041,,0,3300,489.0,-980,-120.0,-770.0,,,2,4,,,,,,,,,,,45461,0,0
316887,73603895423888022,,0,3300,490.0,-1000,-130.0,-680.0,-3.0,,1,4,274.0,1261.0,,,,,,,,,45459,0,0
316888,73603895811539279,,0,3102,460.0,-1140,-300.0,-750.0,,,2,4,,,,,,,,,,,45458,0,0
316889,73603895832515251,,0,3102,490.0,-1120,-240.0,-760.0,,,2,4,,,,,,,,,,,45458,0,0
316890,73603896283864921,,0,1423,489.0,-840,-120.0,-620.0,,,2,4,,,,,,,,,,,45458,0,0
316891,73603896283864921,,0,1423,490.0,-930,-180.0,-620.0,,,2,4,,,,,,,,,,,45458,0,0
316892,73603897602211840,,0,3300,,-1000,-140.0,-650.0,0.0,0.0,3,4,,,,,,,43211.0,44200.0,,23055618.0,0,0,0
316893,73603900457028605,,0,3300,490.0,-1000,-140.0,-670.0,-19.0,,1,4,274.0,1645.0,,,,,,,,,45459,0,0
316894,73603900524281105,,0,3300,489.0,-1020,-170.0,-750.0,,,2,4,,,,,,,,,,,45458,0,0
316895,73603900524281105,,0,3300,95.0,-1080,-200.0,-760.0,,,2,4,,,,,,,,,,,45458,0,0
316896,73603900670354547,,0,1423,490.0,-910,-160.0,-610.0,,,2,4,,,,,,,,,,,45458,0,0
316897,73603900670354547,,0,1423,489.0,-830,-120.0,-610.0,,,2,4,,,,,,,,,,,45458,0,0
316898,73603901179654853,,0,3300,460.0,-1160,-300.0,-770.0,,,2,4,,,,,,,,,,,45461,0,0
316899,73603901192113831,,0,3102,460.0,-1140,-300.0,-750.0,,,2,4,,,,,,,,,,,45458,0,0
316900,73603901192113831,,0,3102,489.0,-990,-140.0,-760.0,,,2,4,,,,,,,,,,,45458,0,0
316901,73603901691234716,,0,3102,490.0,-1030,-200.0,-730.0,,,2,4,,,,,,,,,,,45458,0,0
316902,73603901898752000,,0,3300,,-1000,-150.0,-650.0,-30.0,0.0,3,4,,,,,,,43211.0,44200.0,,23055618.0,0,0,0
316903,73603903561885660,,0,3102,95.0,-1150,-300.0,-760.0,,,2,4,,,,,,,,,,,45458,0,0
316904,73603904416416523,,0,3300,490.0,-1000,-140.0,-670.0,-28.0,,1,4,274.0,2029.0,,,,,,,,,45459,0,0
316905,73603904483668851,,0,3300,489.0,-1000,-120.0,-780.0,,,2,4,,,,,,,,,,,45458,0,0
316906,73603906107211776,,0,3300,,-1000,-140.0,-630.0,-40.0,0.0,3,4,,,,,,,43211.0,44200.0,,23055618.0,0,0,0
316907,73603908040421995,,0,3300,460.0,-1140,-300.0,-750.0,,,2,4,,,,,,,,,,,45458,0,0
316908,73603908304570715,,0,1423,489.0,-830,-120.0,-610.0,,,2,4,,,,,,,,,,,45458,0,0
316909,73603908319251317,,0,1423,490.0,-880,-190.0,-600.0,,,2,4,,,,,,,,,,,45458,0,0
316910,73603910332907520,,0,3300,,-1000,-150.0,-640.0,-30.0,0.0,3,4,,,,,,,43211.0,44200.0,,23055618.0,0,0,0
316911,73603911597014594,,0,3300,490.0,-1000,-130.0,-680.0,-13.0,,1,4,274.0,1389.0,,,,,,,,,45459,0,0
316912,73603911664284216,,0,3300,489.0,-1000,-140.0,-750.0,,,2,4,,,,,,,,,,,45458,0,0
316913,73603911664284216,,0,3300,95.0,-1040,-180.0,-760.0,,,2,4,,,,,,,,,,,45458,0,0
316914,73603914737188864,,0,3300,,-1000,-140.0,-650.0,-30.0,0.0,3,4,,,,,,,43211.0,44200.0,,23055618.0,0,0,0
316915,73603916348087438,,0,3300,490.0,-1000,-140.0,-670.0,-18.0,,1,4,274.0,1235.0,,,,,,,,,45459,0,0
316916,73603916351674377,,0,3300,489.0,-1000,-150.0,-760.0,,,2,4,,,,,,,,,,,45461,0,0
316917,73603916361139272,,0,1423,490.0,-880,-190.0,-600.0,,,2,4,,,,,,,,,,,45458,0,0
316918,73603916375819904,,0,1423,489.0,-830,-110.0,-610.0,,,2,4,,,,,,,,,,,45458,0,0
316919,73603919022784512,,0,3300,,-1000,-150.0,-650.0,-20.0,0.0,3,4,,,,,,,43211.0,44200.0,,23055618.0,0,0,0
316920,73603919448857904,,0,3300,460.0,-1020,-160.0,-770.0,,,2,4,,,,,,,,,,,45458,0,0
316921,73603923139666949,,0,3300,490.0,-1000,-140.0,-670.0,-19.0,,1,4,274.0,1901.0,,,,,,,,,45459,0,0
316922,73603923230982144,,0,3300,,-1000,-140.0,-640.0,-20.0,0.0,3,4,,,,,,,43211.0,44200.0,,23055618.0,0,0,0
316923,73603923206935108,,0,3300,489.0,-1020,-150.0,-770.0,,,2,4,,,,,,,,,,,45458,0,0
316924,73603923240382342,,0,3102,489.0,-980,-150.0,-730.0,,,2,4,,,,,,,,,,,45458,0,0
316925,73603923279655650,,0,3300,95.0,-1170,-300.0,-780.0,,,2,4,,,,,,,,,,,45461,0,0
316926,73603923279655650,,0,3300,281.0,-1170,-300.0,-780.0,,,2,4,,,,,,,,,,,45461,0,0
316927,73603923307492150,,0,3102,460.0,-1060,-220.0,-750.0,,,2,4,,,,,,,,,,,45458,0,0
316928,73603923328464037,,0,3102,490.0,-1000,-160.0,-740.0,,,2,4,,,,,,,,,,,45458,0,0
316929,73603927557144576,,0,3300,,-1000,-150.0,-650.0,-30.0,0.0,3,4,,,,,,,43211.0,44200.0,,23055618.0,0,0,0
316930,73603927971481783,,0,3300,490.0,-1000,-140.0,-670.0,-15.0,,1,4,274.0,1901.0,,,,,,,,,45459,0,0
316931,73603927975681490,,0,3300,489.0,-1000,-140.0,-760.0,,,2,4,,,,,,,,,,,45461,0,0
316932,73603927985166083,,0,1423,490.0,-910,-170.0,-610.0,,,2,4,,,,,,,,,,,45458,0,0
316933,73603927985166083,,0,1423,489.0,-830,-110.0,-610.0,,,2,4,,,,,,,,,,,45458,0,0
316934,73603928085256336,,0,3300,460.0,-1160,-300.0,-770.0,,,2,4,,,,,,,,,,,45461,0,0
316935,73603928085256336,,0,3300,281.0,-1180,-300.0,-780.0,,,2,4,,,,,,,,,,,45461,0,0
316936,73603928085256336,,0,3300,95.0,-1170,-300.0,-780.0,,,2,4,,,,,,,,,,,45461,0,0
316937,73603928233891062,,0,3300,59.0,-1100,-210.0,-800.0,,,2,4,,,,,,,,,,,45461,0,0
316938,73603931776483328,,0,3300,,-1000,-140.0,-650.0,-20.0,0.0,3,4,,,,,,,43211.0,44200.0,,23055618.0,0,0,0
316939,73603932670849288,,0,3300,490.0,-1000,-130.0,-680.0,-9.0,,1,4,274.0,1645.0,,,,,,,,,45459,0,0
316940,73603932736331537,,0,3300,489.0,-1000,-140.0,-770.0,,,2,4,,,,,,,,,,,45458,0,0
316941,73603932736331537,,0,3300,95.0,-1070,-210.0,-760.0,,,2,4,,,,,,,,,,,45458,0,0
316942,73603932827823908,,0,1423,490.0,-940,-200.0,-630.0,,,2,4,,,,,,,,,,,45458,0,0
316943,73603932827823908,,0,1423,489.0,-830,-100.0,-630.0,,,2,4,,,,,,,,,,,45458,0,0
316944,73603932876113484,,0,1423,406.0,-1010,-300.0,-620.0,,,2,4,,,,,,,,,,,45458,0,0
316945,73603932876113484,,0,1423,460.0,-920,-200.0,-620.0,,,2,4,,,,,,,,,,,45458,0,0
316946,73603932954074971,,0,3300,281.0,-1140,-300.0,-750.0,,,2,4,,,,,,,,,,,45461,0,0
316947,73603932954074971,,0,3300,460.0,-1140,-300.0,-750.0,,,2,4,,,,,,,,,,,45461,0,0
316948,73603935935791104,,0,3300,,-1000,-140.0,-660.0,0.0,0.0,3,4,,,,,,,43211.0,44200.0,,23055618.0,0,0,0
316949,73603937381685230,,0,3300,460.0,-1070,-250.0,,,,2,4,,,,,,,,,,,45433,0,0
316950,73603937379887230,,0,3300,489.0,-1000,-140.0,-750.0,,,2,4,,,,,,,,,,,45461,0,0
316951,73603937379887230,,0,3300,281.0,-1070,-200.0,-760.0,,,2,4,,,,,,,,,,,45461,0,0
316952,73603937381685230,,0,3300,95.0,-1140,-280.0,,,,2,4,,,,,,,,,,,45433,0,0
316953,73603937535890775,,0,3102,490.0,-1030,-190.0,-750.0,,,2,4,,,,,,,,,,,45458,0,0
316954,73603937535890775,,0,3102,489.0,-1000,-160.0,-750.0,,,2,4,,,,,,,,,,,45458,0,0
316955,73603937535890775,,0,3102,460.0,-980,-140.0,-750.0,,,2,4,,,,,,,,,,,45458,0,0
316956,73603937635093556,,0,3300,490.0,-1000,-140.0,-670.0,-22.0,,1,4,274.0,1901.0,,,,,,,,,45459,0,0
316957,73603937739483200,,0,1423,489.0,-830,-120.0,-610.0,,,2,4,,,,,,,,,,,45458,0,0
316958,73603937739483200,,0,1423,490.0,-950,-200.0,-610.0,,,2,4,,,,,,,,,,,45458,0,0
316959,73603939427683126,,0,3102,95.0,-1080,-210.0,-780.0,,,2,4,,,,,,,,,,,45458,0,0
316960,73603940189732864,,0,3300,,-1000,-140.0,-650.0,-20.0,0.0,3,4,,,,,,,43211.0,44200.0,,23055618.0,0,0,0
316961,73603940855087451,,0,3300,59.0,-1170,-300.0,-780.0,,,2,4,,,,,,,,,,,45461,0,0
316962,73603940855087451,,0,3300,406.0,-1090,-210.0,-780.0,,,2,4,,,,,,,,,,,45461,0,0
316963,73603941231523642,,0,1423,406.0,-950,-220.0,-630.0,,,2,4,,,,,,,,,,,45458,0,0
316964,73603944421982208,,0,3300,,-1000,-150.0,-640.0,-20.0,0.0,3,4,,,,,,,43211.0,44200.0,,23055618.0,0,0,0
316965,73603945868301542,,0,3102,489.0,-990,-130.0,-760.0,,,2,4,,,,,,,,,,,45458,0,0
316966,73603948591841280,,0,3300,,-1000,-140.0,-650.0,-30.0,0.0,3,4,,,,,,,43211.0,44200.0,,23055618.0,0,0,0
316967,73603950050156850,,0,3300,490.0,-1000,-140.0,-670.0,-12.0,,1,4,274.0,2029.0,,,,,,,,,45459,0,0
316968,73603950117408130,,0,3300,489.0,-1000,-140.0,-760.0,,,2,4,,,,,,,,,,,45458,0,0
316969,73603950223000067,,0,3102,489.0,-990,-120.0,-770.0,,,2,4,,,,,,,,,,,45458,0,0
316970,73603950267041205,,0,3102,460.0,-1060,-180.0,-760.0,,,2,4,,,,,,,,,,,45458,0,0
316971,73603950439007421,,0,3102,490.0,-1080,-230.0,-760.0,,,2,4,,,,,,,,,,,45458,0,0
316972,73603952881827840,,0,3300,,-1000,-140.0,-640.0,-30.0,0.0,3,4,,,,,,,43211.0,44200.0,,23055618.0,0,0,0
316973,73603954335495038,,0,3102,489.0,-980,-130.0,-750.0,,,2,4,,,,,,,,,,,45458,0,0
316974,73603954377438784,,0,3102,490.0,-1030,-180.0,-750.0,,,2,4,,,,,,,,,,,45458,0,0
316975,73603954477517694,,0,3300,460.0,-1160,-260.0,,,,2,4,,,,,,,,,,,45433,0,0
316976,73603954475696694,,0,3300,406.0,-1080,-200.0,-780.0,,,2,4,,,,,,,,,,,45461,0,0
316977,73603954475696694,,0,3300,281.0,-1080,-200.0,-780.0,,,2,4,,,,,,,,,,,45461,0,0
316978,73603954475696694,,0,3300,489.0,-1000,-130.0,-770.0,,,2,4,,,,,,,,,,,45461,0,0
316979,73603954475696694,,0,3300,95.0,-1090,-210.0,-780.0,,,2,4,,,,,,,,,,,45461,0,0
316980,73603954546411164,,0,3300,490.0,-1000,-140.0,-680.0,1.0,,1,4,274.0,1389.0,,,,,,,,,45459,0,0
316981,73603954712456262,,0,3102,460.0,-1060,-220.0,-750.0,,,2,4,,,,,,,,,,,45458,0,0
316982,73603957105754112,,0,3300,,-1000,-140.0,-640.0,-40.0,0.0,3,4,,,,,,,43211.0,44200.0,,23055618.0,0,0,0
316983,73603959018513398,,0,3300,460.0,-1160,-300.0,-770.0,,,2,4,,,,,,,,,,,45461,0,0
316984,73603959020342398,,0,3300,489.0,-1000,-140.0,,,,2,4,,,,,,,,,,,45433,0,0
316985,73603959020342398,,0,3300,95.0,-1110,-240.0,,,,2,4,,,,,,,,,,,45433,0,0
316986,73603959378225706,,0,3300,490.0,-1000,-130.0,-680.0,11.0,,1,4,274.0,1389.0,,,,,,,,,45459,0,0
316987,73603959721145812,,0,1423,489.0,-830,-120.0,-610.0,,,2,4,,,,,,,,,,,45458,0,0
316988,73603959706465707,,0,1423,490.0,-1010,-300.0,-610.0,,,2,4,,,,,,,,,,,45458,0,0
316989,73603961276792832,,0,3300,,-1000,-150.0,-650.0,-20.0,0.0,3,4,,,,,,,43211.0,44200.0,,23055618.0,0,0,0
316990,73603966342988098,,0,3300,460.0,-1160,-300.0,-770.0,,,2,4,,,,,,,,,,,45461,0,0
316991,73603966020323558,,0,1423,489.0,-830,-120.0,-610.0,,,2,4,,,,,,,,,,,45458,0,0
316992,73603966342988098,,0,3300,281.0,-1070,-200.0,-770.0,,,2,4,,,,,,,,,,,45461,0,0
316993,73603967094696524,,0,3300,490.0,-1000,-130.0,-680.0,-21.0,,1,4,274.0,2795.0,,,,,,,,,45459,0,0
316994,73603967100434078,,0,3300,489.0,-1000,-140.0,,,,2,4,,,,,,,,,,,45433,0,0
316995,73604027623168629,,0,3300,95.0,-1160,-300.0,-770.0,,,2,4,,,,,,,,,,,45461,0,0
316996,73604027715354624,,0,3300,,-970,-110.0,-650.0,50.0,0.0,3,4,,,,,,,43211.0,44200.0,,23055619.0,0,0,0
316997,73603966020323558,,0,1423,490.0,-900,-160.0,-610.0,,,2,4,,,,,,,,,,,45458,0,0
316998,73604027623168629,,0,3300,59.0,-1160,-300.0,-770.0,,,2,4,,,,,,,,,,,45461,0,0
316999,73604027736989084,,0,3300,490.0,-990,-110.0,-770.0,,,2,4,,,,,,,,,,,45461,0,0
317000,73603967108065590,,0,3102,490.0,-1050,-160.0,-770.0,,,2,4,,,,,,,,,,,45458,0,0
317001,73603967175175158,,0,3102,489.0,-980,-110.0,-770.0,,,2,4,,,,,,,,,,,45458,0,0
317002,73603967175175158,,0,3102,460.0,-1050,-180.0,-780.0,,,2,4,,,,,,,,,,,45458,0,0
317003,73604027738839084,,0,3300,460.0,-1070,-250.0,,,,2,4,,,,,,,,,,,45433,0,0
317004,73604027621530098,,0,450,347.0,-980,-200.0,-670.0,,,2,4,,,,,,,,,,,45458,0,0
317005,73604027621072395,,0,3300,406.0,-1090,-200.0,,,,2,4,,,,,,,,,,,45433,0,0
317006,73604027621530098,,0,450,489.0,-870,-100.0,-670.0,,,2,4,,,,,,,,,,,45458,0,0
317007,73604027621530098,,0,450,490.0,-950,-180.0,-670.0,,,2,4,,,,,,,,,,,45458,0,0
317008,73604027621849537,,0,3300,489.0,-970,-100.0,-690.0,46.0,,1,4,274.0,1506.0,,,,,,,,,45459,0,0
317009,73604027871096759,,0,3300,281.0,-1140,-300.0,-750.0,,,2,4,,,,,,,,,,,45461,0,0
317010,73604027978519745,,0,3300,190.0,-1050,-210.0,-740.0,,,2,4,,,,,,,,,,,45461,0,0
317011,73604027980379745,,0,3300,190.0,-1050,-210.0,,,,2,4,,,,,,,,,,,45433,0,0
317012,73604028072477775,,0,3300,380.0,-1090,-190.0,-790.0,,,2,4,,,,,,,,,,,45461,0,0
317013,73604028074338775,,0,3300,380.0,-1090,-240.0,,,,2,4,,,,,,,,,,,45433,0,0
317014,73604028153011074,,0,3300,400.0,-1150,-300.0,-760.0,,,2,4,,,,,,,,,,,45461,0,0
317015,73604028154874074,,0,3300,400.0,-1150,-300.0,,,,2,4,,,,,,,,,,,45433,0,0
317016,73604028169733438,,0,3300,400.0,-1180,-300.0,-790.0,,,2,4,,,,,,,,,,,45461,0,0
317017,73604028171597438,,0,3300,400.0,-1170,-300.0,,,,2,4,,,,,,,,,,,45433,0,0
317018,73604029552366527,,0,1423,489.0,-810,-80.0,-640.0,,,2,4,,,,,,,,,,,45458,0,0
317019,73604029552366527,,0,1423,490.0,-930,-150.0,-640.0,,,2,4,,,,,,,,,,,45458,0,0
317020,73604031950225408,,0,3300,,-970,-130.0,-640.0,0.0,0.0,3,4,,,,,,,43211.0,44200.0,,23055619.0,0,0,0
317021,73604032301995852,,0,3300,490.0,-980,-130.0,-760.0,,,2,4,,,,,,,,,,,45461,0,0
317022,73604032301995852,,0,3300,460.0,-1150,-300.0,-760.0,,,2,4,,,,,,,,,,,45461,0,0
317023,73604032301995852,,0,3300,95.0,-1150,-300.0,-760.0,,,2,4,,,,,,,,,,,45461,0,0
317024,73604032301995852,,0,3300,281.0,-1150,-300.0,-760.0,,,2,4,,,,,,,,,,,45461,0,0
317025,73604032365543965,,0,3300,200.0,-1150,-300.0,-760.0,,,2,4,,,,,,,,,,,45461,0,0
317026,73604032367459965,,0,3300,200.0,-1140,-290.0,,,,2,4,,,,,,,,,,,45433,0,0
317027,73604032521088117,,0,3300,312.0,-1160,-300.0,-760.0,,,2,4,,,,,,,,,,,45461,0,0
317028,73604032523006117,,0,3300,312.0,-1160,-300.0,,,,2,4,,,,,,,,,,,45433,0,0
317029,73604032539785370,,0,3300,312.0,-1040,-260.0,,,,2,4,,,,,,,,,,,45433,0,0
317030,73604032537866370,,0,3300,312.0,-1020,-170.0,-750.0,,,2,4,,,,,,,,,,,45461,0,0
317031,73604032593662258,,0,3300,309.0,-1150,-300.0,-760.0,,,2,4,,,,,,,,,,,45461,0,0
317032,73604032593662258,,0,3300,59.0,-1140,-300.0,-750.0,,,2,4,,,,,,,,,,,45461,0,0
317033,73604032595583258,,0,3300,309.0,-1150,-300.0,,,,2,4,,,,,,,,,,,45433,0,0
317034,73604033259282039,,0,3300,300.0,-1050,-210.0,-750.0,,,2,4,,,,,,,,,,,45461,0,0
317035,73604034031086347,,0,3300,406.0,-1140,-300.0,-750.0,,,2,4,,,,,,,,,,,45461,0,0
317036,73604034093534520,,0,3300,154.0,-1180,-300.0,-790.0,,,2,4,,,,,,,,,,,45461,0,0
317037,73604034095468520,,0,3300,154.0,-1170,-300.0,,,,2,4,,,,,,,,,,,45433,0,0
317038,73604034273039744,,0,3102,460.0,-1000,-160.0,-750.0,,,2,4,,,,,,,,,,,45458,0,0
317039,73604034273039744,,0,3102,489.0,-980,-140.0,-740.0,,,2,4,,,,,,,,,,,45458,0,0
317040,73604034273039744,,0,3102,490.0,-1000,-160.0,-740.0,,,2,4,,,,,,,,,,,45458,0,0
317041,73604034543100609,,0,3300,489.0,-970,-130.0,-670.0,5.0,,1,4,274.0,4467.0,,,,,,,,,45459,0,0
317042,73604034556040965,,0,1423,489.0,-830,-120.0,-620.0,,,2,4,,,,,,,,,,,45458,0,0
317043,73604034556040965,,0,1423,490.0,-940,-190.0,-620.0,,,2,4,,,,,,,,,,,45458,0,0
317044,73604034637216193,,0,3300,37.0,-1160,-300.0,-770.0,,,2,4,,,,,,,,,,,45461,0,0
317045,73604034639163193,,0,3300,37.0,-1150,-240.0,,,,2,4,,,,,,,,,,,45433,0,0
317046,73604034648381244,,0,3300,37.0,-1080,-220.0,-770.0,,,2,4,,,,,,,,,,,45461,0,0
317047,73604034650329244,,0,3300,37.0,-1100,-230.0,,,,2,4,,,,,,,,,,,45433,0,0
317048,73604035879829853,,0,3300,65.0,-1150,-300.0,-760.0,,,2,4,,,,,,,,,,,45461,0,0
317049,73604035881787853,,0,3300,65.0,-1140,-290.0,,,,2,4,,,,,,,,,,,45433,0,0
317050,73604035881787853,,0,3300,492.0,-1050,-260.0,,,,2,4,,,,,,,,,,,45433,0,0
317051,73604035879829853,,0,3300,492.0,-1040,-190.0,-750.0,,,2,4,,,,,,,,,,,45461,0,0
317052,73604036186013696,,0,3300,,-970,-120.0,-640.0,20.0,0.0,3,4,,,,,,,43211.0,44200.0,,23055619.0,0,0,0
317053,73604036281527272,,0,3300,490.0,-980,-110.0,-770.0,,,2,4,,,,,,,,,,,45461,0,0
317054,73604036281527272,,0,3300,95.0,-1160,-300.0,-770.0,,,2,4,,,,,,,,,,,45461,0,0
317055,73604036281527272,,0,3300,460.0,-1170,-300.0,-780.0,,,2,4,,,,,,,,,,,45461,0,0
317056,73604037127987473,,0,3300,259.0,-1150,-300.0,-760.0,,,2,4,,,,,,,,,,,45461,0,0
317057,73604037129949473,,0,3300,259.0,-1140,-290.0,,,,2,4,,,,,,,,,,,45433,0,0
317058,73604037151469382,,0,3300,259.0,-1140,-300.0,-750.0,,,2,4,,,,,,,,,,,45461,0,0
317059,73604037153432382,,0,3300,259.0,-1130,-280.0,,,,2,4,,,,,,,,,,,45433,0,0
317060,73604037423272357,,0,3300,59.0,-1090,-220.0,-770.0,,,2,4,,,,,,,,,,,45461,0,0
317061,73604037621340017,,0,3300,281.0,-1050,-180.0,-760.0,,,2,4,,,,,,,,,,,45461,0,0
317062,73604038017434012,,0,450,489.0,-870,-100.0,-670.0,,,2,4,,,,,,,,,,,45458,0,0
317063,73604038017434012,,0,450,490.0,-970,-190.0,-670.0,,,2,4,,,,,,,,,,,45458,0,0
317064,73604038246021627,,0,3102,489.0,-1000,-160.0,-740.0,,,2,4,,,,,,,,,,,45458,0,0
317065,73604038407566871,,0,3300,406.0,-1040,-170.0,-760.0,,,2,4,,,,,,,,,,,45461,0,0
317066,73604038787086711,,0,3102,460.0,-1030,-180.0,-750.0,,,2,4,,,,,,,,,,,45458,0,0
317067,73604038787086711,,0,3102,490.0,-1050,-170.0,-750.0,,,2,4,,,,,,,,,,,45458,0,0
317068,73604039537918360,,0,3102,406.0,-1100,-210.0,-760.0,,,2,4,,,,,,,,,,,45458,0,0
317069,73604039690226660,,0,3300,303.0,-1160,-300.0,-770.0,,,2,4,,,,,,,,,,,45461,0,0
317070,73604039692213660,,0,3300,303.0,-1160,-300.0,,,,2,4,,,,,,,,,,,45433,0,0
317071,73604040466694144,,0,3300,,-970,-120.0,-650.0,0.0,0.0,3,4,,,,,,,43211.0,44200.0,,23055619.0,0,0,0
317072,73604040701186608,,0,3300,490.0,-980,-120.0,,,,2,4,,,,,,,,,,,45433,0,0
317073,73604040699198608,,0,3300,460.0,-1080,-210.0,-770.0,,,2,4,,,,,,,,,,,45461,0,0
317074,73604040699198608,,0,3300,95.0,-1160,-300.0,-770.0,,,2,4,,,,,,,,,,,45461,0,0
317075,73604042197022096,,0,3102,489.0,-1000,-150.0,-760.0,,,2,4,,,,,,,,,,,45458,0,0
317076,73604042901663548,,0,3102,460.0,-1120,-300.0,-730.0,,,2,4,,,,,,,,,,,45458,0,0
317077,73604044580196891,,0,3300,281.0,-1060,-190.0,,,,2,4,,,,,,,,,,,45433,0,0
317078,73604044677578752,,0,3300,,-970,-120.0,-650.0,40.0,0.0,3,4,,,,,,,43211.0,44200.0,,23055619.0,0,0,0
317079,73604044687530937,,0,3300,490.0,-980,-120.0,,,,2,4,,,,,,,,,,,45433,0,0
317080,73604044687530937,,0,3300,59.0,-1160,-300.0,,,,2,4,,,,,,,,,,,45433,0,0
317081,73604044631869766,,0,3300,95.0,-1160,-300.0,-770.0,,,2,4,,,,,,,,,,,45461,0,0
317082,73604044685510937,,0,3300,460.0,-1080,-210.0,-770.0,,,2,4,,,,,,,,,,,45461,0,0
317083,73604044785531589,,0,3300,489.0,-970,-130.0,-680.0,35.0,,1,4,274.0,4547.0,,,,,,,,,45459,0,0
317084,73604044798263737,,0,1423,489.0,-830,-120.0,-600.0,,,2,4,,,,,,,,,,,45458,0,0
317085,73604044798263737,,0,1423,490.0,-950,-210.0,-600.0,,,2,4,,,,,,,,,,,45458,0,0
317086,73604044871664788,,0,1423,460.0,-910,-210.0,-600.0,,,2,4,,,,,,,,,,,45458,0,0
317087,73604044897266302,,0,3300,406.0,-1140,-300.0,-750.0,,,2,4,,,,,,,,,,,45461,0,0
317088,73604048590015276,,0,3300,95.0,-1070,-210.0,-760.0,,,2,4,,,,,,,,,,,45461,0,0
317089,73604048590015276,,0,3300,281.0,-1140,-300.0,-750.0,,,2,4,,,,,,,,,,,45461,0,0
317090,73604048699825034,,0,3300,490.0,-980,-130.0,-760.0,,,2,4,,,,,,,,,,,45458,0,0
317091,73604048735482428,,0,3300,489.0,-970,-130.0,-660.0,13.0,,1,4,274.0,4913.0,,,,,,,,,45459,0,0
317092,73604048748961551,,0,3102,489.0,-970,-140.0,-730.0,,,2,4,,,,,,,,,,,45458,0,0
317093,73604048792523275,,0,3300,460.0,-1150,-290.0,,,,2,4,,,,,,,,,,,45433,0,0
317094,73604048845996032,,0,3300,,-970,-130.0,-650.0,20.0,0.0,3,4,,,,,,,43211.0,44200.0,,23055619.0,0,0,0
317095,73604048799294098,,0,3102,490.0,-1000,-180.0,-730.0,,,2,4,,,,,,,,,,,45458,0,0
317096,73604051843770715,,0,3300,406.0,-1080,-200.0,-780.0,,,2,4,,,,,,,,,,,45461,0,0
317097,73604052409524376,,0,1423,490.0,-910,-180.0,-590.0,,,2,4,,,,,,,,,,,45458,0,0
317098,73604052409524376,,0,1423,489.0,-820,-130.0,-590.0,,,2,4,,,,,,,,,,,45458,0,0
317099,73604052532008647,,0,3300,281.0,-1050,-180.0,-760.0,,,2,4,,,,,,,,,,,45461,0,0
317100,73604052532008647,,0,3300,95.0,-1080,-220.0,-760.0,,,2,4,,,,,,,,,,,45461,0,0
317101,73604053214429184,,0,3300,,-970,-120.0,-650.0,30.0,0.0,3,4,,,,,,,43211.0,44200.0,,23055619.0,0,0,0
317102,73604053465773633,,0,3300,490.0,-980,-120.0,,,,2,4,,,,,,,,,,,45433,0,0
317103,73604053465773633,,0,3300,460.0,-1160,-290.0,,,,2,4,,,,,,,,,,,45433,0,0
317104,73604053790276502,,0,3300,4.0,-1070,-220.0,-750.0,,,2,4,,,,,,,,,,,45461,0,0
317105,73604053792384502,,0,3300,4.0,-1090,-270.0,,,,2,4,,,,,,,,,,,45433,0,0
317106,73604055642521248,,0,3300,300.0,-1160,-300.0,-770.0,,,2,4,,,,,,,,,,,45461,0,0
317107,73604055642521248,,0,3300,59.0,-1060,-170.0,-780.0,,,2,4,,,,,,,,,,,45461,0,0
317108,73604056131110169,,0,3300,489.0,-970,-120.0,-670.0,32.0,,1,4,274.0,5707.0,,,,,,,,,45459,0,0
317109,73604056266159578,,0,3300,406.0,-1060,-210.0,-750.0,,,2,4,,,,,,,,,,,45461,0,0
317110,73604056345089311,,0,3300,154.0,-1150,-300.0,-760.0,,,2,4,,,,,,,,,,,45461,0,0
317111,73604056347223311,,0,3300,154.0,-1150,-300.0,,,,2,4,,,,,,,,,,,45433,0,0
317112,73604056474360468,,0,3300,95.0,-1140,-300.0,-750.0,,,2,4,,,,,,,,,,,45461,0,0
317113,73604056719253552,,0,3300,281.0,-1070,-180.0,-790.0,,,2,4,,,,,,,,,,,45461,0,0
317114,73604056719253552,,0,3300,407.0,-1100,-220.0,-780.0,,,2,4,,,,,,,,,,,45461,0,0
317115,73604056721392552,,0,3300,407.0,-1110,-270.0,,,,2,4,,,,,,,,,,,45433,0,0
317116,73604057374523392,,0,3300,,-970,-130.0,-640.0,30.0,0.0,3,4,,,,,,,43211.0,44200.0,,23055619.0,0,0,0
317117,73604058027870049,,0,3300,490.0,-980,-120.0,-770.0,,,2,4,,,,,,,,,,,45461,0,0
317118,73604058027870049,,0,3300,227.0,-1160,-300.0,-770.0,,,2,4,,,,,,,,,,,45461,0,0
317119,73604058030011049,,0,3300,227.0,-1160,-300.0,,,,2,4,,,,,,,,,,,45433,0,0
317120,73604058027870049,,0,3300,460.0,-1080,-210.0,-770.0,,,2,4,,,,,,,,,,,45461,0,0
317121,73604058172831197,,0,3300,367.0,-1160,-300.0,,,,2,4,,,,,,,,,,,45433,0,0
317122,73604058170688197,,0,3300,367.0,-1150,-300.0,-760.0,,,2,4,,,,,,,,,,,45461,0,0
317123,73604058231296654,,0,3300,328.0,-1070,-200.0,-770.0,,,2,4,,,,,,,,,,,45461,0,0
317124,73604058233440654,,0,3300,328.0,-1100,-270.0,,,,2,4,,,,,,,,,,,45433,0,0
317125,73604058714884383,,0,3102,490.0,-1040,-180.0,-750.0,,,2,4,,,,,,,,,,,45458,0,0
317126,73604058714884383,,0,3102,460.0,-1100,-230.0,-750.0,,,2,4,,,,,,,,,,,45458,0,0
317127,73604058729565523,,0,3102,489.0,-980,-130.0,-750.0,,,2,4,,,,,,,,,,,45458,0,0
317128,73604060587638654,,0,3300,95.0,-1070,-210.0,-760.0,,,2,4,,,,,,,,,,,45461,0,0
317129,73604060878512121,,0,3300,281.0,-1150,-300.0,-760.0,,,2,4,,,,,,,,,,,45461,0,0
317130,73604061376218682,,0,3300,59.0,-1050,-190.0,-760.0,,,2,4,,,,,,,,,,,45461,0,0
317131,73604061634560000,,0,3300,,-970,-120.0,-640.0,20.0,0.0,3,4,,,,,,,43211.0,44200.0,,23055619.0,0,0,0
317132,73604061584506240,,0,3300,489.0,-970,-110.0,-690.0,51.0,,1,4,274.0,1773.0,,,,,,,,,45459,0,0
317133,73604061660002084,,0,450,489.0,-880,-100.0,-680.0,,,2,4,,,,,,,,,,,45458,0,0
317134,73604061660002084,,0,450,490.0,-990,-210.0,-680.0,,,2,4,,,,,,,,,,,45458,0,0
317135,73604061845805629,,0,450,460.0,-970,-260.0,,,,2,4,,,,,,,,,,,45433,0,0
317136,73604061843620629,,0,450,406.0,-1060,-300.0,-670.0,,,2,4,,,,,,,,,,,45461,0,0
317137,73604061843620629,,0,450,95.0,-960,-190.0,-660.0,,,2,4,,,,,,,,,,,45461,0,0
317138,73604062197710848,,0,450,,-840,-100.0,-490.0,20.0,0.0,3,4,,,,,,,43211.0,44200.0,,23055639.0,0,0,0
317139,73604063579422735,,0,450,407.0,-1080,-300.0,-690.0,,,2,4,,,,,,,,,,,45461,0,0
317140,73604063689093778,,0,450,347.0,-1070,-300.0,-680.0,,,2,4,,,,,,,,,,,45461,0,0
317141,73604063843451233,,0,450,356.0,-1110,-300.0,-720.0,,,2,4,,,,,,,,,,,45461,0,0
317142,73604064005751272,,0,3300,490.0,-980,-90.0,-770.0,,,2,4,,,,,,,,,,,45458,0,0
317143,73604064000416128,,0,450,489.0,-890,-120.0,-570.0,64.0,,1,4,274.0,1261.0,,,,,,,,,45459,0,0
317144,73604064039044889,,0,1423,490.0,-930,-180.0,-600.0,,,2,4,,,,,,,,,,,45458,0,0
317145,73604064053724716,,0,1423,489.0,-830,-80.0,-640.0,,,2,4,,,,,,,,,,,45458,0,0
317146,73604064053724716,,0,1423,406.0,-990,-230.0,-670.0,,,2,4,,,,,,,,,,,45458,0,0
317147,73604064076856777,,0,450,459.0,-1060,-300.0,-670.0,,,2,4,,,,,,,,,,,45461,0,0
317148,73604064076856777,,0,450,148.0,-1060,-300.0,-670.0,,,2,4,,,,,,,,,,,45461,0,0
317149,73604064079066777,,0,450,459.0,-1060,-300.0,,,,2,4,,,,,,,,,,,45433,0,0
317150,73604065598897468,,0,450,490.0,-970,-200.0,,,,2,4,,,,,,,,,,,45433,0,0
317151,73604065847348748,,0,450,406.0,-1000,-250.0,,,,2,4,,,,,,,,,,,45433,0,0
317152,73604065828341038,,0,450,460.0,-1060,-300.0,-670.0,,,2,4,,,,,,,,,,,45461,0,0
317153,73604066524266496,,0,450,,-890,-90.0,-610.0,60.0,0.0,3,4,,,,,,,43211.0,44200.0,,23055639.0,0,0,0
317154,73604067063184374,,0,450,95.0,-950,-180.0,-680.0,,,2,4,,,,,,,,,,,45461,0,0
317155,73604067693319965,,0,450,407.0,-1110,-300.0,-710.0,,,2,4,,,,,,,,,,,45461,0,0
317156,73604069522028422,,0,450,347.0,-950,-190.0,-670.0,,,2,4,,,,,,,,,,,45461,0,0
317157,73604069524283422,,0,450,356.0,-1060,-300.0,,,,2,4,,,,,,,,,,,45433,0,0
317158,73604069641669126,,0,450,490.0,-950,-230.0,,,,2,4,,,,,,,,,,,45433,0,0
317159,73604069941402975,,0,450,460.0,-980,-220.0,-670.0,,,2,4,,,,,,,,,,,45461,0,0
317160,73604069941402975,,0,450,406.0,-980,-220.0,-670.0,,,2,4,,,,,,,,,,,45461,0,0
317161,73604070684164096,,0,450,,-860,-80.0,-570.0,20.0,0.0,3,4,,,,,,,43211.0,44200.0,,23055639.0,0,0,0
317162,73604070711256257,,0,450,489.0,-870,-60.0,-640.0,41.0,,1,4,274.0,1773.0,,,,,,,,,45459,0,0
317163,73604070719793335,,0,1423,489.0,-820,-100.0,-630.0,,,2,4,,,,,,,,,,,45458,0,0
317164,73604070991859838,,0,1423,490.0,-920,-180.0,-610.0,,,2,4,,,,,,,,,,,45458,0,0
317165,73604072238042178,,0,450,307.0,-1100,-300.0,-710.0,,,2,4,,,,,,,,,,,45461,0,0
317166,73604072240341178,,0,450,307.0,-1090,-300.0,,,,2,4,,,,,,,,,,,45433,0,0
317167,73604073546861290,,0,450,347.0,-1060,-300.0,-670.0,,,2,4,,,,,,,,,,,45461,0,0
317168,73604073677767899,,0,450,490.0,-1050,-270.0,,,,2,4,,,,,,,,,,,45433,0,0
317169,73604073850791345,,0,450,148.0,-1110,-300.0,,,,2,4,,,,,,,,,,,45433,0,0
317170,73604073848479345,,0,450,95.0,-1100,-300.0,-710.0,,,2,4,,,,,,,,,,,45461,0,0
317171,73604074155291423,,0,450,406.0,-1060,-300.0,-670.0,,,2,4,,,,,,,,,,,45461,0,0
317172,73604074155291423,,0,450,460.0,-1060,-300.0,-670.0,,,2,4,,,,,,,,,,,45461,0,0
317173,73604074898653184,,0,450,,-860,-70.0,-550.0,40.0,0.0,3,4,,,,,,,43211.0,44200.0,,23055639.0,0,0,0
317174,73604075207531568,,0,450,489.0,-840,-40.0,-630.0,56.0,,1,4,274.0,1133.0,,,,,,,,,45459,0,0
317175,73604075216123661,,0,1423,489.0,-820,-110.0,-600.0,,,2,4,,,,,,,,,,,45458,0,0
317176,73604075361875870,,0,3102,95.0,-1080,-210.0,-770.0,,,2,4,,,,,,,,,,,45458,0,0
317177,73604075361875870,,0,3102,490.0,-1050,-170.0,-760.0,,,2,4,,,,,,,,,,,45458,0,0
317178,73604075361875870,,0,3102,489.0,-970,-120.0,-760.0,,,2,4,,,,,,,,,,,45458,0,0
317179,73604075425211094,,0,450,459.0,-1000,-220.0,-680.0,,,2,4,,,,,,,,,,,45461,0,0
317180,73604077800863554,,0,450,490.0,-980,-190.0,-690.0,,,2,4,,,,,,,,,,,45461,0,0
317181,73604077800863554,,0,450,43.0,-1030,-220.0,-710.0,,,2,4,,,,,,,,,,,45461,0,0
317182,73604078843486619,,0,450,460.0,-1060,-300.0,,,,2,4,,,,,,,,,,,45433,0,0
317183,73604078867985534,,0,450,406.0,-1070,-300.0,-680.0,,,2,4,,,,,,,,,,,45461,0,0
317184,73604079047587816,,0,3300,489.0,-990,-140.0,-760.0,,,2,4,,,,,,,,,,,45458,0,0
317185,73604079047587816,,0,3300,490.0,-980,-120.0,-760.0,,,2,4,,,,,,,,,,,45458,0,0
317186,73604079085043858,,0,450,347.0,-1080,-300.0,-690.0,,,2,4,,,,,,,,,,,45461,0,0
317187,73604079100016831,,0,3300,460.0,-1040,-160.0,-780.0,,,2,4,,,,,,,,,,,45458,0,0
317188,73604079365718016,,0,450,,-860,-50.0,-650.0,40.0,0.0,3,4,,,,,,,43211.0,44200.0,,23055639.0,0,0,0
317189,73604079301140032,,0,450,489.0,-860,-40.0,-650.0,47.0,,1,4,274.0,1773.0,,,,,,,,,45459,0,0
317190,73604079309691255,,0,1423,489.0,-820,-90.0,-640.0,,,2,4,,,,,,,,,,,45458,0,0
317191,73604079368447495,,0,450,407.0,-960,-180.0,-660.0,,,2,4,,,,,,,,,,,45458,0,0
317192,73604079403221937,,0,3300,95.0,-1080,-200.0,-770.0,,,2,4,,,,,,,,,,,45458,0,0
317193,73604080807843466,,0,450,54.0,-1080,-300.0,-690.0,,,2,4,,,,,,,,,,,45461,0,0
317194,73604080810227466,,0,450,54.0,-1080,-300.0,,,,2,4,,,,,,,,,,,45433,0,0
317195,73604081825426633,,0,450,490.0,-980,-220.0,-670.0,,,2,4,,,,,,,,,,,45461,0,0
317196,73604081825426633,,0,450,356.0,-1070,-300.0,-680.0,,,2,4,,,,,,,,,,,45461,0,0
317197,73604082590564750,,0,450,95.0,-1090,-300.0,-700.0,,,2,4,,,,,,,,,,,45461,0,0
317198,73604082997519344,,0,450,406.0,-1060,-300.0,,,,2,4,,,,,,,,,,,45433,0,0
317199,73604082987070545,,0,3300,490.0,-1000,-130.0,-760.0,,,2,4,,,,,,,,,,,45458,0,0
317200,73604082987070545,,0,3300,489.0,-980,-120.0,-760.0,,,2,4,,,,,,,,,,,45458,0,0
317201,73604082978329869,,0,450,460.0,-1080,-300.0,-690.0,,,2,4,,,,,,,,,,,45461,0,0
317202,73604083119832353,,0,450,347.0,-1060,-300.0,-670.0,,,2,4,,,,,,,,,,,45461,0,0
317203,73604083298729984,,0,450,,-850,-90.0,-610.0,60.0,0.0,3,4,,,,,,,43211.0,44200.0,,23055639.0,0,0,0
317204,73604083463506627,,0,450,407.0,-1070,-300.0,-680.0,,,2,4,,,,,,,,,,,45461,0,0
317205,73604086357239866,,0,450,490.0,-960,-200.0,-670.0,,,2,4,,,,,,,,,,,45461,0,0
317206,73604086817299221,,0,450,489.0,-870,-90.0,-610.0,25.0,,1,4,274.0,1773.0,,,,,,,,,45459,0,0
317207,73604086825891456,,0,1423,489.0,-820,-120.0,-590.0,,,2,4,,,,,,,,,,,45458,0,0
317208,73604086947318899,,0,3102,489.0,-980,-130.0,-760.0,,,2,4,,,,,,,,,,,45458,0,0
317209,73604087005726387,,0,450,460.0,-1070,-300.0,-680.0,,,2,4,,,,,,,,,,,45461,0,0
317210,73604087005726387,,0,450,406.0,-980,-200.0,-680.0,,,2,4,,,,,,,,,,,45461,0,0
317211,73604087730798592,,0,450,,-850,-100.0,-540.0,30.0,0.0,3,4,,,,,,,43211.0,44200.0,,23055639.0,0,0,0
317212,73604090303217761,,0,450,490.0,-950,-210.0,,,,2,4,,,,,,,,,,,45433,0,0
317213,73604090702729311,,0,450,95.0,-1070,-300.0,-680.0,,,2,4,,,,,,,,,,,45461,0,0
317214,73604091082572725,,0,450,406.0,-1060,-300.0,-670.0,,,2,4,,,,,,,,,,,45461,0,0
317215,73604091246377039,,0,450,460.0,-1070,-300.0,,,,2,4,,,,,,,,,,,45433,0,0
317216,73604091653291922,,0,1423,489.0,-820,-130.0,-590.0,,,2,4,,,,,,,,,,,45458,0,0
317217,73604091653291922,,0,1423,490.0,-980,-300.0,-590.0,,,2,4,,,,,,,,,,,45458,0,0
317218,73604091972943872,,0,450,,-860,-90.0,-610.0,80.0,0.0,3,4,,,,,,,43211.0,44200.0,,23055639.0,0,0,0
317219,73604092320185607,,0,450,489.0,-850,-110.0,-560.0,61.0,,1,4,274.0,2029.0,,,,,,,,,45459,0,0
317220,73604092502063230,,0,450,474.0,-1060,-300.0,-670.0,,,2,4,,,,,,,,,,,45461,0,0
317221,73604092504568230,,0,450,474.0,-1060,-300.0,,,,2,4,,,,,,,,,,,45433,0,0
317222,73604094085407259,,0,450,148.0,-1060,-300.0,-670.0,,,2,4,,,,,,,,,,,45461,0,0
317223,73604094541848888,,0,450,490.0,-960,-180.0,-680.0,,,2,4,,,,,,,,,,,45461,0,0
317224,73604094662548317,,0,450,95.0,-1010,-190.0,-730.0,,,2,4,,,,,,,,,,,45461,0,0
317225,73604094974592859,,0,450,347.0,-1080,-300.0,-690.0,,,2,4,,,,,,,,,,,45461,0,0
317226,73604095065237472,,0,450,406.0,-950,-180.0,-670.0,,,2,4,,,,,,,,,,,45461,0,0
317227,73604095324511801,,0,450,460.0,-1080,-300.0,,,,2,4,,,,,,,,,,,45433,0,0
317228,73604096021379118,,0,1423,489.0,-820,-120.0,-600.0,,,2,4,,,,,,,,,,,45458,0,0
317229,73604096144769024,,0,450,,-830,-100.0,-560.0,20.0,0.0,3,4,,,,,,,43211.0,44200.0,,23055639.0,0,0,0
317230,73604096129178766,,0,3300,490.0,-990,-110.0,-760.0,,,2,4,,,,,,,,,,,45458,0,0
317231,73604096129178766,,0,3300,460.0,-1080,-210.0,-780.0,,,2,4,,,,,,,,,,,45458,0,0
317232,73604096129178766,,0,3300,489.0,-990,-130.0,-760.0,,,2,4,,,,,,,,,,,45458,0,0
317233,73604096695205888,,0,3300,,-1000,-140.0,-640.0,-20.0,0.0,3,4,,,,,,,43211.0,44200.0,,23055618.0,0,0,0
317234,73604100172069354,,0,3300,490.0,-990,-150.0,-660.0,-24.0,,1,4,274.0,9836.0,,,,,,,,,45459,0,0
317235,73604100239140871,,0,3300,460.0,-1160,-300.0,-770.0,,,2,4,,,,,,,,,,,45458,0,0
317236,73604100239140871,,0,3300,95.0,-1160,-300.0,-770.0,,,2,4,,,,,,,,,,,45458,0,0
317237,73604100239140871,,0,3300,489.0,-990,-140.0,-750.0,,,2,4,,,,,,,,,,,45458,0,0
317238,73604100310240337,,0,3102,489.0,-970,-140.0,-730.0,,,2,4,,,,,,,,,,,45458,0,0
317239,73604100507372393,,0,3102,95.0,-1070,-220.0,-750.0,,,2,4,,,,,,,,,,,45458,0,0
317240,73604100880990208,,0,3300,,-1000,-150.0,-640.0,-30.0,0.0,3,4,,,,,,,43211.0,44200.0,,23055618.0,0,0,0
317241,73604101676170093,,0,3300,281.0,-1080,-220.0,-770.0,,,2,4,,,,,,,,,,,45461,0,0
317242,73604101996327769,,0,3102,490.0,-1030,-190.0,-750.0,,,2,4,,,,,,,,,,,45458,0,0
317243,73604104324153988,,0,3102,489.0,-980,-120.0,-760.0,,,2,4,,,,,,,,,,,45458,0,0
317244,73604104842772480,,0,3300,,-1000,-140.0,-650.0,-10.0,0.0,3,4,,,,,,,43211.0,44200.0,,23055618.0,0,0,0
317245,73604104925309781,,0,3300,406.0,-1090,-220.0,-770.0,,,2,4,,,,,,,,,,,45461,0,0
317246,73604104925309781,,0,3300,460.0,-1090,-220.0,-770.0,,,2,4,,,,,,,,,,,45461,0,0
317247,73604104925309781,,0,3300,489.0,-980,-120.0,-770.0,,,2,4,,,,,,,,,,,45461,0,0
317248,73604104925309781,,0,3300,95.0,-1170,-300.0,-780.0,,,2,4,,,,,,,,,,,45461,0,0
317249,73604105070737048,,0,1423,489.0,-820,-90.0,-630.0,,,2,4,,,,,,,,,,,45458,0,0
317250,73604105070737048,,0,1423,490.0,-950,-180.0,-630.0,,,2,4,,,,,,,,,,,45458,0,0
317251,73604105739201143,,0,3102,460.0,-1060,-220.0,-740.0,,,2,4,,,,,,,,,,,45458,0,0
317252,73604106179602201,,0,3102,490.0,-1040,-190.0,-750.0,,,2,4,,,,,,,,,,,45458,0,0
317253,73604107638751249,,0,3300,281.0,-1160,-300.0,-770.0,,,2,4,,,,,,,,,,,45461,0,0
317254,73604107641309249,,0,3300,492.0,-1160,-300.0,,,,2,4,,,,,,,,,,,45433,0,0
317255,73604107638751249,,0,3300,492.0,-1150,-300.0,-760.0,,,2,4,,,,,,,,,,,45461,0,0
317256,73604107911840156,,0,3102,95.0,-1030,-190.0,-740.0,,,2,4,,,,,,,,,,,45458,0,0
317257,73604107960169747,,0,3300,59.0,-1180,-300.0,,,,2,4,,,,,,,,,,,45433,0,0
317258,73604108203398933,,0,3300,490.0,-990,-140.0,-670.0,-21.0,,1,4,274.0,1604.0,,,,,,,,,45459,0,0
317259,73604108261068719,,0,3102,489.0,-980,-140.0,-740.0,,,2,4,,,,,,,,,,,45458,0,0
317260,73604109093437440,,0,3300,,-1000,-150.0,-660.0,10.0,0.0,3,4,,,,,,,43211.0,44200.0,,23055618.0,0,0,0
317261,73604110093553726,,0,3300,406.0,-1070,-190.0,-790.0,,,2,4,,,,,,,,,,,45461,0,0
317262,73604110093553726,,0,3300,95.0,-1080,-200.0,-790.0,,,2,4,,,,,,,,,,,45461,0,0
317263,73604110096115726,,0,3300,489.0,-980,-120.0,,,,2,4,,,,,,,,,,,45433,0,0
317264,73604110093553726,,0,3300,460.0,-1080,-200.0,-780.0,,,2,4,,,,,,,,,,,45461,0,0
317265,73604111787931507,,0,3300,281.0,-1090,-220.0,-780.0,,,2,4,,,,,,,,,,,45461,0,0
317266,73604112522441202,,0,3300,490.0,-1000,-140.0,-670.0,-27.0,,1,4,274.0,9836.0,,,,,,,,,45459,0,0
317267,73604112688024478,,0,450,489.0,-840,-100.0,-550.0,30.0,,1,4,274.0,10157.0,,,,,,,,,45459,0,0
317268,73604112688824681,,0,450,490.0,-980,-220.0,-680.0,,,2,4,,,,,,,,,,,45461,0,0
317269,73604112743493239,,0,450,460.0,-1060,-300.0,-670.0,,,2,4,,,,,,,,,,,45461,0,0
317270,73604112807100416,,0,450,,-850,-100.0,-560.0,40.0,0.0,3,4,,,,,,,43211.0,44200.0,,23055639.0,0,0,0
317271,73604112759292824,,0,450,347.0,-1080,-300.0,,,,2,4,,,,,,,,,,,45433,0,0
317272,73604112901103160,,0,450,406.0,-970,-160.0,-720.0,,,2,4,,,,,,,,,,,45461,0,0
317273,73604115770055056,,0,450,407.0,-1090,-300.0,-700.0,,,2,4,,,,,,,,,,,45461,0,0
317274,73604115770055056,,0,450,95.0,-1010,-200.0,-720.0,,,2,4,,,,,,,,,,,45461,0,0
317275,73604116184116165,,0,1423,489.0,-820,-90.0,-620.0,,,2,4,,,,,,,,,,,45458,0,0
317276,73604116184116165,,0,1423,490.0,-960,-200.0,-620.0,,,2,4,,,,,,,,,,,45458,0,0
317277,73604116632439608,,0,450,490.0,-980,-200.0,-690.0,,,2,4,,,,,,,,,,,45461,0,0
317278,73604117011496960,,0,450,,-860,-90.0,-630.0,30.0,0.0,3,4,,,,,,,43211.0,44200.0,,23055639.0,0,0,0
317279,73604117939460478,,0,450,406.0,-1080,-300.0,,,,2,4,,,,,,,,,,,45433,0,0
317280,73604117936846478,,0,450,460.0,-1090,-300.0,-700.0,,,2,4,,,,,,,,,,,45461,0,0
317281,73604118098870424,,0,450,235.0,-1030,-210.0,-730.0,,,2,4,,,,,,,,,,,45461,0,0
317282,73604118101485424,,0,450,235.0,-1040,-260.0,,,,2,4,,,,,,,,,,,45433,0,0
317283,73604119194986034,,0,450,356.0,-1100,-300.0,-710.0,,,2,4,,,,,,,,,,,45461,0,0
317284,73604119499118744,,0,450,489.0,-840,-70.0,-590.0,75.0,,1,4,274.0,1645.0,,,,,,,,,45459,0,0
317285,73604119767698691,,0,450,407.0,-1000,-190.0,-710.0,,,2,4,,,,,,,,,,,45458,0,0
317286,73604119793763472,,0,3102,489.0,-980,-120.0,-760.0,,,2,4,,,,,,,,,,,45458,0,0
317287,73604119915817422,,0,450,95.0,-980,-190.0,-690.0,,,2,4,,,,,,,,,,,45461,0,0
317288,73604120245332323,,0,450,148.0,-1070,-300.0,-680.0,,,2,4,,,,,,,,,,,45461,0,0
317289,73604121198985216,,0,450,,-860,-90.0,-590.0,60.0,0.0,3,4,,,,,,,43211.0,44200.0,,23055639.0,0,0,0
317290,73604121210421850,,0,450,490.0,-990,-220.0,,,,2,4,,,,,,,,,,,45433,0,0
317291,73604121550654817,,0,450,477.0,-1060,-300.0,-670.0,,,2,4,,,,,,,,,,,45461,0,0
317292,73604121553310817,,0,450,477.0,-1070,-300.0,,,,2,4,,,,,,,,,,,45433,0,0
317293,73604121915761546,,0,450,460.0,-980,-200.0,-690.0,,,2,4,,,,,,,,,,,45461,0,0
317294,73604121915761546,,0,450,406.0,-1080,-300.0,-690.0,,,2,4,,,,,,,,,,,45461,0,0
317295,73604122815004644,,0,450,267.0,-1060,-300.0,-670.0,,,2,4,,,,,,,,,,,45461,0,0
317296,73604122817666644,,0,450,267.0,-1060,-300.0,,,,2,4,,,,,,,,,,,45433,0,0
317297,73604122834444764,,0,450,267.0,-1060,-300.0,,,,2,4,,,,,,,,,,,45433,0,0
317298,73604122831781764,,0,450,267.0,-1060,-300.0,-670.0,,,2,4,,,,,,,,,,,45461,0,0
317299,73604124516569472,,0,3300,490.0,-980,-100.0,-780.0,,,2,4,,,,,,,,,,,45458,0,0
317300,73604124516569472,,0,3300,489.0,-990,-120.0,-780.0,,,2,4,,,,,,,,,,,45458,0,0
317301,73604124516569472,,0,3300,460.0,-1070,-190.0,-780.0,,,2,4,,,,,,,,,,,45458,0,0
317302,73604124531249843,,0,3300,95.0,-1080,-230.0,-750.0,,,2,4,,,,,,,,,,,45458,0,0
317303,73604124867785954,,0,3300,489.0,-970,-120.0,-680.0,16.0,,1,4,274.0,1645.0,,,,,,,,,45459,0,0
317304,73604124987555840,,0,3300,,-970,-120.0,-650.0,10.0,0.0,3,4,,,,,,,43211.0,44200.0,,23055619.0,0,0,0
317305,73604125266186108,,0,1423,490.0,-930,-180.0,-600.0,,,2,4,,,,,,,,,,,45458,0,0
317306,73604125266186108,,0,1423,489.0,-830,-110.0,-600.0,,,2,4,,,,,,,,,,,45458,0,0
317307,73604125517382888,,0,3300,281.0,-1060,-210.0,-760.0,,,2,4,,,,,,,,,,,45461,0,0
317308,73604125764061326,,0,3300,153.0,-1130,-300.0,-740.0,,,2,4,,,,,,,,,,,45461,0,0
317309,73604125766761326,,0,3300,153.0,-1130,-300.0,,,,2,4,,,,,,,,,,,45433,0,0
317310,73604127276885986,,0,3300,406.0,-1060,-210.0,-760.0,,,2,4,,,,,,,,,,,45461,0,0
317311,73604128367922279,,0,3300,59.0,-1070,-190.0,-770.0,,,2,4,,,,,,,,,,,45461,0,0
317312,73604128525620804,,0,3300,460.0,-1050,-180.0,-760.0,,,2,4,,,,,,,,,,,45461,0,0
317313,73604128525620804,,0,3300,95.0,-1060,-210.0,-760.0,,,2,4,,,,,,,,,,,45461,0,0
317314,73604128525620804,,0,3300,490.0,-980,-120.0,-760.0,,,2,4,,,,,,,,,,,45461,0,0
317315,73604128961438538,,0,3300,489.0,-980,-120.0,-680.0,29.0,,1,4,274.0,9452.0,,,,,,,,,45459,0,0
317316,73604129155605796,,0,3300,446.0,-1160,-300.0,-770.0,,,2,4,,,,,,,,,,,45461,0,0
317317,73604129158330796,,0,3300,446.0,-1160,-300.0,,,,2,4,,,,,,,,,,,45433,0,0
317318,73604129169618891,,0,3300,446.0,-1150,-300.0,-760.0,,,2,4,,,,,,,,,,,45461,0,0
317319,73604129261289472,,0,3300,,-980,-120.0,-660.0,20.0,0.0,3,4,,,,,,,43211.0,44200.0,,23055619.0,0,0,0
317320,73604129172344891,,0,3300,446.0,-1160,-300.0,,,,2,4,,,,,,,,,,,45433,0,0
317321,73604129502711734,,0,3300,187.0,-1150,-230.0,,,,2,4,,,,,,,,,,,45433,0,0
317322,73604129499975734,,0,3300,187.0,-1160,-300.0,-770.0,,,2,4,,,,,,,,,,,45461,0,0
317323,73604129698563754,,0,3300,281.0,-1120,-220.0,,,,2,4,,,,,,,,,,,45433,0,0
317324,73604131802986071,,0,3300,58.0,-1040,-180.0,-760.0,,,2,4,,,,,,,,,,,45461,0,0
317325,73604131805728071,,0,3300,58.0,-1070,-260.0,,,,2,4,,,,,,,,,,,45433,0,0
317326,73604132185508248,,0,3300,124.0,-1060,-200.0,-760.0,,,2,4,,,,,,,,,,,45461,0,0
317327,73604132188253248,,0,3300,124.0,-1070,-260.0,,,,2,4,,,,,,,,,,,45433,0,0
317328,73604132335883786,,0,3300,59.0,-1090,-270.0,,,,2,4,,,,,,,,,,,45433,0,0
317329,73604132551351002,,0,3300,460.0,-1060,-180.0,-760.0,,,2,4,,,,,,,,,,,45461,0,0
317330,73604132551351002,,0,3300,490.0,-990,-100.0,-760.0,,,2,4,,,,,,,,,,,45461,0,0
317331,73604132551351002,,0,3300,95.0,-1060,-180.0,-770.0,,,2,4,,,,,,,,,,,45461,0,0
317332,73604132920843898,,0,3300,489.0,-970,-120.0,-670.0,19.0,,1,4,274.0,9836.0,,,,,,,,,45459,0,0
317333,73604132991534443,,0,1423,489.0,-820,-110.0,-610.0,,,2,4,,,,,,,,,,,45458,0,0
317334,73604132991534443,,0,1423,490.0,-920,-170.0,-610.0,,,2,4,,,,,,,,,,,45458,0,0
317335,73604133185734503,,0,3300,227.0,-1100,-220.0,-770.0,,,2,4,,,,,,,,,,,45461,0,0
317336,73604133188500503,,0,3300,227.0,-1110,-270.0,,,,2,4,,,,,,,,,,,45433,0,0
317337,73604133202566923,,0,3300,227.0,-1170,-300.0,-780.0,,,2,4,,,,,,,,,,,45461,0,0
317338,73604133205333923,,0,3300,227.0,-1160,-280.0,,,,2,4,,,,,,,,,,,45433,0,0
317339,73604133479514112,,0,3300,,-970,-120.0,-640.0,20.0,0.0,3,4,,,,,,,43211.0,44200.0,,23055619.0,0,0,0
317340,73604134650473926,,0,3300,300.0,-1150,-300.0,,,,2,4,,,,,,,,,,,45433,0,0
317341,73604134702490272,,0,3300,281.0,-1080,-230.0,-760.0,,,2,4,,,,,,,,,,,45461,0,0
317342,73604136380204885,,0,3300,59.0,-1090,-210.0,-780.0,,,2,4,,,,,,,,,,,45461,0,0
317343,73604136380204885,,0,3300,56.0,-1090,-210.0,-780.0,,,2,4,,,,,,,,,,,45461,0,0
317344,73604136382986885,,0,3300,56.0,-1090,-210.0,,,,2,4,,,,,,,,,,,45433,0,0
317345,73604136396982052,,0,3300,56.0,-1140,-300.0,-750.0,,,2,4,,,,,,,,,,,45461,0,0
317346,73604136399765052,,0,3300,56.0,-1130,-240.0,,,,2,4,,,,,,,,,,,45433,0,0
317347,73604136495227487,,0,3300,490.0,-980,-120.0,-770.0,,,2,4,,,,,,,,,,,45461,0,0
317348,73604136495227487,,0,3300,95.0,-1160,-300.0,-770.0,,,2,4,,,,,,,,,,,45461,0,0
317349,73604136495227487,,0,3300,460.0,-1080,-210.0,-770.0,,,2,4,,,,,,,,,,,45461,0,0
317350,73604136738062103,,0,3102,95.0,-1050,-180.0,-760.0,,,2,4,,,,,,,,,,,45458,0,0
317351,73604136696119626,,0,3102,489.0,-970,-130.0,-750.0,,,2,4,,,,,,,,,,,45458,0,0
317352,73604136786296841,,0,3102,490.0,-1150,-300.0,-760.0,,,2,4,,,,,,,,,,,45458,0,0
317353,73604136924032826,,0,3300,489.0,-970,-120.0,-670.0,45.0,,1,4,274.0,7232.0,,,,,,,,,45459,0,0
317354,73604137008236430,,0,1423,489.0,-830,-120.0,-610.0,,,2,4,,,,,,,,,,,45458,0,0
317355,73604137008236430,,0,1423,490.0,-900,-150.0,-610.0,,,2,4,,,,,,,,,,,45458,0,0
317356,73604137788899328,,0,3300,,-970,-120.0,-630.0,10.0,0.0,3,4,,,,,,,43211.0,44200.0,,23055619.0,0,0,0
317357,73604138792852905,,0,3300,281.0,-1150,-290.0,,,,2,4,,,,,,,,,,,45433,0,0
317358,73604139875133488,,0,3300,446.0,-1180,-300.0,-790.0,,,2,4,,,,,,,,,,,45461,0,0
317359,73604139877964488,,0,3300,446.0,-1180,-300.0,,,,2,4,,,,,,,,,,,45433,0,0
317360,73604139901981639,,0,3300,446.0,-1070,-190.0,-780.0,,,2,4,,,,,,,,,,,45461,0,0
317361,73604139904813639,,0,3300,446.0,-1080,-260.0,,,,2,4,,,,,,,,,,,45433,0,0
317362,73604140287855088,,0,3300,446.0,-1170,-300.0,-780.0,,,2,4,,,,,,,,,,,45461,0,0
317363,73604140290690088,,0,3300,446.0,-1170,-300.0,,,,2,4,,,,,,,,,,,45433,0,0
317364,73604140901796697,,0,3300,490.0,-990,-130.0,-760.0,,,2,4,,,,,,,,,,,45461,0,0
317365,73604140901796697,,0,3300,59.0,-1040,-190.0,-760.0,,,2,4,,,,,,,,,,,45461,0,0
317366,73604140901796697,,0,3300,95.0,-1040,-190.0,-750.0,,,2,4,,,,,,,,,,,45461,0,0
317367,73604140904632697,,0,3300,460.0,-1070,-250.0,,,,2,4,,,,,,,,,,,45433,0,0
317368,73604141270985612,,0,3300,484.0,-1050,-190.0,-760.0,,,2,4,,,,,,,,,,,45461,0,0
317369,73604141273822612,,0,3300,484.0,-1050,-190.0,,,,2,4,,,,,,,,,,,45433,0,0
317370,73604141290600277,,0,3300,484.0,-1070,-200.0,,,,2,4,,,,,,,,,,,45433,0,0
317371,73604141287762277,,0,3300,484.0,-1080,-210.0,-770.0,,,2,4,,,,,,,,,,,45461,0,0
317372,73604141435350224,,0,3300,406.0,-1030,-170.0,-760.0,,,2,4,,,,,,,,,,,45461,0,0
317373,73604141510721670,,0,3300,489.0,-970,-110.0,-670.0,28.0,,1,4,274.0,9836.0,,,,,,,,,45459,0,0
317374,73604141623973217,,0,450,489.0,-870,-100.0,-670.0,,,2,4,,,,,,,,,,,45458,0,0
317375,73604141623973217,,0,450,490.0,-960,-200.0,-670.0,,,2,4,,,,,,,,,,,45458,0,0
317376,73604141668014906,,0,450,460.0,-1090,-300.0,-700.0,,,2,4,,,,,,,,,,,45458,0,0
317377,73604142044741632,,0,3300,,-970,-120.0,-650.0,20.0,0.0,3,4,,,,,,,43211.0,44200.0,,23055619.0,0,0,0
317378,73604142027941790,,0,3300,491.0,-1040,-180.0,-750.0,,,2,4,,,,,,,,,,,45461,0,0
317379,73604142030795790,,0,3300,491.0,-1050,-200.0,,,,2,4,,,,,,,,,,,45433,0,0
317380,73604142047573904,,0,3300,491.0,-1050,-200.0,,,,2,4,,,,,,,,,,,45433,0,0
317381,73604142044718904,,0,3300,491.0,-1050,-190.0,-770.0,,,2,4,,,,,,,,,,,45461,0,0
317382,73604142056843189,,0,3300,491.0,-1140,-300.0,-750.0,,,2,4,,,,,,,,,,,45461,0,0
317383,73604142059699189,,0,3300,491.0,-1120,-230.0,,,,2,4,,,,,,,,,,,45433,0,0
317384,73604143692230294,,0,3300,281.0,-1060,-210.0,-750.0,,,2,4,,,,,,,,,,,45461,0,0
317385,73604144852009317,,0,3300,95.0,-1160,-300.0,-770.0,,,2,4,,,,,,,,,,,45461,0,0
317386,73604144852009317,,0,3300,490.0,-980,-110.0,-770.0,,,2,4,,,,,,,,,,,45461,0,0
317387,73604144854879317,,0,3300,460.0,-1080,-220.0,,,,2,4,,,,,,,,,,,45433,0,0
317388,73604145641700973,,0,3300,59.0,-1140,-300.0,-750.0,,,2,4,,,,,,,,,,,45461,0,0
317389,73604146152757769,,0,3300,406.0,-1050,-200.0,-760.0,,,2,4,,,,,,,,,,,45461,0,0
317390,73604146306678784,,0,3300,,-970,-120.0,-650.0,30.0,0.0,3,4,,,,,,,43211.0,44200.0,,23055619.0,0,0,0
317391,73604146340714122,,0,3300,492.0,-1100,-220.0,-780.0,,,2,4,,,,,,,,,,,45461,0,0
317392,73604146343605122,,0,3300,492.0,-1110,-260.0,,,,2,4,,,,,,,,,,,45433,0,0
317393,73604147367471588,,0,3300,185.0,-1160,-300.0,-770.0,,,2,4,,,,,,,,,,,45461,0,0
317394,73604147370366588,,0,3300,185.0,-1160,-300.0,,,,2,4,,,,,,,,,,,45433,0,0
317395,73604147384248632,,0,3300,185.0,-1170,-300.0,-780.0,,,2,4,,,,,,,,,,,45461,0,0
317396,73604147387144632,,0,3300,185.0,-1170,-300.0,,,,2,4,,,,,,,,,,,45433,0,0
317397,73604147462107307,,0,3300,148.0,-1160,-300.0,-770.0,,,2,4,,,,,,,,,,,45461,0,0
317398,73604147465004307,,0,3300,148.0,-1160,-300.0,,,,2,4,,,,,,,,,,,45433,0,0
317399,73604148347250021,,0,3300,281.0,-1100,-230.0,-780.0,,,2,4,,,,,,,,,,,45461,0,0
317400,73604148347250021,,0,3300,101.0,-1180,-300.0,-790.0,,,2,4,,,,,,,,,,,45461,0,0
317401,73604148350152021,,0,3300,101.0,-1170,-300.0,,,,2,4,,,,,,,,,,,45433,0,0
317402,73604148364084774,,0,3300,101.0,-1120,-230.0,-760.0,,,2,4,,,,,,,,,,,45461,0,0
317403,73604148366987774,,0,3300,101.0,-1130,-270.0,,,,2,4,,,,,,,,,,,45433,0,0
317404,73604148375000695,,0,3300,101.0,-1120,-220.0,-790.0,,,2,4,,,,,,,,,,,45461,0,0
317405,73604148377904695,,0,3300,101.0,-1120,-250.0,,,,2,4,,,,,,,,,,,45433,0,0
317406,73604148860636921,,0,3300,95.0,-1100,-200.0,-770.0,,,2,4,,,,,,,,,,,45461,0,0
317407,73604148860636921,,0,3300,460.0,-1030,-150.0,-790.0,,,2,4,,,,,,,,,,,45461,0,0
317408,73604148863541921,,0,3300,490.0,-990,-110.0,,,,2,4,,,,,,,,,,,45433,0,0
317409,73604149162513724,,0,3300,8.0,-1060,-180.0,-770.0,,,2,4,,,,,,,,,,,45461,0,0
317410,73604149165432724,,0,3300,8.0,-1060,-180.0,,,,2,4,,,,,,,,,,,45433,0,0
317411,73604149228155712,,0,3300,489.0,-970,-110.0,-680.0,14.0,,1,4,274.0,2029.0,,,,,,,,,45459,0,0
317412,73604149427119883,,0,450,489.0,-880,-100.0,-680.0,,,2,4,,,,,,,,,,,45458,0,0
317413,73604149427119883,,0,450,490.0,-1070,-300.0,-680.0,,,2,4,,,,,,,,,,,45458,0,0
317414,73604149487937998,,0,450,460.0,-1000,-190.0,-720.0,,,2,4,,,,,,,,,,,45458,0,0
317415,73604150655909888,,0,3300,,-970,-120.0,-650.0,0.0,0.0,3,4,,,,,,,43211.0,44200.0,,23055619.0,0,0,0
317416,73604150873476179,,0,3300,59.0,-1110,-230.0,,,,2,4,,,,,,,,,,,45433,0,0
317417,73604150885842101,,0,3300,406.0,-1160,-300.0,-770.0,,,2,4,,,,,,,,,,,45461,0,0
317418,73604151682442439,,0,3300,148.0,-1070,-220.0,-750.0,,,2,4,,,,,,,,,,,45461,0,0
317419,73604152548143072,,0,3300,227.0,-1150,-300.0,-760.0,,,2,4,,,,,,,,,,,45461,0,0
317420,73604152657613216,,0,3300,281.0,-1150,-300.0,-760.0,,,2,4,,,,,,,,,,,45461,0,0
317421,73604152859892913,,0,3300,95.0,-1070,-250.0,,,,2,4,,,,,,,,,,,45433,0,0
317422,73604152856947913,,0,3300,490.0,-990,-130.0,-760.0,,,2,4,,,,,,,,,,,45461,0,0
317423,73604152856947913,,0,3300,460.0,-1040,-180.0,-760.0,,,2,4,,,,,,,,,,,45461,0,0
317424,73604152964257948,,0,3300,35.0,-1130,-300.0,-740.0,,,2,4,,,,,,,,,,,45461,0,0
317425,73604152967204948,,0,3300,35.0,-1130,-300.0,,,,2,4,,,,,,,,,,,45433,0,0
317426,73604152979690130,,0,3300,35.0,-1160,-300.0,-770.0,,,2,4,,,,,,,,,,,45461,0,0
317427,73604152982638130,,0,3300,35.0,-1160,-300.0,,,,2,4,,,,,,,,,,,45433,0,0
317428,73604153350075825,,0,3300,300.0,-1170,-300.0,-780.0,,,2,4,,,,,,,,,,,45461,0,0
317429,73604153523085208,,0,3300,489.0,-970,-100.0,-670.0,28.0,,1,4,274.0,2029.0,,,,,,,,,45459,0,0
317430,73604153808826129,,0,3300,430.0,-1080,-200.0,-780.0,,,2,4,,,,,,,,,,,45461,0,0
317431,73604153811790129,,0,3300,430.0,-1090,-270.0,,,,2,4,,,,,,,,,,,45433,0,0
317432,73604153828568124,,0,3300,430.0,-1060,-250.0,,,,2,4,,,,,,,,,,,45433,0,0
317433,73604153825603124,,0,3300,430.0,-1050,-190.0,-760.0,,,2,4,,,,,,,,,,,45461,0,0
317434,73604154224167095,,0,450,406.0,-1080,-300.0,-690.0,,,2,4,,,,,,,,,,,45458,0,0
317435,73604154186418166,,0,450,490.0,-940,-180.0,-670.0,,,2,4,,,,,,,,,,,45458,0,0
317436,73604154186418166,,0,450,489.0,-870,-100.0,-670.0,,,2,4,,,,,,,,,,,45458,0,0
317437,73604154186418166,,0,450,460.0,-1000,-210.0,-680.0,,,2,4,,,,,,,,,,,45458,0,0
317438,73604154360859731,,0,3300,127.0,-1080,-210.0,-760.0,,,2,4,,,,,,,,,,,45461,0,0
317439,73604154373078701,,0,3300,127.0,-1150,-300.0,-760.0,,,2,4,,,,,,,,,,,45461,0,0
317440,73604154363840731,,0,3300,127.0,-1090,-270.0,,,,2,4,,,,,,,,,,,45433,0,0
317441,73604154376060701,,0,3300,127.0,-1130,-280.0,,,,2,4,,,,,,,,,,,45433,0,0
317442,73604154826883072,,0,3300,,-960,-120.0,-640.0,60.0,0.0,3,4,,,,,,,43211.0,44200.0,,23055619.0,0,0,0
317443,73604155307178505,,0,3300,59.0,-1160,-300.0,-770.0,,,2,4,,,,,,,,,,,45461,0,0
317444,73604155870955758,,0,3300,406.0,-1050,-200.0,-750.0,,,2,4,,,,,,,,,,,45461,0,0
317445,73604156860393062,,0,3300,490.0,-980,-110.0,,,,2,4,,,,,,,,,,,45433,0,0
317446,73604156860393062,,0,3300,460.0,-1100,-240.0,,,,2,4,,,,,,,,,,,45433,0,0
317447,73604156860393062,,0,3300,95.0,-1120,-270.0,,,,2,4,,,,,,,,,,,45433,0,0
317448,73604156944577057,,0,3300,281.0,-1080,-190.0,-760.0,,,2,4,,,,,,,,,,,45461,0,0
317449,73604156961409895,,0,3300,139.0,-1140,-300.0,-750.0,,,2,4,,,,,,,,,,,45461,0,0
317450,73604156964413895,,0,3300,139.0,-1140,-300.0,,,,2,4,,,,,,,,,,,45433,0,0
317451,73604157048594388,,0,3300,173.0,-1070,-220.0,-760.0,,,2,4,,,,,,,,,,,45461,0,0
317452,73604157051602388,,0,3300,173.0,-1080,-240.0,,,,2,4,,,,,,,,,,,45433,0,0
317453,73604156998374007,,0,3300,139.0,-1040,-160.0,-750.0,,,2,4,,,,,,,,,,,45461,0,0
317454,73604157001379007,,0,3300,227.0,-1090,-270.0,,,,2,4,,,,,,,,,,,45433,0,0
317455,73604157015150955,,0,3300,173.0,-1100,-230.0,-780.0,,,2,4,,,,,,,,,,,45461,0,0
317456,73604157001379007,,0,3300,139.0,-1060,-250.0,,,,2,4,,,,,,,,,,,45433,0,0
317457,73604157018156955,,0,3300,173.0,-1100,-230.0,,,,2,4,,,,,,,,,,,45433,0,0
317458,73604157031928175,,0,3300,173.0,-1150,-300.0,-760.0,,,2,4,,,,,,,,,,,45461,0,0
317459,73604157034935175,,0,3300,173.0,-1150,-250.0,,,,2,4,,,,,,,,,,,45433,0,0
317460,73604157459571135,,0,3300,489.0,-970,-100.0,-680.0,54.0,,1,4,274.0,4417.0,,,,,,,,,45459,0,0
317461,73604157472263988,,0,3102,489.0,-970,-140.0,-740.0,,,2,4,,,,,,,,,,,45458,0,0
317462,73604157472263988,,0,3102,490.0,-1050,-210.0,-740.0,,,2,4,,,,,,,,,,,45458,0,0
317463,73604158544848299,,0,3300,392.0,-1040,-180.0,-740.0,,,2,4,,,,,,,,,,,45461,0,0
317464,73604158547878299,,0,3300,392.0,-1070,-260.0,,,,2,4,,,,,,,,,,,45433,0,0
317465,73604159141314560,,0,3300,,-960,-120.0,-650.0,50.0,0.0,3,4,,,,,,,43211.0,44200.0,,23055619.0,0,0,0
317466,73604159749508406,,0,3300,59.0,-1060,-210.0,-750.0,,,2,4,,,,,,,,,,,45461,0,0
317467,73604159749508406,,0,3300,503.0,-1030,-180.0,-760.0,,,2,4,,,,,,,,,,,45461,0,0
317468,73604159752539406,,0,3300,503.0,-1050,-260.0,,,,2,4,,,,,,,,,,,45433,0,0
317469,73604160833147059,,0,3300,490.0,-1000,-140.0,-760.0,,,2,4,,,,,,,,,,,45461,0,0
317470,73604160833147059,,0,3300,95.0,-1010,-170.0,-750.0,,,2,4,,,,,,,,,,,45461,0,0
317471,73604160833147059,,0,3300,246.0,-1080,-220.0,-760.0,,,2,4,,,,,,,,,,,45461,0,0
317472,73604160833147059,,0,3300,460.0,-1060,-210.0,-760.0,,,2,4,,,,,,,,,,,45461,0,0
317473,73604160836185059,,0,3300,246.0,-1090,-270.0,,,,2,4,,,,,,,,,,,45433,0,0
317474,73604161188929158,,0,3300,281.0,-1070,-210.0,-760.0,,,2,4,,,,,,,,,,,45461,0,0
317475,73604161444977191,,0,3300,489.0,-960,-110.0,-680.0,25.0,,1,4,274.0,9964.0,,,,,,,,,45459,0,0
317476,73604161716355521,,0,1423,489.0,-820,-130.0,-600.0,,,2,4,,,,,,,,,,,45458,0,0
317477,73604161716355521,,0,1423,490.0,-940,-200.0,-600.0,,,2,4,,,,,,,,,,,45458,0,0
317478,73604163438379008,,0,3300,,-970,-120.0,-640.0,10.0,0.0,3,4,,,,,,,43211.0,44200.0,,23055619.0,0,0,0
317479,73604164374639078,,0,3300,314.0,-1040,-190.0,-760.0,,,2,4,,,,,,,,,,,45461,0,0
317480,73604164377730078,,0,3300,314.0,-1040,-190.0,,,,2,4,,,,,,,,,,,45433,0,0
317481,73604164867415592,,0,3300,460.0,-1070,-210.0,-750.0,,,2,4,,,,,,,,,,,45461,0,0
317482,73604164867415592,,0,3300,490.0,-990,-130.0,-750.0,,,2,4,,,,,,,,,,,45461,0,0
317483,73604164870515592,,0,3300,95.0,-1150,-300.0,,,,2,4,,,,,,,,,,,45433,0,0
317484,73604165655772435,,0,3300,156.0,-1040,-180.0,-750.0,,,2,4,,,,,,,,,,,45461,0,0
317485,73604165658875435,,0,3300,156.0,-1060,-260.0,,,,2,4,,,,,,,,,,,45433,0,0
317486,73604166846947306,,0,3300,59.0,-1190,-300.0,-800.0,,,2,4,,,,,,,,,,,45461,0,0
317487,73604167598866432,,0,3300,,-970,-120.0,-650.0,10.0,0.0,3,4,,,,,,,43211.0,44200.0,,23055619.0,0,0,0
317488,73604168924075195,,0,3300,460.0,-1060,-180.0,-760.0,,,2,4,,,,,,,,,,,45461,0,0
317489,73604168924075195,,0,3300,490.0,-980,-100.0,-760.0,,,2,4,,,,,,,,,,,45461,0,0
317490,73604168924075195,,0,3300,95.0,-1150,-300.0,-760.0,,,2,4,,,,,,,,,,,45461,0,0
317491,73604169201890366,,0,3300,111.0,-1160,-300.0,-770.0,,,2,4,,,,,,,,,,,45461,0,0
317492,73604169205015366,,0,3300,111.0,-1160,-300.0,,,,2,4,,,,,,,,,,,45433,0,0
317493,73604169215029767,,0,3102,489.0,-990,-160.0,-740.0,,,2,4,,,,,,,,,,,45458,0,0
317494,73604169284232160,,0,3102,490.0,-1070,-190.0,-730.0,,,2,4,,,,,,,,,,,45458,0,0
317495,73604169284232160,,0,3102,460.0,-1030,-200.0,-740.0,,,2,4,,,,,,,,,,,45458,0,0
317496,73604169360684760,,0,3300,489.0,-970,-110.0,-680.0,39.0,,1,4,274.0,1517.0,,,,,,,,,45459,0,0
317497,73604169782789790,,0,450,406.0,-990,-180.0,-710.0,,,2,4,,,,,,,,,,,45458,0,0
317498,73604169782789790,,0,450,490.0,-980,-190.0,-700.0,,,2,4,,,,,,,,,,,45458,0,0
317499,73604169782789790,,0,450,460.0,-1100,-300.0,-710.0,,,2,4,,,,,,,,,,,45458,0,0
317500,73604169782789790,,0,450,489.0,-870,-70.0,-700.0,,,2,4,,,,,,,,,,,45458,0,0
317501,73604170007341270,,0,450,95.0,-1020,-210.0,-720.0,,,2,4,,,,,,,,,,,45461,0,0
317502,73604170314547200,,0,450,,-860,-70.0,-560.0,50.0,0.0,3,4,,,,,,,43211.0,44200.0,,23055639.0,0,0,0
317503,73604170403288308,,0,450,356.0,-1060,-220.0,-740.0,,,2,4,,,,,,,,,,,45461,0,0
317504,73604173691590184,,0,450,148.0,-1000,-190.0,-700.0,,,2,4,,,,,,,,,,,45461,0,0
317505,73604173725254087,,0,450,460.0,-1100,-300.0,-710.0,,,2,4,,,,,,,,,,,45461,0,0
317506,73604173725254087,,0,450,406.0,-1100,-300.0,-710.0,,,2,4,,,,,,,,,,,45461,0,0
317507,73604173725254087,,0,450,490.0,-1000,-200.0,-700.0,,,2,4,,,,,,,,,,,45461,0,0
317508,73604174275492105,,0,450,95.0,-1010,-230.0,-670.0,,,2,4,,,,,,,,,,,45461,0,0
317509,73604174326702642,,0,450,489.0,-850,-70.0,-590.0,75.0,,1,4,274.0,1773.0,,,,,,,,,45459,0,0
317510,73604174335294940,,0,1423,489.0,-820,-110.0,-600.0,,,2,4,,,,,,,,,,,45458,0,0
317511,73604174394013326,,0,450,407.0,-1010,-210.0,-710.0,,,2,4,,,,,,,,,,,45458,0,0
317512,73604174394013326,,0,450,356.0,-1100,-300.0,-710.0,,,2,4,,,,,,,,,,,45458,0,0
317513,73604174476590574,,0,3300,489.0,-1000,-130.0,-770.0,,,2,4,,,,,,,,,,,45458,0,0
317514,73604174476590574,,0,3300,490.0,-990,-100.0,-770.0,,,2,4,,,,,,,,,,,45458,0,0
317515,73604174476590574,,0,3300,95.0,-1060,-180.0,-780.0,,,2,4,,,,,,,,,,,45458,0,0
317516,73604174547947769,,0,3300,460.0,-1090,-200.0,-780.0,,,2,4,,,,,,,,,,,45458,0,0
317517,73604174872182784,,0,450,,-850,-80.0,-610.0,40.0,0.0,3,4,,,,,,,43211.0,44200.0,,23055639.0,0,0,0
317518,73604176497100055,,0,450,299.0,-1060,-300.0,-670.0,,,2,4,,,,,,,,,,,45461,0,0
317519,73604176500316055,,0,450,299.0,-1060,-300.0,,,,2,4,,,,,,,,,,,45433,0,0
317520,73604176768883313,,0,450,347.0,-1060,-300.0,-670.0,,,2,4,,,,,,,,,,,45461,0,0
317521,73604177617706202,,0,450,54.0,-960,-190.0,-670.0,,,2,4,,,,,,,,,,,45461,0,0
317522,73604177620926202,,0,450,54.0,-980,-260.0,,,,2,4,,,,,,,,,,,45433,0,0
317523,73604177637762014,,0,450,54.0,-960,-230.0,,,,2,4,,,,,,,,,,,45433,0,0
317524,73604177634541014,,0,450,54.0,-950,-190.0,-670.0,,,2,4,,,,,,,,,,,45461,0,0
317525,73604177805603091,,0,450,490.0,-980,-220.0,-670.0,,,2,4,,,,,,,,,,,45461,0,0
317526,73604177805603091,,0,450,460.0,-1060,-300.0,-670.0,,,2,4,,,,,,,,,,,45461,0,0
317527,73604177805603091,,0,450,406.0,-930,-160.0,-670.0,,,2,4,,,,,,,,,,,45461,0,0
317528,73604178124339776,,0,450,148.0,-1010,-210.0,,,,2,4,,,,,,,,,,,45433,0,0
317529,73604178218366139,,0,450,95.0,-990,-180.0,-710.0,,,2,4,,,,,,,,,,,45461,0,0
317530,73604178286108011,,0,450,489.0,-860,-30.0,-660.0,52.0,,1,4,274.0,1133.0,,,,,,,,,45459,0,0
317531,73604178294700260,,0,1423,489.0,-820,-130.0,-590.0,,,2,4,,,,,,,,,,,45458,0,0
317532,73604178353418310,,0,450,407.0,-1130,-300.0,-740.0,,,2,4,,,,,,,,,,,45458,0,0
317533,73604178397048214,,0,3102,489.0,-980,-120.0,-760.0,,,2,4,,,,,,,,,,,45458,0,0
317534,73604178397048214,,0,3102,490.0,-1030,-170.0,-760.0,,,2,4,,,,,,,,,,,45458,0,0
317535,73604178397048214,,0,3102,95.0,-1060,-180.0,-760.0,,,2,4,,,,,,,,,,,45458,0,0
317536,73604178436894094,,0,3102,460.0,-1140,-300.0,-750.0,,,2,4,,,,,,,,,,,45458,0,0
317537,73604178971852800,,0,450,,-860,-80.0,-560.0,40.0,0.0,3,4,,,,,,,43211.0,44200.0,,23055639.0,0,0,0
317538,73604181378437377,,0,3300,489.0,-1010,-160.0,-760.0,,,2,4,,,,,,,,,,,45458,0,0
317539,73604181508050107,,0,3300,490.0,-990,-90.0,-790.0,,,2,4,,,,,,,,,,,45458,0,0
317540,73604181580989125,,0,1423,490.0,-920,-150.0,-630.0,,,2,4,,,,,,,,,,,45461,0,0
317541,73604181574454906,,0,1423,489.0,-840,-100.0,-540.0,39.0,,1,4,274.0,9452.0,,,,,,,,,45459,0,0
317542,73604181626161638,,0,1423,489.0,-840,-120.0,-510.0,45.0,,1,4,274.0,8527.0,,,,,,,,,45459,0,0
317543,73604181641532540,,0,1423,489.0,-850,-90.0,-550.0,37.0,,1,4,274.0,1389.0,,,,,,,,,45459,0,0
317544,73604181711960948,,0,1423,489.0,-840,-110.0,-530.0,41.0,,1,4,274.0,9708.0,,,,,,,,,45459,0,0
317545,73604181712077623,,0,1423,460.0,-960,-230.0,-640.0,,,2,4,,,,,,,,,,,45458,0,0
317546,73604181729500456,,0,3300,95.0,-1080,-200.0,-760.0,,,2,4,,,,,,,,,,,45458,0,0
317547,73604181729500456,,0,3300,460.0,-1110,-200.0,-770.0,,,2,4,,,,,,,,,,,45458,0,0
317548,73604181766116328,,0,1423,406.0,-980,-300.0,-590.0,,,2,4,,,,,,,,,,,45461,0,0
317549,73604181816770560,,0,1423,,-840,-110.0,-520.0,40.0,0.0,3,4,,,,,,,43211.0,44200.0,,23055629.0,0,0,0
317550,73604182161843149,,0,1423,95.0,-980,-200.0,,,,2,4,,,,,,,,,,,45433,0,0
317551,73604182158541149,,0,1423,95.0,-980,-200.0,-650.0,,,2,4,,,,,,,,,,,45461,0,0
317552,73604182185325972,,0,1423,95.0,-910,-200.0,,,,2,4,,,,,,,,,,,45433,0,0
317553,73604182182022972,,0,1423,95.0,-900,-210.0,-590.0,,,2,4,,,,,,,,,,,45461,0,0
317554,73604182245511535,,0,1423,489.0,-840,-120.0,-520.0,36.0,,1,4,274.0,1517.0,,,,,,,,,45459,0,0
317555,73604182260549579,,0,1423,489.0,-840,-110.0,-520.0,56.0,,1,4,274.0,8713.0,,,,,,,,,45459,0,0
317556,73604182326378496,,0,1423,,-850,-110.0,-530.0,50.0,0.0,3,4,,,,,,,43211.0,44200.0,,23055629.0,0,0,0
317557,73604182816718848,,0,1423,,-850,-110.0,-530.0,40.0,0.0,3,4,,,,,,,43211.0,44200.0,,23055629.0,0,0,0
317558,73604183288643584,,0,1423,,-840,-110.0,-520.0,40.0,0.0,3,4,,,,,,,43211.0,44200.0,,23055629.0,0,0,0
317559,73604185525123290,,0,1423,490.0,-910,-170.0,,,,2,4,,,,,,,,,,,45433,0,0
317560,73604185771379520,,0,1423,460.0,-1030,-300.0,-640.0,,,2,4,,,,,,,,,,,45461,0,0
317561,73604186395540251,,0,1423,406.0,-970,-300.0,,,,2,4,,,,,,,,,,,45433,0,0
317562,73604186630365422,,0,1423,407.0,-970,-300.0,-580.0,,,2,4,,,,,,,,,,,45461,0,0
317563,73604186633720422,,0,1423,407.0,-980,-300.0,,,,2,4,,,,,,,,,,,45433,0,0
317564,73604186992226262,,0,3300,490.0,-970,-110.0,-770.0,,,2,4,,,,,,,,,,,45458,0,0
317565,73604186992226262,,0,3300,489.0,-980,-120.0,-770.0,,,2,4,,,,,,,,,,,45458,0,0
317566,73604186992226262,,0,3300,460.0,-1080,-220.0,-760.0,,,2,4,,,,,,,,,,,45458,0,0
317567,73604187017445801,,0,3300,281.0,-1060,-170.0,-770.0,,,2,4,,,,,,,,,,,45458,0,0
317568,73604187587477504,,0,3300,,-1000,-150.0,-650.0,-20.0,0.0,3,4,,,,,,,43211.0,44200.0,,23055618.0,0,0,0
317569,73604191760959182,,0,1423,490.0,-910,-160.0,-610.0,,,2,4,,,,,,,,,,,45458,0,0
317570,73604191760959182,,0,1423,489.0,-820,-120.0,-610.0,,,2,4,,,,,,,,,,,45458,0,0
317571,73604191859638272,,0,3300,,-1000,-150.0,-640.0,-30.0,0.0,3,4,,,,,,,43211.0,44200.0,,23055618.0,0,0,0
317572,73604192811002045,,0,3300,460.0,-1150,-300.0,-760.0,,,2,4,,,,,,,,,,,45461,0,0
317573,73604192811002045,,0,3300,489.0,-1000,-140.0,-760.0,,,2,4,,,,,,,,,,,45461,0,0
317574,73604195667188913,,0,3300,490.0,-1000,-130.0,-680.0,6.0,,1,4,274.0,1517.0,,,,,,,,,45459,0,0
317575,73604195734459292,,0,3300,95.0,-1050,-210.0,-750.0,,,2,4,,,,,,,,,,,45458,0,0
317576,73604195916803927,,0,3102,489.0,-990,-150.0,-750.0,,,2,4,,,,,,,,,,,45458,0,0
317577,73604195916803927,,0,3102,460.0,-1040,-200.0,-750.0,,,2,4,,,,,,,,,,,45458,0,0
317578,73604195952509228,,0,3102,95.0,-1020,-180.0,-750.0,,,2,4,,,,,,,,,,,45458,0,0
317579,73604195952509228,,0,3102,490.0,-1040,-180.0,-750.0,,,2,4,,,,,,,,,,,45458,0,0
317580,73604196074258432,,0,3300,,-1000,-140.0,-650.0,-20.0,0.0,3,4,,,,,,,43211.0,44200.0,,23055618.0,0,0,0
317581,73604199760807439,,0,3300,489.0,-960,-130.0,-670.0,13.0,,1,4,274.0,1133.0,,,,,,,,,45459,0,0
317582,73604199828063503,,0,3300,490.0,-970,-120.0,-760.0,,,2,4,,,,,,,,,,,45458,0,0
317583,73604199828063503,,0,3300,95.0,-1140,-300.0,-750.0,,,2,4,,,,,,,,,,,45458,0,0
317584,73604199895172224,,0,3300,460.0,-1010,-170.0,-750.0,,,2,4,,,,,,,,,,,45458,0,0
317585,73604200088017962,,0,1423,489.0,-820,-130.0,-590.0,,,2,4,,,,,,,,,,,45458,0,0
317586,73604200088017962,,0,1423,490.0,-910,-180.0,-590.0,,,2,4,,,,,,,,,,,45458,0,0
317587,73604200203747328,,0,3300,,-970,-120.0,-640.0,0.0,0.0,3,4,,,,,,,43211.0,44200.0,,23055619.0,0,0,0
317588,73604200318132714,,0,3300,59.0,-1150,-300.0,-760.0,,,2,4,,,,,,,,,,,45461,0,0
317589,73604202959015916,,0,3300,53.0,-1040,-190.0,-760.0,,,2,4,,,,,,,,,,,45461,0,0
317590,73604202962423916,,0,3300,53.0,-1050,-250.0,,,,2,4,,,,,,,,,,,45433,0,0
317591,73604202982493140,,0,3300,53.0,-1030,-190.0,-750.0,,,2,4,,,,,,,,,,,45461,0,0
317592,73604202985902140,,0,3300,53.0,-1040,-240.0,,,,2,4,,,,,,,,,,,45433,0,0
317593,73604203044475976,,0,3300,281.0,-1080,-210.0,,,,2,4,,,,,,,,,,,45433,0,0
317594,73604203181604678,,0,3102,489.0,-970,-130.0,-750.0,,,2,4,,,,,,,,,,,45458,0,0
317595,73604203181604678,,0,3102,460.0,-1130,-300.0,-740.0,,,2,4,,,,,,,,,,,45458,0,0
317596,73604203220994243,,0,3300,300.0,-1170,-300.0,-780.0,,,2,4,,,,,,,,,,,45461,0,0
317597,73604204415680512,,0,3300,,-970,-130.0,-640.0,10.0,0.0,3,4,,,,,,,43211.0,44200.0,,23055619.0,0,0,0
317598,73604204527562376,,0,3300,460.0,-1150,-300.0,-760.0,,,2,4,,,,,,,,,,,45461,0,0
317599,73604204530990376,,0,3300,406.0,-1060,-260.0,,,,2,4,,,,,,,,,,,45433,0,0
317600,73604204530990376,,0,3300,95.0,-1100,-270.0,,,,2,4,,,,,,,,,,,45433,0,0
317601,73604204530990376,,0,3300,490.0,-970,-120.0,,,,2,4,,,,,,,,,,,45433,0,0
317602,73604204577893713,,0,3300,192.0,-1170,-300.0,-780.0,,,2,4,,,,,,,,,,,45461,0,0
317603,73604204594727929,,0,3300,192.0,-1140,-300.0,-750.0,,,2,4,,,,,,,,,,,45461,0,0
317604,73604204581323713,,0,3300,192.0,-1170,-300.0,,,,2,4,,,,,,,,,,,45433,0,0
317605,73604204598158929,,0,3300,192.0,-1140,-300.0,,,,2,4,,,,,,,,,,,45433,0,0
317606,73604205851741590,,0,3300,59.0,-1140,-300.0,-750.0,,,2,4,,,,,,,,,,,45461,0,0
317607,73604206996095157,,0,3300,281.0,-1170,-250.0,,,,2,4,,,,,,,,,,,45433,0,0
317608,73604206992643157,,0,3300,334.0,-1160,-300.0,-770.0,,,2,4,,,,,,,,,,,45461,0,0
317609,73604206992643157,,0,3300,446.0,-1160,-300.0,-770.0,,,2,4,,,,,,,,,,,45461,0,0
317610,73604206996095157,,0,3300,334.0,-1160,-300.0,,,,2,4,,,,,,,,,,,45433,0,0
317611,73604207040818816,,0,3300,492.0,-1150,-300.0,-760.0,,,2,4,,,,,,,,,,,45461,0,0
317612,73604207900172307,,0,3102,489.0,-980,-120.0,-770.0,,,2,4,,,,,,,,,,,45458,0,0
317613,73604208096575488,,0,3102,,-990,-160.0,-620.0,-50.0,0.0,3,4,,,,,,,43211.0,44200.0,,23055669.0,0,0,0
317614,73604208485099826,,0,3102,489.0,-990,-150.0,-670.0,-31.0,,1,4,274.0,9580.0,,,,,,,,,45459,0,0
317615,73604208552058088,,0,3102,489.0,-990,-150.0,-660.0,-31.0,,1,4,274.0,9708.0,,,,,,,,,45459,0,0
317616,73604208578223895,,0,3102,489.0,-990,-160.0,-670.0,-27.0,,1,4,274.0,1567.0,,,,,,,,,45459,0,0
317617,73604208586940445,,0,3102,490.0,-1130,-300.0,-740.0,,,2,4,,,,,,,,,,,45461,0,0
317618,73604208648060928,,0,3102,,-990,-160.0,-620.0,-50.0,0.0,3,4,,,,,,,43211.0,44200.0,,23055669.0,0,0,0
317619,73604208592228369,,0,1423,490.0,-900,-170.0,-590.0,,,2,4,,,,,,,,,,,45458,0,0
317620,73604208592228369,,0,1423,489.0,-820,-120.0,-590.0,,,2,4,,,,,,,,,,,45458,0,0
317621,73604209160814592,,0,3102,,-990,-140.0,-640.0,-20.0,0.0,3,4,,,,,,,43211.0,44200.0,,23055669.0,0,0,0
317622,73604209711382528,,0,3102,,-990,-150.0,-630.0,-20.0,0.0,3,4,,,,,,,43211.0,44200.0,,23055669.0,0,0,0
317623,73604210183372800,,0,3102,,-990,-160.0,-620.0,-50.0,0.0,3,4,,,,,,,43211.0,44200.0,,23055669.0,0,0,0
317624,73604210734006272,,0,3102,,-990,-150.0,-650.0,0.0,0.0,3,4,,,,,,,43211.0,44200.0,,23055669.0,0,0,0
317625,73604211284705280,,0,3102,,-990,-150.0,-640.0,-20.0,0.0,3,4,,,,,,,43211.0,44200.0,,23055669.0,0,0,0
317626,73604211756630016,,0,3102,,-990,-160.0,-620.0,-50.0,0.0,3,4,,,,,,,43211.0,44200.0,,23055669.0,0,0,0
317627,73604212307197952,,0,3102,,-990,-150.0,-630.0,-20.0,0.0,3,4,,,,,,,43211.0,44200.0,,23055669.0,0,0,0
317628,73604212857896960,,0,3102,,-990,-150.0,-640.0,-20.0,0.0,3,4,,,,,,,43211.0,44200.0,,23055669.0,0,0,0
317629,73604213335946601,,0,1423,490.0,-910,-170.0,-610.0,,,2,4,,,,,,,,,,,45458,0,0
317630,73604213312877907,,0,1423,489.0,-830,-130.0,-600.0,,,2,4,,,,,,,,,,,45458,0,0
317631,73604213450933601,,0,3102,489.0,-990,-140.0,-680.0,-18.0,,1,4,274.0,1645.0,,,,,,,,,45459,0,0
317632,73604213518071884,,0,3102,489.0,-980,-130.0,-680.0,-10.0,,1,4,274.0,9964.0,,,,,,,,,45459,0,0
317633,73604213585182457,,0,3102,489.0,-990,-140.0,-680.0,-14.0,,1,4,274.0,10092.0,,,,,,,,,45459,0,0
317634,73604213608265477,,0,3102,460.0,-1130,-300.0,-740.0,,,2,4,,,,,,,,,,,45461,0,0
317635,73604213605166187,,0,450,490.0,-990,-180.0,-710.0,,,2,4,,,,,,,,,,,45458,0,0
317636,73604213605166187,,0,450,489.0,-870,-60.0,-710.0,,,2,4,,,,,,,,,,,45458,0,0
317637,73604217057378304,,0,3102,,-990,-150.0,-620.0,-40.0,0.0,3,4,,,,,,,43211.0,44200.0,,23055669.0,0,0,0
317638,73604217343211713,,0,3102,489.0,-990,-170.0,-650.0,-57.0,,1,4,274.0,1901.0,,,,,,,,,45459,0,0
317639,73604217406125063,,0,3102,489.0,-1000,-170.0,-650.0,-41.0,,1,4,274.0,2021.0,,,,,,,,,45459,0,0
317640,73604217414632522,,0,3102,490.0,-1130,-300.0,-740.0,,,2,4,,,,,,,,,,,45461,0,0
317641,73604217453461378,,0,450,406.0,-1050,-300.0,-660.0,,,2,4,,,,,,,,,,,45458,0,0
317642,73604221003431936,,0,3102,,-990,-150.0,-650.0,-20.0,0.0,3,4,,,,,,,43211.0,44200.0,,23055669.0,0,0,0
317643,73604221705266433,,0,3102,489.0,-990,-150.0,-680.0,-4.0,,1,4,274.0,2029.0,,,,,,,,,45459,0,0
317644,73604221772519296,,0,3102,95.0,-1120,-300.0,-730.0,,,2,4,,,,,,,,,,,45458,0,0
317645,73604221772519296,,0,3102,460.0,-1040,-210.0,-730.0,,,2,4,,,,,,,,,,,45458,0,0
317646,73604221772404331,,0,3102,489.0,-980,-140.0,-670.0,-14.0,,1,4,274.0,9324.0,,,,,,,,,45459,0,0
317647,73604222017109677,,0,3300,95.0,-1140,-300.0,-750.0,,,2,4,,,,,,,,,,,45461,0,0
317648,73604222017109677,,0,3300,460.0,-1150,-300.0,-760.0,,,2,4,,,,,,,,,,,45461,0,0
317649,73604222020595677,,0,3300,489.0,-990,-140.0,,,,2,4,,,,,,,,,,,45433,0,0
317650,73604221882735951,,0,3300,490.0,-980,-120.0,-760.0,,,2,4,,,,,,,,,,,45458,0,0
317651,73604222105223168,,0,3300,,-1000,-140.0,-640.0,-30.0,0.0,3,4,,,,,,,43211.0,44200.0,,23055618.0,0,0,0
317652,73604225396219288,,0,3300,490.0,-1000,-140.0,-670.0,-27.0,,1,4,274.0,1901.0,,,,,,,,,45459,0,0
317653,73604225495046282,,0,1423,490.0,-930,-180.0,-620.0,,,2,4,,,,,,,,,,,45458,0,0
317654,73604225495046282,,0,1423,489.0,-820,-100.0,-620.0,,,2,4,,,,,,,,,,,45458,0,0
317655,73604225509725369,,0,1423,460.0,-970,-220.0,-660.0,,,2,4,,,,,,,,,,,45458,0,0
317656,73604226298806272,,0,3300,,-1000,-150.0,-640.0,-20.0,0.0,3,4,,,,,,,43211.0,44200.0,,23055618.0,0,0,0
317657,73604229892491068,,0,3300,490.0,-1010,-130.0,-680.0,8.0,,1,4,274.0,1261.0,,,,,,,,,45459,0,0
317658,73604229959743659,,0,3300,489.0,-980,-100.0,-780.0,,,2,4,,,,,,,,,,,45458,0,0
317659,73604229959743659,,0,3300,460.0,-1180,-300.0,-790.0,,,2,4,,,,,,,,,,,45458,0,0
317660,73604230250408686,,0,1423,489.0,-830,-130.0,-610.0,,,2,4,,,,,,,,,,,45458,0,0
317661,73604230265089670,,0,1423,490.0,-920,-170.0,-610.0,,,2,4,,,,,,,,,,,45458,0,0
317662,73604230521946112,,0,3300,,-1000,-130.0,-670.0,10.0,0.0,3,4,,,,,,,43211.0,44200.0,,23055618.0,0,0,0
317663,73604230476140485,,0,3300,148.0,-1160,-300.0,-770.0,,,2,4,,,,,,,,,,,45461,0,0
317664,73604230476140485,,0,3300,95.0,-1160,-300.0,-770.0,,,2,4,,,,,,,,,,,45461,0,0
317665,73604230476140485,,0,3300,281.0,-1160,-300.0,-770.0,,,2,4,,,,,,,,,,,45461,0,0
317666,73604230772078836,,0,3300,446.0,-1160,-300.0,-770.0,,,2,4,,,,,,,,,,,45461,0,0
317667,73604233784769154,,0,3300,489.0,-970,-130.0,-670.0,20.0,,1,4,274.0,1517.0,,,,,,,,,45459,0,0
317668,73604233919147617,,0,3300,490.0,-970,-100.0,-760.0,,,2,4,,,,,,,,,,,45458,0,0
317669,73604234085406299,,0,450,489.0,-880,-100.0,-680.0,,,2,4,,,,,,,,,,,45458,0,0
317670,73604234085406299,,0,450,490.0,-950,-180.0,-680.0,,,2,4,,,,,,,,,,,45458,0,0
317671,73604234126926288,,0,3300,460.0,-1150,-300.0,-760.0,,,2,4,,,,,,,,,,,45461,0,0
317672,73604234253652704,,0,3300,59.0,-1050,-180.0,-770.0,,,2,4,,,,,,,,,,,45461,0,0
317673,73604234886447104,,0,3300,,-970,-120.0,-640.0,30.0,0.0,3,4,,,,,,,43211.0,44200.0,,23055619.0,0,0,0
317674,73604234887776308,,0,3300,446.0,-1150,-300.0,-760.0,,,2,4,,,,,,,,,,,45461,0,0
317675,73604234887776308,,0,3300,95.0,-1040,-170.0,-770.0,,,2,4,,,,,,,,,,,45461,0,0
317676,73604235124700169,,0,3300,281.0,-1150,-300.0,-760.0,,,2,4,,,,,,,,,,,45461,0,0
317677,73604235124700169,,0,3300,385.0,-1160,-300.0,-770.0,,,2,4,,,,,,,,,,,45461,0,0
317678,73604235128225169,,0,3300,385.0,-1160,-300.0,,,,2,4,,,,,,,,,,,45433,0,0
317679,73604235166383514,,0,3300,128.0,-1050,-170.0,-780.0,,,2,4,,,,,,,,,,,45461,0,0
317680,73604235169909514,,0,3300,128.0,-1060,-260.0,,,,2,4,,,,,,,,,,,45433,0,0
317681,73604235178382550,,0,3300,128.0,-1170,-300.0,-780.0,,,2,4,,,,,,,,,,,45461,0,0
317682,73604235181909550,,0,3300,128.0,-1140,-270.0,,,,2,4,,,,,,,,,,,45433,0,0
317683,73604235918054429,,0,3300,300.0,-1050,-200.0,-750.0,,,2,4,,,,,,,,,,,45461,0,0
317684,73604236191957483,,0,3300,318.0,-1160,-300.0,,,,2,4,,,,,,,,,,,45433,0,0
317685,73604236188422483,,0,3300,318.0,-1160,-300.0,-770.0,,,2,4,,,,,,,,,,,45461,0,0
317686,73604237179523026,,0,3300,15.0,-1060,-190.0,-770.0,,,2,4,,,,,,,,,,,45461,0,0
317687,73604237183066026,,0,3300,15.0,-1080,-270.0,,,,2,4,,,,,,,,,,,45433,0,0
317688,73604237547107720,,0,3300,1.0,-1140,-300.0,-750.0,,,2,4,,,,,,,,,,,45461,0,0
317689,73604237550652720,,0,3300,1.0,-1150,-300.0,,,,2,4,,,,,,,,,,,45433,0,0
317690,73604237550652720,,0,3300,452.0,-1060,-260.0,,,,2,4,,,,,,,,,,,45433,0,0
317691,73604237547107720,,0,3300,452.0,-1030,-170.0,-760.0,,,2,4,,,,,,,,,,,45461,0,0
317692,73604237736575825,,0,3300,385.0,-1160,-300.0,-760.0,,,2,4,,,,,,,,,,,45461,0,0
317693,73604237740123825,,0,3300,385.0,-1150,-280.0,,,,2,4,,,,,,,,,,,45433,0,0
317694,73604237760112977,,0,3300,385.0,-1170,-300.0,-780.0,,,2,4,,,,,,,,,,,45461,0,0
317695,73604237763661977,,0,3300,385.0,-1160,-290.0,,,,2,4,,,,,,,,,,,45433,0,0
317696,73604237870848011,,0,3300,490.0,-970,-120.0,-760.0,,,2,4,,,,,,,,,,,45461,0,0
317697,73604237945498545,,0,3300,489.0,-970,-130.0,-680.0,44.0,,1,4,274.0,1261.0,,,,,,,,,45459,0,0
317698,73604238079861140,,0,3300,460.0,-1160,-300.0,-770.0,,,2,4,,,,,,,,,,,45458,0,0
317699,73604238244339662,,0,450,490.0,-920,-160.0,-670.0,,,2,4,,,,,,,,,,,45458,0,0
317700,73604238307316057,,0,3300,59.0,-1030,-180.0,-760.0,,,2,4,,,,,,,,,,,45461,0,0
317701,73604238330321106,,0,450,489.0,-870,-90.0,-680.0,,,2,4,,,,,,,,,,,45458,0,0
317702,73604239120400384,,0,3300,,-970,-130.0,-630.0,40.0,0.0,3,4,,,,,,,43211.0,44200.0,,23055619.0,0,0,0
317703,73604239344091423,,0,3300,281.0,-1170,-300.0,-780.0,,,2,4,,,,,,,,,,,45461,0,0
317704,73604239344091423,,0,3300,95.0,-1040,-170.0,-760.0,,,2,4,,,,,,,,,,,45461,0,0
317705,73604239631464219,,0,3300,32.0,-1160,-300.0,-770.0,,,2,4,,,,,,,,,,,45461,0,0
317706,73604239635041219,,0,3300,32.0,-1160,-300.0,,,,2,4,,,,,,,,,,,45433,0,0
317707,73604241142596584,,0,3300,410.0,-1020,-160.0,-750.0,,,2,4,,,,,,,,,,,45461,0,0
317708,73604241146179584,,0,3300,410.0,-1020,-170.0,,,,2,4,,,,,,,,,,,45433,0,0
317709,73604241154809584,,0,3300,410.0,-1150,-300.0,-760.0,,,2,4,,,,,,,,,,,45461,0,0
317710,73604241158393584,,0,3300,410.0,-1110,-200.0,,,,2,4,,,,,,,,,,,45433,0,0
317711,73604241208450577,,0,3300,412.0,-1150,-300.0,-760.0,,,2,4,,,,,,,,,,,45461,0,0
317712,73604241212035577,,0,3300,412.0,-1140,-280.0,,,,2,4,,,,,,,,,,,45433,0,0
317713,73604241236560157,,0,3300,289.0,-1140,-300.0,-750.0,,,2,4,,,,,,,,,,,45461,0,0
317714,73604241240146157,,0,3300,289.0,-1140,-300.0,,,,2,4,,,,,,,,,,,45433,0,0
317715,73604241253337056,,0,3300,289.0,-1050,-180.0,-770.0,,,2,4,,,,,,,,,,,45461,0,0
317716,73604241256924056,,0,3300,289.0,-1070,-260.0,,,,2,4,,,,,,,,,,,45433,0,0
317717,73604241564266091,,0,3102,490.0,-1050,-160.0,-750.0,,,2,4,,,,,,,,,,,45458,0,0
317718,73604241633471225,,0,3102,489.0,-960,-130.0,-740.0,,,2,4,,,,,,,,,,,45458,0,0
317719,73604241823146050,,0,3300,490.0,-970,-110.0,,,,2,4,,,,,,,,,,,45433,0,0
317720,73604241956432579,,0,3102,460.0,-1040,-170.0,-770.0,,,2,4,,,,,,,,,,,45458,0,0
317721,73604242020871658,,0,3300,460.0,-1090,-210.0,-770.0,,,2,4,,,,,,,,,,,45461,0,0
317722,73604242079695310,,0,3300,489.0,-970,-120.0,-670.0,36.0,,1,4,274.0,6074.0,,,,,,,,,45459,0,0
317723,73604242092594175,,0,450,95.0,-1030,-210.0,-710.0,,,2,4,,,,,,,,,,,45458,0,0
317724,73604242092594175,,0,450,406.0,-980,-170.0,-710.0,,,2,4,,,,,,,,,,,45458,0,0
317725,73604242182716859,,0,450,490.0,-980,-190.0,-690.0,,,2,4,,,,,,,,,,,45458,0,0
317726,73604243041618504,,0,3300,59.0,-1160,-300.0,-770.0,,,2,4,,,,,,,,,,,45461,0,0
317727,73604243401932800,,0,3300,,-970,-120.0,-640.0,10.0,0.0,3,4,,,,,,,43211.0,44200.0,,23055619.0,0,0,0
317728,73604243442373475,,0,3300,95.0,-1060,-190.0,-760.0,,,2,4,,,,,,,,,,,45461,0,0
317729,73604244440766977,,0,3300,281.0,-1070,-210.0,-760.0,,,2,4,,,,,,,,,,,45461,0,0
317730,73604244440766977,,0,3300,407.0,-1160,-300.0,-770.0,,,2,4,,,,,,,,,,,45461,0,0
317731,73604244444389977,,0,3300,407.0,-1160,-290.0,,,,2,4,,,,,,,,,,,45433,0,0
317732,73604244704068840,,0,3300,407.0,-1060,-190.0,-770.0,,,2,4,,,,,,,,,,,45461,0,0
317733,73604244707694840,,0,3300,407.0,-1080,-270.0,,,,2,4,,,,,,,,,,,45433,0,0
317734,73604245777788331,,0,3300,490.0,-970,-100.0,-770.0,,,2,4,,,,,,,,,,,45461,0,0
317735,73604246509278784,,0,3300,460.0,-1030,-160.0,-770.0,,,2,4,,,,,,,,,,,45461,0,0
317736,73604246509278784,,0,3300,446.0,-1080,-210.0,-770.0,,,2,4,,,,,,,,,,,45461,0,0
317737,73604246736698690,,0,3300,489.0,-970,-130.0,-670.0,22.0,,1,4,274.0,1645.0,,,,,,,,,45459,0,0
317738,73604246975678581,,0,1423,490.0,-960,-210.0,-600.0,,,2,4,,,,,,,,,,,45458,0,0
317739,73604246975678581,,0,1423,489.0,-820,-110.0,-600.0,,,2,4,,,,,,,,,,,45458,0,0
317740,73604247013435593,,0,3300,59.0,-1130,-300.0,-740.0,,,2,4,,,,,,,,,,,45461,0,0
317741,73604247557636096,,0,3300,,-970,-120.0,-650.0,30.0,0.0,3,4,,,,,,,43211.0,44200.0,,23055619.0,0,0,0
317742,73604248505184828,,0,3300,95.0,-1100,-220.0,-770.0,,,2,4,,,,,,,,,,,45461,0,0
317743,73604248530135940,,0,3300,281.0,-1180,-300.0,-790.0,,,2,4,,,,,,,,,,,45461,0,0
317744,73604249419363955,,0,3300,407.0,-1080,-200.0,-790.0,,,2,4,,,,,,,,,,,45461,0,0
317745,73604249423027955,,0,3300,407.0,-1110,-270.0,,,,2,4,,,,,,,,,,,45433,0,0
317746,73604249432901244,,0,3300,407.0,-1150,-300.0,-760.0,,,2,4,,,,,,,,,,,45461,0,0
317747,73604249436566244,,0,3300,407.0,-1140,-280.0,,,,2,4,,,,,,,,,,,45433,0,0
317748,73604249511920776,,0,3300,300.0,-1160,-300.0,-770.0,,,2,4,,,,,,,,,,,45461,0,0
317749,73604249855788519,,0,3300,490.0,-980,-120.0,,,,2,4,,,,,,,,,,,45433,0,0
317750,73604250231651121,,0,3300,130.0,-1140,-230.0,,,,2,4,,,,,,,,,,,45433,0,0
317751,73604250240302056,,0,3300,130.0,-1150,-300.0,-760.0,,,2,4,,,,,,,,,,,45461,0,0
317752,73604250227983121,,0,3300,130.0,-1150,-300.0,-760.0,,,2,4,,,,,,,,,,,45461,0,0
317753,73604250243971056,,0,3300,130.0,-1150,-250.0,,,,2,4,,,,,,,,,,,45433,0,0
317754,73604250806429676,,0,3300,406.0,-1070,-260.0,,,,2,4,,,,,,,,,,,45433,0,0
317755,73604250802746676,,0,3300,460.0,-1070,-190.0,-780.0,,,2,4,,,,,,,,,,,45461,0,0
317756,73604250853079088,,0,3300,453.0,-1090,-210.0,-770.0,,,2,4,,,,,,,,,,,45461,0,0
317757,73604250856763088,,0,3300,453.0,-1100,-270.0,,,,2,4,,,,,,,,,,,45433,0,0
317758,73604251098755503,,0,3300,489.0,-970,-110.0,-680.0,32.0,,1,4,274.0,1773.0,,,,,,,,,45459,0,0
317759,73604251129838234,,0,450,489.0,-860,-50.0,-720.0,,,2,4,,,,,,,,,,,45458,0,0
317760,73604251129838234,,0,450,490.0,-980,-160.0,-720.0,,,2,4,,,,,,,,,,,45458,0,0
317761,73604251867348992,,0,3300,,-970,-120.0,-650.0,30.0,0.0,3,4,,,,,,,43211.0,44200.0,,23055619.0,0,0,0
317762,73604252778669018,,0,3300,95.0,-1160,-300.0,-770.0,,,2,4,,,,,,,,,,,45461,0,0
317763,73604252778669018,,0,3300,456.0,-1180,-300.0,-790.0,,,2,4,,,,,,,,,,,45461,0,0
317764,73604252782373018,,0,3300,456.0,-1170,-300.0,,,,2,4,,,,,,,,,,,45433,0,0
317765,73604252947692479,,0,3300,59.0,-1160,-300.0,-770.0,,,2,4,,,,,,,,,,,45461,0,0
317766,73604253020570145,,0,3300,281.0,-1080,-220.0,,,,2,4,,,,,,,,,,,45433,0,0
317767,73604253788607642,,0,3300,490.0,-970,-110.0,-770.0,,,2,4,,,,,,,,,,,45461,0,0
317768,73604253816751449,,0,3300,436.0,-1070,-200.0,-770.0,,,2,4,,,,,,,,,,,45461,0,0
317769,73604253820463449,,0,3300,436.0,-1080,-250.0,,,,2,4,,,,,,,,,,,45433,0,0
317770,73604253837241392,,0,3300,436.0,-1050,-230.0,,,,2,4,,,,,,,,,,,45433,0,0
317771,73604253833528392,,0,3300,436.0,-1040,-190.0,-760.0,,,2,4,,,,,,,,,,,45461,0,0
317772,73604254300024679,,0,450,406.0,-1070,-300.0,-680.0,,,2,4,,,,,,,,,,,45458,0,0
317773,73604254480292871,,0,3300,5.0,-1150,-300.0,-760.0,,,2,4,,,,,,,,,,,45461,0,0
317774,73604254480292871,,0,3300,354.0,-1160,-300.0,-770.0,,,2,4,,,,,,,,,,,45461,0,0
317775,73604254484025871,,0,3300,354.0,-1160,-300.0,,,,2,4,,,,,,,,,,,45433,0,0
317776,73604254484025871,,0,3300,5.0,-1150,-300.0,,,,2,4,,,,,,,,,,,45433,0,0
317777,73604256077578240,,0,3300,,-970,-130.0,-650.0,10.0,0.0,3,4,,,,,,,43211.0,44200.0,,23055619.0,0,0,0
317778,73604256525485840,,0,3300,460.0,-1160,-290.0,,,,2,4,,,,,,,,,,,45433,0,0
317779,73604256964656723,,0,3300,95.0,-1060,-180.0,-760.0,,,2,4,,,,,,,,,,,45461,0,0
317780,73604256968397723,,0,3300,59.0,-1050,-250.0,,,,2,4,,,,,,,,,,,45433,0,0
317781,73604256991561909,,0,3300,281.0,-1030,-180.0,-750.0,,,2,4,,,,,,,,,,,45461,0,0
317782,73604257205664556,,0,3300,489.0,-970,-110.0,-670.0,13.0,,1,4,274.0,9324.0,,,,,,,,,45459,0,0
317783,73604257346385036,,0,1423,489.0,-820,-100.0,-620.0,,,2,4,,,,,,,,,,,45458,0,0
317784,73604257346385036,,0,1423,490.0,-920,-170.0,-620.0,,,2,4,,,,,,,,,,,45458,0,0
317785,73604258602224899,,0,3300,490.0,-970,-100.0,-760.0,,,2,4,,,,,,,,,,,45461,0,0
317786,73604258654218542,,0,3300,300.0,-1060,-250.0,,,,2,4,,,,,,,,,,,45433,0,0
317787,73604260283809792,,0,3300,,-970,-120.0,-640.0,30.0,0.0,3,4,,,,,,,43211.0,44200.0,,23055619.0,0,0,0
317788,73604260281190503,,0,3300,227.0,-1160,-300.0,-770.0,,,2,4,,,,,,,,,,,45461,0,0
317789,73604260459074084,,0,3300,460.0,-1160,-300.0,-770.0,,,2,4,,,,,,,,,,,45461,0,0
317790,73604261895680236,,0,3300,95.0,-1160,-280.0,,,,2,4,,,,,,,,,,,45433,0,0
317791,73604262064953900,,0,3102,490.0,-1070,-190.0,-740.0,,,2,4,,,,,,,,,,,45458,0,0
317792,73604262081731417,,0,3102,489.0,-960,-130.0,-740.0,,,2,4,,,,,,,,,,,45458,0,0
317793,73604262836806001,,0,3300,490.0,-970,-120.0,-760.0,,,2,4,,,,,,,,,,,45461,0,0
317794,73604263081702042,,0,3300,59.0,-1160,-300.0,-770.0,,,2,4,,,,,,,,,,,45461,0,0
317795,73604264019122541,,0,3300,281.0,-1020,-180.0,-750.0,,,2,4,,,,,,,,,,,45461,0,0
317796,73604264455700480,,0,3300,,-970,-130.0,-630.0,0.0,0.0,3,4,,,,,,,43211.0,44200.0,,23055619.0,0,0,0
317797,73604264421018600,,0,3300,460.0,-1150,-290.0,,,,2,4,,,,,,,,,,,45433,0,0
317798,73604266186724957,,0,3300,95.0,-1080,-220.0,-770.0,,,2,4,,,,,,,,,,,45461,0,0
317799,73604266783505917,,0,450,489.0,-880,-110.0,-670.0,,,2,4,,,,,,,,,,,45458,0,0
317800,73604266783505917,,0,450,490.0,-1060,-300.0,-670.0,,,2,4,,,,,,,,,,,45458,0,0
317801,73604266878896108,,0,450,406.0,-1080,-300.0,-690.0,,,2,4,,,,,,,,,,,45461,0,0
317802,73604266878896108,,0,450,356.0,-1070,-300.0,-680.0,,,2,4,,,,,,,,,,,45461,0,0
317803,73604266882717108,,0,450,460.0,-1050,-280.0,,,,2,4,,,,,,,,,,,45433,0,0
317804,73604266920517393,,0,450,95.0,-1070,-300.0,-680.0,,,2,4,,,,,,,,,,,45461,0,0
317805,73604266937183694,,0,450,407.0,-1000,-230.0,-670.0,,,2,4,,,,,,,,,,,45461,0,0
317806,73604267001002210,,0,450,347.0,-960,-190.0,-670.0,,,2,4,,,,,,,,,,,45461,0,0
317807,73604267102371840,,0,450,,-850,-90.0,-550.0,50.0,0.0,3,4,,,,,,,43211.0,44200.0,,23055639.0,0,0,0
317808,73604267178768176,,0,450,148.0,-1080,-300.0,-690.0,,,2,4,,,,,,,,,,,45461,0,0
317809,73604270846312778,,0,450,490.0,-1070,-300.0,-680.0,,,2,4,,,,,,,,,,,45461,0,0
317810,73604270846312778,,0,450,406.0,-1080,-300.0,-690.0,,,2,4,,,,,,,,,,,45461,0,0
317811,73604270846312778,,0,450,460.0,-1030,-200.0,-730.0,,,2,4,,,,,,,,,,,45461,0,0
317812,73604270863073070,,0,450,95.0,-1070,-300.0,-680.0,,,2,4,,,,,,,,,,,45461,0,0
317813,73604270879850028,,0,450,407.0,-1080,-300.0,-690.0,,,2,4,,,,,,,,,,,45461,0,0
317814,73604271097271041,,0,450,489.0,-840,-80.0,-590.0,65.0,,1,4,274.0,10220.0,,,,,,,,,45459,0,0
317815,73604271163333727,,0,3300,489.0,-1000,-140.0,-760.0,,,2,4,,,,,,,,,,,45458,0,0
317816,73604271163333727,,0,3300,490.0,-980,-100.0,-760.0,,,2,4,,,,,,,,,,,45458,0,0
317817,73604271163333727,,0,3300,460.0,-1160,-300.0,-770.0,,,2,4,,,,,,,,,,,45458,0,0
317818,73604271226301035,,0,1423,489.0,-830,-130.0,-600.0,,,2,4,,,,,,,,,,,45458,0,0
317819,73604271255661266,,0,1423,490.0,-870,-190.0,-590.0,,,2,4,,,,,,,,,,,45458,0,0
317820,73604271501869056,,0,3300,,-1000,-140.0,-660.0,10.0,0.0,3,4,,,,,,,43211.0,44200.0,,23055618.0,0,0,0
317821,73604275185689990,,0,1423,489.0,-830,-120.0,-600.0,,,2,4,,,,,,,,,,,45458,0,0
317822,73604275227632569,,0,1423,490.0,-930,-200.0,-580.0,,,2,4,,,,,,,,,,,45458,0,0
317823,73604275655540736,,0,3300,,-1000,-150.0,-630.0,-30.0,0.0,3,4,,,,,,,43211.0,44200.0,,23055618.0,0,0,0
317824,73604276181168575,,0,3300,489.0,-1000,-150.0,-750.0,,,2,4,,,,,,,,,,,45461,0,0
317825,73604276185061575,,0,3300,95.0,-1140,-280.0,,,,2,4,,,,,,,,,,,45433,0,0
317826,73604276237806865,,0,3300,460.0,-1150,-300.0,,,,2,4,,,,,,,,,,,45433,0,0
317827,73604276228231619,,0,3300,490.0,-1000,-150.0,-660.0,-21.0,,1,4,274.0,1576.0,,,,,,,,,45459,0,0
317828,73604276578246755,,0,425,90.0,-1100,-300.0,-710.0,,,2,4,,,,,,,,,,,45458,0,0
317829,73604279788371968,,0,3300,,-1000,-150.0,-650.0,-20.0,0.0,3,4,,,,,,,43211.0,44200.0,,23055618.0,0,0,0
317830,73604280156847660,,0,3300,489.0,-1010,-140.0,-750.0,,,2,4,,,,,,,,,,,45458,0,0
317831,73604280223842282,,0,3300,490.0,-1000,-140.0,-670.0,-15.0,,1,4,274.0,10220.0,,,,,,,,,45459,0,0
317832,73604280310470341,,0,1423,489.0,-820,-140.0,-580.0,,,2,4,,,,,,,,,,,45458,0,0
317833,73604280323052420,,0,3102,460.0,-1040,-200.0,-750.0,,,2,4,,,,,,,,,,,45458,0,0
317834,73604280323052420,,0,3102,489.0,-970,-140.0,-740.0,,,2,4,,,,,,,,,,,45458,0,0
317835,73604280310470341,,0,1423,490.0,-860,-180.0,-580.0,,,2,4,,,,,,,,,,,45458,0,0
317836,73604280400646255,,0,3102,490.0,-1050,-170.0,-740.0,,,2,4,,,,,,,,,,,45458,0,0
317837,73604280773968258,,0,3300,95.0,-1150,-300.0,-760.0,,,2,4,,,,,,,,,,,45461,0,0
317838,73604284144615424,,0,3300,,-1000,-150.0,-650.0,-30.0,0.0,3,4,,,,,,,43211.0,44200.0,,23055618.0,0,0,0
317839,73604284286275447,,0,3102,489.0,-970,-130.0,-750.0,,,2,4,,,,,,,,,,,45458,0,0
317840,73604284340801289,,0,3102,490.0,-1140,-300.0,-750.0,,,2,4,,,,,,,,,,,45458,0,0
317841,73604284764425731,,0,3102,460.0,-1040,-180.0,-760.0,,,2,4,,,,,,,,,,,45458,0,0
317842,73604285641761569,,0,3300,490.0,-1000,-140.0,-660.0,-25.0,,1,4,274.0,1099.0,,,,,,,,,45459,0,0
317843,73604285646334039,,0,3300,460.0,-1160,-300.0,-770.0,,,2,4,,,,,,,,,,,45461,0,0
317844,73604285650245039,,0,3300,489.0,-1020,-160.0,,,,2,4,,,,,,,,,,,45433,0,0
317845,73604285646334039,,0,3300,95.0,-1160,-300.0,-760.0,,,2,4,,,,,,,,,,,45461,0,0
317846,73604286070998781,,0,1423,489.0,-820,-110.0,-610.0,,,2,4,,,,,,,,,,,45458,0,0
317847,73604286056319595,,0,1423,490.0,-920,-170.0,-610.0,,,2,4,,,,,,,,,,,45458,0,0
317848,73604288384335872,,0,3300,,-1010,-150.0,-640.0,-30.0,0.0,3,4,,,,,,,43211.0,44200.0,,23055618.0,0,0,0
317849,73604290779064978,,0,3102,489.0,-990,-130.0,-760.0,,,2,4,,,,,,,,,,,45458,0,0
317850,73604290831495163,,0,3102,460.0,-1070,-190.0,-750.0,,,2,4,,,,,,,,,,,45458,0,0
317851,73604290850370507,,0,3102,490.0,-1040,-190.0,-750.0,,,2,4,,,,,,,,,,,45458,0,0
317852,73604292585455616,,0,3300,,-1000,-150.0,-650.0,-20.0,0.0,3,4,,,,,,,43211.0,44200.0,,23055618.0,0,0,0
317853,73604294115461457,,0,3300,490.0,-1000,-150.0,-660.0,-24.0,,1,4,274.0,10092.0,,,,,,,,,45459,0,0
317854,73604294140835717,,0,3300,489.0,-1010,-150.0,,,,2,4,,,,,,,,,,,45433,0,0
317855,73604294136919717,,0,3300,95.0,-1150,-300.0,-760.0,,,2,4,,,,,,,,,,,45461,0,0
317856,73604296578760704,,0,3300,,-1000,-140.0,-640.0,-20.0,0.0,3,4,,,,,,,43211.0,44200.0,,23055618.0,0,0,0
317857,73604298477499495,,0,3300,490.0,-1000,-140.0,-670.0,-7.0,,1,4,274.0,10220.0,,,,,,,,,45459,0,0
317858,73604298544553888,,0,3300,489.0,-1010,-140.0,-760.0,,,2,4,,,,,,,,,,,45458,0,0
317859,73604298544553888,,0,3300,460.0,-1090,-210.0,-780.0,,,2,4,,,,,,,,,,,45458,0,0
317860,73604298584046263,,0,3102,489.0,-980,-140.0,-750.0,,,2,4,,,,,,,,,,,45458,0,0
317861,73604298619699698,,0,3102,490.0,-1100,-210.0,-750.0,,,2,4,,,,,,,,,,,45458,0,0
317862,73604300779552768,,0,3300,,-1000,-150.0,-640.0,-30.0,0.0,3,4,,,,,,,43211.0,44200.0,,23055618.0,0,0,0
317863,73604302570921045,,0,3300,489.0,-970,-110.0,-680.0,28.0,,1,4,274.0,1645.0,,,,,,,,,45459,0,0
317864,73604302571766318,,0,3300,490.0,-980,-110.0,-770.0,,,2,4,,,,,,,,,,,45458,0,0
317865,73604302638174344,,0,3300,59.0,-1060,-210.0,-750.0,,,2,4,,,,,,,,,,,45458,0,0
317866,73604302790540436,,0,1423,490.0,-890,-160.0,-590.0,,,2,4,,,,,,,,,,,45458,0,0
317867,73604302790540436,,0,1423,489.0,-820,-130.0,-590.0,,,2,4,,,,,,,,,,,45458,0,0
317868,73604302970060106,,0,3300,392.0,-1080,-210.0,-750.0,,,2,4,,,,,,,,,,,45461,0,0
317869,73604302970060106,,0,3300,460.0,-1060,-210.0,-750.0,,,2,4,,,,,,,,,,,45461,0,0
317870,73604302973995106,,0,3300,392.0,-1090,-270.0,,,,2,4,,,,,,,,,,,45433,0,0
317871,73604302970060106,,0,3300,95.0,-1030,-180.0,-750.0,,,2,4,,,,,,,,,,,45461,0,0
317872,73604303472745535,,0,3300,281.0,-1160,-300.0,,,,2,4,,,,,,,,,,,45433,0,0
317873,73604304406283031,,0,3300,407.0,-1160,-300.0,-770.0,,,2,4,,,,,,,,,,,45461,0,0
317874,73604304982966272,,0,3300,,-970,-120.0,-640.0,30.0,0.0,3,4,,,,,,,43211.0,44200.0,,23055619.0,0,0,0
317875,73604306513385858,,0,3300,490.0,-970,-120.0,-760.0,,,2,4,,,,,,,,,,,45461,0,0
317876,73604306664525892,,0,3300,489.0,-970,-140.0,-660.0,14.0,,1,4,274.0,1261.0,,,,,,,,,45459,0,0
317877,73604306932433116,,0,3102,460.0,-1040,-190.0,-760.0,,,2,4,,,,,,,,,,,45458,0,0
317878,73604306902556613,,0,3300,406.0,-1060,-200.0,-770.0,,,2,4,,,,,,,,,,,45461,0,0
317879,73604306943648672,,0,3300,95.0,-1070,-240.0,,,,2,4,,,,,,,,,,,45433,0,0
317880,73604306943648672,,0,3300,460.0,-1140,-260.0,,,,2,4,,,,,,,,,,,45433,0,0
317881,73604306863226875,,0,3102,489.0,-970,-140.0,-740.0,,,2,4,,,,,,,,,,,45458,0,0
317882,73604307063735270,,0,3300,59.0,-1160,-300.0,-770.0,,,2,4,,,,,,,,,,,45461,0,0
317883,73604309270265856,,0,3300,,-970,-120.0,-650.0,0.0,0.0,3,4,,,,,,,43211.0,44200.0,,23055619.0,0,0,0
317884,73604309300810077,,0,3300,281.0,-1150,-300.0,-760.0,,,2,4,,,,,,,,,,,45461,0,0
317885,73604310580996023,,0,3300,490.0,-960,-110.0,,,,2,4,,,,,,,,,,,45433,0,0
317886,73604311161439883,,0,3300,460.0,-1130,-270.0,,,,2,4,,,,,,,,,,,45433,0,0
317887,73604311157451883,,0,3300,95.0,-1140,-300.0,-750.0,,,2,4,,,,,,,,,,,45461,0,0
317888,73604311581796486,,0,3102,460.0,-1120,-300.0,-730.0,,,2,4,,,,,,,,,,,45458,0,0
317889,73604311581796486,,0,3102,489.0,-960,-140.0,-730.0,,,2,4,,,,,,,,,,,45458,0,0
317890,73604311832138001,,0,3300,59.0,-1130,-300.0,-740.0,,,2,4,,,,,,,,,,,45458,0,0
317891,73604311831914757,,0,3300,489.0,-980,-120.0,-670.0,9.0,,1,4,274.0,10092.0,,,,,,,,,45459,0,0
317892,73604313510248448,,0,3300,,-970,-120.0,-640.0,0.0,0.0,3,4,,,,,,,43211.0,44200.0,,23055619.0,0,0,0
317893,73604314139835251,,0,3300,281.0,-1150,-300.0,-760.0,,,2,4,,,,,,,,,,,45461,0,0
317894,73604314577307935,,0,3300,490.0,-960,-110.0,-760.0,,,2,4,,,,,,,,,,,45461,0,0
317895,73604315086021432,,0,3300,300.0,-1140,-300.0,-750.0,,,2,4,,,,,,,,,,,45461,0,0
317896,73604315090036432,,0,3300,95.0,-1150,-290.0,,,,2,4,,,,,,,,,,,45433,0,0
317897,73604315385962742,,0,3300,460.0,-1030,-170.0,-760.0,,,2,4,,,,,,,,,,,45461,0,0
317898,73604315936200891,,0,3300,59.0,-1140,-300.0,-750.0,,,2,4,,,,,,,,,,,45461,0,0
317899,73604316126813486,,0,3300,489.0,-970,-140.0,-670.0,21.0,,1,4,274.0,1901.0,,,,,,,,,45459,0,0
317900,73604316528620137,,0,450,489.0,-870,-90.0,-690.0,,,2,4,,,,,,,,,,,45458,0,0
317901,73604316543300293,,0,450,490.0,-950,-190.0,-670.0,,,2,4,,,,,,,,,,,45458,0,0
317902,73604316676755741,,0,450,406.0,-1070,-300.0,-680.0,,,2,4,,,,,,,,,,,45461,0,0
317903,73604316676755741,,0,450,491.0,-1070,-300.0,-680.0,,,2,4,,,,,,,,,,,45461,0,0
317904,73604316680800741,,0,450,407.0,-1070,-300.0,,,,2,4,,,,,,,,,,,45433,0,0
317905,73604316901889099,,0,450,460.0,-980,-240.0,,,,2,4,,,,,,,,,,,45433,0,0
317906,73604316914612303,,0,450,95.0,-1000,-200.0,-680.0,,,2,4,,,,,,,,,,,45461,0,0
317907,73604317067904580,,0,1423,489.0,-820,-100.0,-630.0,,,2,4,,,,,,,,,,,45458,0,0
317908,73604316773220352,,0,450,,-860,-90.0,-550.0,20.0,0.0,3,4,,,,,,,43211.0,44200.0,,23055639.0,0,0,0
317909,73604317086780173,,0,1423,460.0,-990,-210.0,-640.0,,,2,4,,,,,,,,,,,45458,0,0
317910,73604316740831936,,0,450,347.0,-950,-180.0,,,,2,4,,,,,,,,,,,45433,0,0
317911,73604317107750182,,0,1423,490.0,-930,-200.0,-590.0,,,2,4,,,,,,,,,,,45458,0,0
317912,73604316793820548,,0,450,343.0,-950,-180.0,-680.0,,,2,4,,,,,,,,,,,45461,0,0
317913,73604316797868548,,0,450,343.0,-970,-260.0,,,,2,4,,,,,,,,,,,45433,0,0
317914,73604316810597844,,0,450,343.0,-1060,-300.0,-670.0,,,2,4,,,,,,,,,,,45461,0,0
317915,73604316814646844,,0,450,343.0,-1050,-270.0,,,,2,4,,,,,,,,,,,45433,0,0
317916,73604316827374576,,0,450,343.0,-1060,-300.0,-670.0,,,2,4,,,,,,,,,,,45461,0,0
317917,73604316840164238,,0,450,343.0,-1060,-300.0,-670.0,,,2,4,,,,,,,,,,,45461,0,0
317918,73604316831424576,,0,450,343.0,-1060,-280.0,,,,2,4,,,,,,,,,,,45433,0,0
317919,73604316844215238,,0,450,343.0,-1060,-280.0,,,,2,4,,,,,,,,,,,45433,0,0
317920,73604316999225818,,0,450,489.0,-840,-40.0,-630.0,8.0,,1,4,274.0,1517.0,,,,,,,,,45459,0,0
317921,73604317796516051,,0,450,355.0,-1050,-300.0,,,,2,4,,,,,,,,,,,45433,0,0
317922,73604317792443051,,0,450,355.0,-1050,-300.0,-660.0,,,2,4,,,,,,,,,,,45461,0,0
317923,73604318387892856,,0,450,356.0,-1060,-300.0,,,,2,4,,,,,,,,,,,45433,0,0
317924,73604320663701389,,0,450,406.0,-1060,-300.0,,,,2,4,,,,,,,,,,,45433,0,0
317925,73604320803844693,,0,450,490.0,-970,-200.0,,,,2,4,,,,,,,,,,,45433,0,0
317926,73604320867778560,,0,450,,-860,-90.0,-550.0,60.0,0.0,3,4,,,,,,,43211.0,44200.0,,23055639.0,0,0,0
317927,73604321056007279,,0,450,460.0,-1060,-300.0,-670.0,,,2,4,,,,,,,,,,,45461,0,0
317928,73604321315089969,,0,450,407.0,-1060,-300.0,,,,2,4,,,,,,,,,,,45433,0,0
317929,73604321381412623,,0,450,347.0,-1070,-300.0,-680.0,,,2,4,,,,,,,,,,,45461,0,0
317930,73604321629768275,,0,450,489.0,-830,-110.0,-540.0,16.0,,1,4,274.0,9324.0,,,,,,,,,45459,0,0
317931,73604321744590144,,0,1423,489.0,-820,-120.0,-600.0,,,2,4,,,,,,,,,,,45458,0,0
317932,73604321744590144,,0,1423,490.0,-910,-170.0,-600.0,,,2,4,,,,,,,,,,,45458,0,0
317933,73604322020199761,,0,450,491.0,-960,-200.0,-670.0,,,2,4,,,,,,,,,,,45461,0,0
317934,73604324194468654,,0,450,55.0,-960,-190.0,-660.0,,,2,4,,,,,,,,,,,45461,0,0
317935,73604324198634654,,0,450,274.0,-1000,-260.0,,,,2,4,,,,,,,,,,,45433,0,0
317936,73604324194468654,,0,450,274.0,-990,-220.0,-660.0,,,2,4,,,,,,,,,,,45461,0,0
317937,73604324198634654,,0,450,55.0,-970,-250.0,,,,2,4,,,,,,,,,,,45433,0,0
317938,73604324617362279,,0,450,406.0,-970,-200.0,-680.0,,,2,4,,,,,,,,,,,45461,0,0
317939,73604324755637793,,0,450,490.0,-1040,-230.0,,,,2,4,,,,,,,,,,,45433,0,0
317940,73604325076959232,,0,450,,-860,-90.0,-610.0,40.0,0.0,3,4,,,,,,,43211.0,44200.0,,23055639.0,0,0,0
317941,73604325725459249,,0,450,407.0,-1080,-300.0,,,,2,4,,,,,,,,,,,45433,0,0
317942,73604325861053553,,0,450,489.0,-850,-70.0,-610.0,18.0,,1,4,274.0,9203.0,,,,,,,,,45459,0,0
317943,73604325869849521,,0,450,442.0,-1060,-300.0,,,,2,4,,,,,,,,,,,45433,0,0
317944,73604325865667521,,0,450,442.0,-1060,-300.0,-670.0,,,2,4,,,,,,,,,,,45461,0,0
317945,73604325873059015,,0,1423,489.0,-830,-120.0,-610.0,,,2,4,,,,,,,,,,,45458,0,0
317946,73604325873059015,,0,1423,490.0,-870,-170.0,-610.0,,,2,4,,,,,,,,,,,45458,0,0
317947,73604325944882042,,0,450,347.0,-1060,-300.0,,,,2,4,,,,,,,,,,,45433,0,0
317948,73604326035492101,,0,450,460.0,-1050,-280.0,,,,2,4,,,,,,,,,,,45433,0,0
317949,73604326193863054,,0,3300,490.0,-980,-130.0,-760.0,,,2,4,,,,,,,,,,,45458,0,0
317950,73604326193863054,,0,3300,489.0,-1030,-170.0,-760.0,,,2,4,,,,,,,,,,,45458,0,0
317951,73604326193863054,,0,3300,95.0,-1060,-190.0,-760.0,,,2,4,,,,,,,,,,,45458,0,0
317952,73604326193863054,,0,3300,281.0,-1030,-180.0,-750.0,,,2,4,,,,,,,,,,,45458,0,0
317953,73604326716287005,,0,450,491.0,-1060,-300.0,-670.0,,,2,4,,,,,,,,,,,45461,0,0
317954,73604328064747979,,0,450,95.0,-1060,-300.0,-670.0,,,2,4,,,,,,,,,,,45461,0,0
317955,73604328565965917,,0,450,406.0,-1060,-300.0,-670.0,,,2,4,,,,,,,,,,,45461,0,0
317956,73604328889721732,,0,450,490.0,-980,-210.0,,,,2,4,,,,,,,,,,,45433,0,0
317957,73604329192835458,,0,3300,460.0,-1050,-160.0,-800.0,,,2,4,,,,,,,,,,,45458,0,0
317958,73604329320808448,,0,3300,,-1000,-130.0,-640.0,-20.0,0.0,3,4,,,,,,,43211.0,44200.0,,23055618.0,0,0,0
317959,73604329252342627,,0,3102,489.0,-950,-110.0,-750.0,,,2,4,,,,,,,,,,,45458,0,0
317960,73604329394949614,,0,3102,490.0,-1140,-300.0,-750.0,,,2,4,,,,,,,,,,,45458,0,0
317961,73604329462058648,,0,3102,460.0,-1060,-180.0,-750.0,,,2,4,,,,,,,,,,,45458,0,0
317962,73604333194971145,,0,3102,489.0,-990,-150.0,-750.0,,,2,4,,,,,,,,,,,45458,0,0
317963,73604333438239694,,0,3102,460.0,-1010,-160.0,-760.0,,,2,4,,,,,,,,,,,45458,0,0
317964,73604333550239744,,0,3300,,-1000,-140.0,-640.0,-20.0,0.0,3,4,,,,,,,43211.0,44200.0,,23055618.0,0,0,0
317965,73604333843456361,,0,3300,490.0,-1000,-150.0,-670.0,-18.0,,1,4,274.0,1901.0,,,,,,,,,45459,0,0
317966,73604333910709523,,0,3300,489.0,-980,-110.0,-750.0,,,2,4,,,,,,,,,,,45458,0,0
317967,73604333910709523,,0,3300,95.0,-1060,-180.0,-780.0,,,2,4,,,,,,,,,,,45458,0,0
317968,73604337781768192,,0,3300,,-1000,-140.0,-650.0,-10.0,0.0,3,4,,,,,,,43211.0,44200.0,,23055618.0,0,0,0
317969,73604338205541848,,0,3300,490.0,-1000,-140.0,-670.0,-20.0,,1,4,274.0,10220.0,,,,,,,,,45459,0,0
317970,73604338205657078,,0,3300,489.0,-1000,-150.0,-750.0,,,2,4,,,,,,,,,,,45458,0,0
317971,73604338205657078,,0,3300,95.0,-1040,-190.0,-750.0,,,2,4,,,,,,,,,,,45458,0,0
317972,73604338205657078,,0,3300,460.0,-1150,-300.0,-760.0,,,2,4,,,,,,,,,,,45458,0,0
317973,73604338246294826,,0,3102,489.0,-990,-160.0,-740.0,,,2,4,,,,,,,,,,,45458,0,0
317974,73604341935767552,,0,3300,,-1000,-150.0,-640.0,-30.0,0.0,3,4,,,,,,,43211.0,44200.0,,23055618.0,0,0,0
317975,73604342430710478,,0,3300,490.0,-1010,-150.0,-670.0,-15.0,,1,4,274.0,1896.0,,,,,,,,,45459,0,0
317976,73604342436020604,,0,3300,489.0,-1020,-160.0,-750.0,,,2,4,,,,,,,,,,,45461,0,0
317977,73604342436020604,,0,3300,460.0,-1140,-300.0,-750.0,,,2,4,,,,,,,,,,,45461,0,0
317978,73604342457655680,,0,3102,489.0,-960,-120.0,-750.0,,,2,4,,,,,,,,,,,45458,0,0
317979,73604342442974817,,0,3102,460.0,-1010,-170.0,-750.0,,,2,4,,,,,,,,,,,45458,0,0
317980,73604342476529376,,0,3102,490.0,-1020,-170.0,-740.0,,,2,4,,,,,,,,,,,45458,0,0
317981,73604346145538048,,0,3300,,-1000,-150.0,-650.0,-20.0,0.0,3,4,,,,,,,43211.0,44200.0,,23055618.0,0,0,0
317982,73604346862480067,,0,3300,490.0,-1000,-150.0,-660.0,-27.0,,1,4,274.0,1133.0,,,,,,,,,45459,0,0
317983,73604346929749748,,0,3300,489.0,-1000,-130.0,-770.0,,,2,4,,,,,,,,,,,45458,0,0
317984,73604346929749748,,0,3300,95.0,-1060,-190.0,-780.0,,,2,4,,,,,,,,,,,45458,0,0
317985,73604347216013997,,0,3102,489.0,-980,-120.0,-760.0,,,2,4,,,,,,,,,,,45458,0,0
317986,73604347216013997,,0,3102,460.0,-1100,-220.0,-760.0,,,2,4,,,,,,,,,,,45458,0,0
317987,73604347494934011,,0,3102,490.0,-1070,-180.0,-760.0,,,2,4,,,,,,,,,,,45458,0,0
317988,73604350402101248,,0,3300,,-1000,-150.0,-630.0,-30.0,0.0,3,4,,,,,,,43211.0,44200.0,,23055618.0,0,0,0
317989,73604351164915459,,0,3102,489.0,-960,-130.0,-740.0,,,2,4,,,,,,,,,,,45458,0,0
317990,73604351934568627,,0,1423,489.0,-820,-130.0,-590.0,,,2,4,,,,,,,,,,,45458,0,0
317991,73604351934568627,,0,1423,490.0,-890,-160.0,-590.0,,,2,4,,,,,,,,,,,45458,0,0
317992,73604352112824257,,0,3102,490.0,-1050,-210.0,-750.0,,,2,4,,,,,,,,,,,45458,0,0
317993,73604352112824257,,0,3102,460.0,-1110,-210.0,-760.0,,,2,4,,,,,,,,,,,45458,0,0
317994,73604354378636088,,0,3300,490.0,-1010,-140.0,-670.0,-24.0,,1,4,274.0,1133.0,,,,,,,,,45459,0,0
317995,73604354445890151,,0,3300,95.0,-1150,-300.0,-760.0,,,2,4,,,,,,,,,,,45458,0,0
317996,73604354445890151,,0,3300,489.0,-1000,-130.0,-770.0,,,2,4,,,,,,,,,,,45458,0,0
317997,73604354445890151,,0,3300,460.0,-1040,-180.0,-760.0,,,2,4,,,,,,,,,,,45458,0,0
317998,73604354650079232,,0,3300,,-1000,-130.0,-650.0,0.0,0.0,3,4,,,,,,,43211.0,44200.0,,23055618.0,0,0,0
317999,73604357964991757,,0,1423,490.0,-910,-170.0,-600.0,,,2,4,,,,,,,,,,,45458,0,0
318000,73604358139054861,,0,3102,489.0,-990,-150.0,-740.0,,,2,4,,,,,,,,,,,45458,0,0
318001,73604358541706960,,0,3102,490.0,-1080,-220.0,-720.0,,,2,4,,,,,,,,,,,45458,0,0
318002,73604358859259904,,0,3300,,-1000,-150.0,-640.0,-30.0,0.0,3,4,,,,,,,43211.0,44200.0,,23055618.0,0,0,0
318003,73604359795798744,,0,3102,460.0,-1130,-300.0,-740.0,,,2,4,,,,,,,,,,,45458,0,0
318004,73604360777260074,,0,3102,95.0,-1140,-300.0,-740.0,,,2,4,,,,,,,,,,,45458,0,0
318005,73604360921388874,,0,3300,489.0,-1010,-140.0,-750.0,,,2,4,,,,,,,,,,,45461,0,0
318006,73604360921388874,,0,3300,460.0,-1150,-300.0,-760.0,,,2,4,,,,,,,,,,,45461,0,0
318007,73604360925676874,,0,3300,95.0,-1150,-290.0,,,,2,4,,,,,,,,,,,45433,0,0
318008,73604362383670256,,0,3102,489.0,-980,-130.0,-750.0,,,2,4,,,,,,,,,,,45458,0,0
318009,73604362492721226,,0,3102,490.0,-1110,-220.0,-750.0,,,2,4,,,,,,,,,,,45458,0,0
318010,73604362632969309,,0,3300,490.0,-1000,-140.0,-670.0,-12.0,,1,4,274.0,1517.0,,,,,,,,,45459,0,0
318011,73604363150819328,,0,3300,,-1000,-140.0,-650.0,-20.0,0.0,3,4,,,,,,,43211.0,44200.0,,23055618.0,0,0,0
318012,73604366726618832,,0,3300,490.0,-990,-150.0,-660.0,-32.0,,1,4,274.0,9324.0,,,,,,,,,45459,0,0
318013,73604366726735930,,0,3300,460.0,-1070,-230.0,-750.0,,,2,4,,,,,,,,,,,45458,0,0
318014,73604366726735930,,0,3300,489.0,-990,-150.0,-750.0,,,2,4,,,,,,,,,,,45458,0,0
318015,73604366726735930,,0,3300,95.0,-1050,-200.0,-740.0,,,2,4,,,,,,,,,,,45458,0,0
318016,73604366898910244,,0,3102,489.0,-1000,-170.0,-740.0,,,2,4,,,,,,,,,,,45458,0,0
318017,73604367419834368,,0,3300,,-1000,-150.0,-650.0,-30.0,0.0,3,4,,,,,,,43211.0,44200.0,,23055618.0,0,0,0
318018,73604371567542272,,0,3300,,-1000,-140.0,-650.0,-20.0,0.0,3,4,,,,,,,43211.0,44200.0,,23055618.0,0,0,0
318019,73604371696916769,,0,3300,490.0,-1000,-140.0,-660.0,-23.0,,1,4,274.0,1389.0,,,,,,,,,45459,0,0
318020,73604371696918121,,0,3300,460.0,-1160,-300.0,-770.0,,,2,4,,,,,,,,,,,45461,0,0
318021,73604371701236121,,0,3300,489.0,-1000,-140.0,,,,2,4,,,,,,,,,,,45433,0,0
318022,73604371705972939,,0,1423,490.0,-940,-210.0,-580.0,,,2,4,,,,,,,,,,,45458,0,0
318023,73604371720653892,,0,1423,489.0,-820,-130.0,-590.0,,,2,4,,,,,,,,,,,45458,0,0
318024,73604371754208214,,0,1423,406.0,-860,-180.0,-590.0,,,2,4,,,,,,,,,,,45458,0,0
318025,73604375810015232,,0,3300,,-1000,-150.0,-640.0,-30.0,0.0,3,4,,,,,,,43211.0,44200.0,,23055618.0,0,0,0
318026,73604376384942937,,0,3300,490.0,-1000,-140.0,-670.0,-19.0,,1,4,274.0,1123.0,,,,,,,,,45459,0,0
318027,73604376397898454,,0,3102,489.0,-990,-160.0,-740.0,,,2,4,,,,,,,,,,,45458,0,0
318028,73604379326458158,,0,3300,95.0,-1150,-300.0,-760.0,,,2,4,,,,,,,,,,,45461,0,0
318029,73604379338504502,,0,3102,460.0,-1060,-210.0,-750.0,,,2,4,,,,,,,,,,,45458,0,0
318030,73604379353185318,,0,3102,490.0,-1020,-160.0,-750.0,,,2,4,,,,,,,,,,,45458,0,0
318031,73604380218884096,,0,3300,,-1000,-150.0,-650.0,-20.0,0.0,3,4,,,,,,,43211.0,44200.0,,23055618.0,0,0,0
318032,73604383839233725,,0,3300,490.0,-1000,-140.0,-670.0,-18.0,,1,4,274.0,2029.0,,,,,,,,,45459,0,0
318033,73604383906486467,,0,3300,489.0,-1000,-150.0,-750.0,,,2,4,,,,,,,,,,,45458,0,0
318034,73604384014926060,,0,1423,489.0,-820,-110.0,-610.0,,,2,4,,,,,,,,,,,45458,0,0
318035,73604384014926060,,0,1423,490.0,-930,-180.0,-610.0,,,2,4,,,,,,,,,,,45458,0,0
318036,73604384212039294,,0,3102,489.0,-990,-160.0,-740.0,,,2,4,,,,,,,,,,,45458,0,0
318037,73604384396869632,,0,3300,,-1010,-140.0,-630.0,-30.0,0.0,3,4,,,,,,,43211.0,44200.0,,23055618.0,0,0,0
318038,73604384396589352,,0,3102,460.0,-1000,-170.0,-730.0,,,2,4,,,,,,,,,,,45458,0,0
318039,73604384476281674,,0,3102,490.0,-1140,-300.0,-750.0,,,2,4,,,,,,,,,,,45458,0,0
318040,73604387798620646,,0,3300,490.0,-1000,-140.0,-670.0,-25.0,,1,4,274.0,1389.0,,,,,,,,,45459,0,0
318041,73604387865891372,,0,3300,460.0,-1050,-190.0,-760.0,,,2,4,,,,,,,,,,,45458,0,0
318042,73604387865891372,,0,3300,489.0,-1030,-160.0,-760.0,,,2,4,,,,,,,,,,,45458,0,0
318043,73604387865891372,,0,3300,95.0,-1060,-180.0,-770.0,,,2,4,,,,,,,,,,,45458,0,0
318044,73604388056362245,,0,3102,95.0,-1010,-190.0,-730.0,,,2,4,,,,,,,,,,,45458,0,0
318045,73604388677419008,,0,3300,,-1000,-150.0,-650.0,-10.0,0.0,3,4,,,,,,,43211.0,44200.0,,23055618.0,0,0,0
318046,73604392903901184,,0,3300,,-1000,-140.0,-660.0,-20.0,0.0,3,4,,,,,,,43211.0,44200.0,,23055618.0,0,0,0
318047,73604395911769044,,0,1423,489.0,-820,-110.0,-610.0,,,2,4,,,,,,,,,,,45458,0,0
318048,73604395926450013,,0,1423,490.0,-910,-170.0,-610.0,,,2,4,,,,,,,,,,,45458,0,0
318049,73604396855109934,,0,3300,490.0,-1000,-140.0,-660.0,-14.0,,1,4,274.0,1255.0,,,,,,,,,45459,0,0
318050,73604396860379104,,0,3300,460.0,-1150,-300.0,-760.0,,,2,4,,,,,,,,,,,45461,0,0
318051,73604396860379104,,0,3300,489.0,-1000,-140.0,-760.0,,,2,4,,,,,,,,,,,45461,0,0
318052,73604396867337274,,0,1423,406.0,-1010,-300.0,-620.0,,,2,4,,,,,,,,,,,45458,0,0
318053,73604396974292346,,0,3102,489.0,-960,-130.0,-740.0,,,2,4,,,,,,,,,,,45458,0,0
318054,73604396974292346,,0,3102,490.0,-1130,-300.0,-740.0,,,2,4,,,,,,,,,,,45458,0,0
318055,73604396974292346,,0,3102,460.0,-1130,-300.0,-740.0,,,2,4,,,,,,,,,,,45458,0,0
318056,73604397128548352,,0,3300,,-1010,-140.0,-650.0,-20.0,0.0,3,4,,,,,,,43211.0,44200.0,,23055618.0,0,0,0
318057,73604400908511263,,0,3102,489.0,-960,-130.0,-740.0,,,2,4,,,,,,,,,,,45458,0,0
318058,73604400950455766,,0,3102,490.0,-1000,-180.0,-730.0,,,2,4,,,,,,,,,,,45458,0,0
318059,73604401086140030,,0,3300,490.0,-1000,-140.0,-670.0,-5.0,,1,4,274.0,9324.0,,,,,,,,,45459,0,0
318060,73604401086240625,,0,3300,489.0,-1000,-130.0,-770.0,,,2,4,,,,,,,,,,,45458,0,0
318061,73604401086240625,,0,3300,460.0,-1040,-160.0,-780.0,,,2,4,,,,,,,,,,,45458,0,0
318062,73604401086240625,,0,3300,95.0,-1080,-200.0,-770.0,,,2,4,,,,,,,,,,,45458,0,0
318063,73604401116557190,,0,1423,490.0,-870,-140.0,-610.0,,,2,4,,,,,,,,,,,45458,0,0
318064,73604401116557190,,0,1423,489.0,-830,-120.0,-610.0,,,2,4,,,,,,,,,,,45458,0,0
318065,73604401525620736,,0,3300,,-1000,-140.0,-640.0,-30.0,0.0,3,4,,,,,,,43211.0,44200.0,,23055618.0,0,0,0
318066,73604401603826293,,0,1423,406.0,-1000,-300.0,-610.0,,,2,4,,,,,,,,,,,45458,0,0
318067,73604405526134784,,0,3300,,-1000,-150.0,-650.0,-30.0,0.0,3,4,,,,,,,43211.0,44200.0,,23055618.0,0,0,0
318068,73604406253436005,,0,3300,490.0,-1010,-140.0,-660.0,-15.0,,1,4,274.0,1773.0,,,,,,,,,45459,0,0
318069,73604406320704507,,0,3300,489.0,-1000,-140.0,-750.0,,,2,4,,,,,,,,,,,45458,0,0
318070,73604406508404108,,0,1423,490.0,-910,-180.0,-600.0,,,2,4,,,,,,,,,,,45458,0,0
318071,73604406493723430,,0,1423,489.0,-820,-130.0,-600.0,,,2,4,,,,,,,,,,,45458,0,0
318072,73604409726205952,,0,3300,,-1000,-150.0,-640.0,-30.0,0.0,3,4,,,,,,,43211.0,44200.0,,23055618.0,0,0,0
318073,73604410347056850,,0,3300,490.0,-1000,-140.0,-670.0,-25.0,,1,4,274.0,1389.0,,,,,,,,,45459,0,0
318074,73604410414309409,,0,3300,489.0,-1010,-140.0,-770.0,,,2,4,,,,,,,,,,,45458,0,0
318075,73604410414309409,,0,3300,460.0,-1060,-200.0,-760.0,,,2,4,,,,,,,,,,,45458,0,0
318076,73604410445938074,,0,1423,490.0,-900,-210.0,-600.0,,,2,4,,,,,,,,,,,45458,0,0
318077,73604410489978635,,0,1423,489.0,-830,-110.0,-600.0,,,2,4,,,,,,,,,,,45458,0,0
318078,73604410519338558,,0,3102,489.0,-970,-130.0,-740.0,,,2,4,,,,,,,,,,,45458,0,0
318079,73604410519338558,,0,3102,490.0,-1040,-210.0,-740.0,,,2,4,,,,,,,,,,,45458,0,0
318080,73604410903116002,,0,3102,460.0,-1040,-210.0,-740.0,,,2,4,,,,,,,,,,,45458,0,0
318081,73604413981720576,,0,3300,,-1010,-150.0,-650.0,-30.0,0.0,3,4,,,,,,,43211.0,44200.0,,23055618.0,0,0,0
318082,73604414644399072,,0,3102,489.0,-970,-120.0,-750.0,,,2,4,,,,,,,,,,,45458,0,0
318083,73604414644399072,,0,3102,490.0,-1050,-200.0,-750.0,,,2,4,,,,,,,,,,,45458,0,0
318084,73604414658414640,,0,3300,95.0,-1150,-300.0,-760.0,,,2,4,,,,,,,,,,,45461,0,0
318085,73604414658414640,,0,3300,460.0,-1150,-300.0,-760.0,,,2,4,,,,,,,,,,,45461,0,0
318086,73604414658414640,,0,3300,489.0,-1020,-160.0,-760.0,,,2,4,,,,,,,,,,,45461,0,0
318087,73604414658414640,,0,3300,281.0,-1150,-300.0,-760.0,,,2,4,,,,,,,,,,,45461,0,0
318088,73604414843328234,,0,3300,490.0,-1000,-140.0,-660.0,-15.0,,1,4,274.0,1773.0,,,,,,,,,45459,0,0
318089,73604418291957760,,0,3300,,-1000,-150.0,-650.0,-20.0,0.0,3,4,,,,,,,43211.0,44200.0,,23055618.0,0,0,0
318090,73604419689954364,,0,3102,489.0,-970,-130.0,-750.0,,,2,4,,,,,,,,,,,45458,0,0
318091,73604419689954364,,0,3102,95.0,-1020,-180.0,-740.0,,,2,4,,,,,,,,,,,45458,0,0
318092,73604420413319066,,0,3300,490.0,-1010,-140.0,-670.0,-28.0,,1,4,274.0,1133.0,,,,,,,,,45459,0,0
318093,73604420480572968,,0,3300,460.0,-1040,-150.0,-790.0,,,2,4,,,,,,,,,,,45458,0,0
318094,73604420480572968,,0,3300,489.0,-1000,-130.0,-780.0,,,2,4,,,,,,,,,,,45458,0,0
318095,73604420480572968,,0,3300,95.0,-1050,-180.0,-780.0,,,2,4,,,,,,,,,,,45458,0,0
318096,73604420616160636,,0,3102,460.0,-1070,-190.0,-740.0,,,2,4,,,,,,,,,,,45458,0,0
318097,73604422435930112,,0,3300,,-1000,-140.0,-650.0,-20.0,0.0,3,4,,,,,,,43211.0,44200.0,,23055618.0,0,0,0
318098,73604424842482584,,0,3300,490.0,-1010,-140.0,-680.0,-25.0,,1,4,274.0,1389.0,,,,,,,,,45459,0,0
318099,73604424909736254,,0,3300,489.0,-1000,-140.0,-770.0,,,2,4,,,,,,,,,,,45458,0,0
318100,73604424909736254,,0,3300,95.0,-1020,-160.0,-770.0,,,2,4,,,,,,,,,,,45458,0,0
318101,73604424909736254,,0,3300,460.0,-1060,-200.0,-770.0,,,2,4,,,,,,,,,,,45458,0,0
318102,73604426781491200,,0,3300,,-1000,-150.0,-640.0,-30.0,0.0,3,4,,,,,,,43211.0,44200.0,,23055618.0,0,0,0
318103,73604428678775137,,0,3102,489.0,-950,-110.0,-740.0,,,2,4,,,,,,,,,,,45458,0,0
318104,73604428678775137,,0,3102,490.0,-1060,-170.0,-740.0,,,2,4,,,,,,,,,,,45458,0,0
318105,73604428727008169,,0,3102,460.0,-1060,-210.0,-760.0,,,2,4,,,,,,,,,,,45458,0,0
318106,73604431027699712,,0,3300,,-1000,-150.0,-640.0,-30.0,0.0,3,4,,,,,,,43211.0,44200.0,,23055618.0,0,0,0
318107,73604431620628096,,0,3300,95.0,-1040,-180.0,-760.0,,,2,4,,,,,,,,,,,45458,0,0
318108,73604431620477891,,0,3300,490.0,-1000,-140.0,-660.0,-18.0,,1,4,274.0,10220.0,,,,,,,,,45459,0,0
318109,73604431620628096,,0,3300,489.0,-1010,-130.0,-760.0,,,2,4,,,,,,,,,,,45458,0,0
318110,73604431718299598,,0,1423,490.0,-930,-150.0,-650.0,,,2,4,,,,,,,,,,,45458,0,0
318111,73604431732980378,,0,1423,489.0,-820,-90.0,-640.0,,,2,4,,,,,,,,,,,45458,0,0
318112,73604435200573440,,0,3300,,-1000,-150.0,-660.0,0.0,0.0,3,4,,,,,,,43211.0,44200.0,,23055618.0,0,0,0
318113,73604436453645556,,0,3102,489.0,-980,-140.0,-750.0,,,2,4,,,,,,,,,,,45458,0,0
318114,73604436472521282,,0,3102,490.0,-1040,-180.0,-750.0,,,2,4,,,,,,,,,,,45458,0,0
318115,73604436491395325,,0,3102,460.0,-1010,-180.0,-740.0,,,2,4,,,,,,,,,,,45458,0,0
318116,73604436510270491,,0,3102,95.0,-1050,-190.0,-760.0,,,2,4,,,,,,,,,,,45458,0,0
318117,73604437056249713,,0,3300,490.0,-1000,-140.0,-670.0,-25.0,,1,4,274.0,9324.0,,,,,,,,,45459,0,0
318118,73604437056363023,,0,3300,489.0,-1000,-140.0,-760.0,,,2,4,,,,,,,,,,,45458,0,0
318119,73604437207680527,,0,1423,489.0,-820,-100.0,-620.0,,,2,4,,,,,,,,,,,45458,0,0
318120,73604437192999935,,0,1423,490.0,-920,-160.0,-630.0,,,2,4,,,,,,,,,,,45458,0,0
318121,73604439580213248,,0,3300,,-1010,-150.0,-630.0,-30.0,0.0,3,4,,,,,,,43211.0,44200.0,,23055618.0,0,0,0
318122,73604441082760922,,0,3300,490.0,-1000,-140.0,-670.0,-18.0,,1,4,274.0,9836.0,,,,,,,,,45459,0,0
318123,73604441082859295,,0,3300,95.0,-1030,-180.0,-760.0,,,2,4,,,,,,,,,,,45458,0,0
318124,73604441082859295,,0,3300,489.0,-1020,-150.0,-750.0,,,2,4,,,,,,,,,,,45458,0,0
318125,73604441137707211,,0,1423,490.0,-920,-180.0,-610.0,,,2,4,,,,,,,,,,,45458,0,0
318126,73604441152387646,,0,1423,489.0,-830,-120.0,-610.0,,,2,4,,,,,,,,,,,45458,0,0
318127,73604443861024768,,0,3300,,-1010,-150.0,-630.0,-40.0,0.0,3,4,,,,,,,43211.0,44200.0,,23055618.0,0,0,0
318128,73604445377690309,,0,3300,490.0,-1010,-150.0,-660.0,-26.0,,1,4,274.0,9836.0,,,,,,,,,45459,0,0
318129,73604445377805429,,0,3300,95.0,-1050,-200.0,-760.0,,,2,4,,,,,,,,,,,45458,0,0
318130,73604445377805429,,0,3300,489.0,-1010,-150.0,-760.0,,,2,4,,,,,,,,,,,45458,0,0
318131,73604445449001534,,0,1423,489.0,-830,-100.0,-630.0,,,2,4,,,,,,,,,,,45458,0,0
318132,73604445449001534,,0,1423,490.0,-940,-170.0,-630.0,,,2,4,,,,,,,,,,,45458,0,0
318133,73604448070336512,,0,3300,,-1000,-150.0,-650.0,-20.0,0.0,3,4,,,,,,,43211.0,44200.0,,23055618.0,0,0,0
318134,73604449404159009,,0,3300,490.0,-1000,-150.0,-660.0,-26.0,,1,4,274.0,1133.0,,,,,,,,,45459,0,0
318135,73604449407739397,,0,3300,95.0,-1160,-300.0,-770.0,,,2,4,,,,,,,,,,,45461,0,0
318136,73604449407739397,,0,3300,489.0,-1030,-160.0,-770.0,,,2,4,,,,,,,,,,,45461,0,0
318137,73604449412163397,,0,3300,460.0,-1160,-300.0,,,,2,4,,,,,,,,,,,45433,0,0
318138,73604449418479631,,0,3102,490.0,-1080,-200.0,-750.0,,,2,4,,,,,,,,,,,45458,0,0
318139,73604449433159683,,0,3102,489.0,-980,-130.0,-760.0,,,2,4,,,,,,,,,,,45458,0,0
318140,73604449418479631,,0,3102,460.0,-1090,-200.0,-750.0,,,2,4,,,,,,,,,,,45458,0,0
318141,73604452333125632,,0,3300,,-1010,-150.0,-640.0,-20.0,0.0,3,4,,,,,,,43211.0,44200.0,,23055618.0,0,0,0
318142,73604452718783009,,0,3102,95.0,-1140,-300.0,-750.0,,,2,4,,,,,,,,,,,45458,0,0
318143,73604456637792256,,0,3300,,-1010,-140.0,-650.0,0.0,0.0,3,4,,,,,,,43211.0,44200.0,,23055618.0,0,0,0
318144,73604456987601802,,0,3300,490.0,-1000,-150.0,-660.0,-23.0,,1,4,274.0,9452.0,,,,,,,,,45459,0,0
318145,73604457054674150,,0,3300,460.0,-1140,-300.0,-750.0,,,2,4,,,,,,,,,,,45458,0,0
318146,73604457054674150,,0,3300,95.0,-1070,-190.0,-750.0,,,2,4,,,,,,,,,,,45458,0,0
318147,73604457065102187,,0,3300,489.0,-1000,-140.0,-760.0,,,2,4,,,,,,,,,,,45461,0,0
318148,73604457164460958,,0,3102,489.0,-950,-110.0,-750.0,,,2,4,,,,,,,,,,,45458,0,0
318149,73604460843433984,,0,3300,,-1000,-150.0,-650.0,-20.0,0.0,3,4,,,,,,,43211.0,44200.0,,23055618.0,0,0,0
318150,73604461483721460,,0,3300,490.0,-1000,-150.0,-660.0,-45.0,,1,4,274.0,9836.0,,,,,,,,,45459,0,0
318151,73604461483820090,,0,3300,489.0,-1030,-170.0,-760.0,,,2,4,,,,,,,,,,,45458,0,0
318152,73604461483820090,,0,3300,95.0,-1040,-190.0,-750.0,,,2,4,,,,,,,,,,,45458,0,0
318153,73604461679589571,,0,1423,489.0,-820,-100.0,-620.0,,,2,4,,,,,,,,,,,45458,0,0
318154,73604461679589571,,0,1423,490.0,-890,-160.0,-620.0,,,2,4,,,,,,,,,,,45458,0,0
318155,73604465101635584,,0,3300,,-1000,-150.0,-650.0,-20.0,0.0,3,4,,,,,,,43211.0,44200.0,,23055618.0,0,0,0
318156,73604466248385828,,0,3300,490.0,-1010,-150.0,-670.0,-16.0,,1,4,274.0,1517.0,,,,,,,,,45459,0,0
318157,73604466315634295,,0,3300,489.0,-1010,-150.0,-760.0,,,2,4,,,,,,,,,,,45458,0,0
318158,73604466315634295,,0,3300,95.0,-1070,-220.0,-750.0,,,2,4,,,,,,,,,,,45458,0,0
318159,73604466351178919,,0,1423,490.0,-890,-180.0,-610.0,,,2,4,,,,,,,,,,,45458,0,0
318160,73604466351178919,,0,1423,489.0,-820,-120.0,-610.0,,,2,4,,,,,,,,,,,45458,0,0
318161,73604469322809344,,0,3300,,-1010,-140.0,-650.0,-20.0,0.0,3,4,,,,,,,43211.0,44200.0,,23055618.0,0,0,0
318162,73604470341985408,,0,3300,490.0,-1010,-140.0,-680.0,-3.0,,1,4,274.0,1133.0,,,,,,,,,45459,0,0
318163,73604470409238791,,0,3300,460.0,-1080,-200.0,-770.0,,,2,4,,,,,,,,,,,45458,0,0
318164,73604470409238791,,0,3300,489.0,-990,-120.0,-770.0,,,2,4,,,,,,,,,,,45458,0,0
318165,73604470409238791,,0,3300,95.0,-1070,-190.0,-770.0,,,2,4,,,,,,,,,,,45458,0,0
318166,73604470645170848,,0,1423,489.0,-820,-110.0,-610.0,,,2,4,,,,,,,,,,,45458,0,0
318167,73604470630491016,,0,1423,490.0,-940,-160.0,-640.0,,,2,4,,,,,,,,,,,45458,0,0
318168,73604473495879680,,0,3300,,-1000,-150.0,-650.0,-20.0,0.0,3,4,,,,,,,43211.0,44200.0,,23055618.0,0,0,0
318169,73604475355350701,,0,1423,490.0,-930,-180.0,-590.0,,,2,4,,,,,,,,,,,45458,0,0
318170,73604475355350701,,0,1423,489.0,-820,-110.0,-590.0,,,2,4,,,,,,,,,,,45458,0,0
318171,73604475575440067,,0,3300,490.0,-1010,-140.0,-670.0,-26.0,,1,4,274.0,2923.0,,,,,,,,,45459,0,0
318172,73604475576255593,,0,3300,489.0,-1010,-150.0,-760.0,,,2,4,,,,,,,,,,,45461,0,0
318173,73604475622473628,,0,3102,489.0,-970,-140.0,-740.0,,,2,4,,,,,,,,,,,45458,0,0
318174,73604476299850593,,0,3102,460.0,-1120,-300.0,-730.0,,,2,4,,,,,,,,,,,45458,0,0
318175,73604477842620416,,0,3300,,-1000,-140.0,-650.0,-20.0,0.0,3,4,,,,,,,43211.0,44200.0,,23055618.0,0,0,0
318176,73604478434741587,,0,3102,490.0,-1010,-160.0,-740.0,,,2,4,,,,,,,,,,,45458,0,0
318177,73604479462325306,,0,3102,95.0,-1050,-210.0,-730.0,,,2,4,,,,,,,,,,,45458,0,0
318178,73604479701397961,,0,3102,489.0,-970,-140.0,-740.0,,,2,4,,,,,,,,,,,45458,0,0
318179,73604480743791140,,0,3300,490.0,-1000,-140.0,-670.0,-23.0,,1,4,274.0,1517.0,,,,,,,,,45459,0,0
318180,73604480811044420,,0,3300,489.0,-1000,-140.0,-770.0,,,2,4,,,,,,,,,,,45458,0,0
318181,73604480811044420,,0,3300,95.0,-1050,-200.0,-760.0,,,2,4,,,,,,,,,,,45458,0,0
318182,73604482001076224,,0,3300,,-1000,-150.0,-650.0,-20.0,0.0,3,4,,,,,,,43211.0,44200.0,,23055618.0,0,0,0
318183,73604485575589039,,0,3300,490.0,-1000,-130.0,-680.0,-13.0,,1,4,274.0,1517.0,,,,,,,,,45459,0,0
318184,73604485642859494,,0,3300,95.0,-1080,-210.0,-760.0,,,2,4,,,,,,,,,,,45458,0,0
318185,73604485642859494,,0,3300,489.0,-1000,-130.0,-770.0,,,2,4,,,,,,,,,,,45458,0,0
318186,73604485642859494,,0,3300,460.0,-1160,-300.0,-770.0,,,2,4,,,,,,,,,,,45458,0,0
318187,73604485832335207,,0,3102,489.0,-990,-160.0,-730.0,,,2,4,,,,,,,,,,,45458,0,0
318188,73604486249447424,,0,3300,,-1000,-150.0,-640.0,-20.0,0.0,3,4,,,,,,,43211.0,44200.0,,23055618.0,0,0,0
318189,73604490487595008,,0,3300,,-1000,-140.0,-640.0,-20.0,0.0,3,4,,,,,,,43211.0,44200.0,,23055618.0,0,0,0
318190,73604490541620436,,0,3300,490.0,-1000,-140.0,-670.0,-16.0,,1,4,274.0,1773.0,,,,,,,,,45459,0,0
318191,73604490608874003,,0,3300,489.0,-1020,-160.0,-770.0,,,2,4,,,,,,,,,,,45458,0,0
318192,73604490608874003,,0,3300,460.0,-1160,-300.0,-760.0,,,2,4,,,,,,,,,,,45458,0,0
318193,73604490643123772,,0,1423,489.0,-830,-140.0,-590.0,,,2,4,,,,,,,,,,,45458,0,0
318194,73604490657803852,,0,1423,490.0,-890,-140.0,-610.0,,,2,4,,,,,,,,,,,45458,0,0
318195,73604494763294720,,0,3300,,-1000,-150.0,-640.0,-20.0,0.0,3,4,,,,,,,43211.0,44200.0,,23055618.0,0,0,0
318196,73604497118290269,,0,3300,490.0,-1000,-140.0,-670.0,-2.0,,1,4,274.0,10220.0,,,,,,,,,45459,0,0
318197,73604497118402118,,0,3300,489.0,-1020,-140.0,-750.0,,,2,4,,,,,,,,,,,45458,0,0
318198,73604497118402118,,0,3300,95.0,-1060,-180.0,-750.0,,,2,4,,,,,,,,,,,45458,0,0
318199,73604497118402118,,0,3300,460.0,-1040,-160.0,-750.0,,,2,4,,,,,,,,,,,45458,0,0
318200,73604497324933997,,0,1423,490.0,-920,-180.0,-610.0,,,2,4,,,,,,,,,,,45461,0,0
318201,73604497319611782,,0,1423,489.0,-850,-120.0,-510.0,49.0,,1,4,274.0,9580.0,,,,,,,,,45459,0,0
318202,73604497337500904,,0,3300,490.0,-980,-120.0,-770.0,,,2,4,,,,,,,,,,,45458,0,0
318203,73604497395810304,,0,1423,,-850,-110.0,-520.0,50.0,0.0,3,4,,,,,,,43211.0,44200.0,,23055629.0,0,0,0
318204,73604497423690650,,0,3102,489.0,-960,-140.0,-730.0,,,2,4,,,,,,,,,,,45458,0,0
318205,73604497423690650,,0,3102,490.0,-1050,-180.0,-730.0,,,2,4,,,,,,,,,,,45458,0,0
318206,73604498908905472,,0,3300,,-1000,-150.0,-640.0,-40.0,0.0,3,4,,,,,,,43211.0,44200.0,,23055618.0,0,0,0
318207,73604499340480306,,0,3102,95.0,-1070,-190.0,-740.0,,,2,4,,,,,,,,,,,45458,0,0
318208,73604500011563816,,0,3102,460.0,-1150,-300.0,-760.0,,,2,4,,,,,,,,,,,45458,0,0
318209,73604500105270504,,0,3300,300.0,-1140,-300.0,-750.0,,,2,4,,,,,,,,,,,45461,0,0
318210,73604501346077854,,0,3300,490.0,-1000,-140.0,-670.0,-24.0,,1,4,274.0,1901.0,,,,,,,,,45459,0,0
318211,73604501413331178,,0,3300,95.0,-1030,-170.0,-760.0,,,2,4,,,,,,,,,,,45458,0,0
318212,73604501413331178,,0,3300,489.0,-1000,-140.0,-760.0,,,2,4,,,,,,,,,,,45458,0,0
318213,73604501462523051,,0,1423,489.0,-830,-100.0,-630.0,,,2,4,,,,,,,,,,,45458,0,0
318214,73604501475106387,,0,3102,490.0,-1020,-180.0,-740.0,,,2,4,,,,,,,,,,,45458,0,0
318215,73604501462523051,,0,1423,490.0,-910,-170.0,-630.0,,,2,4,,,,,,,,,,,45458,0,0
318216,73604501475106387,,0,3102,489.0,-970,-140.0,-740.0,,,2,4,,,,,,,,,,,45458,0,0
318217,73604503254663168,,0,3300,,-1000,-150.0,-640.0,-40.0,0.0,3,4,,,,,,,43211.0,44200.0,,23055618.0,0,0,0
318218,73604504304133516,,0,3102,460.0,-1140,-300.0,-750.0,,,2,4,,,,,,,,,,,45458,0,0
318219,73604507520598016,,0,3300,,-1000,-150.0,-640.0,-30.0,0.0,3,4,,,,,,,43211.0,44200.0,,23055618.0,0,0,0
318220,73604509130651260,,0,3300,490.0,-1000,-150.0,-660.0,-34.0,,1,4,274.0,1389.0,,,,,,,,,45459,0,0
318221,73604509197904841,,0,3300,95.0,-1160,-300.0,-770.0,,,2,4,,,,,,,,,,,45458,0,0
318222,73604509197904841,,0,3300,489.0,-990,-140.0,-760.0,,,2,4,,,,,,,,,,,45458,0,0
318223,73604509443012246,,0,1423,489.0,-820,-120.0,-610.0,,,2,4,,,,,,,,,,,45458,0,0
318224,73604509443012246,,0,1423,490.0,-930,-230.0,-610.0,,,2,4,,,,,,,,,,,45458,0,0
318225,73604509654822859,,0,3102,489.0,-960,-140.0,-730.0,,,2,4,,,,,,,,,,,45458,0,0
318226,73604511269622559,,0,3102,460.0,-1050,-190.0,-740.0,,,2,4,,,,,,,,,,,45458,0,0
318227,73604511689736192,,0,3300,,-1000,-140.0,-640.0,-30.0,0.0,3,4,,,,,,,43211.0,44200.0,,23055618.0,0,0,0
318228,73604512347554061,,0,3102,490.0,-1020,-170.0,-760.0,,,2,4,,,,,,,,,,,45458,0,0
318229,73604512527907511,,0,3102,95.0,-1030,-180.0,-730.0,,,2,4,,,,,,,,,,,45458,0,0
318230,73604513023092055,,0,3300,460.0,-1160,-300.0,-770.0,,,2,4,,,,,,,,,,,45458,0,0
318231,73604514234721111,,0,3102,489.0,-970,-160.0,-710.0,,,2,4,,,,,,,,,,,45458,0,0
318232,73604515224572673,,0,3102,460.0,-1050,-190.0,-750.0,,,2,4,,,,,,,,,,,45458,0,0
318233,73604515925524480,,0,3300,,-1010,-140.0,-640.0,-20.0,0.0,3,4,,,,,,,43211.0,44200.0,,23055618.0,0,0,0
318234,73604516646434563,,0,3102,490.0,-1060,-180.0,-740.0,,,2,4,,,,,,,,,,,45458,0,0
318235,73604516723454923,,0,3300,95.0,-1150,-300.0,-760.0,,,2,4,,,,,,,,,,,45461,0,0
318236,73604516723454923,,0,3300,489.0,-1000,-150.0,-750.0,,,2,4,,,,,,,,,,,45461,0,0
318237,73604517575235898,,0,3300,460.0,-1060,-230.0,,,,2,4,,,,,,,,,,,45433,0,0
318238,73604518449977846,,0,3102,489.0,-970,-140.0,-740.0,,,2,4,,,,,,,,,,,45458,0,0
318239,73604518861372996,,0,3300,490.0,-1000,-140.0,-680.0,-17.0,,1,4,274.0,1517.0,,,,,,,,,45459,0,0
318240,73604520164392960,,0,3300,,-1000,-150.0,-630.0,-20.0,0.0,3,4,,,,,,,43211.0,44200.0,,23055618.0,0,0,0
318241,73604520880714497,,0,3102,460.0,-1010,-170.0,-740.0,,,2,4,,,,,,,,,,,45458,0,0
318242,73604520880714497,,0,3102,490.0,-1050,-180.0,-740.0,,,2,4,,,,,,,,,,,45458,0,0
318243,73604522533259992,,0,3102,489.0,-970,-150.0,-730.0,,,2,4,,,,,,,,,,,45458,0,0
318244,73604523022132767,,0,3300,490.0,-1000,-130.0,-670.0,-19.0,,1,4,274.0,9452.0,,,,,,,,,45459,0,0
318245,73604523022302006,,0,3300,460.0,-1150,-300.0,-760.0,,,2,4,,,,,,,,,,,45458,0,0
318246,73604523022302006,,0,3300,489.0,-1010,-150.0,-770.0,,,2,4,,,,,,,,,,,45458,0,0
318247,73604523022302006,,0,3300,59.0,-1170,-300.0,-780.0,,,2,4,,,,,,,,,,,45458,0,0
318248,73604523022302006,,0,3300,95.0,-1080,-210.0,-760.0,,,2,4,,,,,,,,,,,45458,0,0
318249,73604523261270189,,0,1423,489.0,-830,-140.0,-590.0,,,2,4,,,,,,,,,,,45458,0,0
318250,73604523227715734,,0,1423,490.0,-930,-180.0,-600.0,,,2,4,,,,,,,,,,,45458,0,0
318251,73604524395921408,,0,3300,,-1010,-140.0,-630.0,-20.0,0.0,3,4,,,,,,,43211.0,44200.0,,23055618.0,0,0,0
318252,73604527182815489,,0,3300,490.0,-1010,-150.0,-670.0,-21.0,,1,4,274.0,2029.0,,,,,,,,,45459,0,0
318253,73604527250083703,,0,3300,489.0,-1000,-130.0,-780.0,,,2,4,,,,,,,,,,,45458,0,0
318254,73604528635510784,,0,3300,,-1000,-150.0,-640.0,-30.0,0.0,3,4,,,,,,,43211.0,44200.0,,23055618.0,0,0,0
318255,73604532164668439,,0,1423,489.0,-830,-120.0,-610.0,,,2,4,,,,,,,,,,,45458,0,0
318256,73604532145794735,,0,1423,490.0,-980,-300.0,-590.0,,,2,4,,,,,,,,,,,45458,0,0
318257,73604532484389301,,0,3300,490.0,-1000,-130.0,-680.0,-15.0,,1,4,274.0,1901.0,,,,,,,,,45459,0,0
318258,73604532551642541,,0,3300,95.0,-1100,-230.0,-770.0,,,2,4,,,,,,,,,,,45458,0,0
318259,73604532551642541,,0,3300,489.0,-1030,-160.0,-750.0,,,2,4,,,,,,,,,,,45458,0,0
318260,73604532649689918,,0,1423,406.0,-1030,-300.0,-640.0,,,2,4,,,,,,,,,,,45458,0,0
318261,73604532905967616,,0,3300,,-1000,-150.0,-650.0,-20.0,0.0,3,4,,,,,,,43211.0,44200.0,,23055618.0,0,0,0
318262,73604536980643376,,0,3300,490.0,-1000,-140.0,-670.0,-21.0,,1,4,274.0,1261.0,,,,,,,,,45459,0,0
318263,73604537049219072,,0,3300,,-1000,-140.0,-640.0,-30.0,0.0,3,4,,,,,,,43211.0,44200.0,,23055618.0,0,0,0
318264,73604537047913628,,0,3300,489.0,-1010,-150.0,-760.0,,,2,4,,,,,,,,,,,45458,0,0
318265,73604537171387546,,0,1423,489.0,-840,-130.0,-610.0,,,2,4,,,,,,,,,,,45458,0,0
318266,73604537171387546,,0,1423,490.0,-930,-190.0,-610.0,,,2,4,,,,,,,,,,,45458,0,0
318267,73604539081699423,,0,3300,460.0,-1140,-270.0,,,,2,4,,,,,,,,,,,45433,0,0
318268,73604539081699423,,0,3300,95.0,-1160,-300.0,,,,2,4,,,,,,,,,,,45433,0,0
318269,73604540645670020,,0,3300,281.0,-1160,-300.0,-770.0,,,2,4,,,,,,,,,,,45461,0,0
318270,73604541109803834,,0,1423,489.0,-830,-120.0,-610.0,,,2,4,,,,,,,,,,,45458,0,0
318271,73604541109803834,,0,1423,490.0,-960,-210.0,-610.0,,,2,4,,,,,,,,,,,45458,0,0
318272,73604541377019904,,0,3300,,-1010,-150.0,-650.0,-20.0,0.0,3,4,,,,,,,43211.0,44200.0,,23055618.0,0,0,0
318273,73604541361047948,,0,3300,490.0,-1010,-140.0,-670.0,-24.0,,1,4,274.0,1424.0,,,,,,,,,45459,0,0
318274,73604541364204078,,0,3300,489.0,-1030,-160.0,-780.0,,,2,4,,,,,,,,,,,45461,0,0
318275,73604541388367623,,0,3102,489.0,-990,-150.0,-750.0,,,2,4,,,,,,,,,,,45458,0,0
318276,73604541434506116,,0,3102,460.0,-1050,-200.0,-750.0,,,2,4,,,,,,,,,,,45458,0,0
318277,73604545302102736,,0,3300,490.0,-1010,-140.0,-670.0,-19.0,,1,4,274.0,1773.0,,,,,,,,,45459,0,0
318278,73604545321475463,,0,3300,489.0,-1010,-150.0,,,,2,4,,,,,,,,,,,45433,0,0
318279,73604545321475463,,0,3300,460.0,-1160,-300.0,,,,2,4,,,,,,,,,,,45433,0,0
318280,73604545343875718,,0,3102,489.0,-960,-130.0,-730.0,,,2,4,,,,,,,,,,,45458,0,0
318281,73604545549631488,,0,3300,,-1010,-140.0,-640.0,-30.0,0.0,3,4,,,,,,,43211.0,44200.0,,23055618.0,0,0,0
318282,73604549902008320,,0,3300,,-1010,-140.0,-630.0,-30.0,0.0,3,4,,,,,,,43211.0,44200.0,,23055618.0,0,0,0
318283,73604550054059828,,0,3102,489.0,-980,-140.0,-740.0,,,2,4,,,,,,,,,,,45458,0,0
318284,73604550268117306,,0,3300,490.0,-1010,-140.0,-670.0,-7.0,,1,4,274.0,2029.0,,,,,,,,,45459,0,0
318285,73604550335370396,,0,3300,489.0,-1000,-140.0,-760.0,,,2,4,,,,,,,,,,,45458,0,0
318286,73604550544302097,,0,1423,490.0,-930,-170.0,-620.0,,,2,4,,,,,,,,,,,45458,0,0
318287,73604550544302097,,0,1423,489.0,-830,-100.0,-620.0,,,2,4,,,,,,,,,,,45458,0,0
318288,73604554084581376,,0,3300,,-1010,-140.0,-650.0,-20.0,0.0,3,4,,,,,,,43211.0,44200.0,,23055618.0,0,0,0
318289,73604555309685169,,0,3300,490.0,-1000,-150.0,-660.0,-25.0,,1,4,274.0,2429.0,,,,,,,,,45459,0,0
318290,73604555319233038,,0,3300,489.0,-1030,-170.0,,,,2,4,,,,,,,,,,,45433,0,0
318291,73604555314634038,,0,3300,460.0,-1160,-300.0,-770.0,,,2,4,,,,,,,,,,,45461,0,0
318292,73604555314634038,,0,3300,95.0,-1080,-210.0,-770.0,,,2,4,,,,,,,,,,,45461,0,0
318293,73604555323425428,,0,1423,490.0,-870,-150.0,-600.0,,,2,4,,,,,,,,,,,45458,0,0
318294,73604555323425428,,0,1423,489.0,-830,-120.0,-600.0,,,2,4,,,,,,,,,,,45458,0,0
318295,73604558299201536,,0,3300,,-1000,-150.0,-640.0,-30.0,0.0,3,4,,,,,,,43211.0,44200.0,,23055618.0,0,0,0
318296,73604560046171819,,0,1423,489.0,-830,-90.0,-640.0,,,2,4,,,,,,,,,,,45458,0,0
318297,73604560046171819,,0,1423,490.0,-940,-160.0,-640.0,,,2,4,,,,,,,,,,,45458,0,0
318298,73604560200163239,,0,3300,489.0,-970,-130.0,-670.0,35.0,,1,4,274.0,1517.0,,,,,,,,,45459,0,0
318299,73604560267417310,,0,3300,490.0,-980,-100.0,-770.0,,,2,4,,,,,,,,,,,45458,0,0
318300,73604560267417310,,0,3300,460.0,-1080,-220.0,-760.0,,,2,4,,,,,,,,,,,45458,0,0
318301,73604560334525897,,0,3300,95.0,-1060,-170.0,-760.0,,,2,4,,,,,,,,,,,45458,0,0
318302,73604560459364965,,0,450,490.0,-980,-210.0,-680.0,,,2,4,,,,,,,,,,,45458,0,0
318303,73604560459364965,,0,450,489.0,-880,-110.0,-680.0,,,2,4,,,,,,,,,,,45458,0,0
318304,73604560649377751,,0,450,407.0,-1060,-300.0,,,,2,4,,,,,,,,,,,45433,0,0
318305,73604560728646931,,0,450,406.0,-1060,-300.0,-670.0,,,2,4,,,,,,,,,,,45461,0,0
318306,73604560822609786,,0,450,460.0,-990,-300.0,-600.0,,,2,4,,,,,,,,,,,45461,0,0
318307,73604560871250666,,0,450,489.0,-870,-110.0,-550.0,22.0,,1,4,274.0,1773.0,,,,,,,,,45459,0,0
318308,73604560924835840,,0,450,,-870,-110.0,-550.0,20.0,0.0,3,4,,,,,,,43211.0,44200.0,,23055639.0,0,0,0
318309,73604560928455330,,0,3300,489.0,-1040,-170.0,-770.0,,,2,4,,,,,,,,,,,45458,0,0
318310,73604561074937031,,0,450,95.0,-1060,-300.0,-670.0,,,2,4,,,,,,,,,,,45461,0,0
318311,73604564457260264,,0,450,490.0,-960,-200.0,-670.0,,,2,4,,,,,,,,,,,45461,0,0
318312,73604564789444441,,0,450,406.0,-1070,-300.0,-680.0,,,2,4,,,,,,,,,,,45461,0,0
318313,73604564837671442,,0,450,460.0,-1070,-300.0,,,,2,4,,,,,,,,,,,45433,0,0
318314,73604565240053760,,0,450,,-870,-90.0,-610.0,20.0,0.0,3,4,,,,,,,43211.0,44200.0,,23055639.0,0,0,0
318315,73604565510277252,,0,1423,489.0,-820,-120.0,-610.0,,,2,4,,,,,,,,,,,45458,0,0
318316,73604565501719532,,0,450,489.0,-870,-70.0,-620.0,46.0,,1,4,274.0,1389.0,,,,,,,,,45459,0,0
318317,73604565569580405,,0,3300,489.0,-1010,-150.0,-770.0,,,2,4,,,,,,,,,,,45458,0,0
318318,73604565569580405,,0,3300,95.0,-1040,-180.0,-760.0,,,2,4,,,,,,,,,,,45458,0,0
318319,73604565569580405,,0,3300,490.0,-980,-120.0,-770.0,,,2,4,,,,,,,,,,,45458,0,0
318320,73604565653729993,,0,450,407.0,-1060,-300.0,-670.0,,,2,4,,,,,,,,,,,45461,0,0
318321,73604565660429774,,0,1423,490.0,-890,-150.0,-590.0,,,2,4,,,,,,,,,,,45458,0,0
318322,73604565929036170,,0,450,347.0,-1060,-300.0,-670.0,,,2,4,,,,,,,,,,,45461,0,0
318323,73604568180362255,,0,450,286.0,-960,-190.0,-660.0,,,2,4,,,,,,,,,,,45461,0,0
318324,73604568185047255,,0,450,286.0,-980,-270.0,,,,2,4,,,,,,,,,,,45433,0,0
318325,73604568201934535,,0,450,286.0,-1050,-280.0,,,,2,4,,,,,,,,,,,45433,0,0
318326,73604568197248535,,0,450,286.0,-1060,-300.0,-670.0,,,2,4,,,,,,,,,,,45461,0,0
318327,73604568214023879,,0,450,286.0,-1050,-300.0,-660.0,,,2,4,,,,,,,,,,,45461,0,0
318328,73604568218710879,,0,450,286.0,-1050,-280.0,,,,2,4,,,,,,,,,,,45433,0,0
318329,73604568409968655,,0,450,490.0,-960,-200.0,,,,2,4,,,,,,,,,,,45433,0,0
318330,73604568862953125,,0,450,406.0,-1050,-300.0,,,,2,4,,,,,,,,,,,45433,0,0
318331,73604568898478585,,0,450,460.0,-1060,-300.0,-670.0,,,2,4,,,,,,,,,,,45461,0,0
318332,73604569126367528,,0,3300,460.0,-1070,-200.0,-770.0,,,2,4,,,,,,,,,,,45458,0,0
318333,73604569453035520,,0,450,,-860,-100.0,-540.0,30.0,0.0,3,4,,,,,,,43211.0,44200.0,,23055639.0,0,0,0
318334,73604569452419906,,0,1423,489.0,-830,-110.0,-610.0,,,2,4,,,,,,,,,,,45458,0,0
318335,73604569595026623,,0,1423,490.0,-900,-160.0,-600.0,,,2,4,,,,,,,,,,,45458,0,0
318336,73604570626822001,,0,1423,406.0,-980,-300.0,-590.0,,,2,4,,,,,,,,,,,45458,0,0
318337,73604572043909477,,0,450,407.0,-1060,-300.0,-670.0,,,2,4,,,,,,,,,,,45461,0,0
318338,73604572388399280,,0,450,490.0,-950,-200.0,,,,2,4,,,,,,,,,,,45433,0,0
318339,73604572726176152,,0,450,347.0,-1070,-300.0,-680.0,,,2,4,,,,,,,,,,,45461,0,0
318340,73604572981187462,,0,450,460.0,-990,-200.0,-690.0,,,2,4,,,,,,,,,,,45461,0,0
318341,73604572985915462,,0,450,406.0,-1010,-270.0,,,,2,4,,,,,,,,,,,45433,0,0
318342,73604573390855720,,0,1423,489.0,-830,-130.0,-590.0,,,2,4,,,,,,,,,,,45458,0,0
318343,73604573546043006,,0,1423,490.0,-940,-200.0,-600.0,,,2,4,,,,,,,,,,,45458,0,0
318344,73604573779001344,,0,450,,-860,-100.0,-560.0,20.0,0.0,3,4,,,,,,,43211.0,44200.0,,23055639.0,0,0,0
318345,73604575987123885,,0,1423,406.0,-990,-300.0,-600.0,,,2,4,,,,,,,,,,,45458,0,0
318346,73604576360095833,,0,450,490.0,-1060,-300.0,-670.0,,,2,4,,,,,,,,,,,45461,0,0
318347,73604576574638171,,0,450,489.0,-890,-100.0,-620.0,48.0,,1,4,274.0,2029.0,,,,,,,,,45459,0,0
318348,73604576780113344,,0,450,407.0,-1060,-300.0,,,,2,4,,,,,,,,,,,45433,0,0
318349,73604576874891056,,0,450,95.0,-1060,-300.0,-670.0,,,2,4,,,,,,,,,,,45461,0,0
318350,73604577964064768,,0,450,,-860,-100.0,-550.0,20.0,0.0,3,4,,,,,,,43211.0,44200.0,,23055639.0,0,0,0
318351,73604578778660197,,0,1423,489.0,-830,-120.0,-600.0,,,2,4,,,,,,,,,,,45458,0,0
318352,73604578778660197,,0,1423,490.0,-920,-180.0,-600.0,,,2,4,,,,,,,,,,,45458,0,0
318353,73604579073800727,,0,450,406.0,-1050,-300.0,-660.0,,,2,4,,,,,,,,,,,45461,0,0
318354,73604580566963274,,0,450,490.0,-980,-210.0,-670.0,,,2,4,,,,,,,,,,,45461,0,0
318355,73604580802462184,,0,450,489.0,-850,-60.0,-620.0,39.0,,1,4,274.0,1901.0,,,,,,,,,45459,0,0
318356,73604580870301545,,0,3300,490.0,-970,-110.0,-760.0,,,2,4,,,,,,,,,,,45458,0,0
318357,73604580870301545,,0,3300,489.0,-990,-130.0,-760.0,,,2,4,,,,,,,,,,,45458,0,0
318358,73604580870301545,,0,3300,460.0,-1080,-220.0,-760.0,,,2,4,,,,,,,,,,,45458,0,0
318359,73604580965512035,,0,3102,489.0,-970,-120.0,-750.0,,,2,4,,,,,,,,,,,45458,0,0
318360,73604580965512035,,0,3102,490.0,-1050,-180.0,-750.0,,,2,4,,,,,,,,,,,45458,0,0
318361,73604581254186605,,0,450,347.0,-1060,-300.0,-670.0,,,2,4,,,,,,,,,,,45461,0,0
318362,73604581667971276,,0,450,220.0,-1060,-300.0,,,,2,4,,,,,,,,,,,45433,0,0
318363,73604581663134276,,0,450,220.0,-1060,-300.0,-670.0,,,2,4,,,,,,,,,,,45461,0,0
318364,73604582165446656,,0,450,,-880,-100.0,-560.0,60.0,0.0,3,4,,,,,,,43211.0,44200.0,,23055639.0,0,0,0
318365,73604582497388442,,0,450,460.0,-1060,-300.0,-670.0,,,2,4,,,,,,,,,,,45461,0,0
318366,73604583164944325,,0,450,406.0,-1060,-300.0,,,,2,4,,,,,,,,,,,45433,0,0
318367,73604583421266928,,0,1423,489.0,-830,-90.0,-630.0,,,2,4,,,,,,,,,,,45458,0,0
318368,73604583421266928,,0,1423,490.0,-950,-170.0,-630.0,,,2,4,,,,,,,,,,,45458,0,0
318369,73604584041646781,,0,3300,95.0,-1030,-170.0,-760.0,,,2,4,,,,,,,,,,,45458,0,0
318370,73604584512947375,,0,450,490.0,-960,-190.0,-670.0,,,2,4,,,,,,,,,,,45461,0,0
318371,73604585898585707,,0,450,164.0,-1060,-300.0,-670.0,,,2,4,,,,,,,,,,,45461,0,0
318372,73604585903473707,,0,450,164.0,-1060,-300.0,,,,2,4,,,,,,,,,,,45433,0,0
318373,73604586530930688,,0,450,,-870,-100.0,-600.0,30.0,0.0,3,4,,,,,,,43211.0,44200.0,,23055639.0,0,0,0
318374,73604587110731578,,0,450,407.0,-1060,-300.0,-670.0,,,2,4,,,,,,,,,,,45461,0,0
318375,73604587745147772,,0,1423,489.0,-830,-130.0,-600.0,,,2,4,,,,,,,,,,,45458,0,0
318376,73604587745147772,,0,1423,490.0,-850,-150.0,-600.0,,,2,4,,,,,,,,,,,45458,0,0
318377,73604588040814814,,0,450,406.0,-1060,-300.0,,,,2,4,,,,,,,,,,,45433,0,0
318378,73604588762315746,,0,3300,489.0,-990,-120.0,-780.0,,,2,4,,,,,,,,,,,45458,0,0
318379,73604588762315746,,0,3300,490.0,-980,-110.0,-780.0,,,2,4,,,,,,,,,,,45458,0,0
318380,73604588762315746,,0,3300,95.0,-1060,-190.0,-780.0,,,2,4,,,,,,,,,,,45458,0,0
318381,73604588762315746,,0,3300,460.0,-1050,-170.0,-780.0,,,2,4,,,,,,,,,,,45458,0,0
318382,73604588830920207,,0,450,490.0,-940,-180.0,,,,2,4,,,,,,,,,,,45433,0,0
318383,73604588934079321,,0,450,460.0,-1060,-300.0,-670.0,,,2,4,,,,,,,,,,,45461,0,0
318384,73604588989264074,,0,450,347.0,-1060,-300.0,,,,2,4,,,,,,,,,,,45433,0,0
318385,73604589785036375,,0,450,233.0,-1060,-300.0,-670.0,,,2,4,,,,,,,,,,,45461,0,0
318386,73604589789962375,,0,450,233.0,-1050,-280.0,,,,2,4,,,,,,,,,,,45433,0,0
318387,73604590206788011,,0,450,233.0,-1050,-300.0,-660.0,,,2,4,,,,,,,,,,,45461,0,0
318388,73604590211716011,,0,450,233.0,-1050,-300.0,,,,2,4,,,,,,,,,,,45433,0,0
318389,73604590791032832,,0,450,,-870,-100.0,-600.0,20.0,0.0,3,4,,,,,,,43211.0,44200.0,,23055639.0,0,0,0
318390,73604591108610029,,0,450,407.0,-1060,-300.0,,,,2,4,,,,,,,,,,,45433,0,0
318391,73604592199478660,,0,1423,489.0,-830,-130.0,-610.0,,,2,4,,,,,,,,,,,45458,0,0
318392,73604592199478660,,0,1423,490.0,-930,-190.0,-610.0,,,2,4,,,,,,,,,,,45458,0,0
318393,73604592278856182,,0,450,406.0,-1060,-300.0,-670.0,,,2,4,,,,,,,,,,,45461,0,0
318394,73604592819079115,,0,450,490.0,-1060,-300.0,-670.0,,,2,4,,,,,,,,,,,45461,0,0
318395,73604592882834400,,0,450,460.0,-1050,-300.0,-660.0,,,2,4,,,,,,,,,,,45461,0,0
318396,73604593482930261,,0,3300,490.0,-990,-140.0,-760.0,,,2,4,,,,,,,,,,,45458,0,0
318397,73604593482930261,,0,3300,489.0,-990,-120.0,-760.0,,,2,4,,,,,,,,,,,45458,0,0
318398,73604593482930261,,0,3300,460.0,-1070,-190.0,-770.0,,,2,4,,,,,,,,,,,45458,0,0
318399,73604593795412268,,0,450,131.0,-980,-220.0,-660.0,,,2,4,,,,,,,,,,,45461,0,0
318400,73604593800371268,,0,450,131.0,-1000,-270.0,,,,2,4,,,,,,,,,,,45433,0,0
318401,73604593888336155,,0,450,95.0,-1060,-280.0,,,,2,4,,,,,,,,,,,45433,0,0
318402,73604594165124678,,0,450,347.0,-1060,-300.0,-670.0,,,2,4,,,,,,,,,,,45461,0,0
318403,73604594291269512,,0,450,489.0,-850,-120.0,-540.0,40.0,,1,4,274.0,2029.0,,,,,,,,,45459,0,0
318404,73604594359104206,,0,3102,490.0,-1040,-220.0,-720.0,,,2,4,,,,,,,,,,,45458,0,0
318405,73604594359104206,,0,3102,489.0,-980,-160.0,-720.0,,,2,4,,,,,,,,,,,45458,0,0
318406,73604594942935040,,0,450,,-860,-100.0,-600.0,30.0,0.0,3,4,,,,,,,43211.0,44200.0,,23055639.0,0,0,0
318407,73604596378344635,,0,450,406.0,-1060,-300.0,-670.0,,,2,4,,,,,,,,,,,45461,0,0
318408,73604596837583420,,0,450,490.0,-1060,-300.0,-670.0,,,2,4,,,,,,,,,,,45461,0,0
318409,73604597743951838,,0,450,460.0,-1060,-300.0,-670.0,,,2,4,,,,,,,,,,,45461,0,0
318410,73604598893396667,,0,450,361.0,-1050,-300.0,-660.0,,,2,4,,,,,,,,,,,45461,0,0
318411,73604598898417667,,0,450,361.0,-1050,-300.0,,,,2,4,,,,,,,,,,,45433,0,0
318412,73604599191764992,,0,450,,-890,-110.0,-600.0,30.0,0.0,3,4,,,,,,,43211.0,44200.0,,23055639.0,0,0,0
318413,73604599170738850,,0,1423,490.0,-910,-170.0,-600.0,,,2,4,,,,,,,,,,,45458,0,0
318414,73604599170738850,,0,1423,489.0,-830,-130.0,-600.0,,,2,4,,,,,,,,,,,45458,0,0
318415,73604599795374109,,0,450,347.0,-1000,-220.0,-680.0,,,2,4,,,,,,,,,,,45461,0,0
318416,73604599995482021,,0,450,489.0,-830,-90.0,-570.0,55.0,,1,4,274.0,1645.0,,,,,,,,,45459,0,0
318417,73604600063337116,,0,3300,490.0,-990,-120.0,-760.0,,,2,4,,,,,,,,,,,45458,0,0
318418,73604600063337116,,0,3300,489.0,-990,-130.0,-760.0,,,2,4,,,,,,,,,,,45458,0,0
318419,73604600181512692,,0,450,407.0,-1060,-300.0,-670.0,,,2,4,,,,,,,,,,,45461,0,0
318420,73604600188471788,,0,3102,489.0,-980,-150.0,-730.0,,,2,4,,,,,,,,,,,45458,0,0
318421,73604600268167470,,0,3102,460.0,-1030,-190.0,-750.0,,,2,4,,,,,,,,,,,45458,0,0
318422,73604600400157134,,0,450,406.0,-1060,-300.0,,,,2,4,,,,,,,,,,,45433,0,0
318423,73604602057462787,,0,450,311.0,-980,-210.0,-660.0,,,2,4,,,,,,,,,,,45461,0,0
318424,73604602062520787,,0,450,311.0,-990,-270.0,,,,2,4,,,,,,,,,,,45433,0,0
318425,73604602057462787,,0,450,490.0,-1050,-300.0,-660.0,,,2,4,,,,,,,,,,,45461,0,0
318426,73604602074277940,,0,450,311.0,-970,-210.0,-670.0,,,2,4,,,,,,,,,,,45461,0,0
318427,73604602079336940,,0,450,311.0,-970,-240.0,,,,2,4,,,,,,,,,,,45433,0,0
318428,73604602091055187,,0,450,311.0,-940,-190.0,-660.0,,,2,4,,,,,,,,,,,45461,0,0
318429,73604602096115187,,0,450,311.0,-950,-230.0,,,,2,4,,,,,,,,,,,45433,0,0
318430,73604602854498939,,0,450,460.0,-1060,-300.0,,,,2,4,,,,,,,,,,,45433,0,0
318431,73604603449245696,,0,450,,-870,-90.0,-540.0,20.0,0.0,3,4,,,,,,,43211.0,44200.0,,23055639.0,0,0,0
318432,73604603765362975,,0,450,347.0,-1060,-300.0,-670.0,,,2,4,,,,,,,,,,,45461,0,0
318433,73604603983465260,,0,450,95.0,-1060,-300.0,-670.0,,,2,4,,,,,,,,,,,45461,0,0
318434,73604604148087780,,0,450,407.0,-1060,-300.0,,,,2,4,,,,,,,,,,,45433,0,0
318435,73604604231880846,,0,450,148.0,-1050,-300.0,-660.0,,,2,4,,,,,,,,,,,45461,0,0
318436,73604604424863221,,0,450,406.0,-1060,-300.0,,,,2,4,,,,,,,,,,,45433,0,0
318437,73604604907043898,,0,3102,489.0,-950,-120.0,-740.0,,,2,4,,,,,,,,,,,45458,0,0
318438,73604606035254314,,0,450,489.0,-840,-50.0,-610.0,23.0,,1,4,274.0,1901.0,,,,,,,,,45459,0,0
318439,73604606043848783,,0,1423,489.0,-830,-130.0,-600.0,,,2,4,,,,,,,,,,,45458,0,0
318440,73604606103092911,,0,3300,489.0,-1010,-130.0,-780.0,,,2,4,,,,,,,,,,,45458,0,0
318441,73604606103092911,,0,3300,490.0,-980,-90.0,-780.0,,,2,4,,,,,,,,,,,45458,0,0
318442,73604606238997982,,0,450,490.0,-960,-180.0,-680.0,,,2,4,,,,,,,,,,,45461,0,0
318443,73604606241503055,,0,1423,490.0,-930,-160.0,-630.0,,,2,4,,,,,,,,,,,45458,0,0
318444,73604607644073984,,0,450,,-870,-90.0,-540.0,20.0,0.0,3,4,,,,,,,43211.0,44200.0,,23055639.0,0,0,0
318445,73604607774525707,,0,450,460.0,-980,-210.0,-670.0,,,2,4,,,,,,,,,,,45461,0,0
318446,73604607774525707,,0,450,347.0,-1060,-300.0,-670.0,,,2,4,,,,,,,,,,,45461,0,0
318447,73604608906714240,,0,450,406.0,-1060,-300.0,-670.0,,,2,4,,,,,,,,,,,45461,0,0
318448,73604609592740265,,0,3300,95.0,-1160,-300.0,-770.0,,,2,4,,,,,,,,,,,45458,0,0
318449,73604609677092930,,0,3300,460.0,-1060,-190.0,-770.0,,,2,4,,,,,,,,,,,45458,0,0
318450,73604609859812454,,0,450,407.0,-1060,-300.0,,,,2,4,,,,,,,,,,,45433,0,0
318451,73604610173444889,,0,450,490.0,-1060,-300.0,-670.0,,,2,4,,,,,,,,,,,45461,0,0
318452,73604611906469888,,0,450,,-860,-90.0,-600.0,30.0,0.0,3,4,,,,,,,43211.0,44200.0,,23055639.0,0,0,0
318453,73604612428137229,,0,450,460.0,-1050,-300.0,-660.0,,,2,4,,,,,,,,,,,45461,0,0
318454,73604612907190038,,0,450,406.0,-1060,-300.0,,,,2,4,,,,,,,,,,,45433,0,0
318455,73604613829241908,,0,450,347.0,-1060,-300.0,,,,2,4,,,,,,,,,,,45433,0,0
318456,73604613864400737,,0,450,95.0,-1060,-300.0,-670.0,,,2,4,,,,,,,,,,,45461,0,0
318457,73604614032135148,,0,450,407.0,-1060,-300.0,-670.0,,,2,4,,,,,,,,,,,45461,0,0
318458,73604614397761062,,0,3102,489.0,-970,-150.0,-720.0,,,2,4,,,,,,,,,,,45458,0,0
318459,73604614450189739,,0,3102,460.0,-1130,-300.0,-740.0,,,2,4,,,,,,,,,,,45458,0,0
318460,73604614543965721,,0,450,490.0,-1050,-240.0,,,,2,4,,,,,,,,,,,45433,0,0
318461,73604614674013942,,0,450,300.0,-1060,-300.0,-670.0,,,2,4,,,,,,,,,,,45461,0,0
318462,73604614679185942,,0,450,300.0,-1060,-300.0,,,,2,4,,,,,,,,,,,45433,0,0
318463,73604614689743439,,0,450,300.0,-990,-220.0,-670.0,,,2,4,,,,,,,,,,,45461,0,0
318464,73604614694916439,,0,450,300.0,-1010,-270.0,,,,2,4,,,,,,,,,,,45433,0,0
318465,73604614706463595,,0,450,300.0,-1050,-300.0,-660.0,,,2,4,,,,,,,,,,,45461,0,0
318466,73604614711637595,,0,450,300.0,-1050,-280.0,,,,2,4,,,,,,,,,,,45433,0,0
318467,73604614732460276,,0,450,489.0,-850,-110.0,-540.0,44.0,,1,4,274.0,8249.0,,,,,,,,,45459,0,0
318468,73604614746148820,,0,1423,489.0,-830,-130.0,-600.0,,,2,4,,,,,,,,,,,45458,0,0
318469,73604614746148820,,0,1423,490.0,-930,-190.0,-600.0,,,2,4,,,,,,,,,,,45458,0,0
318470,73604615008068998,,0,3102,490.0,-1040,-190.0,-730.0,,,2,4,,,,,,,,,,,45458,0,0
318471,73604616173780992,,0,450,,-860,-100.0,-610.0,20.0,0.0,3,4,,,,,,,43211.0,44200.0,,23055639.0,0,0,0
318472,73604616607892319,,0,450,460.0,-1070,-300.0,-680.0,,,2,4,,,,,,,,,,,45461,0,0
318473,73604617456867615,,0,450,406.0,-1070,-300.0,-680.0,,,2,4,,,,,,,,,,,45461,0,0
318474,73604618203540802,,0,450,347.0,-1050,-300.0,-660.0,,,2,4,,,,,,,,,,,45461,0,0
318475,73604618232811582,,0,450,407.0,-1060,-300.0,-670.0,,,2,4,,,,,,,,,,,45461,0,0
318476,73604619257171476,,0,450,490.0,-980,-230.0,,,,2,4,,,,,,,,,,,45433,0,0
318477,73604619263172897,,0,1423,489.0,-830,-140.0,-590.0,,,2,4,,,,,,,,,,,45458,0,0
318478,73604619263172897,,0,1423,490.0,-860,-180.0,-590.0,,,2,4,,,,,,,,,,,45458,0,0
318479,73604619725389036,,0,450,489.0,-880,-90.0,-620.0,52.0,,1,4,274.0,1389.0,,,,,,,,,45459,0,0
318480,73604619793227250,,0,3300,489.0,-1000,-150.0,-760.0,,,2,4,,,,,,,,,,,45458,0,0
318481,73604619793227250,,0,3300,490.0,-970,-90.0,-760.0,,,2,4,,,,,,,,,,,45458,0,0
318482,73604620321882112,,0,450,,-850,-80.0,-620.0,20.0,0.0,3,4,,,,,,,43211.0,44200.0,,23055639.0,0,0,0
318483,73604621373841069,,0,450,460.0,-1070,-300.0,-680.0,,,2,4,,,,,,,,,,,45461,0,0
318484,73604621390096276,,0,450,406.0,-1040,-270.0,,,,2,4,,,,,,,,,,,45433,0,0
318485,73604621742882518,,0,450,95.0,-1050,-300.0,-660.0,,,2,4,,,,,,,,,,,45461,0,0
318486,73604623799769570,,0,450,209.0,-950,-180.0,-670.0,,,2,4,,,,,,,,,,,45461,0,0
318487,73604623805010570,,0,450,209.0,-970,-260.0,,,,2,4,,,,,,,,,,,45433,0,0
318488,73604623799769570,,0,450,407.0,-1060,-300.0,-670.0,,,2,4,,,,,,,,,,,45461,0,0
318489,73604623799769570,,0,450,490.0,-930,-170.0,-670.0,,,2,4,,,,,,,,,,,45461,0,0
318490,73604623821789042,,0,450,209.0,-990,-240.0,,,,2,4,,,,,,,,,,,45433,0,0
318491,73604623816547042,,0,450,209.0,-1000,-200.0,-700.0,,,2,4,,,,,,,,,,,45461,0,0
318492,73604623827447645,,0,450,209.0,-1080,-300.0,-690.0,,,2,4,,,,,,,,,,,45461,0,0
318493,73604623832690645,,0,450,209.0,-1060,-260.0,,,,2,4,,,,,,,,,,,45433,0,0
318494,73604624016561476,,0,450,347.0,-1060,-300.0,-670.0,,,2,4,,,,,,,,,,,45461,0,0
318495,73604624084927950,,0,450,148.0,-970,-210.0,-670.0,,,2,4,,,,,,,,,,,45461,0,0
318496,73604624567042048,,0,450,,-860,-100.0,-540.0,30.0,0.0,3,4,,,,,,,43211.0,44200.0,,23055639.0,0,0,0
318497,73604624825843762,,0,450,489.0,-830,-110.0,-530.0,24.0,,1,4,274.0,10092.0,,,,,,,,,45459,0,0
318498,73604624891007075,,0,1423,490.0,-870,-160.0,-600.0,,,2,4,,,,,,,,,,,45458,0,0
318499,73604624891007075,,0,1423,489.0,-830,-120.0,-600.0,,,2,4,,,,,,,,,,,45458,0,0
318500,73604627528899941,,0,450,406.0,-1060,-300.0,-670.0,,,2,4,,,,,,,,,,,45461,0,0
318501,73604627876483102,,0,450,490.0,-970,-200.0,,,,2,4,,,,,,,,,,,45433,0,0
318502,73604627922098490,,0,450,407.0,-1060,-300.0,,,,2,4,,,,,,,,,,,45433,0,0
318503,73604628263686943,,0,450,460.0,-1000,-230.0,-670.0,,,2,4,,,,,,,,,,,45461,0,0
318504,73604628263686943,,0,450,347.0,-1060,-300.0,-670.0,,,2,4,,,,,,,,,,,45461,0,0
318505,73604628910702592,,0,450,,-850,-80.0,-610.0,30.0,0.0,3,4,,,,,,,43211.0,44200.0,,23055639.0,0,0,0
318506,73604629611676699,,0,1423,489.0,-830,-130.0,-600.0,,,2,4,,,,,,,,,,,45458,0,0
318507,73604629611676699,,0,1423,490.0,-900,-160.0,-600.0,,,2,4,,,,,,,,,,,45458,0,0
318508,73604629925876790,,0,450,489.0,-850,-120.0,-550.0,29.0,,1,4,274.0,1389.0,,,,,,,,,45459,0,0
318509,73604629993716319,,0,3300,489.0,-1000,-150.0,-760.0,,,2,4,,,,,,,,,,,45458,0,0
318510,73604629993716319,,0,3300,490.0,-980,-100.0,-760.0,,,2,4,,,,,,,,,,,45458,0,0
318511,73604629993716319,,0,3300,95.0,-1080,-190.0,-760.0,,,2,4,,,,,,,,,,,45458,0,0
318512,73604630187643817,,0,3300,460.0,-1160,-300.0,-770.0,,,2,4,,,,,,,,,,,45458,0,0
318513,73604630185872555,,0,450,95.0,-1060,-300.0,-670.0,,,2,4,,,,,,,,,,,45461,0,0
318514,73604630780206787,,0,450,148.0,-1070,-300.0,-680.0,,,2,4,,,,,,,,,,,45461,0,0
318515,73604631798222122,,0,450,406.0,-980,-210.0,-670.0,,,2,4,,,,,,,,,,,45461,0,0
318516,73604631820319617,,0,450,490.0,-960,-220.0,,,,2,4,,,,,,,,,,,45433,0,0
318517,73604632081859386,,0,450,50.0,-1060,-300.0,-670.0,,,2,4,,,,,,,,,,,45461,0,0
318518,73604632087178386,,0,450,50.0,-1060,-300.0,,,,2,4,,,,,,,,,,,45433,0,0
318519,73604632464551942,,0,450,460.0,-1030,-260.0,,,,2,4,,,,,,,,,,,45433,0,0
318520,73604632781458152,,0,450,407.0,-1000,-230.0,-670.0,,,2,4,,,,,,,,,,,45461,0,0
318521,73604632781458152,,0,450,347.0,-1060,-300.0,-670.0,,,2,4,,,,,,,,,,,45461,0,0
318522,73604633129713664,,0,450,,-860,-80.0,-650.0,60.0,0.0,3,4,,,,,,,43211.0,44200.0,,23055639.0,0,0,0
318523,73604634866316975,,0,3102,489.0,-970,-160.0,-720.0,,,2,4,,,,,,,,,,,45458,0,0
318524,73604636029392174,,0,450,490.0,-940,-180.0,-670.0,,,2,4,,,,,,,,,,,45461,0,0
318525,73604636029392174,,0,450,406.0,-1000,-230.0,-670.0,,,2,4,,,,,,,,,,,45461,0,0
318526,73604636861600316,,0,450,460.0,-960,-200.0,-670.0,,,2,4,,,,,,,,,,,45461,0,0
318527,73604636861600316,,0,450,95.0,-1060,-300.0,-670.0,,,2,4,,,,,,,,,,,45461,0,0
318528,73604636861600316,,0,450,347.0,-990,-220.0,-670.0,,,2,4,,,,,,,,,,,45461,0,0
318529,73604636942078979,,0,450,407.0,-1060,-300.0,-670.0,,,2,4,,,,,,,,,,,45461,0,0
318530,73604637456596992,,0,450,,-860,-90.0,-560.0,50.0,0.0,3,4,,,,,,,43211.0,44200.0,,23055639.0,0,0,0
318531,73604637450613683,,0,1423,489.0,-830,-120.0,-600.0,,,2,4,,,,,,,,,,,45458,0,0
318532,73604637442021313,,0,450,489.0,-830,-110.0,-550.0,31.0,,1,4,274.0,1389.0,,,,,,,,,45459,0,0
318533,73604637509910760,,0,3300,490.0,-970,-100.0,-780.0,,,2,4,,,,,,,,,,,45458,0,0
318534,73604637509910760,,0,3300,281.0,-1090,-220.0,-770.0,,,2,4,,,,,,,,,,,45458,0,0
318535,73604637509910760,,0,3300,460.0,-1070,-200.0,-770.0,,,2,4,,,,,,,,,,,45458,0,0
318536,73604637509910760,,0,3300,489.0,-1000,-130.0,-780.0,,,2,4,,,,,,,,,,,45458,0,0
318537,73604637937893376,,0,3300,,-1000,-140.0,-650.0,-20.0,0.0,3,4,,,,,,,43211.0,44200.0,,23055618.0,0,0,0
318538,73604641530922937,,0,3300,490.0,-1000,-150.0,-660.0,-21.0,,1,4,274.0,2020.0,,,,,,,,,45459,0,0
318539,73604641535072216,,0,3300,489.0,-1010,-150.0,-750.0,,,2,4,,,,,,,,,,,45461,0,0
318540,73604641544551929,,0,3102,489.0,-980,-160.0,-720.0,,,2,4,,,,,,,,,,,45458,0,0
318541,73604642172043264,,0,3300,,-1010,-150.0,-650.0,-20.0,0.0,3,4,,,,,,,43211.0,44200.0,,23055618.0,0,0,0
318542,73604645495029449,,0,3300,489.0,-970,-120.0,-670.0,19.0,,1,4,274.0,1389.0,,,,,,,,,45459,0,0
318543,73604645551251371,,0,3300,460.0,-1160,-300.0,-770.0,,,2,4,,,,,,,,,,,45461,0,0
318544,73604645556636371,,0,3300,490.0,-970,-110.0,,,,2,4,,,,,,,,,,,45433,0,0
318545,73604645551251371,,0,3300,95.0,-1160,-300.0,-770.0,,,2,4,,,,,,,,,,,45461,0,0
318546,73604645564232649,,0,450,489.0,-870,-100.0,-670.0,,,2,4,,,,,,,,,,,45458,0,0
318547,73604645612644566,,0,450,490.0,-960,-200.0,-670.0,,,2,4,,,,,,,,,,,45461,0,0
318548,73604645778090989,,0,450,407.0,-1060,-300.0,,,,2,4,,,,,,,,,,,45433,0,0
318549,73604645772698989,,0,450,406.0,-1060,-300.0,-670.0,,,2,4,,,,,,,,,,,45461,0,0
318550,73604645806160440,,0,450,460.0,-1060,-300.0,-670.0,,,2,4,,,,,,,,,,,45461,0,0
318551,73604645899862016,,0,450,,-850,-90.0,-610.0,20.0,0.0,3,4,,,,,,,43211.0,44200.0,,23055639.0,0,0,0
318552,73604645964791514,,0,450,489.0,-890,-100.0,-610.0,28.0,,1,4,274.0,1261.0,,,,,,,,,45459,0,0
318553,73604645988603751,,0,3102,489.0,-990,-150.0,-740.0,,,2,4,,,,,,,,,,,45458,0,0
318554,73604646001187163,,0,1423,489.0,-840,-130.0,-600.0,,,2,4,,,,,,,,,,,45458,0,0
318555,73604646001187163,,0,1423,490.0,-990,-300.0,-600.0,,,2,4,,,,,,,,,,,45458,0,0
318556,73604647867915818,,0,450,347.0,-1060,-300.0,-670.0,,,2,4,,,,,,,,,,,45461,0,0
318557,73604647880230606,,0,1423,406.0,-1010,-300.0,-620.0,,,2,4,,,,,,,,,,,45458,0,0
318558,73604647907069889,,0,450,422.0,-1060,-300.0,-670.0,,,2,4,,,,,,,,,,,45461,0,0
318559,73604647912478889,,0,450,422.0,-1060,-300.0,,,,2,4,,,,,,,,,,,45433,0,0
318560,73604649016363656,,0,450,148.0,-1060,-300.0,-670.0,,,2,4,,,,,,,,,,,45461,0,0
318561,73604649503834963,,0,450,95.0,-1020,-210.0,-710.0,,,2,4,,,,,,,,,,,45461,0,0
318562,73604649557572533,,0,450,490.0,-960,-180.0,-650.0,,,2,4,,,,,,,,,,,45461,0,0
318563,73604649723651450,,0,3300,489.0,-1000,-140.0,-760.0,,,2,4,,,,,,,,,,,45458,0,0
318564,73604649723651450,,0,3300,406.0,-1030,-170.0,-760.0,,,2,4,,,,,,,,,,,45458,0,0
318565,73604649723651450,,0,3300,460.0,-1070,-220.0,-760.0,,,2,4,,,,,,,,,,,45458,0,0
318566,73604649723651450,,0,3300,490.0,-980,-130.0,-760.0,,,2,4,,,,,,,,,,,45458,0,0
318567,73604649889596142,,0,450,460.0,-1100,-300.0,-710.0,,,2,4,,,,,,,,,,,45461,0,0
318568,73604649895035142,,0,450,407.0,-1080,-300.0,,,,2,4,,,,,,,,,,,45433,0,0
318569,73604649911813592,,0,450,406.0,-1060,-300.0,,,,2,4,,,,,,,,,,,45433,0,0
318570,73604649826210262,,0,3300,95.0,-1060,-190.0,-770.0,,,2,4,,,,,,,,,,,45458,0,0
318571,73604650084597760,,0,450,,-870,-80.0,-550.0,60.0,0.0,3,4,,,,,,,43211.0,44200.0,,23055639.0,0,0,0
318572,73604650295452396,,0,450,356.0,-1060,-300.0,-670.0,,,2,4,,,,,,,,,,,45461,0,0
318573,73604650616415186,,0,450,214.0,-1060,-300.0,,,,2,4,,,,,,,,,,,45433,0,0
318574,73604650610956186,,0,450,214.0,-1060,-300.0,-670.0,,,2,4,,,,,,,,,,,45461,0,0
318575,73604650633249673,,0,450,214.0,-1060,-300.0,,,,2,4,,,,,,,,,,,45433,0,0
318576,73604650627789673,,0,450,214.0,-1060,-300.0,-670.0,,,2,4,,,,,,,,,,,45461,0,0
318577,73604650644513107,,0,450,214.0,-1060,-300.0,-670.0,,,2,4,,,,,,,,,,,45461,0,0
318578,73604650649974107,,0,450,214.0,-1060,-300.0,,,,2,4,,,,,,,,,,,45433,0,0
318579,73604652100453430,,0,450,153.0,-1060,-300.0,-670.0,,,2,4,,,,,,,,,,,45461,0,0
318580,73604652816822297,,0,450,38.0,-1050,-300.0,,,,2,4,,,,,,,,,,,45433,0,0
318581,73604652811333297,,0,450,38.0,-1050,-300.0,-660.0,,,2,4,,,,,,,,,,,45461,0,0
318582,73604653592768397,,0,450,490.0,-970,-210.0,,,,2,4,,,,,,,,,,,45433,0,0
318583,73604653587270397,,0,450,347.0,-1060,-300.0,-670.0,,,2,4,,,,,,,,,,,45461,0,0
318584,73604653816545817,,0,450,489.0,-830,-120.0,-540.0,27.0,,1,4,274.0,10092.0,,,,,,,,,45459,0,0
318585,73604653853190864,,0,3300,489.0,-1030,-160.0,-760.0,,,2,4,,,,,,,,,,,45458,0,0
318586,73604653853190864,,0,3300,460.0,-1160,-300.0,-770.0,,,2,4,,,,,,,,,,,45458,0,0
318587,73604653853190864,,0,3300,490.0,-990,-130.0,-760.0,,,2,4,,,,,,,,,,,45458,0,0
318588,73604653853190864,,0,3300,95.0,-1060,-190.0,-770.0,,,2,4,,,,,,,,,,,45458,0,0
318589,73604653913226163,,0,450,460.0,-1070,-300.0,-680.0,,,2,4,,,,,,,,,,,45461,0,0
318590,73604653918737163,,0,450,407.0,-1010,-270.0,,,,2,4,,,,,,,,,,,45433,0,0
318591,73604653913226163,,0,450,406.0,-1070,-300.0,-680.0,,,2,4,,,,,,,,,,,45461,0,0
318592,73604654543929344,,0,450,,-860,-100.0,-540.0,20.0,0.0,3,4,,,,,,,43211.0,44200.0,,23055639.0,0,0,0
318593,73604657182127086,,0,1423,489.0,-830,-90.0,-640.0,,,2,4,,,,,,,,,,,45458,0,0
318594,73604657221825864,,0,3102,490.0,-1030,-190.0,-730.0,,,2,4,,,,,,,,,,,45458,0,0
318595,73604657221825864,,0,3102,489.0,-960,-140.0,-730.0,,,2,4,,,,,,,,,,,45458,0,0
318596,73604657366064399,,0,450,95.0,-1070,-300.0,-680.0,,,2,4,,,,,,,,,,,45461,0,0
318597,73604657372821234,,0,1423,490.0,-920,-170.0,-600.0,,,2,4,,,,,,,,,,,45458,0,0
318598,73604657412438606,,0,450,356.0,-1060,-300.0,,,,2,4,,,,,,,,,,,45433,0,0
318599,73604657546247621,,0,450,490.0,-960,-170.0,-700.0,,,2,4,,,,,,,,,,,45461,0,0
318600,73604658082657410,,0,450,460.0,-1050,-300.0,-660.0,,,2,4,,,,,,,,,,,45461,0,0
318601,73604658260609763,,0,450,406.0,-1080,-300.0,,,,2,4,,,,,,,,,,,45433,0,0
318602,73604658684624896,,0,450,,-850,-90.0,-550.0,50.0,0.0,3,4,,,,,,,43211.0,44200.0,,23055639.0,0,0,0
318603,73604661248340651,,0,1423,489.0,-830,-110.0,-600.0,,,2,4,,,,,,,,,,,45458,0,0
318604,73604661449666303,,0,1423,490.0,-930,-150.0,-650.0,,,2,4,,,,,,,,,,,45458,0,0
318605,73604661442249772,,0,450,95.0,-1060,-300.0,,,,2,4,,,,,,,,,,,45433,0,0
318606,73604661453487944,,0,450,347.0,-1100,-300.0,-710.0,,,2,4,,,,,,,,,,,45461,0,0
318607,73604661397914967,,0,450,356.0,-1080,-300.0,-690.0,,,2,4,,,,,,,,,,,45461,0,0
318608,73604661497115614,,0,450,490.0,-920,-140.0,-680.0,,,2,4,,,,,,,,,,,45461,0,0
318609,73604661933680161,,0,450,407.0,-1080,-300.0,-690.0,,,2,4,,,,,,,,,,,45461,0,0
318610,73604661942493906,,0,3102,490.0,-1010,-160.0,-750.0,,,2,4,,,,,,,,,,,45458,0,0
318611,73604661942493906,,0,3102,460.0,-1030,-210.0,-730.0,,,2,4,,,,,,,,,,,45458,0,0
318612,73604661942493906,,0,3102,489.0,-970,-120.0,-760.0,,,2,4,,,,,,,,,,,45458,0,0
318613,73604662226612741,,0,450,460.0,-1070,-300.0,-680.0,,,2,4,,,,,,,,,,,45461,0,0
318614,73604662331872808,,0,450,406.0,-1080,-300.0,-690.0,,,2,4,,,,,,,,,,,45461,0,0
318615,73604662540591862,,0,450,489.0,-870,-90.0,-600.0,24.0,,1,4,274.0,1133.0,,,,,,,,,45459,0,0
318616,73604662608431803,,0,3300,490.0,-960,-100.0,-770.0,,,2,4,,,,,,,,,,,45458,0,0
318617,73604662608431803,,0,3300,460.0,-1050,-180.0,-770.0,,,2,4,,,,,,,,,,,45458,0,0
318618,73604662608431803,,0,3300,489.0,-1010,-150.0,-770.0,,,2,4,,,,,,,,,,,45458,0,0
318619,73604662950100992,,0,450,,-870,-90.0,-560.0,20.0,0.0,3,4,,,,,,,43211.0,44200.0,,23055639.0,0,0,0
318620,73604663591796188,,0,450,86.0,-1060,-300.0,-670.0,,,2,4,,,,,,,,,,,45461,0,0
318621,73604663597444188,,0,450,86.0,-1060,-300.0,,,,2,4,,,,,,,,,,,45433,0,0
318622,73604665527512929,,0,450,490.0,-970,-210.0,-660.0,,,2,4,,,,,,,,,,,45461,0,0
318623,73604666185750893,,0,450,460.0,-1060,-300.0,,,,2,4,,,,,,,,,,,45433,0,0
318624,73604666296551484,,0,450,406.0,-1070,-300.0,,,,2,4,,,,,,,,,,,45433,0,0
318625,73604666455064755,,0,450,356.0,-1070,-300.0,-680.0,,,2,4,,,,,,,,,,,45461,0,0
318626,73604666455064755,,0,450,95.0,-1060,-300.0,-670.0,,,2,4,,,,,,,,,,,45461,0,0
318627,73604667181105152,,0,450,,-850,-90.0,-540.0,20.0,0.0,3,4,,,,,,,43211.0,44200.0,,23055639.0,0,0,0
318628,73604667247331725,,0,450,347.0,-950,-200.0,,,,2,4,,,,,,,,,,,45433,0,0
318629,73604667493348744,,0,450,489.0,-870,-110.0,-560.0,44.0,,1,4,274.0,8531.0,,,,,,,,,45459,0,0
318630,73604667505876237,,0,3300,489.0,-1010,-150.0,-760.0,,,2,4,,,,,,,,,,,45458,0,0
318631,73604667505876237,,0,3300,460.0,-1100,-220.0,-770.0,,,2,4,,,,,,,,,,,45458,0,0
318632,73604667505876237,,0,3300,95.0,-1080,-200.0,-770.0,,,2,4,,,,,,,,,,,45458,0,0
318633,73604667505876237,,0,3300,490.0,-960,-80.0,-760.0,,,2,4,,,,,,,,,,,45458,0,0
318634,73604670277948425,,0,450,490.0,-970,-210.0,-670.0,,,2,4,,,,,,,,,,,45461,0,0
318635,73604670283659425,,0,450,460.0,-1060,-300.0,,,,2,4,,,,,,,,,,,45433,0,0
318636,73604671251022476,,0,450,347.0,-1050,-300.0,-660.0,,,2,4,,,,,,,,,,,45461,0,0
318637,73604671273415300,,0,450,406.0,-980,-210.0,,,,2,4,,,,,,,,,,,45433,0,0
318638,73604671290247678,,0,450,407.0,-1070,-300.0,,,,2,4,,,,,,,,,,,45433,0,0
318639,73604671448285184,,0,450,,-860,-90.0,-600.0,30.0,0.0,3,4,,,,,,,43211.0,44200.0,,23055639.0,0,0,0
318640,73604672160596386,,0,450,489.0,-860,-110.0,-540.0,16.0,,1,4,274.0,9241.0,,,,,,,,,45459,0,0
318641,73604672172489876,,0,3102,490.0,-1090,-220.0,-730.0,,,2,4,,,,,,,,,,,45458,0,0
318642,73604672187169797,,0,3102,489.0,-980,-170.0,-720.0,,,2,4,,,,,,,,,,,45458,0,0
318643,73604672235405075,,0,3102,460.0,-1030,-190.0,-740.0,,,2,4,,,,,,,,,,,45458,0,0
318644,73604672296282236,,0,450,148.0,-1060,-300.0,-670.0,,,2,4,,,,,,,,,,,45461,0,0
318645,73604672439662437,,0,450,185.0,-980,-270.0,,,,2,4,,,,,,,,,,,45433,0,0
318646,73604672450683856,,0,450,185.0,-1050,-300.0,-660.0,,,2,4,,,,,,,,,,,45461,0,0
318647,73604672433906437,,0,450,185.0,-970,-210.0,-660.0,,,2,4,,,,,,,,,,,45461,0,0
318648,73604672456440856,,0,450,185.0,-1040,-280.0,,,,2,4,,,,,,,,,,,45433,0,0
318649,73604672467350598,,0,450,185.0,-960,-190.0,-670.0,,,2,4,,,,,,,,,,,45461,0,0
318650,73604672473108598,,0,450,185.0,-970,-250.0,,,,2,4,,,,,,,,,,,45433,0,0
318651,73604672484875257,,0,450,185.0,-1060,-300.0,-670.0,,,2,4,,,,,,,,,,,45461,0,0
318652,73604672490634257,,0,450,185.0,-1050,-270.0,,,,2,4,,,,,,,,,,,45433,0,0
318653,73604672500960304,,0,450,185.0,-1050,-300.0,-660.0,,,2,4,,,,,,,,,,,45461,0,0
318654,73604672506720304,,0,450,185.0,-1050,-280.0,,,,2,4,,,,,,,,,,,45433,0,0
318655,73604672669418423,,0,3300,489.0,-1000,-120.0,-760.0,,,2,4,,,,,,,,,,,45458,0,0
318656,73604672669418423,,0,3300,490.0,-990,-130.0,-760.0,,,2,4,,,,,,,,,,,45458,0,0
318657,73604672669418423,,0,3300,460.0,-1080,-200.0,-780.0,,,2,4,,,,,,,,,,,45458,0,0
318658,73604672669418423,,0,3300,95.0,-1110,-230.0,-790.0,,,2,4,,,,,,,,,,,45458,0,0
318659,73604674224353289,,0,450,460.0,-1060,-300.0,-670.0,,,2,4,,,,,,,,,,,45461,0,0
318660,73604674358570312,,0,450,217.0,-1060,-300.0,-670.0,,,2,4,,,,,,,,,,,45461,0,0
318661,73604674364362312,,0,450,217.0,-1060,-300.0,,,,2,4,,,,,,,,,,,45433,0,0
318662,73604674519550655,,0,450,355.0,-1060,-300.0,,,,2,4,,,,,,,,,,,45433,0,0
318663,73604674513755655,,0,450,355.0,-1060,-300.0,-670.0,,,2,4,,,,,,,,,,,45461,0,0
318664,73604674838814043,,0,450,490.0,-970,-200.0,-670.0,,,2,4,,,,,,,,,,,45461,0,0
318665,73604674977222870,,0,450,147.0,-1060,-300.0,-670.0,,,2,4,,,,,,,,,,,45461,0,0
318666,73604674983022870,,0,450,147.0,-1060,-300.0,,,,2,4,,,,,,,,,,,45433,0,0
318667,73604675186936951,,0,450,95.0,-1060,-300.0,-670.0,,,2,4,,,,,,,,,,,45461,0,0
318668,73604675495831499,,0,450,406.0,-1080,-300.0,-680.0,,,2,4,,,,,,,,,,,45461,0,0
318669,73604675625287680,,0,450,,-870,-90.0,-570.0,10.0,0.0,3,4,,,,,,,43211.0,44200.0,,23055639.0,0,0,0
318670,73604676157010554,,0,450,407.0,-1060,-300.0,-670.0,,,2,4,,,,,,,,,,,45461,0,0
318671,73604676173699847,,0,450,347.0,-1000,-200.0,-710.0,,,2,4,,,,,,,,,,,45461,0,0
318672,73604677390016902,,0,1423,489.0,-830,-130.0,-610.0,,,2,4,,,,,,,,,,,45458,0,0
318673,73604677390016902,,0,1423,490.0,-910,-160.0,-610.0,,,2,4,,,,,,,,,,,45458,0,0
318674,73604677908435786,,0,450,489.0,-830,-110.0,-550.0,26.0,,1,4,274.0,1773.0,,,,,,,,,45459,0,0
318675,73604677976281099,,0,3300,489.0,-1000,-130.0,-770.0,,,2,4,,,,,,,,,,,45458,0,0
318676,73604677976281099,,0,3300,95.0,-1050,-180.0,-770.0,,,2,4,,,,,,,,,,,45458,0,0
318677,73604677976281099,,0,3300,490.0,-970,-110.0,-770.0,,,2,4,,,,,,,,,,,45458,0,0
318678,73604678241978506,,0,450,460.0,-1050,-300.0,,,,2,4,,,,,,,,,,,45433,0,0
318679,73604679248089283,,0,450,490.0,-980,-240.0,,,,2,4,,,,,,,,,,,45433,0,0
318680,73604679392106423,,0,450,95.0,-1060,-300.0,,,,2,4,,,,,,,,,,,45433,0,0
318681,73604679455455255,,0,450,406.0,-1070,-300.0,,,,2,4,,,,,,,,,,,45433,0,0
318682,73604679853408256,,0,450,,-850,-90.0,-540.0,10.0,0.0,3,4,,,,,,,43211.0,44200.0,,23055639.0,0,0,0
318683,73604680091312319,,0,450,355.0,-1060,-300.0,-670.0,,,2,4,,,,,,,,,,,45461,0,0
318684,73604680097188319,,0,450,355.0,-1060,-300.0,,,,2,4,,,,,,,,,,,45433,0,0
318685,73604680218390893,,0,450,284.0,-1070,-300.0,,,,2,4,,,,,,,,,,,45433,0,0
318686,73604680212513893,,0,450,284.0,-1070,-300.0,-680.0,,,2,4,,,,,,,,,,,45461,0,0
318687,73604680318999676,,0,450,167.0,-1060,-300.0,,,,2,4,,,,,,,,,,,45433,0,0
318688,73604680277113682,,0,450,167.0,-1060,-300.0,,,,2,4,,,,,,,,,,,45433,0,0
318689,73604680304485587,,0,450,167.0,-1060,-300.0,,,,2,4,,,,,,,,,,,45433,0,0
318690,73604680313118676,,0,450,167.0,-1050,-300.0,-660.0,,,2,4,,,,,,,,,,,45461,0,0
318691,73604680298605587,,0,450,167.0,-1060,-300.0,-670.0,,,2,4,,,,,,,,,,,45461,0,0
318692,73604680271234682,,0,450,167.0,-1060,-300.0,-670.0,,,2,4,,,,,,,,,,,45461,0,0
318693,73604680330120252,,0,450,167.0,-1090,-300.0,-700.0,,,2,4,,,,,,,,,,,45461,0,0
318694,73604680336002252,,0,450,167.0,-1080,-300.0,,,,2,4,,,,,,,,,,,45433,0,0
318695,73604680519333971,,0,450,347.0,-1060,-300.0,-670.0,,,2,4,,,,,,,,,,,45461,0,0
318696,73604681160022361,,0,450,407.0,-1060,-300.0,,,,2,4,,,,,,,,,,,45433,0,0
318697,73604681408983041,,0,1423,490.0,-880,-140.0,-600.0,,,2,4,,,,,,,,,,,45458,0,0
318698,73604681408983041,,0,1423,489.0,-840,-120.0,-600.0,,,2,4,,,,,,,,,,,45458,0,0
318699,73604682328562611,,0,450,460.0,-1060,-300.0,,,,2,4,,,,,,,,,,,45433,0,0
318700,73604682904247551,,0,3300,460.0,-1160,-300.0,-770.0,,,2,4,,,,,,,,,,,45458,0,0
318701,73604682904247551,,0,3300,490.0,-970,-100.0,-770.0,,,2,4,,,,,,,,,,,45458,0,0
318702,73604682904247551,,0,3300,489.0,-1000,-130.0,-770.0,,,2,4,,,,,,,,,,,45458,0,0
318703,73604682990268136,,0,3300,95.0,-1100,-220.0,-770.0,,,2,4,,,,,,,,,,,45458,0,0
318704,73604683142894353,,0,450,489.0,-890,-110.0,-610.0,38.0,,1,4,274.0,1517.0,,,,,,,,,45459,0,0
318705,73604683210203049,,0,450,426.0,-1060,-300.0,-670.0,,,2,4,,,,,,,,,,,45458,0,0
318706,73604683277155028,,0,1423,489.0,-850,-120.0,-510.0,36.0,,1,4,274.0,9964.0,,,,,,,,,45459,0,0
318707,73604683392356052,,0,450,426.0,-980,-220.0,-660.0,,,2,4,,,,,,,,,,,45458,0,0
318708,73604683392356052,,0,450,489.0,-880,-110.0,-670.0,,,2,4,,,,,,,,,,,45458,0,0
318709,73604683474927616,,0,1423,,-850,-120.0,-520.0,30.0,0.0,3,4,,,,,,,43211.0,44200.0,,23055629.0,0,0,0
318710,73604683473571333,,0,1423,460.0,-970,-300.0,-580.0,,,2,4,,,,,,,,,,,45461,0,0
318711,73604685425017486,,0,1423,490.0,-920,-190.0,-580.0,,,2,4,,,,,,,,,,,45461,0,0
318712,73604685765639103,,0,1423,406.0,-990,-300.0,-600.0,,,2,4,,,,,,,,,,,45461,0,0
318713,73604685803416418,,0,1423,430.0,-1000,-300.0,,,,2,4,,,,,,,,,,,45433,0,0
318714,73604685797469418,,0,1423,430.0,-1000,-300.0,-610.0,,,2,4,,,,,,,,,,,45461,0,0
318715,73604686331872971,,0,1423,95.0,-980,-300.0,-590.0,,,2,4,,,,,,,,,,,45461,0,0
318716,73604686864422184,,0,3300,489.0,-1010,-140.0,-770.0,,,2,4,,,,,,,,,,,45458,0,0
318717,73604686864422184,,0,3300,490.0,-980,-120.0,-770.0,,,2,4,,,,,,,,,,,45458,0,0
318718,73604686931960956,,0,3102,489.0,-970,-150.0,-730.0,,,2,4,,,,,,,,,,,45458,0,0
318719,73604687279816704,,0,3300,,-1000,-140.0,-640.0,-30.0,0.0,3,4,,,,,,,43211.0,44200.0,,23055618.0,0,0,0
318720,73604689867945399,,0,3102,460.0,-1100,-220.0,-740.0,,,2,4,,,,,,,,,,,45458,0,0
318721,73604690898126165,,0,3300,490.0,-1000,-140.0,-670.0,-15.0,,1,4,274.0,1973.0,,,,,,,,,45459,0,0
318722,73604690902477759,,0,3300,460.0,-1160,-300.0,-770.0,,,2,4,,,,,,,,,,,45461,0,0
318723,73604690908460759,,0,3300,489.0,-1010,-150.0,,,,2,4,,,,,,,,,,,45433,0,0
318724,73604690911533300,,0,3102,489.0,-970,-150.0,-730.0,,,2,4,,,,,,,,,,,45458,0,0
318725,73604690911533300,,0,3102,490.0,-1010,-170.0,-730.0,,,2,4,,,,,,,,,,,45458,0,0
318726,73604691609059328,,0,3300,,-1000,-140.0,-650.0,-20.0,0.0,3,4,,,,,,,43211.0,44200.0,,23055618.0,0,0,0
318727,73604708438507520,,0,1423,,-850,-120.0,-520.0,30.0,0.0,3,4,,,,,,,43211.0,44200.0,,23055629.0,0,0,0
318728,73604708850619235,,0,1423,489.0,-850,-110.0,-510.0,30.0,,1,4,274.0,9580.0,,,,,,,,,45459,0,0
318729,73604708850738992,,0,1423,490.0,-930,-200.0,-580.0,,,2,4,,,,,,,,,,,45458,0,0
318730,73604708917730264,,0,1423,489.0,-840,-110.0,-520.0,42.0,,1,4,274.0,9708.0,,,,,,,,,45459,0,0
318731,73604708917847606,,0,1423,490.0,-940,-170.0,-630.0,,,2,4,,,,,,,,,,,45458,0,0
318732,73604708988485632,,0,1423,,-840,-110.0,-520.0,40.0,0.0,3,4,,,,,,,43211.0,44200.0,,23055629.0,0,0,0
318733,73604708984843951,,0,1423,489.0,-850,-110.0,-520.0,25.0,,1,4,274.0,9836.0,,,,,,,,,45459,0,0
318734,73604708984956439,,0,1423,490.0,-890,-140.0,-590.0,,,2,4,,,,,,,,,,,45458,0,0
318735,73604709051947895,,0,1423,489.0,-850,-110.0,-520.0,36.0,,1,4,274.0,9964.0,,,,,,,,,45459,0,0
318736,73604709052064902,,0,1423,490.0,-920,-170.0,-600.0,,,2,4,,,,,,,,,,,45458,0,0
318737,73604709119057724,,0,1423,489.0,-850,-90.0,-550.0,38.0,,1,4,274.0,10092.0,,,,,,,,,45459,0,0
318738,73604709119173678,,0,1423,490.0,-910,-150.0,-630.0,,,2,4,,,,,,,,,,,45458,0,0
318739,73604709186162734,,0,1423,489.0,-850,-110.0,-510.0,30.0,,1,4,274.0,10220.0,,,,,,,,,45459,0,0
318740,73604709186282335,,0,1423,490.0,-920,-160.0,-600.0,,,2,4,,,,,,,,,,,45458,0,0
318741,73604709253278962,,0,1423,489.0,-840,-100.0,-540.0,33.0,,1,4,274.0,9324.0,,,,,,,,,45459,0,0
318742,73604709253391109,,0,1423,490.0,-920,-150.0,-620.0,,,2,4,,,,,,,,,,,45458,0,0
318743,73604709320382016,,0,1423,489.0,-840,-100.0,-530.0,35.0,,1,4,274.0,9452.0,,,,,,,,,45459,0,0
318744,73604709320499653,,0,1423,490.0,-860,-170.0,-600.0,,,2,4,,,,,,,,,,,45458,0,0
318745,73604709387493633,,0,1423,489.0,-840,-120.0,-510.0,56.0,,1,4,274.0,9580.0,,,,,,,,,45459,0,0
318746,73604709387608458,,0,1423,490.0,-960,-300.0,-570.0,,,2,4,,,,,,,,,,,45458,0,0
318747,73604709460541440,,0,1423,,-840,-120.0,-520.0,50.0,0.0,3,4,,,,,,,43211.0,44200.0,,23055629.0,0,0,0
318748,73604709454600375,,0,1423,489.0,-850,-120.0,-510.0,64.0,,1,4,274.0,9708.0,,,,,,,,,45459,0,0
318749,73604709454717000,,0,1423,490.0,-850,-150.0,-570.0,,,2,4,,,,,,,,,,,45458,0,0
318750,73604709712147002,,0,3300,489.0,-1010,-140.0,-750.0,,,2,4,,,,,,,,,,,45458,0,0
318751,73604709745756161,,0,3300,490.0,-970,-110.0,-760.0,,,2,4,,,,,,,,,,,45458,0,0
318752,73604709745756161,,0,3300,489.0,-1010,-140.0,-760.0,,,2,4,,,,,,,,,,,45458,0,0
318753,73604709745756161,,0,3300,95.0,-1060,-210.0,-750.0,,,2,4,,,,,,,,,,,45458,0,0
318754,73604709712147002,,0,3300,490.0,-980,-130.0,-750.0,,,2,4,,,,,,,,,,,45458,0,0
318755,73604709726826345,,0,3300,490.0,-980,-120.0,-760.0,,,2,4,,,,,,,,,,,45458,0,0
318756,73604709726826345,,0,3300,489.0,-1010,-130.0,-760.0,,,2,4,,,,,,,,,,,45458,0,0
318757,73604709745756161,,0,3300,460.0,-1070,-210.0,-760.0,,,2,4,,,,,,,,,,,45458,0,0
318758,73604709773019417,,0,3300,490.0,-970,-110.0,-770.0,,,2,4,,,,,,,,,,,45458,0,0
318759,73604709773019417,,0,3300,489.0,-1010,-130.0,-770.0,,,2,4,,,,,,,,,,,45458,0,0
318760,73604709773019417,,0,3300,460.0,-1040,-160.0,-770.0,,,2,4,,,,,,,,,,,45458,0,0
318761,73604709773019417,,0,3300,95.0,-1110,-220.0,-770.0,,,2,4,,,,,,,,,,,45458,0,0
318762,73604709888838331,,0,1423,406.0,-1030,-300.0,-640.0,,,2,4,,,,,,,,,,,45461,0,0
318763,73604709888867331,,0,1423,460.0,-1020,-300.0,,,,2,4,,,,,,,,,,,45433,0,0
318764,73604709888867331,,0,1423,406.0,-1020,-300.0,,,,2,4,,,,,,,,,,,45433,0,0
318765,73604709888838331,,0,1423,460.0,-1030,-300.0,-640.0,,,2,4,,,,,,,,,,,45461,0,0
318766,73604709905671666,,0,1423,406.0,-990,-300.0,-600.0,,,2,4,,,,,,,,,,,45461,0,0
318767,73604709952594857,,0,1423,406.0,-990,-300.0,-590.0,,,2,4,,,,,,,,,,,45461,0,0
318768,73604709905701666,,0,1423,406.0,-990,-300.0,,,,2,4,,,,,,,,,,,45433,0,0
318769,73604709922479721,,0,1423,406.0,-1000,-300.0,,,,2,4,,,,,,,,,,,45433,0,0
318770,73604709922448721,,0,1423,406.0,-1010,-300.0,-620.0,,,2,4,,,,,,,,,,,45461,0,0
318771,73604709935816826,,0,1423,406.0,-1020,-300.0,-630.0,,,2,4,,,,,,,,,,,45461,0,0
318772,73604709935848826,,0,1423,406.0,-1020,-300.0,,,,2,4,,,,,,,,,,,45433,0,0
318773,73604709952627857,,0,1423,406.0,-990,-300.0,,,,2,4,,,,,,,,,,,45433,0,0
318774,73604710057836544,,0,1423,,-850,-110.0,-540.0,30.0,0.0,3,4,,,,,,,43211.0,44200.0,,23055629.0,0,0,0
318775,73604710251257589,,0,1423,460.0,-920,-220.0,,,,2,4,,,,,,,,,,,45433,0,0
318776,73604710251214589,,0,1423,460.0,-920,-220.0,-600.0,,,2,4,,,,,,,,,,,45461,0,0
318777,73604710267991747,,0,1423,460.0,-980,-300.0,-590.0,,,2,4,,,,,,,,,,,45461,0,0
318778,73604710268035747,,0,1423,460.0,-970,-240.0,,,,2,4,,,,,,,,,,,45433,0,0
318779,73604710285292487,,0,1423,460.0,-1000,-300.0,-610.0,,,2,4,,,,,,,,,,,45461,0,0
318780,73604710285337487,,0,1423,460.0,-1000,-270.0,,,,2,4,,,,,,,,,,,45433,0,0
318781,73604710298243779,,0,1423,460.0,-990,-280.0,,,,2,4,,,,,,,,,,,45433,0,0
318782,73604710298197779,,0,1423,460.0,-990,-300.0,-600.0,,,2,4,,,,,,,,,,,45461,0,0
318783,73604710341925514,,0,1423,95.0,-990,-300.0,,,,2,4,,,,,,,,,,,45433,0,0
318784,73604710341878514,,0,1423,95.0,-990,-300.0,-600.0,,,2,4,,,,,,,,,,,45461,0,0
318785,73604710385432034,,0,1423,95.0,-1020,-300.0,-630.0,,,2,4,,,,,,,,,,,45461,0,0
318786,73604710385480034,,0,1423,95.0,-1010,-300.0,,,,2,4,,,,,,,,,,,45433,0,0
318787,73604710529236992,,0,1423,,-850,-120.0,-530.0,30.0,0.0,3,4,,,,,,,43211.0,44200.0,,23055629.0,0,0,0
318788,73604710667810550,,0,450,489.0,-870,-100.0,-670.0,,,2,4,,,,,,,,,,,45458,0,0
318789,73604710715368449,,0,3102,489.0,-980,-160.0,-720.0,,,2,4,,,,,,,,,,,45458,0,0
318790,73604710730049164,,0,3102,489.0,-970,-140.0,-740.0,,,2,4,,,,,,,,,,,45458,0,0
318791,73604710757312347,,0,3102,489.0,-980,-150.0,-740.0,,,2,4,,,,,,,,,,,45458,0,0
318792,73604710757312347,,0,3102,460.0,-1020,-180.0,-740.0,,,2,4,,,,,,,,,,,45458,0,0
318793,73604710795061183,,0,3102,460.0,-1020,-190.0,-740.0,,,2,4,,,,,,,,,,,45458,0,0
318794,73604710795061183,,0,3102,489.0,-960,-140.0,-730.0,,,2,4,,,,,,,,,,,45458,0,0
318795,73604711080984576,,0,1423,,-850,-120.0,-540.0,40.0,0.0,3,4,,,,,,,43211.0,44200.0,,23055629.0,0,0,0
318796,73604711552909312,,0,1423,,-850,-120.0,-520.0,40.0,0.0,3,4,,,,,,,43211.0,44200.0,,23055629.0,0,0,0
318797,73604712103739392,,0,1423,,-850,-120.0,-500.0,30.0,0.0,3,4,,,,,,,43211.0,44200.0,,23055629.0,0,0,0
318798,73604712654372864,,0,1423,,-850,-120.0,-510.0,30.0,0.0,3,4,,,,,,,43211.0,44200.0,,23055629.0,0,0,0
318799,73604713126428672,,0,1423,,-850,-110.0,-530.0,40.0,0.0,3,4,,,,,,,43211.0,44200.0,,23055629.0,0,0,0
318800,73604713315341037,,0,1423,95.0,-970,-300.0,,,,2,4,,,,,,,,,,,45433,0,0
318801,73604713315265037,,0,1423,95.0,-970,-300.0,-580.0,,,2,4,,,,,,,,,,,45461,0,0
318802,73604713422210667,,0,1423,490.0,-920,-170.0,-590.0,,,2,4,,,,,,,,,,,45461,0,0
318803,73604713657821342,,0,1423,95.0,-980,-300.0,-590.0,,,2,4,,,,,,,,,,,45461,0,0
318804,73604713657900342,,0,1423,95.0,-980,-300.0,,,,2,4,,,,,,,,,,,45433,0,0
318805,73604714030295182,,0,1423,406.0,-980,-300.0,,,,2,4,,,,,,,,,,,45433,0,0
318806,73604714654805296,,0,1423,489.0,-850,-110.0,-530.0,47.0,,1,4,274.0,8363.0,,,,,,,,,45459,0,0
318807,73604714667120665,,0,3102,489.0,-970,-140.0,-740.0,,,2,4,,,,,,,,,,,45458,0,0
318808,73604714667120665,,0,3102,490.0,-1030,-180.0,-740.0,,,2,4,,,,,,,,,,,45458,0,0
318809,73604714725840932,,0,3102,490.0,-1020,-190.0,-740.0,,,2,4,,,,,,,,,,,45458,0,0
318810,73604714727255139,,0,1423,460.0,-990,-300.0,-600.0,,,2,4,,,,,,,,,,,45461,0,0
318811,73604714725840932,,0,3102,489.0,-990,-150.0,-740.0,,,2,4,,,,,,,,,,,45458,0,0
318812,73604714856394253,,0,1423,95.0,-1000,-230.0,-630.0,,,2,4,,,,,,,,,,,45461,0,0
318813,73604714856494253,,0,1423,95.0,-990,-270.0,,,,2,4,,,,,,,,,,,45433,0,0
318814,73604715019503889,,0,1423,496.0,-1000,-300.0,-610.0,,,2,4,,,,,,,,,,,45461,0,0
318815,73604715019611889,,0,1423,496.0,-1000,-300.0,,,,2,4,,,,,,,,,,,45433,0,0
318816,73604717314441216,,0,1423,,-850,-110.0,-520.0,40.0,0.0,3,4,,,,,,,43211.0,44200.0,,23055629.0,0,0,0
318817,73604717399971286,,0,1423,490.0,-910,-170.0,,,,2,4,,,,,,,,,,,45433,0,0
318818,73604718007131081,,0,1423,406.0,-1010,-300.0,-620.0,,,2,4,,,,,,,,,,,45461,0,0
318819,73604718570847878,,0,1423,496.0,-980,-300.0,-590.0,,,2,4,,,,,,,,,,,45461,0,0
318820,73604718570970878,,0,1423,496.0,-980,-300.0,,,,2,4,,,,,,,,,,,45433,0,0
318821,73604718893022917,,0,1423,460.0,-1000,-300.0,-610.0,,,2,4,,,,,,,,,,,45461,0,0
318822,73604719188976436,,0,450,489.0,-870,-100.0,-670.0,,,2,4,,,,,,,,,,,45458,0,0
318823,73604719185306649,,0,1423,489.0,-850,-90.0,-550.0,46.0,,1,4,274.0,1645.0,,,,,,,,,45459,0,0
318824,73604719308926207,,0,3300,489.0,-990,-130.0,-760.0,,,2,4,,,,,,,,,,,45458,0,0
318825,73604719308926207,,0,3300,490.0,-970,-120.0,-760.0,,,2,4,,,,,,,,,,,45458,0,0
318826,73604719308926207,,0,3300,460.0,-1040,-180.0,-770.0,,,2,4,,,,,,,,,,,45458,0,0
318827,73604719323606336,,0,3300,489.0,-990,-130.0,-770.0,,,2,4,,,,,,,,,,,45458,0,0
318828,73604719323606336,,0,3300,460.0,-1090,-220.0,-760.0,,,2,4,,,,,,,,,,,45458,0,0
318829,73604719323606336,,0,3300,490.0,-980,-120.0,-770.0,,,2,4,,,,,,,,,,,45458,0,0
318830,73604719350869351,,0,3300,489.0,-1020,-150.0,-760.0,,,2,4,,,,,,,,,,,45458,0,0
318831,73604719350869351,,0,3300,490.0,-970,-110.0,-760.0,,,2,4,,,,,,,,,,,45458,0,0
318832,73604719350869351,,0,3300,460.0,-1040,-180.0,-770.0,,,2,4,,,,,,,,,,,45458,0,0
318833,73604719386574619,,0,3300,490.0,-970,-110.0,-760.0,,,2,4,,,,,,,,,,,45458,0,0
318834,73604719386574619,,0,3300,489.0,-1010,-140.0,-760.0,,,2,4,,,,,,,,,,,45458,0,0
318835,73604719386574619,,0,3300,95.0,-1060,-180.0,-770.0,,,2,4,,,,,,,,,,,45458,0,0
318836,73604719386574619,,0,3300,460.0,-1050,-180.0,-770.0,,,2,4,,,,,,,,,,,45458,0,0
318837,73604721559863296,,0,1423,,-850,-110.0,-540.0,40.0,0.0,3,4,,,,,,,43211.0,44200.0,,23055629.0,0,0,0
318838,73604722175561565,,0,1423,490.0,-930,-180.0,,,,2,4,,,,,,,,,,,45433,0,0
318839,73604722175408565,,0,1423,406.0,-1000,-300.0,-610.0,,,2,4,,,,,,,,,,,45461,0,0
318840,73604722948668775,,0,450,489.0,-860,-100.0,-670.0,,,2,4,,,,,,,,,,,45458,0,0
318841,73604723087602846,,0,3102,489.0,-970,-140.0,-740.0,,,2,4,,,,,,,,,,,45458,0,0
318842,73604723118096017,,0,1423,460.0,-1030,-300.0,,,,2,4,,,,,,,,,,,45433,0,0
318843,73604723131643120,,0,3102,489.0,-1000,-160.0,-740.0,,,2,4,,,,,,,,,,,45458,0,0
318844,73604723158905953,,0,3102,489.0,-960,-140.0,-730.0,,,2,4,,,,,,,,,,,45458,0,0
318845,73604725726904320,,0,1423,,-850,-120.0,-510.0,40.0,0.0,3,4,,,,,,,43211.0,44200.0,,23055629.0,0,0,0
318846,73604726634402735,,0,1423,490.0,-920,-170.0,-590.0,,,2,4,,,,,,,,,,,45461,0,0
318847,73604726849347322,,0,1423,406.0,-980,-300.0,,,,2,4,,,,,,,,,,,45433,0,0
318848,73604727087582564,,0,1423,460.0,-990,-300.0,,,,2,4,,,,,,,,,,,45433,0,0
318849,73604727101008456,,0,1423,254.0,-970,-300.0,,,,2,4,,,,,,,,,,,45433,0,0
318850,73604727070804835,,0,1423,254.0,-960,-300.0,,,,2,4,,,,,,,,,,,45433,0,0
318851,73604727070608835,,0,1423,254.0,-960,-300.0,-570.0,,,2,4,,,,,,,,,,,45461,0,0
318852,73604727087385564,,0,1423,254.0,-950,-300.0,-560.0,,,2,4,,,,,,,,,,,45461,0,0
318853,73604727087582564,,0,1423,254.0,-950,-300.0,,,,2,4,,,,,,,,,,,45433,0,0
318854,73604727100810456,,0,1423,254.0,-970,-300.0,-580.0,,,2,4,,,,,,,,,,,45461,0,0
318855,73604727116114916,,0,1423,254.0,-970,-300.0,-580.0,,,2,4,,,,,,,,,,,45461,0,0
318856,73604727116313916,,0,1423,254.0,-970,-300.0,,,,2,4,,,,,,,,,,,45433,0,0
318857,73604727808271602,,0,3102,489.0,-980,-140.0,-750.0,,,2,4,,,,,,,,,,,45458,0,0
318858,73604727980183723,,0,450,489.0,-870,-80.0,-700.0,,,2,4,,,,,,,,,,,45458,0,0
318859,73604727976513924,,0,1423,489.0,-850,-110.0,-530.0,33.0,,1,4,274.0,2029.0,,,,,,,,,45459,0,0
318860,73604728354522623,,0,450,489.0,-870,-80.0,-690.0,,,2,4,,,,,,,,,,,45458,0,0
318861,73604728354522623,,0,450,406.0,-990,-210.0,-680.0,,,2,4,,,,,,,,,,,45458,0,0
318862,73604728417441027,,0,450,406.0,-960,-190.0,-670.0,,,2,4,,,,,,,,,,,45458,0,0
318863,73604728417441027,,0,450,407.0,-950,-190.0,-670.0,,,2,4,,,,,,,,,,,45458,0,0
318864,73604728417441027,,0,450,489.0,-870,-100.0,-670.0,,,2,4,,,,,,,,,,,45458,0,0
318865,73604729952600064,,0,1423,,-850,-100.0,-550.0,30.0,0.0,3,4,,,,,,,43211.0,44200.0,,23055629.0,0,0,0
318866,73604730827821324,,0,1423,490.0,-940,-180.0,,,,2,4,,,,,,,,,,,45433,0,0
318867,73604730827821324,,0,1423,406.0,-1020,-300.0,,,,2,4,,,,,,,,,,,45433,0,0
318868,73604731579875507,,0,3300,489.0,-1020,-160.0,-760.0,,,2,4,,,,,,,,,,,45458,0,0
318869,73604731579875507,,0,3300,490.0,-970,-120.0,-760.0,,,2,4,,,,,,,,,,,45458,0,0
318870,73604731579875507,,0,3300,460.0,-1030,-160.0,-770.0,,,2,4,,,,,,,,,,,45458,0,0
318871,73604731995265438,,0,1423,460.0,-1000,-300.0,-600.0,,,2,4,,,,,,,,,,,45461,0,0
318872,73604732119372786,,0,1423,95.0,-960,-220.0,-590.0,,,2,4,,,,,,,,,,,45461,0,0
318873,73604732204354311,,0,1423,489.0,-850,-110.0,-540.0,42.0,,1,4,274.0,1901.0,,,,,,,,,45459,0,0
318874,73604732208023932,,0,450,489.0,-880,-80.0,-690.0,,,2,4,,,,,,,,,,,45458,0,0
318875,73604732379971245,,0,450,489.0,-870,-110.0,-660.0,,,2,4,,,,,,,,,,,45458,0,0
318876,73604732421932252,,0,450,490.0,-950,-190.0,-660.0,,,2,4,,,,,,,,,,,45458,0,0
318877,73604732421932252,,0,450,489.0,-870,-120.0,-660.0,,,2,4,,,,,,,,,,,45458,0,0
318878,73604732421932252,,0,450,406.0,-970,-190.0,-670.0,,,2,4,,,,,,,,,,,45458,0,0
318879,73604732459683112,,0,450,489.0,-870,-110.0,-660.0,,,2,4,,,,,,,,,,,45458,0,0
318880,73604732459683112,,0,450,406.0,-960,-200.0,-670.0,,,2,4,,,,,,,,,,,45458,0,0
318881,73604734104829952,,0,1423,,-850,-110.0,-530.0,30.0,0.0,3,4,,,,,,,43211.0,44200.0,,23055629.0,0,0,0
318882,73604735319715932,,0,1423,490.0,-930,-200.0,,,,2,4,,,,,,,,,,,45433,0,0
318883,73604735590228022,,0,3102,489.0,-970,-140.0,-740.0,,,2,4,,,,,,,,,,,45458,0,0
318884,73604735951900044,,0,1423,460.0,-990,-300.0,-600.0,,,2,4,,,,,,,,,,,45461,0,0
318885,73604737198801697,,0,1423,347.0,-990,-300.0,-600.0,,,2,4,,,,,,,,,,,45461,0,0
318886,73604737199085697,,0,1423,347.0,-990,-300.0,,,,2,4,,,,,,,,,,,45433,0,0
318887,73604737199085697,,0,1423,406.0,-1000,-300.0,,,,2,4,,,,,,,,,,,45433,0,0
318888,73604738353004544,,0,1423,,-850,-120.0,-520.0,30.0,0.0,3,4,,,,,,,43211.0,44200.0,,23055629.0,0,0,0
318889,73604739689830898,,0,1423,490.0,-910,-160.0,-610.0,,,2,4,,,,,,,,,,,45461,0,0
318890,73604740109556822,,0,1423,284.0,-970,-300.0,,,,2,4,,,,,,,,,,,45433,0,0
318891,73604740109258822,,0,1423,284.0,-970,-300.0,-580.0,,,2,4,,,,,,,,,,,45461,0,0
318892,73604740126334985,,0,1423,284.0,-980,-300.0,,,,2,4,,,,,,,,,,,45433,0,0
318893,73604740126035985,,0,1423,284.0,-980,-300.0,-590.0,,,2,4,,,,,,,,,,,45461,0,0
318894,73604740143112986,,0,1423,284.0,-970,-300.0,,,,2,4,,,,,,,,,,,45433,0,0
318895,73604740142812986,,0,1423,284.0,-970,-300.0,-580.0,,,2,4,,,,,,,,,,,45461,0,0
318896,73604740190255310,,0,1423,489.0,-850,-120.0,-520.0,31.0,,1,4,274.0,1773.0,,,,,,,,,45459,0,0
318897,73604740193926636,,0,450,489.0,-860,-100.0,-660.0,,,2,4,,,,,,,,,,,45458,0,0
318898,73604740397707789,,0,3300,460.0,-1060,-180.0,-790.0,,,2,4,,,,,,,,,,,45458,0,0
318899,73604740397707789,,0,3300,490.0,-970,-110.0,-770.0,,,2,4,,,,,,,,,,,45458,0,0
318900,73604740397707789,,0,3300,489.0,-1030,-160.0,-770.0,,,2,4,,,,,,,,,,,45458,0,0
318901,73604740435455911,,0,3300,460.0,-1070,-180.0,-790.0,,,2,4,,,,,,,,,,,45458,0,0
318902,73604740983685120,,0,3300,,-1000,-150.0,-640.0,-30.0,0.0,3,4,,,,,,,43211.0,44200.0,,23055618.0,0,0,0
318903,73604741455609856,,0,3300,,-1000,-150.0,-660.0,-20.0,0.0,3,4,,,,,,,43211.0,44200.0,,23055618.0,0,0,0
318904,73604742020988928,,0,3300,,-1000,-150.0,-650.0,-20.0,0.0,3,4,,,,,,,43211.0,44200.0,,23055618.0,0,0,0
318905,73604742492979200,,0,3300,,-1000,-150.0,-650.0,-20.0,0.0,3,4,,,,,,,43211.0,44200.0,,23055618.0,0,0,0
318906,73604743166558208,,0,3300,,-1000,-150.0,-650.0,-20.0,0.0,3,4,,,,,,,43211.0,44200.0,,23055618.0,0,0,0
318907,73604743634550784,,0,3300,,-1000,-150.0,-650.0,-20.0,0.0,3,4,,,,,,,43211.0,44200.0,,23055618.0,0,0,0
318908,73604744185249792,,0,3300,,-1010,-140.0,-650.0,-10.0,0.0,3,4,,,,,,,43211.0,44200.0,,23055618.0,0,0,0
318909,73604744679587840,,0,3300,,-1000,-150.0,-640.0,-30.0,0.0,3,4,,,,,,,43211.0,44200.0,,23055618.0,0,0,0
318910,73604745156471905,,0,3300,490.0,-1000,-130.0,-680.0,12.0,,1,4,274.0,10220.0,,,,,,,,,45459,0,0
318911,73604745159272715,,0,3300,489.0,-1020,-150.0,-760.0,,,2,4,,,,,,,,,,,45458,0,0
318912,73604745230286848,,0,3300,,-1010,-130.0,-660.0,10.0,0.0,3,4,,,,,,,43211.0,44200.0,,23055618.0,0,0,0
318913,73604745223429000,,0,3300,490.0,-1000,-140.0,-670.0,-14.0,,1,4,274.0,9324.0,,,,,,,,,45459,0,0
318914,73604745290537958,,0,3300,490.0,-1000,-140.0,-670.0,-11.0,,1,4,274.0,9452.0,,,,,,,,,45459,0,0
318915,73604745357644842,,0,3300,490.0,-1000,-130.0,-680.0,13.0,,1,4,274.0,9580.0,,,,,,,,,45459,0,0
318916,73604745425074165,,0,3300,490.0,-1000,-140.0,-670.0,-9.0,,1,4,274.0,9708.0,,,,,,,,,45459,0,0
318917,73604745491862568,,0,3300,490.0,-1000,-140.0,-670.0,-20.0,,1,4,274.0,9836.0,,,,,,,,,45459,0,0
318918,73604745550066609,,0,3300,490.0,-1000,-150.0,-660.0,-33.0,,1,4,274.0,2780.0,,,,,,,,,45459,0,0
318919,73604745563229076,,0,3102,490.0,-1030,-180.0,-750.0,,,2,4,,,,,,,,,,,45458,0,0
318920,73604745577908737,,0,3102,489.0,-970,-120.0,-750.0,,,2,4,,,,,,,,,,,45458,0,0
318921,73604745577908737,,0,3102,490.0,-1060,-210.0,-750.0,,,2,4,,,,,,,,,,,45458,0,0
318922,73604745613564302,,0,3102,490.0,-1030,-180.0,-750.0,,,2,4,,,,,,,,,,,45458,0,0
318923,73604745634532211,,0,3102,490.0,-1050,-190.0,-740.0,,,2,4,,,,,,,,,,,45458,0,0
318924,73604745722396672,,0,3300,,-1000,-150.0,-640.0,-30.0,0.0,3,4,,,,,,,43211.0,44200.0,,23055618.0,0,0,0
318925,73604750031585280,,0,3300,,-1000,-140.0,-650.0,-30.0,0.0,3,4,,,,,,,43211.0,44200.0,,23055618.0,0,0,0
318926,73604750290172505,,0,3102,490.0,-1010,-150.0,-750.0,,,2,4,,,,,,,,,,,45458,0,0
318927,73604750290172505,,0,3102,460.0,-1140,-300.0,-750.0,,,2,4,,,,,,,,,,,45458,0,0
318928,73604750304852427,,0,3102,460.0,-1060,-190.0,-750.0,,,2,4,,,,,,,,,,,45458,0,0
318929,73604750290172505,,0,3102,489.0,-1000,-160.0,-750.0,,,2,4,,,,,,,,,,,45458,0,0
318930,73604750304852427,,0,3102,490.0,-1040,-180.0,-760.0,,,2,4,,,,,,,,,,,45458,0,0
318931,73604750323727416,,0,3102,460.0,-1000,-160.0,-740.0,,,2,4,,,,,,,,,,,45458,0,0
318932,73604750361474786,,0,3102,460.0,-1140,-300.0,-750.0,,,2,4,,,,,,,,,,,45458,0,0
318933,73604750323727416,,0,3102,490.0,-1130,-300.0,-740.0,,,2,4,,,,,,,,,,,45458,0,0
318934,73604750342600076,,0,3102,460.0,-1040,-210.0,-730.0,,,2,4,,,,,,,,,,,45458,0,0
318935,73604754014602544,,0,3300,490.0,-1000,-150.0,-660.0,-20.0,,1,4,274.0,1517.0,,,,,,,,,45459,0,0
318936,73604754081855282,,0,3300,95.0,-1060,-180.0,-780.0,,,2,4,,,,,,,,,,,45458,0,0
318937,73604754081855282,,0,3300,489.0,-1010,-140.0,-770.0,,,2,4,,,,,,,,,,,45458,0,0
318938,73604754081739574,,0,3300,490.0,-1000,-150.0,-670.0,-36.0,,1,4,274.0,9836.0,,,,,,,,,45459,0,0
318939,73604754148963665,,0,3300,95.0,-1030,-180.0,-760.0,,,2,4,,,,,,,,,,,45458,0,0
318940,73604754148850111,,0,3300,490.0,-1000,-140.0,-670.0,-12.0,,1,4,274.0,9964.0,,,,,,,,,45459,0,0
318941,73604754250727424,,0,3300,,-1000,-140.0,-650.0,-20.0,0.0,3,4,,,,,,,43211.0,44200.0,,23055618.0,0,0,0
318942,73604754216072295,,0,3300,95.0,-1020,-180.0,-750.0,,,2,4,,,,,,,,,,,45458,0,0
318943,73604754283180842,,0,3300,95.0,-1050,-200.0,-760.0,,,2,4,,,,,,,,,,,45458,0,0
318944,73604754350302246,,0,3300,95.0,-1090,-220.0,-760.0,,,2,4,,,,,,,,,,,45458,0,0
318945,73604754353449284,,0,3300,95.0,-1150,-300.0,-760.0,,,2,4,,,,,,,,,,,45461,0,0
318946,73604754353784284,,0,3300,95.0,-1150,-300.0,,,,2,4,,,,,,,,,,,45433,0,0
318947,73604754364655635,,0,3102,460.0,-1060,-200.0,-750.0,,,2,4,,,,,,,,,,,45458,0,0
318948,73604754433861842,,0,3102,489.0,-960,-110.0,-750.0,,,2,4,,,,,,,,,,,45458,0,0
318949,73604754406599173,,0,3102,460.0,-1070,-220.0,-760.0,,,2,4,,,,,,,,,,,45458,0,0
318950,73604754433861842,,0,3102,460.0,-1050,-210.0,-750.0,,,2,4,,,,,,,,,,,45458,0,0
318951,73604758183542784,,0,3300,,-1000,-140.0,-650.0,-20.0,0.0,3,4,,,,,,,43211.0,44200.0,,23055618.0,0,0,0
318952,73604759581335229,,0,3102,489.0,-960,-120.0,-750.0,,,2,4,,,,,,,,,,,45458,0,0
318953,73604759987245776,,0,3300,490.0,-1000,-150.0,-660.0,-34.0,,1,4,274.0,1645.0,,,,,,,,,45459,0,0
318954,73604760054498182,,0,3300,489.0,-990,-120.0,-750.0,,,2,4,,,,,,,,,,,45458,0,0
318955,73604760307208357,,0,1423,490.0,-960,-220.0,-590.0,,,2,4,,,,,,,,,,,45458,0,0
318956,73604760307208357,,0,1423,489.0,-820,-130.0,-590.0,,,2,4,,,,,,,,,,,45458,0,0
318957,73604760321888459,,0,1423,489.0,-820,-120.0,-610.0,,,2,4,,,,,,,,,,,45458,0,0
318958,73604760359641726,,0,1423,489.0,-830,-120.0,-620.0,,,2,4,,,,,,,,,,,45458,0,0
318959,73604762438533120,,0,3300,,-1000,-150.0,-650.0,-30.0,0.0,3,4,,,,,,,43211.0,44200.0,,23055618.0,0,0,0
318960,73604764550628521,,0,3300,490.0,-1010,-140.0,-670.0,-15.0,,1,4,274.0,1133.0,,,,,,,,,45459,0,0
318961,73604764617880790,,0,3300,95.0,-1060,-210.0,-750.0,,,2,4,,,,,,,,,,,45458,0,0
318962,73604764617880790,,0,3300,489.0,-1000,-150.0,-750.0,,,2,4,,,,,,,,,,,45458,0,0
318963,73604764625493886,,0,3300,460.0,-1150,-300.0,-760.0,,,2,4,,,,,,,,,,,45461,0,0
318964,73604764652168957,,0,3102,489.0,-970,-140.0,-730.0,,,2,4,,,,,,,,,,,45458,0,0
318965,73604764717181717,,0,3102,460.0,-1140,-300.0,-750.0,,,2,4,,,,,,,,,,,45458,0,0
318966,73604764717181717,,0,3102,490.0,-1050,-190.0,-760.0,,,2,4,,,,,,,,,,,45458,0,0
318967,73604766630019072,,0,3300,,-1000,-150.0,-650.0,-20.0,0.0,3,4,,,,,,,43211.0,44200.0,,23055618.0,0,0,0
318968,73604769114035438,,0,3300,490.0,-1000,-130.0,-680.0,4.0,,1,4,274.0,9836.0,,,,,,,,,45459,0,0
318969,73604769114133865,,0,3300,489.0,-1010,-140.0,-770.0,,,2,4,,,,,,,,,,,45458,0,0
318970,73604769267079550,,0,1423,489.0,-820,-120.0,-600.0,,,2,4,,,,,,,,,,,45458,0,0
318971,73604769267079550,,0,1423,490.0,-920,-190.0,-600.0,,,2,4,,,,,,,,,,,45458,0,0
318972,73604769304828865,,0,1423,489.0,-830,-130.0,-600.0,,,2,4,,,,,,,,,,,45458,0,0
318973,73604773610459258,,0,3300,490.0,-1000,-150.0,-670.0,-22.0,,1,4,274.0,10220.0,,,,,,,,,45459,0,0
318974,73604773677514921,,0,3300,489.0,-990,-140.0,-750.0,,,2,4,,,,,,,,,,,45458,0,0
318975,73604773677514921,,0,3300,95.0,-1040,-190.0,-750.0,,,2,4,,,,,,,,,,,45458,0,0
318976,73604773867103059,,0,3102,489.0,-960,-130.0,-740.0,,,2,4,,,,,,,,,,,45458,0,0
318977,73604774146024465,,0,3102,460.0,-1140,-300.0,-750.0,,,2,4,,,,,,,,,,,45458,0,0
318978,73604775222902784,,0,3300,,-1000,-150.0,-640.0,-20.0,0.0,3,4,,,,,,,43211.0,44200.0,,23055618.0,0,0,0
318979,73604777891503010,,0,3102,489.0,-960,-130.0,-730.0,,,2,4,,,,,,,,,,,45458,0,0
318980,73604778273182751,,0,3102,460.0,-1000,-180.0,-730.0,,,2,4,,,,,,,,,,,45458,0,0
318981,73604778598239804,,0,1423,489.0,-830,-140.0,-590.0,,,2,4,,,,,,,,,,,45458,0,0
318982,73604778598239804,,0,1423,490.0,-980,-300.0,-590.0,,,2,4,,,,,,,,,,,45458,0,0
318983,73604779180627167,,0,3300,490.0,-1010,-130.0,-680.0,1.0,,1,4,274.0,1389.0,,,,,,,,,45459,0,0
318984,73604779247506764,,0,3300,489.0,-1000,-140.0,-760.0,,,2,4,,,,,,,,,,,45458,0,0
318985,73604779247506764,,0,3300,460.0,-1050,-170.0,-770.0,,,2,4,,,,,,,,,,,45458,0,0
318986,73604779421859840,,0,3300,,-1000,-150.0,-650.0,-30.0,0.0,3,4,,,,,,,43211.0,44200.0,,23055618.0,0,0,0
318987,73604779669823677,,0,1423,489.0,-830,-120.0,-620.0,,,2,4,,,,,,,,,,,45458,0,0
318988,73604779707572321,,0,1423,489.0,-830,-140.0,-600.0,,,2,4,,,,,,,,,,,45458,0,0
318989,73604779684503518,,0,1423,489.0,-830,-100.0,-630.0,,,2,4,,,,,,,,,,,45458,0,0
318990,73604779753709386,,0,1423,489.0,-830,-130.0,-600.0,,,2,4,,,,,,,,,,,45458,0,0
318991,73604783475398636,,0,3300,490.0,-1000,-140.0,-670.0,-21.0,,1,4,274.0,9580.0,,,,,,,,,45459,0,0
318992,73604783542452821,,0,3300,489.0,-1000,-160.0,-750.0,,,2,4,,,,,,,,,,,45458,0,0
318993,73604783615115264,,0,3300,,-1010,-150.0,-650.0,0.0,0.0,3,4,,,,,,,43211.0,44200.0,,23055618.0,0,0,0
318994,73604783843608708,,0,1423,489.0,-830,-110.0,-610.0,,,2,4,,,,,,,,,,,45458,0,0
318995,73604783843608708,,0,1423,490.0,-940,-190.0,-610.0,,,2,4,,,,,,,,,,,45458,0,0
318996,73604783984112977,,0,3102,489.0,-970,-140.0,-730.0,,,2,4,,,,,,,,,,,45458,0,0
318997,73604784596482028,,0,3102,460.0,-1040,-190.0,-750.0,,,2,4,,,,,,,,,,,45458,0,0
318998,73604787986300928,,0,3300,,-1000,-150.0,-650.0,-20.0,0.0,3,4,,,,,,,43211.0,44200.0,,23055618.0,0,0,0
318999,73604788073542440,,0,3102,490.0,-1010,-170.0,-750.0,,,2,4,,,,,,,,,,,45458,0,0
319000,73604788073542440,,0,3102,489.0,-980,-130.0,-750.0,,,2,4,,,,,,,,,,,45458,0,0
319001,73604788306999977,,0,3300,490.0,-1010,-140.0,-670.0,-16.0,,1,4,274.0,1389.0,,,,,,,,,45459,0,0
319002,73604788380461714,,0,3300,460.0,-1140,-300.0,-750.0,,,2,4,,,,,,,,,,,45461,0,0
319003,73604788380461714,,0,3300,95.0,-1140,-300.0,-750.0,,,2,4,,,,,,,,,,,45461,0,0
319004,73604788380870714,,0,3300,489.0,-1000,-150.0,,,,2,4,,,,,,,,,,,45433,0,0
319005,73604788392868525,,0,1423,489.0,-830,-130.0,-600.0,,,2,4,,,,,,,,,,,45458,0,0
319006,73604788392868525,,0,1423,490.0,-890,-170.0,-600.0,,,2,4,,,,,,,,,,,45458,0,0
319007,73604792175689728,,0,3300,,-1000,-140.0,-650.0,-20.0,0.0,3,4,,,,,,,43211.0,44200.0,,23055618.0,0,0,0
319008,73604794615184837,,0,3300,490.0,-1000,-140.0,-670.0,-16.0,,1,4,274.0,1133.0,,,,,,,,,45459,0,0
319009,73604794681055048,,0,3300,95.0,-1140,-300.0,,,,2,4,,,,,,,,,,,45433,0,0
319010,73604794680639048,,0,3300,460.0,-1150,-300.0,-760.0,,,2,4,,,,,,,,,,,45461,0,0
319011,73604794681055048,,0,3300,489.0,-1000,-150.0,,,,2,4,,,,,,,,,,,45433,0,0
319012,73604794691951506,,0,1423,490.0,-880,-180.0,-590.0,,,2,4,,,,,,,,,,,45458,0,0
319013,73604794691951506,,0,1423,489.0,-840,-150.0,-590.0,,,2,4,,,,,,,,,,,45458,0,0
319014,73604796415344640,,0,3300,,-1000,-140.0,-640.0,-30.0,0.0,3,4,,,,,,,43211.0,44200.0,,23055618.0,0,0,0
319015,73604798190715258,,0,3102,460.0,-1030,-190.0,-740.0,,,2,4,,,,,,,,,,,45458,0,0
319016,73604798232640736,,0,3102,489.0,-980,-140.0,-750.0,,,2,4,,,,,,,,,,,45458,0,0
319017,73604800633372672,,0,3300,,-1010,-150.0,-640.0,-40.0,0.0,3,4,,,,,,,43211.0,44200.0,,23055618.0,0,0,0
319018,73604802265703040,,0,3300,460.0,-1020,-180.0,-750.0,,,2,4,,,,,,,,,,,45458,0,0
319019,73604802265703040,,0,3300,95.0,-1140,-300.0,-750.0,,,2,4,,,,,,,,,,,45458,0,0
319020,73604802265703040,,0,3300,489.0,-1020,-140.0,-760.0,,,2,4,,,,,,,,,,,45458,0,0
319021,73604802265585706,,0,3300,490.0,-1000,-140.0,-670.0,-19.0,,1,4,274.0,9580.0,,,,,,,,,45459,0,0
319022,73604802370825366,,0,3102,489.0,-970,-130.0,-740.0,,,2,4,,,,,,,,,,,45458,0,0
319023,73604804790321152,,0,3300,,-1000,-140.0,-650.0,-30.0,0.0,3,4,,,,,,,43211.0,44200.0,,23055618.0,0,0,0
319024,73604804882990335,,0,3300,59.0,-1170,-300.0,-780.0,,,2,4,,,,,,,,,,,45458,0,0
319025,73604804950099113,,0,3300,59.0,-1150,-300.0,-760.0,,,2,4,,,,,,,,,,,45458,0,0
319026,73604805017207555,,0,3300,59.0,-1040,-200.0,-750.0,,,2,4,,,,,,,,,,,45458,0,0
319027,73604805084316050,,0,3300,59.0,-1070,-210.0,-760.0,,,2,4,,,,,,,,,,,45458,0,0
319028,73604805097588100,,0,3300,59.0,-1150,-300.0,-760.0,,,2,4,,,,,,,,,,,45461,0,0
319029,73604805098026100,,0,3300,59.0,-1150,-300.0,,,,2,4,,,,,,,,,,,45433,0,0
319030,73604808677551213,,0,3300,490.0,-1000,-140.0,-670.0,-12.0,,1,4,274.0,1331.0,,,,,,,,,45459,0,0
319031,73604808682017682,,0,3300,489.0,-1000,-140.0,-770.0,,,2,4,,,,,,,,,,,45461,0,0
319032,73604808682017682,,0,3300,95.0,-1160,-300.0,-770.0,,,2,4,,,,,,,,,,,45461,0,0
319033,73604808785441287,,0,3102,489.0,-960,-140.0,-730.0,,,2,4,,,,,,,,,,,45458,0,0
319034,73604809059205120,,0,3300,,-1000,-140.0,-650.0,-10.0,0.0,3,4,,,,,,,43211.0,44200.0,,23055618.0,0,0,0
319035,73604813306855424,,0,3300,,-1000,-140.0,-630.0,-20.0,0.0,3,4,,,,,,,43211.0,44200.0,,23055618.0,0,0,0
319036,73604813409642495,,0,1423,489.0,-830,-120.0,-600.0,,,2,4,,,,,,,,,,,45458,0,0
319037,73604813409642495,,0,1423,490.0,-890,-180.0,-600.0,,,2,4,,,,,,,,,,,45458,0,0
319038,73604813539973616,,0,3300,490.0,-1000,-140.0,-670.0,-15.0,,1,4,274.0,9580.0,,,,,,,,,45459,0,0
319039,73604813606947744,,0,3300,489.0,-990,-130.0,-770.0,,,2,4,,,,,,,,,,,45458,0,0
319040,73604813665548008,,0,3102,490.0,-1020,-180.0,-750.0,,,2,4,,,,,,,,,,,45458,0,0
319041,73604813665548008,,0,3102,489.0,-970,-120.0,-750.0,,,2,4,,,,,,,,,,,45458,0,0
319042,73604817529995264,,0,3300,,-1000,-150.0,-650.0,-10.0,0.0,3,4,,,,,,,43211.0,44200.0,,23055618.0,0,0,0
319043,73604818103139267,,0,3300,490.0,-1000,-140.0,-670.0,-20.0,,1,4,274.0,1901.0,,,,,,,,,45459,0,0
319044,73604818103637367,,0,3300,489.0,-1010,-160.0,-750.0,,,2,4,,,,,,,,,,,45458,0,0
319045,73604818412673746,,0,1423,489.0,-830,-90.0,-650.0,,,2,4,,,,,,,,,,,45458,0,0
319046,73604818448325383,,0,1423,490.0,-920,-160.0,-630.0,,,2,4,,,,,,,,,,,45458,0,0
319047,73604821747367936,,0,3300,,-1000,-150.0,-650.0,-20.0,0.0,3,4,,,,,,,43211.0,44200.0,,23055618.0,0,0,0
319048,73604822196761377,,0,3300,490.0,-1000,-140.0,-670.0,-7.0,,1,4,274.0,1517.0,,,,,,,,,45459,0,0
319049,73604822264015217,,0,3300,460.0,-1160,-300.0,-770.0,,,2,4,,,,,,,,,,,45458,0,0
319050,73604822264015217,,0,3300,95.0,-1060,-190.0,-770.0,,,2,4,,,,,,,,,,,45458,0,0
319051,73604822264015217,,0,3300,489.0,-1020,-160.0,-760.0,,,2,4,,,,,,,,,,,45458,0,0
319052,73604822634632416,,0,3102,489.0,-960,-120.0,-740.0,,,2,4,,,,,,,,,,,45458,0,0
319053,73604822676575749,,0,3102,490.0,-1130,-300.0,-740.0,,,2,4,,,,,,,,,,,45458,0,0
319054,73604826037551104,,0,3300,,-1000,-150.0,-640.0,-20.0,0.0,3,4,,,,,,,43211.0,44200.0,,23055618.0,0,0,0
319055,73604826290366639,,0,3300,490.0,-1000,-140.0,-680.0,-14.0,,1,4,274.0,1133.0,,,,,,,,,45459,0,0
319056,73604826291211771,,0,3300,489.0,-1000,-140.0,-770.0,,,2,4,,,,,,,,,,,45458,0,0
319057,73604826357636418,,0,3300,460.0,-1040,-160.0,-760.0,,,2,4,,,,,,,,,,,45458,0,0
319058,73604826357636418,,0,3300,95.0,-1160,-300.0,-770.0,,,2,4,,,,,,,,,,,45458,0,0
319059,73604826442519104,,0,1423,490.0,-870,-160.0,-600.0,,,2,4,,,,,,,,,,,45458,0,0
319060,73604826442519104,,0,1423,489.0,-820,-130.0,-600.0,,,2,4,,,,,,,,,,,45458,0,0
319061,73604826606096172,,0,3102,489.0,-990,-140.0,-740.0,,,2,4,,,,,,,,,,,45458,0,0
319062,73604826555764909,,0,3102,460.0,-1020,-180.0,-740.0,,,2,4,,,,,,,,,,,45458,0,0
319063,73604826631261891,,0,3102,490.0,-1040,-190.0,-760.0,,,2,4,,,,,,,,,,,45458,0,0
319064,73604830176542720,,0,3300,,-1010,-140.0,-640.0,-40.0,0.0,3,4,,,,,,,43211.0,44200.0,,23055618.0,0,0,0
319065,73604830655303181,,0,3102,489.0,-980,-160.0,-730.0,,,2,4,,,,,,,,,,,45458,0,0
319066,73604830676276255,,0,3102,490.0,-1010,-160.0,-730.0,,,2,4,,,,,,,,,,,45458,0,0
319067,73604830718218298,,0,3102,460.0,-1110,-300.0,-720.0,,,2,4,,,,,,,,,,,45458,0,0
319068,73604830853747213,,0,3300,490.0,-1000,-130.0,-680.0,-18.0,,1,4,274.0,1645.0,,,,,,,,,45459,0,0
319069,73604830920999931,,0,3300,489.0,-1000,-140.0,-770.0,,,2,4,,,,,,,,,,,45458,0,0
319070,73604830920999931,,0,3300,95.0,-1050,-170.0,-770.0,,,2,4,,,,,,,,,,,45458,0,0
319071,73604831225518675,,0,1423,489.0,-830,-130.0,-590.0,,,2,4,,,,,,,,,,,45458,0,0
319072,73604831315696919,,0,1423,490.0,-940,-200.0,-590.0,,,2,4,,,,,,,,,,,45458,0,0
319073,73604834474983424,,0,3300,,-1000,-150.0,-650.0,-20.0,0.0,3,4,,,,,,,43211.0,44200.0,,23055618.0,0,0,0
319074,73604835950366885,,0,1423,489.0,-830,-120.0,-620.0,,,2,4,,,,,,,,,,,45458,0,0
319075,73604835950366885,,0,1423,490.0,-900,-150.0,-620.0,,,2,4,,,,,,,,,,,45458,0,0
319076,73604836088196625,,0,3300,490.0,-1010,-150.0,-670.0,-22.0,,1,4,274.0,1389.0,,,,,,,,,45459,0,0
319077,73604836155467668,,0,3300,460.0,-1060,-180.0,-760.0,,,2,4,,,,,,,,,,,45458,0,0
319078,73604836155467668,,0,3300,489.0,-990,-120.0,-760.0,,,2,4,,,,,,,,,,,45458,0,0
319079,73604838685278208,,0,3300,,-1000,-150.0,-650.0,-20.0,0.0,3,4,,,,,,,43211.0,44200.0,,23055618.0,0,0,0
319080,73604840852949413,,0,3300,490.0,-1000,-140.0,-670.0,-4.0,,1,4,274.0,9452.0,,,,,,,,,45459,0,0
319081,73604840853048509,,0,3300,489.0,-1010,-150.0,-760.0,,,2,4,,,,,,,,,,,45458,0,0
319082,73604840853048509,,0,3300,95.0,-1160,-300.0,-770.0,,,2,4,,,,,,,,,,,45458,0,0
319083,73604840920157166,,0,3300,460.0,-1040,-190.0,-760.0,,,2,4,,,,,,,,,,,45458,0,0
319084,73604841091021067,,0,3102,489.0,-960,-150.0,-710.0,,,2,4,,,,,,,,,,,45458,0,0
319085,73604841143470963,,0,3102,460.0,-1060,-190.0,-730.0,,,2,4,,,,,,,,,,,45458,0,0
319086,73604841143470963,,0,3102,490.0,-1050,-180.0,-750.0,,,2,4,,,,,,,,,,,45458,0,0
319087,73604842876108800,,0,3300,,-1000,-150.0,-640.0,-20.0,0.0,3,4,,,,,,,43211.0,44200.0,,23055618.0,0,0,0
319088,73604844812452519,,0,3300,95.0,-1160,-300.0,-770.0,,,2,4,,,,,,,,,,,45458,0,0
319089,73604844812452519,,0,3300,489.0,-1000,-140.0,-760.0,,,2,4,,,,,,,,,,,45458,0,0
319090,73604844812336303,,0,3300,490.0,-1000,-140.0,-660.0,-25.0,,1,4,274.0,9836.0,,,,,,,,,45459,0,0
319091,73604844879561028,,0,3300,460.0,-1050,-190.0,-770.0,,,2,4,,,,,,,,,,,45458,0,0
319092,73604844910290594,,0,1423,489.0,-830,-120.0,-610.0,,,2,4,,,,,,,,,,,45458,0,0
319093,73604844910290594,,0,1423,490.0,-880,-180.0,-610.0,,,2,4,,,,,,,,,,,45458,0,0
319094,73604847180709888,,0,3300,,-1000,-150.0,-650.0,-10.0,0.0,3,4,,,,,,,43211.0,44200.0,,23055618.0,0,0,0
319095,73604849242299468,,0,3300,489.0,-990,-140.0,-750.0,,,2,4,,,,,,,,,,,45458,0,0
319096,73604849308607696,,0,3300,490.0,-1000,-140.0,-670.0,-25.0,,1,4,274.0,10220.0,,,,,,,,,45459,0,0
319097,73604849710368777,,0,3102,489.0,-990,-160.0,-740.0,,,2,4,,,,,,,,,,,45458,0,0
319098,73604849752312528,,0,3102,490.0,-1030,-160.0,-750.0,,,2,4,,,,,,,,,,,45458,0,0
319099,73604849871851744,,0,3102,460.0,-1100,-230.0,-740.0,,,2,4,,,,,,,,,,,45458,0,0
319100,73604851485966336,,0,3300,,-1000,-150.0,-650.0,-30.0,0.0,3,4,,,,,,,43211.0,44200.0,,23055618.0,0,0,0
319101,73604853568537181,,0,3300,460.0,-1150,-300.0,-760.0,,,2,4,,,,,,,,,,,45461,0,0
319102,73604853569081181,,0,3300,489.0,-1010,-140.0,,,,2,4,,,,,,,,,,,45433,0,0
319103,73604853569081181,,0,3300,95.0,-1160,-290.0,,,,2,4,,,,,,,,,,,45433,0,0
319104,73604853646705118,,0,3102,489.0,-960,-130.0,-740.0,,,2,4,,,,,,,,,,,45458,0,0
319105,73604853701230896,,0,3102,490.0,-1030,-190.0,-750.0,,,2,4,,,,,,,,,,,45458,0,0
319106,73604853889975342,,0,3102,460.0,-1020,-190.0,-730.0,,,2,4,,,,,,,,,,,45458,0,0
319107,73604855080093875,,0,3300,490.0,-1000,-140.0,-670.0,-5.0,,1,4,274.0,9964.0,,,,,,,,,45459,0,0
319108,73604855668867072,,0,3300,,-1000,-140.0,-630.0,-40.0,0.0,3,4,,,,,,,43211.0,44200.0,,23055618.0,0,0,0
319109,73604858301810193,,0,3300,489.0,-1000,-130.0,-760.0,,,2,4,,,,,,,,,,,45458,0,0
319110,73604858301810193,,0,3300,460.0,-1040,-190.0,-750.0,,,2,4,,,,,,,,,,,45458,0,0
319111,73604858319549609,,0,1423,489.0,-830,-130.0,-600.0,,,2,4,,,,,,,,,,,45458,0,0
319112,73604858319549609,,0,1423,490.0,-880,-190.0,-600.0,,,2,4,,,,,,,,,,,45458,0,0
319113,73604858419750827,,0,3300,95.0,-1160,-300.0,-770.0,,,2,4,,,,,,,,,,,45461,0,0
319114,73604859022505227,,0,3300,490.0,-1000,-140.0,-670.0,-13.0,,1,4,274.0,1101.0,,,,,,,,,45459,0,0
319115,73604859950399488,,0,3300,,-1000,-140.0,-640.0,-20.0,0.0,3,4,,,,,,,43211.0,44200.0,,23055618.0,0,0,0
319116,73604862528926782,,0,3300,489.0,-970,-120.0,-680.0,26.0,,1,4,274.0,1645.0,,,,,,,,,45459,0,0
319117,73604862529772133,,0,3300,490.0,-970,-120.0,-750.0,,,2,4,,,,,,,,,,,45458,0,0
319118,73604862596066131,,0,3300,489.0,-970,-110.0,-660.0,19.0,,1,4,274.0,9964.0,,,,,,,,,45459,0,0
319119,73604862596180008,,0,3300,460.0,-1070,-200.0,-760.0,,,2,4,,,,,,,,,,,45458,0,0
319120,73604862638764229,,0,3300,489.0,-970,-120.0,-670.0,38.0,,1,4,274.0,6974.0,,,,,,,,,45459,0,0
319121,73604862653069587,,0,3102,95.0,-1130,-300.0,-740.0,,,2,4,,,,,,,,,,,45458,0,0
319122,73604862653069587,,0,3102,489.0,-980,-140.0,-750.0,,,2,4,,,,,,,,,,,45458,0,0
319123,73604862693100843,,0,3300,281.0,-1150,-290.0,,,,2,4,,,,,,,,,,,45433,0,0
319124,73604862692508843,,0,3300,281.0,-1150,-300.0,-760.0,,,2,4,,,,,,,,,,,45461,0,0
319125,73604862695014214,,0,3102,460.0,-1020,-180.0,-750.0,,,2,4,,,,,,,,,,,45458,0,0
319126,73604862667750028,,0,3102,95.0,-1020,-180.0,-740.0,,,2,4,,,,,,,,,,,45458,0,0
319127,73604862716171647,,0,3300,95.0,-1040,-210.0,,,,2,4,,,,,,,,,,,45433,0,0
319128,73604862716171647,,0,3300,281.0,-1090,-270.0,,,,2,4,,,,,,,,,,,45433,0,0
319129,73604862715578647,,0,3300,281.0,-1080,-200.0,-760.0,,,2,4,,,,,,,,,,,45461,0,0
319130,73604863543784129,,0,3300,102.0,-1150,-300.0,-760.0,,,2,4,,,,,,,,,,,45461,0,0
319131,73604863544387129,,0,3300,102.0,-1150,-300.0,,,,2,4,,,,,,,,,,,45433,0,0
319132,73604863913460309,,0,3300,281.0,-1050,-190.0,-760.0,,,2,4,,,,,,,,,,,45461,0,0
319133,73604863914064309,,0,3300,281.0,-1070,-260.0,,,,2,4,,,,,,,,,,,45433,0,0
319134,73604864205520896,,0,3300,,-970,-120.0,-640.0,20.0,0.0,3,4,,,,,,,43211.0,44200.0,,23055619.0,0,0,0
319135,73604864957254395,,0,3300,281.0,-1150,-300.0,-760.0,,,2,4,,,,,,,,,,,45461,0,0
319136,73604864957861395,,0,3300,281.0,-1150,-300.0,,,,2,4,,,,,,,,,,,45433,0,0
319137,73604865126568225,,0,3300,281.0,-1150,-300.0,-760.0,,,2,4,,,,,,,,,,,45461,0,0
319138,73604865127177225,,0,3300,281.0,-1150,-290.0,,,,2,4,,,,,,,,,,,45433,0,0
319139,73604865990470184,,0,3300,59.0,-1060,-200.0,-760.0,,,2,4,,,,,,,,,,,45461,0,0
319140,73604865991086184,,0,3300,59.0,-1060,-200.0,,,,2,4,,,,,,,,,,,45433,0,0
319141,73604866517265337,,0,3300,490.0,-970,-120.0,-750.0,,,2,4,,,,,,,,,,,45461,0,0
319142,73604866528695102,,0,3300,460.0,-1130,-260.0,,,,2,4,,,,,,,,,,,45433,0,0
319143,73604866888717567,,0,3300,95.0,-1160,-300.0,-770.0,,,2,4,,,,,,,,,,,45461,0,0
319144,73604867373735861,,0,1423,489.0,-830,-130.0,-610.0,,,2,4,,,,,,,,,,,45458,0,0
319145,73604867373735861,,0,1423,490.0,-920,-170.0,-610.0,,,2,4,,,,,,,,,,,45458,0,0
319146,73604868032006233,,0,3300,489.0,-970,-120.0,-660.0,21.0,,1,4,274.0,10092.0,,,,,,,,,45459,0,0
319147,73604868098963928,,0,3300,489.0,-970,-120.0,-660.0,27.0,,1,4,274.0,10220.0,,,,,,,,,45459,0,0
319148,73604868166071532,,0,3300,489.0,-970,-110.0,-670.0,22.0,,1,4,274.0,9324.0,,,,,,,,,45459,0,0
319149,73604868233173587,,0,3300,489.0,-960,-120.0,-670.0,11.0,,1,4,274.0,9452.0,,,,,,,,,45459,0,0
319150,73604868288389559,,0,3300,489.0,-970,-110.0,-660.0,26.0,,1,4,274.0,5462.0,,,,,,,,,45459,0,0
319151,73604868301813601,,0,3102,489.0,-990,-150.0,-740.0,,,2,4,,,,,,,,,,,45458,0,0
319152,73604868394088520,,0,3102,460.0,-1030,-170.0,-770.0,,,2,4,,,,,,,,,,,45458,0,0
319153,73604868499374080,,0,3300,,-970,-120.0,-640.0,20.0,0.0,3,4,,,,,,,43211.0,44200.0,,23055619.0,0,0,0
319154,73604868568587730,,0,3300,59.0,-1060,-190.0,-780.0,,,2,4,,,,,,,,,,,45461,0,0
319155,73604868569238730,,0,3300,59.0,-1070,-250.0,,,,2,4,,,,,,,,,,,45433,0,0
319156,73604869188328991,,0,3300,281.0,-1140,-300.0,-750.0,,,2,4,,,,,,,,,,,45461,0,0
319157,73604870658430381,,0,3300,406.0,-1100,-220.0,-760.0,,,2,4,,,,,,,,,,,45461,0,0
319158,73604870658430381,,0,3300,460.0,-1060,-210.0,-760.0,,,2,4,,,,,,,,,,,45461,0,0
319159,73604870659097381,,0,3300,406.0,-1090,-220.0,,,,2,4,,,,,,,,,,,45433,0,0
319160,73604870658430381,,0,3300,490.0,-970,-100.0,-760.0,,,2,4,,,,,,,,,,,45461,0,0
319161,73604870914127860,,0,3300,95.0,-1150,-300.0,-760.0,,,2,4,,,,,,,,,,,45461,0,0
319162,73604871253694455,,0,3300,489.0,-970,-120.0,-680.0,32.0,,1,4,274.0,1901.0,,,,,,,,,45459,0,0
319163,73604871320156140,,0,3300,489.0,-970,-110.0,-670.0,24.0,,1,4,274.0,10220.0,,,,,,,,,45459,0,0
319164,73604871495235628,,0,1423,489.0,-830,-120.0,-600.0,,,2,4,,,,,,,,,,,45458,0,0
319165,73604872691384320,,0,3300,,-970,-120.0,-640.0,30.0,0.0,3,4,,,,,,,43211.0,44200.0,,23055619.0,0,0,0
319166,73604874164327158,,0,3300,406.0,-1150,-300.0,-760.0,,,2,4,,,,,,,,,,,45461,0,0
319167,73604874165020158,,0,3300,406.0,-1130,-270.0,,,,2,4,,,,,,,,,,,45433,0,0
319168,73604874644887282,,0,3300,460.0,-1160,-300.0,-770.0,,,2,4,,,,,,,,,,,45461,0,0
319169,73604874644887282,,0,3300,490.0,-980,-120.0,-770.0,,,2,4,,,,,,,,,,,45461,0,0
319170,73604874782344213,,0,3300,281.0,-1070,-200.0,-770.0,,,2,4,,,,,,,,,,,45461,0,0
319171,73604874782344213,,0,3300,406.0,-1020,-150.0,-770.0,,,2,4,,,,,,,,,,,45461,0,0
319172,73604874783048213,,0,3300,406.0,-1040,-250.0,,,,2,4,,,,,,,,,,,45433,0,0
319173,73604874799826341,,0,3300,406.0,-1080,-240.0,,,,2,4,,,,,,,,,,,45433,0,0
319174,73604874799121341,,0,3300,406.0,-1090,-220.0,-770.0,,,2,4,,,,,,,,,,,45461,0,0
319175,73604874812288603,,0,3300,406.0,-1150,-300.0,-760.0,,,2,4,,,,,,,,,,,45461,0,0
319176,73604874812994603,,0,3300,406.0,-1130,-260.0,,,,2,4,,,,,,,,,,,45433,0,0
319177,73604875263481447,,0,3300,489.0,-970,-120.0,-670.0,35.0,,1,4,274.0,5454.0,,,,,,,,,45459,0,0
319178,73604875276158719,,0,3102,490.0,-1030,-170.0,-740.0,,,2,4,,,,,,,,,,,45458,0,0
319179,73604875276158719,,0,3102,489.0,-970,-130.0,-740.0,,,2,4,,,,,,,,,,,45458,0,0
319180,73604875288741868,,0,1423,490.0,-890,-150.0,-610.0,,,2,4,,,,,,,,,,,45458,0,0
319181,73604875315339529,,0,3300,95.0,-1150,-300.0,-760.0,,,2,4,,,,,,,,,,,45461,0,0
319182,73604875487970432,,0,1423,489.0,-820,-130.0,-600.0,,,2,4,,,,,,,,,,,45458,0,0
319183,73604875412474590,,0,1423,406.0,-900,-220.0,-590.0,,,2,4,,,,,,,,,,,45458,0,0
319184,73604876995002368,,0,3300,,-970,-120.0,-640.0,30.0,0.0,3,4,,,,,,,43211.0,44200.0,,23055619.0,0,0,0
319185,73604878611364503,,0,3300,490.0,-970,-110.0,,,,2,4,,,,,,,,,,,45433,0,0
319186,73604878610620503,,0,3300,460.0,-1030,-180.0,-760.0,,,2,4,,,,,,,,,,,45461,0,0
319187,73604879238961577,,0,3300,489.0,-960,-120.0,-660.0,9.0,,1,4,274.0,9964.0,,,,,,,,,45459,0,0
319188,73604879430802824,,0,1423,489.0,-830,-130.0,-600.0,,,2,4,,,,,,,,,,,45458,0,0
319189,73604879430802824,,0,1423,490.0,-930,-190.0,-600.0,,,2,4,,,,,,,,,,,45458,0,0
319190,73604879488166687,,0,3300,95.0,-1160,-300.0,-770.0,,,2,4,,,,,,,,,,,45461,0,0
319191,73604879516848385,,0,3300,436.0,-1150,-300.0,-760.0,,,2,4,,,,,,,,,,,45461,0,0
319192,73604879517617385,,0,3300,59.0,-1140,-300.0,,,,2,4,,,,,,,,,,,45433,0,0
319193,73604879528796970,,0,3300,436.0,-1150,-300.0,-760.0,,,2,4,,,,,,,,,,,45461,0,0
319194,73604879517617385,,0,3300,436.0,-1150,-300.0,,,,2,4,,,,,,,,,,,45433,0,0
319195,73604879529566970,,0,3300,436.0,-1150,-300.0,,,,2,4,,,,,,,,,,,45433,0,0
319196,73604881215455232,,0,3300,,-970,-120.0,-640.0,10.0,0.0,3,4,,,,,,,43211.0,44200.0,,23055619.0,0,0,0
319197,73604881626833705,,0,3300,281.0,-1150,-300.0,,,,2,4,,,,,,,,,,,45433,0,0
319198,73604882593618482,,0,3300,490.0,-970,-110.0,,,,2,4,,,,,,,,,,,45433,0,0
319199,73604882592829482,,0,3300,460.0,-1150,-300.0,-760.0,,,2,4,,,,,,,,,,,45461,0,0
319200,73604882915883680,,0,3300,406.0,-1070,-210.0,-760.0,,,2,4,,,,,,,,,,,45461,0,0
319201,73604883375570830,,0,3300,263.0,-1080,-220.0,-760.0,,,2,4,,,,,,,,,,,45461,0,0
319202,73604883376375830,,0,3300,263.0,-1090,-270.0,,,,2,4,,,,,,,,,,,45433,0,0
319203,73604883425378155,,0,3300,95.0,-1090,-230.0,-760.0,,,2,4,,,,,,,,,,,45461,0,0
319204,73604884149353393,,0,1423,489.0,-830,-120.0,-610.0,,,2,4,,,,,,,,,,,45458,0,0
319205,73604884168228615,,0,1423,490.0,-880,-170.0,-590.0,,,2,4,,,,,,,,,,,45458,0,0
319206,73604884773742814,,0,3300,59.0,-1170,-300.0,-780.0,,,2,4,,,,,,,,,,,45461,0,0
319207,73604885373059072,,0,3300,,-970,-120.0,-640.0,10.0,0.0,3,4,,,,,,,43211.0,44200.0,,23055619.0,0,0,0
319208,73604885583194780,,0,3300,281.0,-1160,-300.0,-770.0,,,2,4,,,,,,,,,,,45461,0,0
319209,73604886352402937,,0,3300,489.0,-970,-130.0,-660.0,4.0,,1,4,274.0,2029.0,,,,,,,,,45459,0,0
319210,73604886673801219,,0,3300,460.0,-1160,-290.0,,,,2,4,,,,,,,,,,,45433,0,0
319211,73604886673801219,,0,3300,490.0,-980,-110.0,,,,2,4,,,,,,,,,,,45433,0,0
319212,73604888517445110,,0,3300,95.0,-1160,-300.0,-770.0,,,2,4,,,,,,,,,,,45461,0,0
319213,73604888766741335,,0,3300,59.0,-1080,-220.0,-770.0,,,2,4,,,,,,,,,,,45461,0,0
319214,73604889447898303,,0,3300,406.0,-1030,-180.0,-750.0,,,2,4,,,,,,,,,,,45461,0,0
319215,73604889526009941,,0,3102,489.0,-970,-140.0,-740.0,,,2,4,,,,,,,,,,,45458,0,0
319216,73604889526009941,,0,3102,460.0,-1050,-200.0,-760.0,,,2,4,,,,,,,,,,,45458,0,0
319217,73604889586810199,,0,3102,490.0,-1060,-180.0,-730.0,,,2,4,,,,,,,,,,,45458,0,0
319218,73604889647244189,,0,3300,281.0,-1050,-260.0,,,,2,4,,,,,,,,,,,45433,0,0
319219,73604889788743680,,0,3300,,-970,-130.0,-630.0,10.0,0.0,3,4,,,,,,,43211.0,44200.0,,23055619.0,0,0,0
319220,73604889984647257,,0,1423,489.0,-820,-120.0,-600.0,,,2,4,,,,,,,,,,,45458,0,0
319221,73604890058048023,,0,1423,490.0,-940,-200.0,-610.0,,,2,4,,,,,,,,,,,45458,0,0
319222,73604891706818608,,0,3300,490.0,-970,-100.0,,,,2,4,,,,,,,,,,,45433,0,0
319223,73604891706818608,,0,3300,460.0,-1160,-280.0,,,,2,4,,,,,,,,,,,45433,0,0
319224,73604892504690889,,0,3300,95.0,-1160,-300.0,-770.0,,,2,4,,,,,,,,,,,45461,0,0
319225,73604892860251061,,0,3300,492.0,-1080,-210.0,-760.0,,,2,4,,,,,,,,,,,45461,0,0
319226,73604892875511825,,0,3300,492.0,-1160,-300.0,-770.0,,,2,4,,,,,,,,,,,45461,0,0
319227,73604892861143061,,0,3300,492.0,-1080,-210.0,,,,2,4,,,,,,,,,,,45433,0,0
319228,73604892876404825,,0,3300,492.0,-1150,-240.0,,,,2,4,,,,,,,,,,,45433,0,0
319229,73604893870981120,,0,3300,,-970,-120.0,-640.0,20.0,0.0,3,4,,,,,,,43211.0,44200.0,,23055619.0,0,0,0
319230,73604894239380217,,0,3300,281.0,-1070,-200.0,-760.0,,,2,4,,,,,,,,,,,45461,0,0
319231,73604894239380217,,0,3300,59.0,-1030,-180.0,-750.0,,,2,4,,,,,,,,,,,45461,0,0
319232,73604894775249050,,0,3300,489.0,-970,-130.0,-670.0,34.0,,1,4,274.0,5806.0,,,,,,,,,45459,0,0
319233,73604894788974654,,0,1423,489.0,-830,-120.0,-620.0,,,2,4,,,,,,,,,,,45458,0,0
319234,73604894788974654,,0,1423,490.0,-890,-140.0,-620.0,,,2,4,,,,,,,,,,,45458,0,0
319235,73604895800358627,,0,3300,460.0,-1080,-260.0,,,,2,4,,,,,,,,,,,45433,0,0
319236,73604895800358627,,0,3300,490.0,-970,-110.0,,,,2,4,,,,,,,,,,,45433,0,0
319237,73604896442431720,,0,3300,95.0,-1170,-300.0,-770.0,,,2,4,,,,,,,,,,,45461,0,0
319238,73604897014048781,,0,3300,406.0,-1060,-200.0,-770.0,,,2,4,,,,,,,,,,,45461,0,0
319239,73604897876386589,,0,3300,450.0,-1140,-300.0,-750.0,,,2,4,,,,,,,,,,,45461,0,0
319240,73604897877308589,,0,3300,450.0,-1150,-300.0,,,,2,4,,,,,,,,,,,45433,0,0
319241,73604898213199872,,0,3300,,-970,-130.0,-630.0,10.0,0.0,3,4,,,,,,,43211.0,44200.0,,23055619.0,0,0,0
319242,73604898281295604,,0,3102,489.0,-970,-150.0,-730.0,,,2,4,,,,,,,,,,,45458,0,0
319243,73604898358890540,,0,3102,460.0,-1010,-180.0,-740.0,,,2,4,,,,,,,,,,,45458,0,0
319244,73604898668843599,,0,3300,59.0,-1160,-300.0,-770.0,,,2,4,,,,,,,,,,,45461,0,0
319245,73604898814087520,,0,3300,281.0,-1160,-300.0,,,,2,4,,,,,,,,,,,45433,0,0
319246,73604900213405858,,0,3300,490.0,-970,-100.0,,,,2,4,,,,,,,,,,,45433,0,0
319247,73604900212449858,,0,3300,460.0,-1160,-300.0,-770.0,,,2,4,,,,,,,,,,,45461,0,0
319248,73604900324037464,,0,3300,442.0,-1140,-280.0,,,,2,4,,,,,,,,,,,45433,0,0
319249,73604900323079464,,0,3300,442.0,-1150,-300.0,-760.0,,,2,4,,,,,,,,,,,45461,0,0
319250,73604900582505343,,0,3300,95.0,-1150,-290.0,,,,2,4,,,,,,,,,,,45433,0,0
319251,73604902501810176,,0,3300,,-970,-130.0,-630.0,50.0,0.0,3,4,,,,,,,43211.0,44200.0,,23055619.0,0,0,0
319252,73604902592674516,,0,3300,489.0,-970,-110.0,-670.0,18.0,,1,4,274.0,9452.0,,,,,,,,,45459,0,0
319253,73604902678140327,,0,3102,489.0,-970,-140.0,-730.0,,,2,4,,,,,,,,,,,45458,0,0
319254,73604902692821443,,0,3102,460.0,-1010,-170.0,-750.0,,,2,4,,,,,,,,,,,45458,0,0
319255,73604904590483455,,0,3300,490.0,-980,-110.0,-760.0,,,2,4,,,,,,,,,,,45461,0,0
319256,73604904590483455,,0,3300,95.0,-1160,-300.0,-770.0,,,2,4,,,,,,,,,,,45461,0,0
319257,73604904591480455,,0,3300,460.0,-1150,-290.0,,,,2,4,,,,,,,,,,,45433,0,0
319258,73604904650717879,,0,3300,63.0,-1090,-220.0,-770.0,,,2,4,,,,,,,,,,,45461,0,0
319259,73604904651715879,,0,3300,63.0,-1110,-270.0,,,,2,4,,,,,,,,,,,45433,0,0
319260,73604904842039489,,0,3300,406.0,-1050,-180.0,-750.0,,,2,4,,,,,,,,,,,45461,0,0
319261,73604905714014393,,0,1423,489.0,-820,-110.0,-620.0,,,2,4,,,,,,,,,,,45458,0,0
319262,73604905714014393,,0,1423,490.0,-900,-160.0,-620.0,,,2,4,,,,,,,,,,,45458,0,0
319263,73604905891206207,,0,3300,59.0,-1110,-220.0,,,,2,4,,,,,,,,,,,45433,0,0
319264,73604906667999232,,0,3300,,-970,-120.0,-640.0,20.0,0.0,3,4,,,,,,,43211.0,44200.0,,23055619.0,0,0,0
319265,73604907838580114,,0,3300,281.0,-1160,-300.0,-770.0,,,2,4,,,,,,,,,,,45461,0,0
319266,73604908541021981,,0,3300,460.0,-1030,-170.0,-770.0,,,2,4,,,,,,,,,,,45461,0,0
319267,73604908542056981,,0,3300,490.0,-980,-110.0,,,,2,4,,,,,,,,,,,45433,0,0
319268,73604908541021981,,0,3300,95.0,-1050,-200.0,-760.0,,,2,4,,,,,,,,,,,45461,0,0
319269,73604909728774560,,0,3300,406.0,-1100,-220.0,-780.0,,,2,4,,,,,,,,,,,45461,0,0
319270,73604909773238330,,0,3300,489.0,-970,-120.0,-670.0,22.0,,1,4,274.0,1645.0,,,,,,,,,45459,0,0
319271,73604909836731393,,0,1423,489.0,-830,-110.0,-610.0,,,2,4,,,,,,,,,,,45458,0,0
319272,73604909836731393,,0,1423,490.0,-890,-160.0,-610.0,,,2,4,,,,,,,,,,,45458,0,0
319273,73604909960151196,,0,3300,59.0,-1150,-300.0,-760.0,,,2,4,,,,,,,,,,,45461,0,0
319274,73604910890745856,,0,3300,,-970,-130.0,-650.0,20.0,0.0,3,4,,,,,,,43211.0,44200.0,,23055619.0,0,0,0
319275,73604912141177226,,0,3300,281.0,-1070,-170.0,-790.0,,,2,4,,,,,,,,,,,45461,0,0
319276,73604912173423187,,0,3300,35.0,-1160,-300.0,-770.0,,,2,4,,,,,,,,,,,45461,0,0
319277,73604912174494187,,0,3300,35.0,-1160,-300.0,,,,2,4,,,,,,,,,,,45433,0,0
319278,73604913071756956,,0,3300,490.0,-970,-100.0,,,,2,4,,,,,,,,,,,45433,0,0
319279,73604913071756956,,0,3300,95.0,-1100,-260.0,,,,2,4,,,,,,,,,,,45433,0,0
319280,73604913071756956,,0,3300,460.0,-1080,-260.0,,,,2,4,,,,,,,,,,,45433,0,0
319281,73604913862446589,,0,3300,406.0,-1030,-180.0,-760.0,,,2,4,,,,,,,,,,,45461,0,0
319282,73604914068166024,,0,3300,489.0,-970,-120.0,-680.0,18.0,,1,4,274.0,1645.0,,,,,,,,,45459,0,0
319283,73604914422636666,,0,3102,489.0,-980,-130.0,-750.0,,,2,4,,,,,,,,,,,45458,0,0
319284,73604914470871442,,0,3102,460.0,-1140,-300.0,-750.0,,,2,4,,,,,,,,,,,45458,0,0
319285,73604914648137102,,0,3300,59.0,-1080,-190.0,,,,2,4,,,,,,,,,,,45433,0,0
319286,73604915231653888,,0,3300,,-970,-120.0,-650.0,20.0,0.0,3,4,,,,,,,43211.0,44200.0,,23055619.0,0,0,0
319287,73604915895252268,,0,3300,419.0,-1100,-220.0,-760.0,,,2,4,,,,,,,,,,,45461,0,0
319288,73604915896364268,,0,3300,419.0,-1100,-220.0,,,,2,4,,,,,,,,,,,45433,0,0
319289,73604917385178670,,0,3300,95.0,-1140,-300.0,-750.0,,,2,4,,,,,,,,,,,45461,0,0
319290,73604917385178670,,0,3300,460.0,-1150,-300.0,-760.0,,,2,4,,,,,,,,,,,45461,0,0
319291,73604917342456645,,0,3300,490.0,-970,-110.0,,,,2,4,,,,,,,,,,,45433,0,0
319292,73604918046129804,,0,3300,281.0,-1070,-220.0,-750.0,,,2,4,,,,,,,,,,,45461,0,0
319293,73604918430218914,,0,3300,489.0,-970,-110.0,-670.0,12.0,,1,4,274.0,1773.0,,,,,,,,,45459,0,0
319294,73604918739904324,,0,1423,489.0,-830,-120.0,-610.0,,,2,4,,,,,,,,,,,45458,0,0
319295,73604918739904324,,0,1423,490.0,-920,-180.0,-610.0,,,2,4,,,,,,,,,,,45458,0,0
319296,73604918800258913,,0,3300,59.0,-1160,-300.0,-770.0,,,2,4,,,,,,,,,,,45461,0,0
319297,73604918800258913,,0,3300,498.0,-1160,-300.0,-770.0,,,2,4,,,,,,,,,,,45461,0,0
319298,73604918801404913,,0,3300,498.0,-1150,-300.0,,,,2,4,,,,,,,,,,,45433,0,0
319299,73604919389454336,,0,3300,,-970,-130.0,-640.0,20.0,0.0,3,4,,,,,,,43211.0,44200.0,,23055619.0,0,0,0
319300,73604921702852070,,0,3300,95.0,-1100,-220.0,-770.0,,,2,4,,,,,,,,,,,45461,0,0
319301,73604921702852070,,0,3300,490.0,-970,-120.0,-750.0,,,2,4,,,,,,,,,,,45461,0,0
319302,73604921702852070,,0,3300,37.0,-1030,-170.0,-760.0,,,2,4,,,,,,,,,,,45461,0,0
319303,73604921702852070,,0,3300,460.0,-1070,-190.0,-760.0,,,2,4,,,,,,,,,,,45461,0,0
319304,73604921704014070,,0,3300,37.0,-1050,-240.0,,,,2,4,,,,,,,,,,,45433,0,0
319305,73604921719629429,,0,3300,37.0,-1070,-210.0,-760.0,,,2,4,,,,,,,,,,,45461,0,0
319306,73604921720792429,,0,3300,37.0,-1070,-230.0,,,,2,4,,,,,,,,,,,45433,0,0
319307,73604921732063767,,0,3300,37.0,-1160,-300.0,-770.0,,,2,4,,,,,,,,,,,45461,0,0
319308,73604921733227767,,0,3300,37.0,-1130,-250.0,,,,2,4,,,,,,,,,,,45433,0,0
319309,73604922105204044,,0,3300,300.0,-1170,-300.0,-780.0,,,2,4,,,,,,,,,,,45461,0,0
319310,73604922106374044,,0,3300,300.0,-1170,-300.0,,,,2,4,,,,,,,,,,,45433,0,0
319311,73604922249681636,,0,3300,281.0,-1030,-190.0,-740.0,,,2,4,,,,,,,,,,,45461,0,0
319312,73604923246031928,,0,3300,175.0,-1150,-300.0,-760.0,,,2,4,,,,,,,,,,,45461,0,0
319313,73604923247213928,,0,3300,175.0,-1150,-300.0,,,,2,4,,,,,,,,,,,45433,0,0
319314,73604923460569081,,0,1423,489.0,-830,-120.0,-610.0,,,2,4,,,,,,,,,,,45458,0,0
319315,73604923460569081,,0,1423,490.0,-910,-170.0,-610.0,,,2,4,,,,,,,,,,,45458,0,0
319316,73604923651981312,,0,3300,,-970,-120.0,-640.0,20.0,0.0,3,4,,,,,,,43211.0,44200.0,,23055619.0,0,0,0
319317,73604923795486858,,0,3300,452.0,-1160,-300.0,-770.0,,,2,4,,,,,,,,,,,45461,0,0
319318,73604923796671858,,0,3300,452.0,-1160,-300.0,,,,2,4,,,,,,,,,,,45433,0,0
319319,73604923927449631,,0,3300,59.0,-1070,-180.0,-790.0,,,2,4,,,,,,,,,,,45461,0,0
319320,73604924134425851,,0,3300,489.0,-970,-120.0,-680.0,32.0,,1,4,274.0,1389.0,,,,,,,,,45459,0,0
319321,73604924341985858,,0,3102,489.0,-970,-130.0,-750.0,,,2,4,,,,,,,,,,,45458,0,0
319322,73604924341985858,,0,3102,460.0,-1000,-160.0,-750.0,,,2,4,,,,,,,,,,,45458,0,0
319323,73604924830683817,,0,3300,24.0,-1160,-300.0,-770.0,,,2,4,,,,,,,,,,,45461,0,0
319324,73604924831893817,,0,3300,24.0,-1160,-300.0,,,,2,4,,,,,,,,,,,45433,0,0
319325,73604925824202376,,0,3300,490.0,-970,-110.0,-760.0,,,2,4,,,,,,,,,,,45461,0,0
319326,73604925824202376,,0,3300,95.0,-1150,-300.0,-760.0,,,2,4,,,,,,,,,,,45461,0,0
319327,73604925825414376,,0,3300,460.0,-1150,-280.0,,,,2,4,,,,,,,,,,,45433,0,0
319328,73604925962519436,,0,3300,370.0,-1150,-300.0,-760.0,,,2,4,,,,,,,,,,,45461,0,0
319329,73604925963735436,,0,3300,370.0,-1150,-300.0,,,,2,4,,,,,,,,,,,45433,0,0
319330,73604925979413114,,0,3300,370.0,-1090,-270.0,,,,2,4,,,,,,,,,,,45433,0,0
319331,73604925991828260,,0,3300,370.0,-1170,-300.0,-780.0,,,2,4,,,,,,,,,,,45461,0,0
319332,73604925993046260,,0,3300,370.0,-1150,-280.0,,,,2,4,,,,,,,,,,,45433,0,0
319333,73604925978196114,,0,3300,370.0,-1080,-200.0,-770.0,,,2,4,,,,,,,,,,,45461,0,0
319334,73604926814424624,,0,3300,446.0,-1150,-300.0,-760.0,,,2,4,,,,,,,,,,,45461,0,0
319335,73604926815645624,,0,3300,446.0,-1150,-290.0,,,,2,4,,,,,,,,,,,45433,0,0
319336,73604926894212641,,0,3300,281.0,-1150,-300.0,-760.0,,,2,4,,,,,,,,,,,45461,0,0
319337,73604927869157376,,0,3300,,-970,-120.0,-640.0,40.0,0.0,3,4,,,,,,,43211.0,44200.0,,23055619.0,0,0,0
319338,73604928003594583,,0,3102,490.0,-1020,-160.0,-750.0,,,2,4,,,,,,,,,,,45458,0,0
319339,73604928339136799,,0,3102,460.0,-1040,-200.0,-740.0,,,2,4,,,,,,,,,,,45458,0,0
319340,73604928339136799,,0,3102,489.0,-980,-140.0,-740.0,,,2,4,,,,,,,,,,,45458,0,0
319341,73604928588091215,,0,3300,210.0,-1150,-300.0,-760.0,,,2,4,,,,,,,,,,,45461,0,0
319342,73604928589325215,,0,3300,210.0,-1150,-300.0,,,,2,4,,,,,,,,,,,45433,0,0
319343,73604929087089151,,0,3300,59.0,-1150,-300.0,-760.0,,,2,4,,,,,,,,,,,45461,0,0
319344,73604929745747928,,0,3300,141.0,-1150,-300.0,-760.0,,,2,4,,,,,,,,,,,45461,0,0
319345,73604929746996928,,0,3300,141.0,-1150,-300.0,,,,2,4,,,,,,,,,,,45433,0,0
319346,73604929769917355,,0,3300,141.0,-1190,-300.0,-800.0,,,2,4,,,,,,,,,,,45461,0,0
319347,73604929769917355,,0,3300,460.0,-1080,-180.0,-800.0,,,2,4,,,,,,,,,,,45461,0,0
319348,73604929769917355,,0,3300,490.0,-980,-100.0,-770.0,,,2,4,,,,,,,,,,,45461,0,0
319349,73604929769917355,,0,3300,95.0,-1080,-200.0,-780.0,,,2,4,,,,,,,,,,,45461,0,0
319350,73604929771167355,,0,3300,141.0,-1180,-300.0,,,,2,4,,,,,,,,,,,45433,0,0
319351,73604929787481582,,0,3300,141.0,-1150,-300.0,-760.0,,,2,4,,,,,,,,,,,45461,0,0
319352,73604929788732582,,0,3300,141.0,-1160,-300.0,,,,2,4,,,,,,,,,,,45433,0,0
319353,73604929838648343,,0,3300,489.0,-970,-120.0,-670.0,37.0,,1,4,274.0,2029.0,,,,,,,,,45459,0,0
319354,73604932062281728,,0,3300,,-970,-120.0,-650.0,20.0,0.0,3,4,,,,,,,43211.0,44200.0,,23055619.0,0,0,0
319355,73604933276130336,,0,3300,281.0,-1150,-300.0,,,,2,4,,,,,,,,,,,45433,0,0
319356,73604934091224976,,0,3300,490.0,-970,-110.0,-770.0,,,2,4,,,,,,,,,,,45461,0,0
319357,73604933990561959,,0,3300,95.0,-1170,-300.0,-780.0,,,2,4,,,,,,,,,,,45461,0,0
319358,73604933991834959,,0,3300,460.0,-1070,-240.0,,,,2,4,,,,,,,,,,,45433,0,0
319359,73604934255537714,,0,3300,59.0,-1150,-300.0,-760.0,,,2,4,,,,,,,,,,,45461,0,0
319360,73604934402010956,,0,3300,489.0,-970,-120.0,-670.0,32.0,,1,4,274.0,1517.0,,,,,,,,,45459,0,0
319361,73604934649791749,,0,1423,489.0,-830,-100.0,-640.0,,,2,4,,,,,,,,,,,45458,0,0
319362,73604934649791749,,0,1423,490.0,-920,-150.0,-640.0,,,2,4,,,,,,,,,,,45458,0,0
319363,73604934928813486,,0,3300,406.0,-1050,-180.0,,,,2,4,,,,,,,,,,,45433,0,0
319364,73604936068338113,,0,3300,442.0,-1160,-300.0,,,,2,4,,,,,,,,,,,45433,0,0
319365,73604936067034113,,0,3300,442.0,-1160,-300.0,-770.0,,,2,4,,,,,,,,,,,45461,0,0
319366,73604936098491329,,0,3300,442.0,-1080,-210.0,-770.0,,,2,4,,,,,,,,,,,45461,0,0
319367,73604936099796329,,0,3300,442.0,-1090,-260.0,,,,2,4,,,,,,,,,,,45433,0,0
319368,73604936325529600,,0,3300,,-970,-120.0,-650.0,40.0,0.0,3,4,,,,,,,43211.0,44200.0,,23055619.0,0,0,0
319369,73604936920738608,,0,3300,295.0,-1050,-190.0,-770.0,,,2,4,,,,,,,,,,,45461,0,0
319370,73604936922047608,,0,3300,295.0,-1060,-210.0,,,,2,4,,,,,,,,,,,45433,0,0
319371,73604936938827470,,0,3300,295.0,-1100,-220.0,,,,2,4,,,,,,,,,,,45433,0,0
319372,73604936937517470,,0,3300,295.0,-1110,-240.0,-780.0,,,2,4,,,,,,,,,,,45461,0,0
319373,73604937375594779,,0,3300,281.0,-1160,-300.0,-770.0,,,2,4,,,,,,,,,,,45461,0,0
319374,73604937618600045,,0,3300,492.0,-1090,-220.0,-770.0,,,2,4,,,,,,,,,,,45461,0,0
319375,73604937619913045,,0,3300,492.0,-1100,-270.0,,,,2,4,,,,,,,,,,,45433,0,0
319376,73604937630620359,,0,3300,492.0,-1090,-200.0,-790.0,,,2,4,,,,,,,,,,,45461,0,0
319377,73604937631934359,,0,3300,492.0,-1090,-250.0,,,,2,4,,,,,,,,,,,45433,0,0
319378,73604938026014549,,0,3300,490.0,-970,-100.0,-760.0,,,2,4,,,,,,,,,,,45458,0,0
319379,73604938026014549,,0,3300,95.0,-1070,-210.0,-770.0,,,2,4,,,,,,,,,,,45458,0,0
319380,73604938026014549,,0,3300,460.0,-1080,-200.0,-760.0,,,2,4,,,,,,,,,,,45458,0,0
319381,73604938144095069,,0,1423,406.0,-990,-300.0,-600.0,,,2,4,,,,,,,,,,,45458,0,0
319382,73604939514882784,,0,3300,59.0,-1140,-300.0,-750.0,,,2,4,,,,,,,,,,,45461,0,0
319383,73604940633931776,,0,3300,,-970,-120.0,-640.0,30.0,0.0,3,4,,,,,,,43211.0,44200.0,,23055619.0,0,0,0
319384,73604940786592644,,0,3300,90.0,-1070,-180.0,-780.0,,,2,4,,,,,,,,,,,45461,0,0
319385,73604940787950644,,0,3300,90.0,-1080,-240.0,,,,2,4,,,,,,,,,,,45433,0,0
319386,73604940803369665,,0,3300,90.0,-1080,-200.0,-770.0,,,2,4,,,,,,,,,,,45461,0,0
319387,73604940804728665,,0,3300,90.0,-1080,-230.0,,,,2,4,,,,,,,,,,,45433,0,0
319388,73604942408528735,,0,3300,490.0,-960,-100.0,,,,2,4,,,,,,,,,,,45433,0,0
319389,73604942407162735,,0,3300,95.0,-1070,-200.0,-770.0,,,2,4,,,,,,,,,,,45461,0,0
319390,73604942407162735,,0,3300,128.0,-1040,-160.0,-770.0,,,2,4,,,,,,,,,,,45461,0,0
319391,73604942408528735,,0,3300,460.0,-1080,-250.0,,,,2,4,,,,,,,,,,,45433,0,0
319392,73604942408528735,,0,3300,128.0,-1060,-230.0,,,,2,4,,,,,,,,,,,45433,0,0
319393,73604942423937115,,0,3300,128.0,-1160,-300.0,-770.0,,,2,4,,,,,,,,,,,45461,0,0
319394,73604942425304115,,0,3300,128.0,-1140,-250.0,,,,2,4,,,,,,,,,,,45433,0,0
319395,73604942852158219,,0,3102,490.0,-1060,-210.0,-760.0,,,2,4,,,,,,,,,,,45458,0,0
319396,73604942852158219,,0,3102,489.0,-960,-100.0,-760.0,,,2,4,,,,,,,,,,,45458,0,0
319397,73604942866901329,,0,3300,300.0,-1160,-300.0,-770.0,,,2,4,,,,,,,,,,,45461,0,0
319398,73604942868270329,,0,3300,300.0,-1160,-300.0,,,,2,4,,,,,,,,,,,45433,0,0
319399,73604942936044813,,0,3102,460.0,-1050,-200.0,-750.0,,,2,4,,,,,,,,,,,45458,0,0
319400,73604943085058700,,0,3300,281.0,-1050,-190.0,-760.0,,,2,4,,,,,,,,,,,45461,0,0
319401,73604943121854561,,0,3300,231.0,-1110,-190.0,-820.0,,,2,4,,,,,,,,,,,45461,0,0
319402,73604943123230561,,0,3300,231.0,-1120,-270.0,,,,2,4,,,,,,,,,,,45433,0,0
319403,73604943145185791,,0,3300,231.0,-1170,-300.0,-780.0,,,2,4,,,,,,,,,,,45461,0,0
319404,73604943146562791,,0,3300,231.0,-1160,-280.0,,,,2,4,,,,,,,,,,,45433,0,0
319405,73604943193207356,,0,3300,489.0,-970,-130.0,-670.0,30.0,,1,4,274.0,1901.0,,,,,,,,,45459,0,0
319406,73604943951875367,,0,3300,59.0,-1080,-210.0,,,,2,4,,,,,,,,,,,45433,0,0
319407,73604944858906624,,0,3300,,-970,-120.0,-640.0,20.0,0.0,3,4,,,,,,,43211.0,44200.0,,23055619.0,0,0,0
319408,73604946250262534,,0,3300,406.0,-1100,-270.0,,,,2,4,,,,,,,,,,,45433,0,0
319409,73604946557813062,,0,3300,460.0,-1070,-200.0,-770.0,,,2,4,,,,,,,,,,,45461,0,0
319410,73604946557813062,,0,3300,490.0,-970,-90.0,-770.0,,,2,4,,,,,,,,,,,45461,0,0
319411,73604946557813062,,0,3300,95.0,-1160,-300.0,-770.0,,,2,4,,,,,,,,,,,45461,0,0
319412,73604947440128947,,0,3300,281.0,-1070,-210.0,-760.0,,,2,4,,,,,,,,,,,45461,0,0
319413,73604947547551493,,0,3300,235.0,-1160,-300.0,-770.0,,,2,4,,,,,,,,,,,45461,0,0
319414,73604947548959493,,0,3300,235.0,-1160,-300.0,,,,2,4,,,,,,,,,,,45433,0,0
319415,73604947973207829,,0,3102,460.0,-1060,-190.0,-770.0,,,2,4,,,,,,,,,,,45458,0,0
319416,73604947973207829,,0,3102,489.0,-960,-120.0,-750.0,,,2,4,,,,,,,,,,,45458,0,0
319417,73604948013054870,,0,3102,490.0,-990,-150.0,-740.0,,,2,4,,,,,,,,,,,45458,0,0
319418,73604948148176024,,0,3300,59.0,-1040,-170.0,-770.0,,,2,4,,,,,,,,,,,45461,0,0
319419,73604948312657409,,0,3300,446.0,-1060,-180.0,-770.0,,,2,4,,,,,,,,,,,45461,0,0
319420,73604948314086409,,0,3300,446.0,-1070,-250.0,,,,2,4,,,,,,,,,,,45433,0,0
319421,73604949085323264,,0,3300,,-970,-120.0,-650.0,20.0,0.0,3,4,,,,,,,43211.0,44200.0,,23055619.0,0,0,0
319422,73604950778876554,,0,3300,95.0,-1150,-300.0,-760.0,,,2,4,,,,,,,,,,,45461,0,0
319423,73604950795497143,,0,3300,460.0,-1160,-300.0,-770.0,,,2,4,,,,,,,,,,,45461,0,0
319424,73604950718482791,,0,3300,490.0,-960,-120.0,-750.0,,,2,4,,,,,,,,,,,45461,0,0
319425,73604951514026249,,0,1423,489.0,-830,-130.0,-610.0,,,2,4,,,,,,,,,,,45458,0,0
319426,73604951514026249,,0,1423,490.0,-960,-220.0,-610.0,,,2,4,,,,,,,,,,,45458,0,0
319427,73604951687140675,,0,3300,281.0,-1170,-300.0,,,,2,4,,,,,,,,,,,45433,0,0
319428,73604952927133547,,0,3300,59.0,-1080,-200.0,-780.0,,,2,4,,,,,,,,,,,45461,0,0
319429,73604952960683869,,0,3300,300.0,-1150,-300.0,-760.0,,,2,4,,,,,,,,,,,45461,0,0
319430,73604952962150869,,0,3300,300.0,-1160,-300.0,,,,2,4,,,,,,,,,,,45433,0,0
319431,73604952973010240,,0,3300,300.0,-1160,-300.0,-770.0,,,2,4,,,,,,,,,,,45461,0,0
319432,73604952974478240,,0,3300,300.0,-1160,-300.0,,,,2,4,,,,,,,,,,,45433,0,0
319433,73604953553108992,,0,3300,,-970,-120.0,-640.0,10.0,0.0,3,4,,,,,,,43211.0,44200.0,,23055619.0,0,0,0
319434,73604953962856877,,0,3300,97.0,-1180,-300.0,-790.0,,,2,4,,,,,,,,,,,45461,0,0
319435,73604953964326877,,0,3300,97.0,-1170,-300.0,,,,2,4,,,,,,,,,,,45433,0,0
319436,73604954826360849,,0,3300,490.0,-970,-110.0,-760.0,,,2,4,,,,,,,,,,,45461,0,0
319437,73604954826360849,,0,3300,95.0,-1090,-220.0,-760.0,,,2,4,,,,,,,,,,,45461,0,0
319438,73604954826360849,,0,3300,460.0,-1160,-300.0,-770.0,,,2,4,,,,,,,,,,,45461,0,0
319439,73604955292212944,,0,3102,490.0,-1040,-190.0,-740.0,,,2,4,,,,,,,,,,,45458,0,0
319440,73604955292212944,,0,3102,489.0,-980,-140.0,-740.0,,,2,4,,,,,,,,,,,45458,0,0
319441,73604955321573700,,0,3102,460.0,-1060,-220.0,-750.0,,,2,4,,,,,,,,,,,45458,0,0
319442,73604957791387648,,0,3300,,-970,-120.0,-630.0,10.0,0.0,3,4,,,,,,,43211.0,44200.0,,23055619.0,0,0,0
319443,73604958779183365,,0,3300,490.0,-960,-110.0,-760.0,,,2,4,,,,,,,,,,,45461,0,0
319444,73604958779183365,,0,3300,460.0,-1150,-300.0,-760.0,,,2,4,,,,,,,,,,,45461,0,0
319445,73604958779183365,,0,3300,95.0,-1150,-300.0,-760.0,,,2,4,,,,,,,,,,,45461,0,0
319446,73604958779183365,,0,3300,59.0,-1140,-300.0,-750.0,,,2,4,,,,,,,,,,,45461,0,0
319447,73604958808282217,,0,3300,406.0,-1050,-180.0,-770.0,,,2,4,,,,,,,,,,,45461,0,0
319448,73604958943075900,,0,3300,281.0,-1060,-190.0,-760.0,,,2,4,,,,,,,,,,,45461,0,0
319449,73604958963671385,,0,3300,489.0,-970,-140.0,-660.0,19.0,,1,4,274.0,1261.0,,,,,,,,,45459,0,0
319450,73604959234312674,,0,1423,489.0,-820,-90.0,-640.0,,,2,4,,,,,,,,,,,45458,0,0
319451,73604959234312674,,0,1423,490.0,-930,-160.0,-640.0,,,2,4,,,,,,,,,,,45458,0,0
319452,73604959272061496,,0,3102,489.0,-960,-130.0,-730.0,,,2,4,,,,,,,,,,,45458,0,0
319453,73604959272061496,,0,3102,490.0,-1040,-220.0,-730.0,,,2,4,,,,,,,,,,,45458,0,0
319454,73604961703534632,,0,3300,444.0,-1050,-200.0,-740.0,,,2,4,,,,,,,,,,,45461,0,0
319455,73604961733736905,,0,3300,444.0,-1150,-300.0,-760.0,,,2,4,,,,,,,,,,,45461,0,0
319456,73604961735264905,,0,3300,444.0,-1150,-250.0,,,,2,4,,,,,,,,,,,45433,0,0
319457,73604961705060632,,0,3300,444.0,-1050,-200.0,,,,2,4,,,,,,,,,,,45433,0,0
319458,73604961718700829,,0,3300,444.0,-1140,-300.0,-750.0,,,2,4,,,,,,,,,,,45461,0,0
319459,73604961720227829,,0,3300,444.0,-1130,-230.0,,,,2,4,,,,,,,,,,,45433,0,0
319460,73604962084651008,,0,3300,,-970,-120.0,-640.0,0.0,0.0,3,4,,,,,,,43211.0,44200.0,,23055619.0,0,0,0
319461,73604962717674765,,0,3300,490.0,-970,-100.0,-760.0,,,2,4,,,,,,,,,,,45461,0,0
319462,73604962717674765,,0,3300,95.0,-1150,-300.0,-760.0,,,2,4,,,,,,,,,,,45461,0,0
319463,73604962717674765,,0,3300,460.0,-1150,-300.0,-760.0,,,2,4,,,,,,,,,,,45461,0,0
319464,73604962906243587,,0,3300,59.0,-1160,-300.0,-770.0,,,2,4,,,,,,,,,,,45461,0,0
319465,73604962965600607,,0,3300,281.0,-1150,-300.0,-760.0,,,2,4,,,,,,,,,,,45461,0,0
319466,73604962967149607,,0,3300,406.0,-1050,-250.0,,,,2,4,,,,,,,,,,,45433,0,0
319467,73604963408034229,,0,3102,489.0,-970,-160.0,-720.0,,,2,4,,,,,,,,,,,45458,0,0
319468,73604966049591712,,0,3300,489.0,-970,-120.0,-660.0,30.0,,1,4,274.0,5560.0,,,,,,,,,45459,0,0
319469,73604966061386470,,0,3102,95.0,-1140,-300.0,-750.0,,,2,4,,,,,,,,,,,45458,0,0
319470,73604966504923136,,0,3300,,-970,-120.0,-650.0,30.0,0.0,3,4,,,,,,,43211.0,44200.0,,23055619.0,0,0,0
319471,73604968445467714,,0,3300,406.0,-1040,-180.0,-760.0,,,2,4,,,,,,,,,,,45461,0,0
319472,73604968445467714,,0,3300,460.0,-1020,-170.0,-760.0,,,2,4,,,,,,,,,,,45461,0,0
319473,73604968445467714,,0,3300,95.0,-1080,-220.0,-760.0,,,2,4,,,,,,,,,,,45461,0,0
319474,73604968445467714,,0,3300,490.0,-980,-130.0,-760.0,,,2,4,,,,,,,,,,,45461,0,0
319475,73604968445467714,,0,3300,281.0,-1050,-190.0,-770.0,,,2,4,,,,,,,,,,,45461,0,0
319476,73604970081198530,,0,3300,311.0,-1090,-260.0,,,,2,4,,,,,,,,,,,45433,0,0
319477,73604970079608530,,0,3300,311.0,-1080,-210.0,-760.0,,,2,4,,,,,,,,,,,45461,0,0
319478,73604970304990035,,0,3300,489.0,-970,-130.0,-680.0,36.0,,1,4,274.0,1389.0,,,,,,,,,45459,0,0
319479,73604970472497835,,0,1423,490.0,-910,-140.0,-620.0,,,2,4,,,,,,,,,,,45458,0,0
319480,73604970485080325,,0,3102,489.0,-980,-130.0,-750.0,,,2,4,,,,,,,,,,,45458,0,0
319481,73604970472497835,,0,1423,489.0,-820,-100.0,-620.0,,,2,4,,,,,,,,,,,45458,0,0
319482,73604970485080325,,0,3102,460.0,-1080,-230.0,-750.0,,,2,4,,,,,,,,,,,45458,0,0
319483,73604970508130885,,0,3300,475.0,-1040,-200.0,,,,2,4,,,,,,,,,,,45433,0,0
319484,73604970538336110,,0,3300,475.0,-1160,-250.0,,,,2,4,,,,,,,,,,,45433,0,0
319485,73604970506526885,,0,3300,475.0,-1040,-200.0,-740.0,,,2,4,,,,,,,,,,,45461,0,0
319486,73604970536731110,,0,3300,475.0,-1160,-300.0,-770.0,,,2,4,,,,,,,,,,,45461,0,0
319487,73604970686316544,,0,3300,,-970,-120.0,-630.0,30.0,0.0,3,4,,,,,,,43211.0,44200.0,,23055619.0,0,0,0
319488,73604970724155307,,0,3102,490.0,-1030,-190.0,-740.0,,,2,4,,,,,,,,,,,45458,0,0
319489,73604972879496903,,0,3300,95.0,-1080,-220.0,-770.0,,,2,4,,,,,,,,,,,45461,0,0
319490,73604972881114903,,0,3300,490.0,-970,-100.0,,,,2,4,,,,,,,,,,,45433,0,0
319491,73604972879496903,,0,3300,460.0,-1160,-300.0,-770.0,,,2,4,,,,,,,,,,,45461,0,0
319492,73604972881114903,,0,3300,281.0,-1090,-210.0,,,,2,4,,,,,,,,,,,45433,0,0
319493,73604972959342943,,0,3300,492.0,-1090,-200.0,-800.0,,,2,4,,,,,,,,,,,45461,0,0
319494,73604972959342943,,0,3300,59.0,-1120,-230.0,-770.0,,,2,4,,,,,,,,,,,45461,0,0
319495,73604972960963943,,0,3300,492.0,-1100,-250.0,,,,2,4,,,,,,,,,,,45433,0,0
319496,73604973033846820,,0,3300,92.0,-1170,-300.0,-780.0,,,2,4,,,,,,,,,,,45461,0,0
319497,73604973035469820,,0,3300,92.0,-1170,-300.0,,,,2,4,,,,,,,,,,,45433,0,0
319498,73604973613648528,,0,3300,387.0,-1110,-220.0,-750.0,,,2,4,,,,,,,,,,,45461,0,0
319499,73604973615276528,,0,3300,387.0,-1120,-270.0,,,,2,4,,,,,,,,,,,45433,0,0
319500,73604974448675890,,0,3102,489.0,-1000,-160.0,-750.0,,,2,4,,,,,,,,,,,45458,0,0
319501,73604974553532564,,0,3102,460.0,-1140,-300.0,-750.0,,,2,4,,,,,,,,,,,45458,0,0
319502,73604974651468508,,0,3300,406.0,-1070,-200.0,-770.0,,,2,4,,,,,,,,,,,45461,0,0
319503,73604974658389933,,0,3102,490.0,-1040,-200.0,-750.0,,,2,4,,,,,,,,,,,45458,0,0
319504,73604974734150390,,0,3300,489.0,-970,-120.0,-670.0,19.0,,1,4,274.0,1645.0,,,,,,,,,45459,0,0
319505,73604974879637504,,0,3300,,-970,-120.0,-650.0,20.0,0.0,3,4,,,,,,,43211.0,44200.0,,23055619.0,0,0,0
319506,73604974958430614,,0,1423,489.0,-820,-120.0,-600.0,,,2,4,,,,,,,,,,,45458,0,0
319507,73604975000374471,,0,1423,490.0,-870,-150.0,-620.0,,,2,4,,,,,,,,,,,45458,0,0
319508,73604976974207241,,0,3300,59.0,-1160,-300.0,,,,2,4,,,,,,,,,,,45433,0,0
319509,73604977061083165,,0,3300,460.0,-1150,-300.0,-760.0,,,2,4,,,,,,,,,,,45461,0,0
319510,73604977062755165,,0,3300,95.0,-1070,-240.0,,,,2,4,,,,,,,,,,,45433,0,0
319511,73604976974207241,,0,3300,490.0,-960,-100.0,,,,2,4,,,,,,,,,,,45433,0,0
319512,73604977062755165,,0,3300,281.0,-1080,-260.0,,,,2,4,,,,,,,,,,,45433,0,0
319513,73604977822085231,,0,3300,211.0,-1180,-300.0,-790.0,,,2,4,,,,,,,,,,,45461,0,0
319514,73604977823773231,,0,3300,211.0,-1170,-300.0,,,,2,4,,,,,,,,,,,45433,0,0
319515,73604979134169088,,0,3300,,-970,-130.0,-640.0,20.0,0.0,3,4,,,,,,,43211.0,44200.0,,23055619.0,0,0,0
319516,73604979933008907,,0,3300,406.0,-1150,-300.0,-760.0,,,2,4,,,,,,,,,,,45461,0,0
319517,73604980944819842,,0,3300,490.0,-970,-110.0,-770.0,,,2,4,,,,,,,,,,,45461,0,0
319518,73604981322687937,,0,3300,95.0,-1160,-300.0,-770.0,,,2,4,,,,,,,,,,,45461,0,0
319519,73604981322687937,,0,3300,460.0,-1160,-300.0,-770.0,,,2,4,,,,,,,,,,,45461,0,0
319520,73604981393036713,,0,3300,180.0,-1160,-300.0,-770.0,,,2,4,,,,,,,,,,,45461,0,0
319521,73604981393036713,,0,3300,59.0,-1150,-300.0,-760.0,,,2,4,,,,,,,,,,,45461,0,0
319522,73604981394747713,,0,3300,281.0,-1150,-300.0,,,,2,4,,,,,,,,,,,45433,0,0
319523,73604981394747713,,0,3300,180.0,-1150,-300.0,,,,2,4,,,,,,,,,,,45433,0,0
319524,73604982503309681,,0,1423,490.0,-950,-210.0,-600.0,,,2,4,,,,,,,,,,,45458,0,0
319525,73604982503309681,,0,1423,489.0,-830,-120.0,-600.0,,,2,4,,,,,,,,,,,45458,0,0
319526,73604982941188095,,0,3300,144.0,-1130,-300.0,-740.0,,,2,4,,,,,,,,,,,45461,0,0
319527,73604982942912095,,0,3300,144.0,-1130,-300.0,,,,2,4,,,,,,,,,,,45433,0,0
319528,73604982957964842,,0,3300,144.0,-1190,-300.0,-790.0,,,2,4,,,,,,,,,,,45461,0,0
319529,73604982959689842,,0,3300,144.0,-1180,-300.0,,,,2,4,,,,,,,,,,,45433,0,0
319530,73604982970191432,,0,3300,144.0,-1150,-300.0,-760.0,,,2,4,,,,,,,,,,,45461,0,0
319531,73604982971917432,,0,3300,144.0,-1160,-300.0,,,,2,4,,,,,,,,,,,45433,0,0
319532,73604983055587185,,0,3300,489.0,-970,-120.0,-670.0,29.0,,1,4,274.0,1133.0,,,,,,,,,45459,0,0
319533,73604983219838479,,0,1423,406.0,-990,-300.0,-600.0,,,2,4,,,,,,,,,,,45458,0,0
319534,73604983325589504,,0,3300,,-970,-120.0,-650.0,30.0,0.0,3,4,,,,,,,43211.0,44200.0,,23055619.0,0,0,0
319535,73604985166900015,,0,3300,406.0,-1070,-190.0,,,,2,4,,,,,,,,,,,45433,0,0
319536,73604985177994685,,0,3300,490.0,-960,-100.0,-770.0,,,2,4,,,,,,,,,,,45461,0,0
319537,73604985939144780,,0,3300,95.0,-1090,-210.0,-780.0,,,2,4,,,,,,,,,,,45461,0,0
319538,73604985928577859,,0,3300,460.0,-1080,-250.0,,,,2,4,,,,,,,,,,,45433,0,0
319539,73604985940899780,,0,3300,281.0,-1180,-300.0,,,,2,4,,,,,,,,,,,45433,0,0
319540,73604986475644053,,0,3300,59.0,-1150,-300.0,,,,2,4,,,,,,,,,,,45433,0,0
319541,73604987283406611,,0,3300,489.0,-970,-110.0,-680.0,18.0,,1,4,274.0,2029.0,,,,,,,,,45459,0,0
319542,73604987369125151,,0,1423,489.0,-820,-120.0,-600.0,,,2,4,,,,,,,,,,,45458,0,0
319543,73604987369125151,,0,1423,490.0,-900,-160.0,-600.0,,,2,4,,,,,,,,,,,45458,0,0
319544,73604987534049280,,0,1423,,-850,-110.0,-550.0,40.0,0.0,3,4,,,,,,,43211.0,44200.0,,23055629.0,0,0,0
319545,73604987562536361,,0,1423,406.0,-970,-300.0,-580.0,,,2,4,,,,,,,,,,,45461,0,0
319546,73604987769026418,,0,1423,379.0,-980,-250.0,,,,2,4,,,,,,,,,,,45433,0,0
319547,73604987767233418,,0,1423,379.0,-990,-300.0,-600.0,,,2,4,,,,,,,,,,,45461,0,0
319548,73604987789154521,,0,1423,379.0,-980,-270.0,,,,2,4,,,,,,,,,,,45433,0,0
319549,73604987787360521,,0,1423,379.0,-980,-300.0,-590.0,,,2,4,,,,,,,,,,,45461,0,0
319550,73604987908151407,,0,1423,460.0,-1000,-300.0,-610.0,,,2,4,,,,,,,,,,,45461,0,0
319551,73604990406430411,,0,1423,95.0,-990,-300.0,-600.0,,,2,4,,,,,,,,,,,45461,0,0
319552,73604991666227293,,0,1423,406.0,-980,-300.0,-590.0,,,2,4,,,,,,,,,,,45461,0,0
319553,73604991666227293,,0,1423,490.0,-890,-180.0,-590.0,,,2,4,,,,,,,,,,,45461,0,0
319554,73604991959564288,,0,1423,,-850,-120.0,-520.0,30.0,0.0,3,4,,,,,,,43211.0,44200.0,,23055629.0,0,0,0
319555,73604992053183669,,0,1423,489.0,-850,-120.0,-520.0,29.0,,1,4,274.0,9078.0,,,,,,,,,45459,0,0
319556,73604992066083230,,0,3300,95.0,-1100,-220.0,-780.0,,,2,4,,,,,,,,,,,45458,0,0
319557,73604992066083230,,0,3300,490.0,-970,-90.0,-780.0,,,2,4,,,,,,,,,,,45458,0,0
319558,73604992066083230,,0,3300,489.0,-1000,-120.0,-780.0,,,2,4,,,,,,,,,,,45458,0,0
319559,73604992066083230,,0,3300,460.0,-1060,-180.0,-770.0,,,2,4,,,,,,,,,,,45458,0,0
319560,73604992580938188,,0,1423,460.0,-970,-290.0,,,,2,4,,,,,,,,,,,45433,0,0
319561,73604995610887575,,0,1423,490.0,-910,-170.0,,,,2,4,,,,,,,,,,,45433,0,0
319562,73604995809839117,,0,450,489.0,-880,-80.0,-710.0,,,2,4,,,,,,,,,,,45458,0,0
319563,73604995873964137,,0,3102,489.0,-960,-120.0,-740.0,,,2,4,,,,,,,,,,,45458,0,0
319564,73604995873964137,,0,3102,490.0,-1130,-300.0,-740.0,,,2,4,,,,,,,,,,,45458,0,0
319565,73604996006820627,,0,1423,489.0,-850,-130.0,-500.0,38.0,,1,4,274.0,8427.0,,,,,,,,,45459,0,0
319566,73604996033500488,,0,3300,95.0,-1160,-300.0,-770.0,,,2,4,,,,,,,,,,,45458,0,0
319567,73604996018819892,,0,3300,489.0,-1000,-140.0,-770.0,,,2,4,,,,,,,,,,,45458,0,0
319568,73604996018819892,,0,3300,460.0,-1040,-170.0,-770.0,,,2,4,,,,,,,,,,,45458,0,0
319569,73604996018819892,,0,3300,490.0,-980,-110.0,-770.0,,,2,4,,,,,,,,,,,45458,0,0
319570,73604996160159744,,0,1423,,-850,-120.0,-520.0,30.0,0.0,3,4,,,,,,,43211.0,44200.0,,23055629.0,0,0,0
319571,73604998895730508,,0,1423,406.0,-1020,-300.0,-630.0,,,2,4,,,,,,,,,,,45461,0,0
319572,73604999062017850,,0,1423,55.0,-990,-300.0,,,,2,4,,,,,,,,,,,45433,0,0
319573,73604999060150850,,0,1423,55.0,-990,-300.0,-600.0,,,2,4,,,,,,,,,,,45461,0,0
319574,73604999872158438,,0,1423,95.0,-990,-300.0,-600.0,,,2,4,,,,,,,,,,,45461,0,0
319575,73604999872158438,,0,1423,490.0,-920,-170.0,-600.0,,,2,4,,,,,,,,,,,45461,0,0
319576,73605000235331124,,0,1423,489.0,-850,-100.0,-550.0,25.0,,1,4,274.0,1133.0,,,,,,,,,45459,0,0
319577,73605000240628679,,0,450,489.0,-880,-110.0,-670.0,,,2,4,,,,,,,,,,,45458,0,0
319578,73605000340111360,,0,1423,,-850,-100.0,-550.0,20.0,0.0,3,4,,,,,,,43211.0,44200.0,,23055629.0,0,0,0
319579,73605000369433773,,0,3102,489.0,-970,-140.0,-730.0,,,2,4,,,,,,,,,,,45458,0,0
319580,73605000444270146,,0,1423,460.0,-990,-300.0,-600.0,,,2,4,,,,,,,,,,,45461,0,0
319581,73605000447028952,,0,3102,460.0,-1110,-230.0,-720.0,,,2,4,,,,,,,,,,,45458,0,0
319582,73605003165024154,,0,1423,406.0,-980,-300.0,-590.0,,,2,4,,,,,,,,,,,45461,0,0
319583,73605003990512932,,0,1423,490.0,-920,-170.0,-590.0,,,2,4,,,,,,,,,,,45461,0,0
319584,73605004503547904,,0,1423,,-850,-120.0,-520.0,20.0,0.0,3,4,,,,,,,43211.0,44200.0,,23055629.0,0,0,0
319585,73605004710426238,,0,1423,460.0,-970,-290.0,,,,2,4,,,,,,,,,,,45433,0,0
319586,73605005088000713,,0,3102,489.0,-970,-140.0,-730.0,,,2,4,,,,,,,,,,,45458,0,0
319587,73605005211834201,,0,1423,64.0,-980,-300.0,-590.0,,,2,4,,,,,,,,,,,45461,0,0
319588,73605005228611099,,0,1423,64.0,-920,-190.0,-630.0,,,2,4,,,,,,,,,,,45461,0,0
319589,73605005213741201,,0,1423,64.0,-990,-300.0,,,,2,4,,,,,,,,,,,45433,0,0
319590,73605005230519099,,0,1423,64.0,-930,-260.0,,,,2,4,,,,,,,,,,,45433,0,0
319591,73605007004038296,,0,1423,95.0,-970,-300.0,,,,2,4,,,,,,,,,,,45433,0,0
319592,73605007131130870,,0,1423,406.0,-970,-300.0,-580.0,,,2,4,,,,,,,,,,,45461,0,0
319593,73605008156451795,,0,1423,490.0,-930,-180.0,,,,2,4,,,,,,,,,,,45433,0,0
319594,73605008359111881,,0,450,489.0,-880,-80.0,-690.0,,,2,4,,,,,,,,,,,45458,0,0
319595,73605008355443360,,0,1423,489.0,-850,-100.0,-550.0,27.0,,1,4,274.0,1261.0,,,,,,,,,45459,0,0
319596,73605008423276942,,0,3300,490.0,-970,-90.0,-780.0,,,2,4,,,,,,,,,,,45458,0,0
319597,73605008423276942,,0,3300,489.0,-1020,-140.0,-780.0,,,2,4,,,,,,,,,,,45458,0,0
319598,73605008423276942,,0,3300,95.0,-1070,-200.0,-780.0,,,2,4,,,,,,,,,,,45458,0,0
319599,73605008423276942,,0,3300,460.0,-1170,-300.0,-780.0,,,2,4,,,,,,,,,,,45458,0,0
319600,73605008741236736,,0,1423,,-850,-120.0,-520.0,20.0,0.0,3,4,,,,,,,43211.0,44200.0,,23055629.0,0,0,0
319601,73605008762707506,,0,1423,460.0,-1000,-300.0,-610.0,,,2,4,,,,,,,,,,,45461,0,0
319602,73605011047747603,,0,1423,95.0,-980,-300.0,-590.0,,,2,4,,,,,,,,,,,45461,0,0
319603,73605011386813152,,0,1423,406.0,-980,-300.0,-590.0,,,2,4,,,,,,,,,,,45461,0,0
319604,73605011829567960,,0,1423,407.0,-1030,-300.0,-640.0,,,2,4,,,,,,,,,,,45461,0,0
319605,73605011831520960,,0,1423,407.0,-1020,-300.0,,,,2,4,,,,,,,,,,,45433,0,0
319606,73605012098001863,,0,1423,490.0,-920,-150.0,-620.0,,,2,4,,,,,,,,,,,45461,0,0
319607,73605012314876646,,0,1423,489.0,-850,-120.0,-510.0,35.0,,1,4,274.0,9836.0,,,,,,,,,45459,0,0
319608,73605012408580852,,0,3300,490.0,-970,-90.0,-770.0,,,2,4,,,,,,,,,,,45458,0,0
319609,73605012408580852,,0,3300,489.0,-1000,-130.0,-770.0,,,2,4,,,,,,,,,,,45458,0,0
319610,73605012408580852,,0,3300,460.0,-1080,-210.0,-780.0,,,2,4,,,,,,,,,,,45458,0,0
319611,73605012722635803,,0,1423,460.0,-1020,-300.0,-630.0,,,2,4,,,,,,,,,,,45461,0,0
319612,73605012966932480,,0,1423,,-850,-120.0,-520.0,30.0,0.0,3,4,,,,,,,43211.0,44200.0,,23055629.0,0,0,0
319613,73605015624443135,,0,1423,406.0,-970,-300.0,-580.0,,,2,4,,,,,,,,,,,45461,0,0
319614,73605015742660637,,0,450,489.0,-880,-100.0,-680.0,,,2,4,,,,,,,,,,,45458,0,0
319615,73605016031898289,,0,3102,460.0,-1040,-200.0,-740.0,,,2,4,,,,,,,,,,,45458,0,0
319616,73605016031898289,,0,3102,489.0,-960,-130.0,-740.0,,,2,4,,,,,,,,,,,45458,0,0
319617,73605016226637178,,0,1423,490.0,-890,-170.0,-590.0,,,2,4,,,,,,,,,,,45461,0,0
319618,73605016537168708,,0,1423,95.0,-990,-300.0,-600.0,,,2,4,,,,,,,,,,,45461,0,0
319619,73605017221726208,,0,1423,,-850,-110.0,-530.0,50.0,0.0,3,4,,,,,,,43211.0,44200.0,,23055629.0,0,0,0
319620,73605017736468567,,0,1423,460.0,-980,-180.0,-650.0,,,2,4,,,,,,,,,,,45461,0,0
319621,73605019637768008,,0,1423,406.0,-980,-300.0,,,,2,4,,,,,,,,,,,45433,0,0
319622,73605020161217890,,0,1423,490.0,-910,-170.0,,,,2,4,,,,,,,,,,,45433,0,0
319623,73605020572845458,,0,450,489.0,-880,-100.0,-680.0,,,2,4,,,,,,,,,,,45458,0,0
319624,73605020569177355,,0,1423,489.0,-850,-110.0,-530.0,29.0,,1,4,274.0,2029.0,,,,,,,,,45459,0,0
319625,73605020753403655,,0,3102,489.0,-960,-130.0,-740.0,,,2,4,,,,,,,,,,,45458,0,0
319626,73605021391716352,,0,1423,,-850,-110.0,-520.0,30.0,0.0,3,4,,,,,,,43211.0,44200.0,,23055629.0,0,0,0
319627,73605023134976193,,0,1423,460.0,-990,-290.0,,,,2,4,,,,,,,,,,,45433,0,0
319628,73605023631967933,,0,1423,406.0,-990,-300.0,,,,2,4,,,,,,,,,,,45433,0,0
319629,73605024985480240,,0,1423,490.0,-870,-150.0,-600.0,,,2,4,,,,,,,,,,,45461,0,0
319630,73605024985480240,,0,1423,95.0,-990,-300.0,-600.0,,,2,4,,,,,,,,,,,45461,0,0
319631,73605025594671104,,0,1423,,-850,-110.0,-520.0,30.0,0.0,3,4,,,,,,,43211.0,44200.0,,23055629.0,0,0,0
319632,73605025797505543,,0,1423,148.0,-1000,-300.0,-610.0,,,2,4,,,,,,,,,,,45461,0,0
319633,73605025799579543,,0,1423,148.0,-1000,-300.0,,,,2,4,,,,,,,,,,,45433,0,0
319634,73605026273430373,,0,1423,489.0,-850,-120.0,-500.0,40.0,,1,4,274.0,9836.0,,,,,,,,,45459,0,0
319635,73605026443981173,,0,3300,490.0,-990,-110.0,-760.0,,,2,4,,,,,,,,,,,45458,0,0
319636,73605026443981173,,0,3300,460.0,-1040,-160.0,-770.0,,,2,4,,,,,,,,,,,45458,0,0
319637,73605026443981173,,0,3300,489.0,-1000,-140.0,-760.0,,,2,4,,,,,,,,,,,45458,0,0
319638,73605027708619728,,0,1423,273.0,-920,-190.0,-570.0,,,2,4,,,,,,,,,,,45461,0,0
319639,73605027710722728,,0,1423,273.0,-920,-190.0,,,,2,4,,,,,,,,,,,45433,0,0
319640,73605027708619728,,0,1423,460.0,-890,-190.0,-580.0,,,2,4,,,,,,,,,,,45461,0,0
319641,73605027708619728,,0,1423,406.0,-890,-210.0,-580.0,,,2,4,,,,,,,,,,,45461,0,0
319642,73605028579822586,,0,1423,48.0,-960,-300.0,,,,2,4,,,,,,,,,,,45433,0,0
319643,73605028577715586,,0,1423,48.0,-960,-300.0,-570.0,,,2,4,,,,,,,,,,,45461,0,0
319644,73605028620099417,,0,1423,48.0,-990,-300.0,,,,2,4,,,,,,,,,,,45433,0,0
319645,73605028617991417,,0,1423,48.0,-1000,-300.0,-610.0,,,2,4,,,,,,,,,,,45461,0,0
319646,73605028959976948,,0,1423,490.0,-910,-180.0,-580.0,,,2,4,,,,,,,,,,,45461,0,0
319647,73605029431152331,,0,450,489.0,-890,-110.0,-680.0,,,2,4,,,,,,,,,,,45458,0,0
319648,73605029755159528,,0,3102,460.0,-1080,-190.0,-740.0,,,2,4,,,,,,,,,,,45458,0,0
319649,73605029755159528,,0,3102,489.0,-960,-130.0,-740.0,,,2,4,,,,,,,,,,,45458,0,0
319650,73605029992464384,,0,1423,,-850,-110.0,-550.0,20.0,0.0,3,4,,,,,,,43211.0,44200.0,,23055629.0,0,0,0
319651,73605029990198262,,0,1423,95.0,-990,-300.0,-600.0,,,2,4,,,,,,,,,,,45461,0,0
319652,73605031690122896,,0,1423,406.0,-980,-300.0,,,,2,4,,,,,,,,,,,45433,0,0
319653,73605032194609630,,0,1423,148.0,-890,-170.0,-620.0,,,2,4,,,,,,,,,,,45461,0,0
319654,73605032194609630,,0,1423,460.0,-950,-230.0,-620.0,,,2,4,,,,,,,,,,,45461,0,0
319655,73605032196752630,,0,1423,148.0,-890,-170.0,,,,2,4,,,,,,,,,,,45433,0,0
319656,73605032211386952,,0,1423,148.0,-1020,-300.0,-630.0,,,2,4,,,,,,,,,,,45461,0,0
319657,73605032213530952,,0,1423,148.0,-1000,-210.0,,,,2,4,,,,,,,,,,,45433,0,0
319658,73605032229780542,,0,1423,148.0,-900,-210.0,-600.0,,,2,4,,,,,,,,,,,45461,0,0
319659,73605032231925542,,0,1423,148.0,-920,-210.0,,,,2,4,,,,,,,,,,,45433,0,0
319660,73605032929489804,,0,1423,490.0,-910,-180.0,,,,2,4,,,,,,,,,,,45433,0,0
319661,73605033990844863,,0,1423,489.0,-850,-130.0,-520.0,27.0,,1,4,274.0,2029.0,,,,,,,,,45459,0,0
319662,73605033994514797,,0,450,489.0,-880,-60.0,-720.0,,,2,4,,,,,,,,,,,45458,0,0
319663,73605034083680256,,0,1423,,-850,-120.0,-520.0,20.0,0.0,3,4,,,,,,,43211.0,44200.0,,23055629.0,0,0,0
319664,73605034184828409,,0,3102,489.0,-980,-130.0,-750.0,,,2,4,,,,,,,,,,,45458,0,0
319665,73605035028317066,,0,1423,95.0,-980,-300.0,-590.0,,,2,4,,,,,,,,,,,45461,0,0
319666,73605036165906220,,0,1423,406.0,-980,-300.0,-590.0,,,2,4,,,,,,,,,,,45461,0,0
319667,73605036862721822,,0,1423,490.0,-920,-170.0,,,,2,4,,,,,,,,,,,45433,0,0
319668,73605036903985857,,0,1423,460.0,-910,-220.0,-600.0,,,2,4,,,,,,,,,,,45461,0,0
319669,73605037335644021,,0,1423,148.0,-980,-300.0,-590.0,,,2,4,,,,,,,,,,,45461,0,0
319670,73605037337844021,,0,1423,148.0,-980,-300.0,,,,2,4,,,,,,,,,,,45433,0,0
319671,73605038903396940,,0,3300,489.0,-1000,-140.0,-770.0,,,2,4,,,,,,,,,,,45458,0,0
319672,73605038903396940,,0,3300,490.0,-980,-120.0,-770.0,,,2,4,,,,,,,,,,,45458,0,0
319673,73605038903396940,,0,3300,460.0,-1070,-200.0,-770.0,,,2,4,,,,,,,,,,,45458,0,0
319674,73605039024008787,,0,1423,489.0,-850,-120.0,-510.0,18.0,,1,4,274.0,9580.0,,,,,,,,,45459,0,0
319675,73605039262367634,,0,3102,489.0,-970,-100.0,-780.0,,,2,4,,,,,,,,,,,45458,0,0
319676,73605039329122327,,0,1423,95.0,-990,-300.0,-600.0,,,2,4,,,,,,,,,,,45461,0,0
319677,73605040560176032,,0,1423,406.0,-1010,-300.0,,,,2,4,,,,,,,,,,,45433,0,0
319678,73605041064633081,,0,1423,460.0,-1000,-300.0,,,,2,4,,,,,,,,,,,45433,0,0
319679,73605041064633081,,0,1423,490.0,-920,-160.0,,,,2,4,,,,,,,,,,,45433,0,0
319680,73605041560522089,,0,1423,300.0,-960,-300.0,-570.0,,,2,4,,,,,,,,,,,45461,0,0
319681,73605041562762089,,0,1423,300.0,-960,-300.0,,,,2,4,,,,,,,,,,,45433,0,0
319682,73605041822249262,,0,1423,255.0,-990,-300.0,-600.0,,,2,4,,,,,,,,,,,45461,0,0
319683,73605041824490262,,0,1423,255.0,-980,-300.0,,,,2,4,,,,,,,,,,,45433,0,0
319684,73605042512100408,,0,1423,273.0,-980,-300.0,-590.0,,,2,4,,,,,,,,,,,45461,0,0
319685,73605042514346408,,0,1423,273.0,-980,-300.0,,,,2,4,,,,,,,,,,,45433,0,0
319686,73605042857377792,,0,1423,,-850,-120.0,-530.0,30.0,0.0,3,4,,,,,,,43211.0,44200.0,,23055629.0,0,0,0
319687,73605043121311306,,0,450,489.0,-880,-70.0,-720.0,,,2,4,,,,,,,,,,,45458,0,0
319688,73605043117585855,,0,1423,489.0,-850,-120.0,-520.0,31.0,,1,4,274.0,2029.0,,,,,,,,,45459,0,0
319689,73605043121311306,,0,450,490.0,-1000,-170.0,-730.0,,,2,4,,,,,,,,,,,45458,0,0
319690,73605043337205288,,0,3300,95.0,-1070,-180.0,-770.0,,,2,4,,,,,,,,,,,45458,0,0
319691,73605043337205288,,0,3300,489.0,-1010,-150.0,-770.0,,,2,4,,,,,,,,,,,45458,0,0
319692,73605043337205288,,0,3300,490.0,-980,-100.0,-770.0,,,2,4,,,,,,,,,,,45458,0,0
319693,73605043400173452,,0,3300,460.0,-1070,-190.0,-780.0,,,2,4,,,,,,,,,,,45458,0,0
319694,73605043400173452,,0,3300,406.0,-1070,-200.0,-780.0,,,2,4,,,,,,,,,,,45458,0,0
319695,73605043629699722,,0,3102,489.0,-960,-110.0,-760.0,,,2,4,,,,,,,,,,,45458,0,0
319696,73605043719878098,,0,3102,460.0,-990,-150.0,-750.0,,,2,4,,,,,,,,,,,45458,0,0
319697,73605045079354043,,0,1423,490.0,-920,-180.0,-580.0,,,2,4,,,,,,,,,,,45461,0,0
319698,73605045497796308,,0,1423,406.0,-1000,-300.0,-610.0,,,2,4,,,,,,,,,,,45461,0,0
319699,73605045497796308,,0,1423,95.0,-990,-300.0,-600.0,,,2,4,,,,,,,,,,,45461,0,0
319700,73605045971531244,,0,3102,490.0,-1050,-170.0,-740.0,,,2,4,,,,,,,,,,,45458,0,0
319701,73605046252872051,,0,1423,460.0,-980,-300.0,,,,2,4,,,,,,,,,,,45433,0,0
319702,73605046345672948,,0,1423,273.0,-950,-210.0,-590.0,,,2,4,,,,,,,,,,,45461,0,0
319703,73605046347972948,,0,1423,273.0,-960,-270.0,,,,2,4,,,,,,,,,,,45433,0,0
319704,73605047070883840,,0,1423,,-850,-110.0,-530.0,30.0,0.0,3,4,,,,,,,43211.0,44200.0,,23055629.0,0,0,0
319705,73605047919350525,,0,1423,489.0,-850,-120.0,-520.0,35.0,,1,4,274.0,9139.0,,,,,,,,,45459,0,0
319706,73605047932619553,,0,3300,460.0,-1100,-220.0,-790.0,,,2,4,,,,,,,,,,,45458,0,0
319707,73605047932619553,,0,3300,489.0,-1010,-130.0,-780.0,,,2,4,,,,,,,,,,,45458,0,0
319708,73605047932619553,,0,3300,490.0,-970,-90.0,-780.0,,,2,4,,,,,,,,,,,45458,0,0
319709,73605047974562407,,0,3300,95.0,-1060,-180.0,-770.0,,,2,4,,,,,,,,,,,45458,0,0
319710,73605049209410976,,0,1423,490.0,-920,-170.0,-590.0,,,2,4,,,,,,,,,,,45461,0,0
319711,73605049702652159,,0,1423,95.0,-980,-300.0,-590.0,,,2,4,,,,,,,,,,,45461,0,0
319712,73605049870423444,,0,1423,406.0,-1000,-300.0,-610.0,,,2,4,,,,,,,,,,,45461,0,0
319713,73605050299904258,,0,1423,460.0,-990,-300.0,,,,2,4,,,,,,,,,,,45433,0,0
319714,73605050436066874,,0,450,489.0,-880,-70.0,-710.0,,,2,4,,,,,,,,,,,45458,0,0
319715,73605050506955691,,0,3102,489.0,-970,-110.0,-760.0,,,2,4,,,,,,,,,,,45458,0,0
319716,73605050506955691,,0,3102,490.0,-1050,-200.0,-760.0,,,2,4,,,,,,,,,,,45458,0,0
319717,73605050586648900,,0,3102,460.0,-1040,-160.0,-740.0,,,2,4,,,,,,,,,,,45458,0,0
319718,73605051351433216,,0,1423,,-850,-120.0,-520.0,20.0,0.0,3,4,,,,,,,43211.0,44200.0,,23055629.0,0,0,0
319719,73605052915452327,,0,1423,489.0,-850,-110.0,-530.0,31.0,,1,4,274.0,9452.0,,,,,,,,,45459,0,0
319720,73605052916085634,,0,3300,490.0,-960,-90.0,-780.0,,,2,4,,,,,,,,,,,45458,0,0
319721,73605052916085634,,0,3300,489.0,-1010,-140.0,-780.0,,,2,4,,,,,,,,,,,45458,0,0
319722,73605052916085634,,0,3300,460.0,-1170,-300.0,-780.0,,,2,4,,,,,,,,,,,45458,0,0
319723,73605053204485869,,0,1423,490.0,-930,-180.0,,,,2,4,,,,,,,,,,,45433,0,0
319724,73605054284536157,,0,1423,406.0,-980,-300.0,-590.0,,,2,4,,,,,,,,,,,45461,0,0
319725,73605055613894656,,0,1423,,-850,-110.0,-520.0,20.0,0.0,3,4,,,,,,,43211.0,44200.0,,23055629.0,0,0,0
319726,73605055806882624,,0,1423,273.0,-940,-270.0,,,,2,4,,,,,,,,,,,45433,0,0
319727,73605055804490624,,0,1423,460.0,-930,-210.0,-620.0,,,2,4,,,,,,,,,,,45461,0,0
319728,73605055804490624,,0,1423,273.0,-930,-190.0,-640.0,,,2,4,,,,,,,,,,,45461,0,0
319729,73605055806882624,,0,1423,95.0,-940,-280.0,,,,2,4,,,,,,,,,,,45433,0,0
319730,73605057357148959,,0,1423,490.0,-910,-170.0,,,,2,4,,,,,,,,,,,45433,0,0
319731,73605057548290422,,0,1423,489.0,-850,-130.0,-520.0,30.0,,1,4,274.0,1901.0,,,,,,,,,45459,0,0
319732,73605057549568844,,0,450,489.0,-880,-40.0,-740.0,,,2,4,,,,,,,,,,,45458,0,0
319733,73605057777369496,,0,3102,490.0,-1130,-300.0,-740.0,,,2,4,,,,,,,,,,,45458,0,0
319734,73605057777369496,,0,3102,489.0,-960,-130.0,-740.0,,,2,4,,,,,,,,,,,45458,0,0
319735,73605058279941729,,0,1423,406.0,-980,-300.0,-590.0,,,2,4,,,,,,,,,,,45461,0,0
319736,73605059802955776,,0,1423,,-850,-110.0,-520.0,30.0,0.0,3,4,,,,,,,43211.0,44200.0,,23055629.0,0,0,0
319737,73605059860345275,,0,1423,460.0,-990,-300.0,-600.0,,,2,4,,,,,,,,,,,45461,0,0
319738,73605061610960672,,0,1423,490.0,-920,-180.0,,,,2,4,,,,,,,,,,,45433,0,0
319739,73605062360136434,,0,1423,406.0,-980,-300.0,-590.0,,,2,4,,,,,,,,,,,45461,0,0
319740,73605062498017834,,0,3300,490.0,-980,-90.0,-780.0,,,2,4,,,,,,,,,,,45458,0,0
319741,73605062498017834,,0,3300,489.0,-1010,-130.0,-780.0,,,2,4,,,,,,,,,,,45458,0,0
319742,73605062498017834,,0,3300,460.0,-1080,-180.0,-780.0,,,2,4,,,,,,,,,,,45458,0,0
319743,73605064010366976,,0,1423,,-850,-120.0,-520.0,20.0,0.0,3,4,,,,,,,43211.0,44200.0,,23055629.0,0,0,0
319744,73605064601570036,,0,1423,460.0,-990,-300.0,-600.0,,,2,4,,,,,,,,,,,45461,0,0
319745,73605065214726651,,0,1423,95.0,-960,-300.0,,,,2,4,,,,,,,,,,,45433,0,0
319746,73605065531794842,,0,1423,489.0,-850,-120.0,-530.0,27.0,,1,4,274.0,1773.0,,,,,,,,,45459,0,0
319747,73605065535464813,,0,450,489.0,-880,-100.0,-680.0,,,2,4,,,,,,,,,,,45458,0,0
319748,73605065599577138,,0,3300,95.0,-1070,-190.0,-780.0,,,2,4,,,,,,,,,,,45458,0,0
319749,73605065868860699,,0,1423,490.0,-910,-180.0,-590.0,,,2,4,,,,,,,,,,,45461,0,0
319750,73605066328549162,,0,1423,406.0,-1010,-300.0,-620.0,,,2,4,,,,,,,,,,,45461,0,0
319751,73605066337619467,,0,3102,489.0,-970,-130.0,-740.0,,,2,4,,,,,,,,,,,45458,0,0
319752,73605067743969879,,0,1423,300.0,-990,-300.0,-600.0,,,2,4,,,,,,,,,,,45461,0,0
319753,73605067746481879,,0,1423,300.0,-990,-300.0,,,,2,4,,,,,,,,,,,45433,0,0
319754,73605068308978519,,0,1423,273.0,-1020,-300.0,-630.0,,,2,4,,,,,,,,,,,45461,0,0
319755,73605068311494519,,0,1423,273.0,-1010,-300.0,,,,2,4,,,,,,,,,,,45433,0,0
319756,73605068476579840,,0,1423,,-850,-120.0,-500.0,20.0,0.0,3,4,,,,,,,43211.0,44200.0,,23055629.0,0,0,0
319757,73605068734331860,,0,1423,460.0,-990,-300.0,,,,2,4,,,,,,,,,,,45433,0,0
319758,73605069696231531,,0,450,490.0,-990,-160.0,-740.0,,,2,4,,,,,,,,,,,45458,0,0
319759,73605069696231531,,0,450,489.0,-880,-80.0,-700.0,,,2,4,,,,,,,,,,,45458,0,0
319760,73605069759648855,,0,1423,489.0,-850,-110.0,-530.0,37.0,,1,4,274.0,9836.0,,,,,,,,,45459,0,0
319761,73605069826867084,,0,1423,490.0,-900,-190.0,-580.0,,,2,4,,,,,,,,,,,45458,0,0
319762,73605069948150494,,0,3300,490.0,-960,-110.0,-750.0,,,2,4,,,,,,,,,,,45458,0,0
319763,73605069948150494,,0,3300,489.0,-1000,-150.0,-750.0,,,2,4,,,,,,,,,,,45458,0,0
319764,73605069948150494,,0,3300,460.0,-1140,-300.0,-750.0,,,2,4,,,,,,,,,,,45458,0,0
319765,73605071200676291,,0,1423,95.0,-970,-300.0,-580.0,,,2,4,,,,,,,,,,,45461,0,0
319766,73605072304614444,,0,1423,406.0,-990,-300.0,-600.0,,,2,4,,,,,,,,,,,45461,0,0
319767,73605072645783552,,0,1423,,-850,-110.0,-550.0,20.0,0.0,3,4,,,,,,,43211.0,44200.0,,23055629.0,0,0,0
319768,73605072670339839,,0,1423,460.0,-990,-300.0,-600.0,,,2,4,,,,,,,,,,,45461,0,0
319769,73605072783222750,,0,450,490.0,-970,-200.0,-680.0,,,2,4,,,,,,,,,,,45458,0,0
319770,73605073003833523,,0,3102,489.0,-980,-150.0,-730.0,,,2,4,,,,,,,,,,,45458,0,0
319771,73605074056286870,,0,1423,490.0,-920,-160.0,-620.0,,,2,4,,,,,,,,,,,45461,0,0
319772,73605075163577513,,0,1423,95.0,-1010,-300.0,-620.0,,,2,4,,,,,,,,,,,45461,0,0
319773,73605076926398464,,0,1423,,-850,-110.0,-540.0,30.0,0.0,3,4,,,,,,,43211.0,44200.0,,23055629.0,0,0,0
319774,73605076918361216,,0,1423,406.0,-990,-300.0,-600.0,,,2,4,,,,,,,,,,,45461,0,0
319775,73605076918361216,,0,1423,460.0,-990,-300.0,-600.0,,,2,4,,,,,,,,,,,45461,0,0
319776,73605077275751177,,0,1423,489.0,-850,-120.0,-530.0,26.0,,1,4,274.0,1645.0,,,,,,,,,45459,0,0
319777,73605077281048896,,0,450,489.0,-870,-100.0,-680.0,,,2,4,,,,,,,,,,,45458,0,0
319778,73605077369295895,,0,3102,490.0,-1030,-180.0,-750.0,,,2,4,,,,,,,,,,,45458,0,0
319779,73605077369295895,,0,3102,489.0,-950,-110.0,-750.0,,,2,4,,,,,,,,,,,45458,0,0
319780,73605077369295895,,0,3102,460.0,-1140,-300.0,-750.0,,,2,4,,,,,,,,,,,45458,0,0
319781,73605078527022095,,0,1423,490.0,-930,-160.0,-620.0,,,2,4,,,,,,,,,,,45461,0,0
319782,73605080315356492,,0,1423,95.0,-880,-180.0,-600.0,,,2,4,,,,,,,,,,,45461,0,0
319783,73605080716952202,,0,3300,490.0,-970,-90.0,-780.0,,,2,4,,,,,,,,,,,45458,0,0
319784,73605080716952202,,0,3300,460.0,-1050,-180.0,-780.0,,,2,4,,,,,,,,,,,45458,0,0
319785,73605080716952202,,0,3300,489.0,-1000,-120.0,-780.0,,,2,4,,,,,,,,,,,45458,0,0
319786,73605080914616757,,0,1423,406.0,-970,-210.0,-620.0,,,2,4,,,,,,,,,,,45461,0,0
319787,73605080917253757,,0,1423,460.0,-1020,-300.0,,,,2,4,,,,,,,,,,,45433,0,0
319788,73605081153536000,,0,1423,,-850,-110.0,-520.0,60.0,0.0,3,4,,,,,,,43211.0,44200.0,,23055629.0,0,0,0
319789,73605082598936353,,0,1423,490.0,-880,-170.0,-570.0,,,2,4,,,,,,,,,,,45461,0,0
319790,73605082598936353,,0,1423,273.0,-980,-300.0,-590.0,,,2,4,,,,,,,,,,,45461,0,0
319791,73605083092179549,,0,1423,148.0,-900,-190.0,-590.0,,,2,4,,,,,,,,,,,45461,0,0
319792,73605084123481656,,0,1423,489.0,-850,-120.0,-520.0,47.0,,1,4,274.0,1389.0,,,,,,,,,45459,0,0
319793,73605084124488617,,0,450,489.0,-880,-70.0,-710.0,,,2,4,,,,,,,,,,,45458,0,0
319794,73605084195002838,,0,3300,59.0,-1110,-190.0,-820.0,,,2,4,,,,,,,,,,,45458,0,0
319795,73605084228557806,,0,3300,95.0,-1080,-220.0,-760.0,,,2,4,,,,,,,,,,,45458,0,0
319796,73605085324050432,,0,1423,,-850,-110.0,-540.0,20.0,0.0,3,4,,,,,,,43211.0,44200.0,,23055629.0,0,0,0
319797,73605085562138539,,0,1423,406.0,-980,-300.0,,,,2,4,,,,,,,,,,,45433,0,0
319798,73605085612468019,,0,1423,460.0,-1000,-300.0,,,,2,4,,,,,,,,,,,45433,0,0
319799,73605086227178943,,0,1423,95.0,-1020,-300.0,-630.0,,,2,4,,,,,,,,,,,45461,0,0
319800,73605087103702416,,0,1423,490.0,-920,-180.0,,,,2,4,,,,,,,,,,,45433,0,0
319801,73605087966229157,,0,3102,489.0,-980,-130.0,-750.0,,,2,4,,,,,,,,,,,45458,0,0
319802,73605087991395189,,0,3102,490.0,-1030,-160.0,-730.0,,,2,4,,,,,,,,,,,45458,0,0
319803,73605089605320704,,0,1423,,-850,-120.0,-500.0,20.0,0.0,3,4,,,,,,,43211.0,44200.0,,23055629.0,0,0,0
319804,73605090697436714,,0,1423,489.0,-840,-120.0,-520.0,26.0,,1,4,274.0,1645.0,,,,,,,,,45459,0,0
319805,73605090701106123,,0,450,489.0,-880,-60.0,-720.0,,,2,4,,,,,,,,,,,45458,0,0
319806,73605090774916689,,0,3300,460.0,-1070,-190.0,-780.0,,,2,4,,,,,,,,,,,45458,0,0
319807,73605090774916689,,0,3300,489.0,-1010,-130.0,-770.0,,,2,4,,,,,,,,,,,45458,0,0
319808,73605090774916689,,0,3300,490.0,-970,-110.0,-770.0,,,2,4,,,,,,,,,,,45458,0,0
319809,73605090774916689,,0,3300,95.0,-1060,-170.0,-790.0,,,2,4,,,,,,,,,,,45458,0,0
319810,73605091009858679,,0,1423,406.0,-900,-210.0,-600.0,,,2,4,,,,,,,,,,,45461,0,0
319811,73605091036064771,,0,1423,490.0,-930,-180.0,,,,2,4,,,,,,,,,,,45433,0,0
319812,73605092167480614,,0,1423,460.0,-970,-300.0,-580.0,,,2,4,,,,,,,,,,,45461,0,0
319813,73605093831213056,,0,1423,,-850,-110.0,-540.0,30.0,0.0,3,4,,,,,,,43211.0,44200.0,,23055629.0,0,0,0
319814,73605094110165017,,0,1423,95.0,-900,-170.0,-570.0,,,2,4,,,,,,,,,,,45461,0,0
319815,73605094157038107,,0,1423,301.0,-980,-300.0,-590.0,,,2,4,,,,,,,,,,,45461,0,0
319816,73605094159761107,,0,1423,301.0,-970,-240.0,,,,2,4,,,,,,,,,,,45433,0,0
319817,73605094656862612,,0,1423,489.0,-850,-120.0,-510.0,24.0,,1,4,274.0,10220.0,,,,,,,,,45459,0,0
319818,73605094787366335,,0,3102,489.0,-960,-130.0,-740.0,,,2,4,,,,,,,,,,,45458,0,0
319819,73605094827230188,,0,3102,460.0,-1130,-300.0,-730.0,,,2,4,,,,,,,,,,,45458,0,0
319820,73605095014819237,,0,1423,406.0,-990,-300.0,-600.0,,,2,4,,,,,,,,,,,45461,0,0
319821,73605095014819237,,0,1423,490.0,-920,-180.0,-590.0,,,2,4,,,,,,,,,,,45461,0,0
319822,73605096699235386,,0,1423,460.0,-1000,-300.0,-610.0,,,2,4,,,,,,,,,,,45461,0,0
319823,73605098030628864,,0,1423,,-850,-120.0,-520.0,20.0,0.0,3,4,,,,,,,43211.0,44200.0,,23055629.0,0,0,0
319824,73605099420481256,,0,1423,490.0,-910,-180.0,-570.0,,,2,4,,,,,,,,,,,45461,0,0
319825,73605099477535626,,0,1423,406.0,-980,-300.0,-590.0,,,2,4,,,,,,,,,,,45461,0,0
319826,73605099503837721,,0,3300,460.0,-1160,-300.0,-770.0,,,2,4,,,,,,,,,,,45458,0,0
319827,73605099503837721,,0,3300,490.0,-980,-120.0,-770.0,,,2,4,,,,,,,,,,,45458,0,0
319828,73605099503837721,,0,3300,489.0,-1010,-140.0,-770.0,,,2,4,,,,,,,,,,,45458,0,0
319829,73605099575194672,,0,3300,95.0,-1080,-200.0,-770.0,,,2,4,,,,,,,,,,,45458,0,0
319830,73605099622851077,,0,1423,489.0,-850,-110.0,-530.0,26.0,,1,4,274.0,1261.0,,,,,,,,,45459,0,0
319831,73605102267596800,,0,1423,,-850,-120.0,-520.0,40.0,0.0,3,4,,,,,,,43211.0,44200.0,,23055629.0,0,0,0
319832,73605103920984630,,0,1423,490.0,-920,-180.0,-590.0,,,2,4,,,,,,,,,,,45461,0,0
319833,73605104057294030,,0,450,489.0,-880,-100.0,-680.0,,,2,4,,,,,,,,,,,45458,0,0
319834,73605104052012428,,0,1423,489.0,-850,-120.0,-520.0,29.0,,1,4,274.0,1517.0,,,,,,,,,45459,0,0
319835,73605104318554981,,0,3300,490.0,-970,-100.0,-770.0,,,2,4,,,,,,,,,,,45458,0,0
319836,73605104387760932,,0,3300,489.0,-1000,-120.0,-780.0,,,2,4,,,,,,,,,,,45458,0,0
319837,73605104387760932,,0,3300,460.0,-1070,-180.0,-780.0,,,2,4,,,,,,,,,,,45458,0,0
319838,73605105661254175,,0,1423,406.0,-980,-300.0,-590.0,,,2,4,,,,,,,,,,,45461,0,0
319839,73605106547752960,,0,1423,,-850,-120.0,-520.0,20.0,0.0,3,4,,,,,,,43211.0,44200.0,,23055629.0,0,0,0
319840,73605108010036266,,0,1423,490.0,-910,-190.0,-570.0,,,2,4,,,,,,,,,,,45461,0,0
319841,73605108216448441,,0,450,490.0,-990,-180.0,-710.0,,,2,4,,,,,,,,,,,45458,0,0
319842,73605108216448441,,0,450,489.0,-880,-70.0,-710.0,,,2,4,,,,,,,,,,,45458,0,0
319843,73605108215516821,,0,1423,489.0,-850,-120.0,-520.0,41.0,,1,4,274.0,1261.0,,,,,,,,,45459,0,0
319844,73605108378863633,,0,3300,490.0,-970,-110.0,-760.0,,,2,4,,,,,,,,,,,45458,0,0
319845,73605108378863633,,0,3300,489.0,-1000,-140.0,-760.0,,,2,4,,,,,,,,,,,45458,0,0
319846,73605108422905511,,0,3300,460.0,-1070,-220.0,-760.0,,,2,4,,,,,,,,,,,45458,0,0
319847,73605110717677568,,0,1423,,-850,-120.0,-520.0,50.0,0.0,3,4,,,,,,,43211.0,44200.0,,23055629.0,0,0,0
319848,73605110963072027,,0,1423,406.0,-980,-300.0,-590.0,,,2,4,,,,,,,,,,,45461,0,0
319849,73605111937395894,,0,1423,460.0,-1000,-300.0,,,,2,4,,,,,,,,,,,45433,0,0
319850,73605111969699749,,0,1423,490.0,-920,-150.0,-620.0,,,2,4,,,,,,,,,,,45461,0,0
319851,73605113097430238,,0,3300,489.0,-1010,-130.0,-770.0,,,2,4,,,,,,,,,,,45458,0,0
319852,73605113097430238,,0,3300,490.0,-970,-110.0,-770.0,,,2,4,,,,,,,,,,,45458,0,0
319853,73605113164540767,,0,3300,460.0,-1160,-300.0,-770.0,,,2,4,,,,,,,,,,,45458,0,0
319854,73605113193938302,,0,3300,95.0,-1160,-300.0,-770.0,,,2,4,,,,,,,,,,,45458,0,0
319855,73605113312969376,,0,1423,489.0,-850,-120.0,-520.0,32.0,,1,4,274.0,1773.0,,,,,,,,,45459,0,0
319856,73605113316639311,,0,450,489.0,-880,-60.0,-720.0,,,2,4,,,,,,,,,,,45458,0,0
319857,73605113380748242,,0,3102,489.0,-980,-150.0,-740.0,,,2,4,,,,,,,,,,,45458,0,0
319858,73605113380748242,,0,3102,490.0,-1130,-300.0,-740.0,,,2,4,,,,,,,,,,,45458,0,0
319859,73605113810042592,,0,1423,95.0,-980,-300.0,-590.0,,,2,4,,,,,,,,,,,45461,0,0
319860,73605114987282432,,0,1423,,-850,-120.0,-520.0,20.0,0.0,3,4,,,,,,,43211.0,44200.0,,23055629.0,0,0,0
319861,73605115976355655,,0,1423,490.0,-920,-180.0,,,,2,4,,,,,,,,,,,45433,0,0
319862,73605115973502655,,0,1423,406.0,-990,-300.0,-590.0,,,2,4,,,,,,,,,,,45461,0,0
319863,73605116231363606,,0,1423,460.0,-980,-300.0,,,,2,4,,,,,,,,,,,45433,0,0
319864,73605117544513920,,0,450,489.0,-890,-110.0,-680.0,,,2,4,,,,,,,,,,,45458,0,0
319865,73605117544513920,,0,450,490.0,-950,-170.0,-680.0,,,2,4,,,,,,,,,,,45458,0,0
319866,73605117540789482,,0,1423,489.0,-850,-110.0,-530.0,56.0,,1,4,274.0,1645.0,,,,,,,,,45459,0,0
319867,73605117787780988,,0,3102,489.0,-960,-120.0,-750.0,,,2,4,,,,,,,,,,,45458,0,0
319868,73605119279693824,,0,1423,,-850,-120.0,-520.0,40.0,0.0,3,4,,,,,,,43211.0,44200.0,,23055629.0,0,0,0
319869,73605119987746642,,0,1423,490.0,-920,-180.0,,,,2,4,,,,,,,,,,,45433,0,0
319870,73605120518360329,,0,1423,406.0,-990,-300.0,-600.0,,,2,4,,,,,,,,,,,45461,0,0
319871,73605120518360329,,0,1423,460.0,-990,-300.0,-600.0,,,2,4,,,,,,,,,,,45461,0,0
319872,73605120572042874,,0,1423,380.0,-970,-300.0,-580.0,,,2,4,,,,,,,,,,,45461,0,0
319873,73605120574952874,,0,1423,380.0,-970,-300.0,,,,2,4,,,,,,,,,,,45433,0,0
319874,73605120823260245,,0,1423,425.0,-990,-300.0,,,,2,4,,,,,,,,,,,45433,0,0
319875,73605120820348245,,0,1423,425.0,-990,-300.0,-600.0,,,2,4,,,,,,,,,,,45461,0,0
319876,73605121605520753,,0,1423,95.0,-990,-300.0,-600.0,,,2,4,,,,,,,,,,,45461,0,0
319877,73605121772334595,,0,450,490.0,-1070,-300.0,-680.0,,,2,4,,,,,,,,,,,45458,0,0
319878,73605121772334595,,0,450,489.0,-880,-100.0,-680.0,,,2,4,,,,,,,,,,,45458,0,0
319879,73605121835762764,,0,1423,489.0,-850,-120.0,-500.0,25.0,,1,4,274.0,9836.0,,,,,,,,,45459,0,0
319880,73605121980848391,,0,3102,489.0,-970,-140.0,-740.0,,,2,4,,,,,,,,,,,45458,0,0
319881,73605122022791148,,0,3102,460.0,-1130,-300.0,-740.0,,,2,4,,,,,,,,,,,45458,0,0
319882,73605123448963072,,0,1423,,-850,-120.0,-530.0,40.0,0.0,3,4,,,,,,,43211.0,44200.0,,23055629.0,0,0,0
319883,73605123492051197,,0,1423,148.0,-970,-300.0,-580.0,,,2,4,,,,,,,,,,,45461,0,0
319884,73605124032380935,,0,1423,490.0,-910,-140.0,-630.0,,,2,4,,,,,,,,,,,45461,0,0
319885,73605124483856686,,0,1423,406.0,-980,-300.0,-590.0,,,2,4,,,,,,,,,,,45461,0,0
319886,73605124710076675,,0,1423,460.0,-980,-300.0,-590.0,,,2,4,,,,,,,,,,,45461,0,0
319887,73605125513742378,,0,3300,489.0,-1010,-120.0,-790.0,,,2,4,,,,,,,,,,,45458,0,0
319888,73605125513742378,,0,3300,490.0,-970,-80.0,-790.0,,,2,4,,,,,,,,,,,45458,0,0
319889,73605125513742378,,0,3300,460.0,-1080,-200.0,-780.0,,,2,4,,,,,,,,,,,45458,0,0
319890,73605125513742378,,0,3300,95.0,-1070,-190.0,-770.0,,,2,4,,,,,,,,,,,45458,0,0
319891,73605125607223196,,0,1423,95.0,-1030,-300.0,-640.0,,,2,4,,,,,,,,,,,45461,0,0
319892,73605127717060608,,0,1423,,-850,-120.0,-540.0,20.0,0.0,3,4,,,,,,,43211.0,44200.0,,23055629.0,0,0,0
319893,73605128050074582,,0,1423,490.0,-910,-160.0,-600.0,,,2,4,,,,,,,,,,,45461,0,0
319894,73605128050074582,,0,1423,407.0,-1000,-300.0,-610.0,,,2,4,,,,,,,,,,,45461,0,0
319895,73605128053053582,,0,1423,407.0,-1000,-300.0,,,,2,4,,,,,,,,,,,45433,0,0
319896,73605128083628494,,0,1423,407.0,-880,-200.0,-580.0,,,2,4,,,,,,,,,,,45461,0,0
319897,73605128086608494,,0,1423,407.0,-890,-270.0,,,,2,4,,,,,,,,,,,45433,0,0
319898,73605128603357012,,0,1423,406.0,-990,-300.0,,,,2,4,,,,,,,,,,,45433,0,0
319899,73605128600371012,,0,1423,147.0,-1000,-300.0,-610.0,,,2,4,,,,,,,,,,,45461,0,0
319900,73605128603357012,,0,1423,147.0,-1000,-300.0,,,,2,4,,,,,,,,,,,45433,0,0
319901,73605128726824884,,0,1423,325.0,-970,-300.0,,,,2,4,,,,,,,,,,,45433,0,0
319902,73605128723835884,,0,1423,325.0,-970,-300.0,-580.0,,,2,4,,,,,,,,,,,45461,0,0
319903,73605128734589109,,0,1423,325.0,-970,-300.0,-580.0,,,2,4,,,,,,,,,,,45461,0,0
319904,73605128737579109,,0,1423,325.0,-970,-300.0,,,,2,4,,,,,,,,,,,45433,0,0
319905,73605128931806510,,0,1423,489.0,-850,-120.0,-520.0,32.0,,1,4,274.0,10059.0,,,,,,,,,45459,0,0
319906,73605129294935770,,0,1423,300.0,-950,-240.0,,,,2,4,,,,,,,,,,,45433,0,0
319907,73605129291938770,,0,1423,300.0,-960,-300.0,-570.0,,,2,4,,,,,,,,,,,45461,0,0
319908,73605129291938770,,0,1423,460.0,-970,-300.0,-580.0,,,2,4,,,,,,,,,,,45461,0,0
319909,73605130078914751,,0,1423,330.0,-960,-300.0,-570.0,,,2,4,,,,,,,,,,,45461,0,0
319910,73605130081912751,,0,1423,330.0,-960,-300.0,,,,2,4,,,,,,,,,,,45433,0,0
319911,73605131167533774,,0,1423,407.0,-870,-160.0,-560.0,,,2,4,,,,,,,,,,,45461,0,0
319912,73605131170534774,,0,1423,407.0,-890,-250.0,,,,2,4,,,,,,,,,,,45433,0,0
319913,73605131263485028,,0,1423,95.0,-990,-300.0,,,,2,4,,,,,,,,,,,45433,0,0
319914,73605131828481721,,0,3102,489.0,-1000,-140.0,-760.0,,,2,4,,,,,,,,,,,45458,0,0
319915,73605131828481721,,0,3102,490.0,-1050,-170.0,-760.0,,,2,4,,,,,,,,,,,45458,0,0
319916,73605131866229415,,0,3102,460.0,-1140,-300.0,-750.0,,,2,4,,,,,,,,,,,45458,0,0
319917,73605131968053248,,0,1423,,-850,-110.0,-550.0,40.0,0.0,3,4,,,,,,,43211.0,44200.0,,23055629.0,0,0,0
319918,73605132093329354,,0,1423,490.0,-910,-170.0,,,,2,4,,,,,,,,,,,45433,0,0
319919,73605132982271254,,0,1423,406.0,-990,-300.0,,,,2,4,,,,,,,,,,,45433,0,0
319920,73605133755703927,,0,1423,407.0,-980,-300.0,-590.0,,,2,4,,,,,,,,,,,45461,0,0
319921,73605133755703927,,0,1423,460.0,-1000,-300.0,-610.0,,,2,4,,,,,,,,,,,45461,0,0
319922,73605133758734927,,0,1423,407.0,-980,-300.0,,,,2,4,,,,,,,,,,,45433,0,0
319923,73605135598242022,,0,450,489.0,-880,-100.0,-690.0,,,2,4,,,,,,,,,,,45458,0,0
319924,73605135592943920,,0,1423,489.0,-850,-120.0,-520.0,33.0,,1,4,274.0,1261.0,,,,,,,,,45459,0,0
319925,73605135660777893,,0,3300,95.0,-1080,-210.0,-770.0,,,2,4,,,,,,,,,,,45458,0,0
319926,73605135660777893,,0,3300,490.0,-970,-90.0,-770.0,,,2,4,,,,,,,,,,,45458,0,0
319927,73605135660777893,,0,3300,460.0,-1060,-180.0,-780.0,,,2,4,,,,,,,,,,,45458,0,0
319928,73605135660777893,,0,3300,489.0,-1010,-140.0,-770.0,,,2,4,,,,,,,,,,,45458,0,0
319929,73605135770150108,,0,3102,489.0,-970,-130.0,-750.0,,,2,4,,,,,,,,,,,45458,0,0
319930,73605136151805952,,0,1423,,-850,-110.0,-520.0,20.0,0.0,3,4,,,,,,,43211.0,44200.0,,23055629.0,0,0,0
319931,73605137427837189,,0,1423,490.0,-920,-180.0,-580.0,,,2,4,,,,,,,,,,,45461,0,0
319932,73605137497997462,,0,1423,406.0,-990,-300.0,,,,2,4,,,,,,,,,,,45433,0,0
319933,73605137719471067,,0,1423,460.0,-1010,-300.0,,,,2,4,,,,,,,,,,,45433,0,0
319934,73605140254257976,,0,1423,95.0,-990,-300.0,-600.0,,,2,4,,,,,,,,,,,45461,0,0
319935,73605140493893632,,0,1423,,-850,-120.0,-520.0,50.0,0.0,3,4,,,,,,,43211.0,44200.0,,23055629.0,0,0,0
319936,73605141666887419,,0,1423,490.0,-940,-180.0,-610.0,,,2,4,,,,,,,,,,,45461,0,0
319937,73605141733996233,,0,1423,406.0,-1030,-300.0,-640.0,,,2,4,,,,,,,,,,,45461,0,0
319938,73605141906425029,,0,450,489.0,-880,-100.0,-680.0,,,2,4,,,,,,,,,,,45458,0,0
319939,73605141968289473,,0,1423,489.0,-850,-120.0,-500.0,23.0,,1,4,274.0,9324.0,,,,,,,,,45459,0,0
319940,73605142001637440,,0,3102,489.0,-970,-120.0,-750.0,,,2,4,,,,,,,,,,,45458,0,0
319941,73605142035192321,,0,3102,460.0,-1170,-300.0,-780.0,,,2,4,,,,,,,,,,,45458,0,0
319942,73605144614141952,,0,1423,,-850,-120.0,-530.0,50.0,0.0,3,4,,,,,,,43211.0,44200.0,,23055629.0,0,0,0
319943,73605145166373655,,0,3300,460.0,-1060,-190.0,-770.0,,,2,4,,,,,,,,,,,45458,0,0
319944,73605145074098484,,0,3300,95.0,-1070,-190.0,-790.0,,,2,4,,,,,,,,,,,45458,0,0
319945,73605145074098484,,0,3300,490.0,-980,-100.0,-780.0,,,2,4,,,,,,,,,,,45458,0,0
319946,73605145088778667,,0,3300,489.0,-1010,-140.0,-780.0,,,2,4,,,,,,,,,,,45458,0,0
319947,73605145654227170,,0,1423,490.0,-920,-140.0,-630.0,,,2,4,,,,,,,,,,,45461,0,0
319948,73605145674390306,,0,1423,406.0,-980,-300.0,,,,2,4,,,,,,,,,,,45433,0,0
319949,73605145674390306,,0,1423,95.0,-980,-300.0,,,,2,4,,,,,,,,,,,45433,0,0
319950,73605145764965121,,0,1423,460.0,-1020,-300.0,-630.0,,,2,4,,,,,,,,,,,45461,0,0
319951,73605148840165376,,0,1423,,-850,-110.0,-510.0,20.0,0.0,3,4,,,,,,,43211.0,44200.0,,23055629.0,0,0,0
319952,73605149796804791,,0,3300,490.0,-960,-100.0,-760.0,,,2,4,,,,,,,,,,,45458,0,0
319953,73605149796804791,,0,3300,489.0,-990,-130.0,-760.0,,,2,4,,,,,,,,,,,45458,0,0
319954,73605149830360276,,0,3300,460.0,-1060,-180.0,-780.0,,,2,4,,,,,,,,,,,45458,0,0
319955,73605149890753719,,0,1423,95.0,-1000,-300.0,-610.0,,,2,4,,,,,,,,,,,45461,0,0
319956,73605149890753719,,0,1423,490.0,-920,-170.0,-610.0,,,2,4,,,,,,,,,,,45461,0,0
319957,73605149893899719,,0,1423,460.0,-990,-300.0,,,,2,4,,,,,,,,,,,45433,0,0
319958,73605150093645817,,0,450,489.0,-880,-100.0,-690.0,,,2,4,,,,,,,,,,,45458,0,0
319959,73605150155504223,,0,1423,489.0,-850,-120.0,-510.0,36.0,,1,4,274.0,9580.0,,,,,,,,,45459,0,0
319960,73605150303532266,,0,1423,406.0,-1010,-300.0,-620.0,,,2,4,,,,,,,,,,,45461,0,0
319961,73605150306241864,,0,3300,95.0,-1090,-190.0,-780.0,,,2,4,,,,,,,,,,,45458,0,0
319962,73605153098432512,,0,1423,,-850,-110.0,-510.0,70.0,0.0,3,4,,,,,,,43211.0,44200.0,,23055629.0,0,0,0
319963,73605153833095031,,0,1423,490.0,-930,-180.0,,,,2,4,,,,,,,,,,,45433,0,0
319964,73605154114903536,,0,1423,489.0,-850,-110.0,-530.0,53.0,,1,4,274.0,9964.0,,,,,,,,,45459,0,0
319965,73605154177509225,,0,3102,489.0,-950,-100.0,-760.0,,,2,4,,,,,,,,,,,45458,0,0
319966,73605154177509225,,0,3102,490.0,-1050,-190.0,-760.0,,,2,4,,,,,,,,,,,45458,0,0
319967,73605154672037264,,0,1423,406.0,-970,-300.0,-580.0,,,2,4,,,,,,,,,,,45461,0,0
319968,73605155611559967,,0,1423,460.0,-970,-300.0,-580.0,,,2,4,,,,,,,,,,,45461,0,0
319969,73605155614760967,,0,1423,407.0,-970,-300.0,,,,2,4,,,,,,,,,,,45433,0,0
319970,73605155844423546,,0,1423,95.0,-990,-300.0,-600.0,,,2,4,,,,,,,,,,,45461,0,0
319971,73605156601598170,,0,450,460.0,-1000,-170.0,-730.0,,,2,4,,,,,,,,,,,45458,0,0
319972,73605156601598170,,0,450,489.0,-880,-60.0,-710.0,,,2,4,,,,,,,,,,,45458,0,0
319973,73605156665651541,,0,3102,460.0,-1070,-200.0,-730.0,,,2,4,,,,,,,,,,,45458,0,0
319974,73605157370331136,,0,1423,,-850,-120.0,-520.0,30.0,0.0,3,4,,,,,,,43211.0,44200.0,,23055629.0,0,0,0
319975,73605157856050037,,0,1423,490.0,-920,-170.0,-600.0,,,2,4,,,,,,,,,,,45461,0,0
319976,73605158704822058,,0,1423,406.0,-920,-200.0,-620.0,,,2,4,,,,,,,,,,,45461,0,0
319977,73605158704822058,,0,1423,148.0,-1010,-300.0,-620.0,,,2,4,,,,,,,,,,,45461,0,0
319978,73605158882713175,,0,1423,356.0,-850,-180.0,-580.0,,,2,4,,,,,,,,,,,45461,0,0
319979,73605158885941175,,0,1423,356.0,-880,-240.0,,,,2,4,,,,,,,,,,,45433,0,0
319980,73605158898363180,,0,1423,356.0,-960,-260.0,,,,2,4,,,,,,,,,,,45433,0,0
319981,73605158895134180,,0,1423,356.0,-990,-300.0,-600.0,,,2,4,,,,,,,,,,,45461,0,0
319982,73605159839103591,,0,1423,460.0,-1030,-300.0,-640.0,,,2,4,,,,,,,,,,,45461,0,0
319983,73605159895578399,,0,1423,95.0,-1020,-300.0,-630.0,,,2,4,,,,,,,,,,,45461,0,0
319984,73605160557945709,,0,3102,490.0,-1050,-180.0,-740.0,,,2,4,,,,,,,,,,,45458,0,0
319985,73605160557298640,,0,1423,489.0,-850,-120.0,-510.0,22.0,,1,4,274.0,9964.0,,,,,,,,,45459,0,0
319986,73605160557945709,,0,3102,489.0,-990,-160.0,-740.0,,,2,4,,,,,,,,,,,45458,0,0
319987,73605161557819392,,0,1423,,-850,-110.0,-520.0,50.0,0.0,3,4,,,,,,,43211.0,44200.0,,23055629.0,0,0,0
319988,73605162261996033,,0,1423,490.0,-920,-190.0,,,,2,4,,,,,,,,,,,45433,0,0
319989,73605162659446183,,0,1423,276.0,-880,-210.0,-580.0,,,2,4,,,,,,,,,,,45461,0,0
319990,73605162659446183,,0,1423,406.0,-930,-200.0,-580.0,,,2,4,,,,,,,,,,,45461,0,0
319991,73605162662705183,,0,1423,276.0,-900,-270.0,,,,2,4,,,,,,,,,,,45433,0,0
319992,73605163897690733,,0,1423,95.0,-1010,-300.0,-620.0,,,2,4,,,,,,,,,,,45461,0,0
319993,73605163934502952,,0,1423,460.0,-990,-210.0,-630.0,,,2,4,,,,,,,,,,,45461,0,0
319994,73605164240250193,,0,3102,460.0,-1070,-200.0,-740.0,,,2,4,,,,,,,,,,,45458,0,0
319995,73605164292007959,,0,1423,407.0,-990,-300.0,-600.0,,,2,4,,,,,,,,,,,45461,0,0
319996,73605164454849903,,0,450,489.0,-880,-100.0,-680.0,,,2,4,,,,,,,,,,,45458,0,0
319997,73605164516685163,,0,1423,489.0,-850,-130.0,-500.0,18.0,,1,4,274.0,9324.0,,,,,,,,,45459,0,0
319998,73605164791852307,,0,3102,489.0,-960,-120.0,-740.0,,,2,4,,,,,,,,,,,45458,0,0
319999,73605165808877568,,0,1423,,-850,-110.0,-520.0,50.0,0.0,3,4,,,,,,,43211.0,44200.0,,23055629.0,0,0,0
320000,73605166263790505,,0,1423,490.0,-930,-170.0,-610.0,,,2,4,,,,,,,,,,,45461,0,0
320001,73605166958317212,,0,1423,406.0,-1000,-300.0,-610.0,,,2,4,,,,,,,,,,,45461,0,0
320002,73605167374441489,,0,1423,273.0,-970,-300.0,-580.0,,,2,4,,,,,,,,,,,45461,0,0
320003,73605167734292972,,0,3102,490.0,-1040,-170.0,-740.0,,,2,4,,,,,,,,,,,45458,0,0
320004,73605167884561507,,0,1423,460.0,-1020,-300.0,-630.0,,,2,4,,,,,,,,,,,45461,0,0
320005,73605168079056117,,0,1423,95.0,-960,-220.0,,,,2,4,,,,,,,,,,,45433,0,0
320006,73605170065506304,,0,1423,,-850,-100.0,-560.0,40.0,0.0,3,4,,,,,,,43211.0,44200.0,,23055629.0,0,0,0
320007,73605170729864151,,0,1423,490.0,-920,-170.0,,,,2,4,,,,,,,,,,,45433,0,0
320008,73605171011815722,,0,1423,406.0,-960,-300.0,-570.0,,,2,4,,,,,,,,,,,45461,0,0
320009,73605171312857128,,0,1423,489.0,-850,-80.0,-560.0,68.0,,1,4,274.0,9999.0,,,,,,,,,45459,0,0
320010,73605171326003305,,0,3102,489.0,-950,-110.0,-750.0,,,2,4,,,,,,,,,,,45458,0,0
320011,73605171326003305,,0,3102,460.0,-1130,-300.0,-740.0,,,2,4,,,,,,,,,,,45458,0,0
320012,73605172126156663,,0,1423,460.0,-1000,-300.0,,,,2,4,,,,,,,,,,,45433,0,0
320013,73605172725675507,,0,1423,273.0,-970,-210.0,,,,2,4,,,,,,,,,,,45433,0,0
320014,73605172736603462,,0,1423,95.0,-910,-200.0,-610.0,,,2,4,,,,,,,,,,,45461,0,0
320015,73605174279340032,,0,1423,,-850,-100.0,-560.0,70.0,0.0,3,4,,,,,,,43211.0,44200.0,,23055629.0,0,0,0
320016,73605174339753504,,0,1423,148.0,-1030,-300.0,,,,2,4,,,,,,,,,,,45433,0,0
320017,73605174648312937,,0,1423,124.0,-970,-190.0,-690.0,,,2,4,,,,,,,,,,,45461,0,0
320018,73605174651710937,,0,1423,124.0,-980,-250.0,,,,2,4,,,,,,,,,,,45433,0,0
320019,73605174668489364,,0,1423,490.0,-900,-150.0,,,,2,4,,,,,,,,,,,45433,0,0
320020,73605174665090364,,0,1423,124.0,-1070,-300.0,-680.0,,,2,4,,,,,,,,,,,45461,0,0
320021,73605174668489364,,0,1423,124.0,-1050,-260.0,,,,2,4,,,,,,,,,,,45433,0,0
320022,73605174855079072,,0,450,489.0,-880,-70.0,-720.0,,,2,4,,,,,,,,,,,45458,0,0
320023,73605174855079072,,0,450,490.0,-1000,-190.0,-710.0,,,2,4,,,,,,,,,,,45458,0,0
320024,73605175205714844,,0,3300,489.0,-1000,-110.0,-770.0,,,2,4,,,,,,,,,,,45458,0,0
320025,73605175205714844,,0,3300,490.0,-970,-110.0,-770.0,,,2,4,,,,,,,,,,,45458,0,0
320026,73605175205714844,,0,3300,460.0,-1170,-300.0,-780.0,,,2,4,,,,,,,,,,,45458,0,0
320027,73605175267974318,,0,1423,406.0,-1020,-300.0,,,,2,4,,,,,,,,,,,45433,0,0
320028,73605175272878490,,0,3300,95.0,-1050,-180.0,-770.0,,,2,4,,,,,,,,,,,45458,0,0
320029,73605176145504447,,0,1423,460.0,-1000,-300.0,-610.0,,,2,4,,,,,,,,,,,45461,0,0
320030,73605176828125902,,0,1423,95.0,-950,-220.0,-580.0,,,2,4,,,,,,,,,,,45461,0,0
320031,73605176828125902,,0,1423,407.0,-850,-170.0,-580.0,,,2,4,,,,,,,,,,,45461,0,0
320032,73605177247577915,,0,1423,303.0,-1050,-220.0,,,,2,4,,,,,,,,,,,45433,0,0
320033,73605177244141915,,0,1423,303.0,-1050,-220.0,-710.0,,,2,4,,,,,,,,,,,45461,0,0
320034,73605177260919332,,0,1423,303.0,-990,-180.0,-710.0,,,2,4,,,,,,,,,,,45461,0,0
320035,73605177264356332,,0,1423,303.0,-1000,-210.0,,,,2,4,,,,,,,,,,,45433,0,0
320036,73605178426720256,,0,1423,,-850,-120.0,-520.0,50.0,0.0,3,4,,,,,,,43211.0,44200.0,,23055629.0,0,0,0
320037,73605178438783288,,0,1423,148.0,-980,-300.0,-590.0,,,2,4,,,,,,,,,,,45461,0,0
320038,73605178685761787,,0,1423,490.0,-920,-170.0,-610.0,,,2,4,,,,,,,,,,,45461,0,0
320039,73605178727343819,,0,1423,273.0,-980,-300.0,-590.0,,,2,4,,,,,,,,,,,45461,0,0
320040,73605179146283011,,0,1423,489.0,-850,-120.0,-520.0,52.0,,1,4,274.0,1389.0,,,,,,,,,45459,0,0
320041,73605179149952220,,0,450,489.0,-880,-70.0,-700.0,,,2,4,,,,,,,,,,,45458,0,0
320042,73605179399565913,,0,3102,489.0,-970,-110.0,-770.0,,,2,4,,,,,,,,,,,45458,0,0
320043,73605179455783707,,0,1423,396.0,-1010,-300.0,-620.0,,,2,4,,,,,,,,,,,45461,0,0
320044,73605179451998491,,0,3102,460.0,-1130,-300.0,-740.0,,,2,4,,,,,,,,,,,45458,0,0
320045,73605179459257707,,0,1423,396.0,-1010,-300.0,,,,2,4,,,,,,,,,,,45433,0,0
320046,73605179590468768,,0,1423,406.0,-990,-220.0,-620.0,,,2,4,,,,,,,,,,,45461,0,0
320047,73605180342023669,,0,1423,460.0,-990,-300.0,,,,2,4,,,,,,,,,,,45433,0,0
320048,73605180637358345,,0,1423,96.0,-890,-170.0,-620.0,,,2,4,,,,,,,,,,,45461,0,0
320049,73605180640847345,,0,1423,96.0,-890,-170.0,,,,2,4,,,,,,,,,,,45433,0,0
320050,73605181221201767,,0,1423,95.0,-1030,-300.0,-640.0,,,2,4,,,,,,,,,,,45461,0,0
320051,73605182717558784,,0,1423,,-850,-120.0,-520.0,40.0,0.0,3,4,,,,,,,43211.0,44200.0,,23055629.0,0,0,0
320052,73605182720925342,,0,1423,490.0,-910,-140.0,-620.0,,,2,4,,,,,,,,,,,45461,0,0
320053,73605182898970129,,0,1423,273.0,-1010,-300.0,-620.0,,,2,4,,,,,,,,,,,45461,0,0
320054,73605183482763992,,0,1423,407.0,-1050,-300.0,-660.0,,,2,4,,,,,,,,,,,45461,0,0
320055,73605183536620606,,0,1423,406.0,-1020,-280.0,,,,2,4,,,,,,,,,,,45433,0,0
320056,73605183575444149,,0,1423,489.0,-850,-110.0,-530.0,64.0,,1,4,274.0,1645.0,,,,,,,,,45459,0,0
320057,73605183580741876,,0,450,489.0,-880,-80.0,-700.0,,,2,4,,,,,,,,,,,45458,0,0
320058,73605183643223844,,0,3102,490.0,-1040,-180.0,-760.0,,,2,4,,,,,,,,,,,45458,0,0
320059,73605183643223844,,0,3102,489.0,-960,-110.0,-760.0,,,2,4,,,,,,,,,,,45458,0,0
320060,73605183643223844,,0,3102,460.0,-1060,-210.0,-760.0,,,2,4,,,,,,,,,,,45458,0,0
320061,73605184803796321,,0,1423,460.0,-990,-300.0,-600.0,,,2,4,,,,,,,,,,,45461,0,0
320062,73605184803796321,,0,1423,148.0,-1020,-300.0,-630.0,,,2,4,,,,,,,,,,,45461,0,0
320063,73605185840310899,,0,1423,95.0,-1020,-300.0,-630.0,,,2,4,,,,,,,,,,,45461,0,0
320064,73605186224341199,,0,1423,496.0,-1000,-260.0,,,,2,4,,,,,,,,,,,45433,0,0
320065,73605186220786199,,0,1423,496.0,-990,-210.0,-630.0,,,2,4,,,,,,,,,,,45461,0,0
320066,73605186236260545,,0,1423,496.0,-1030,-300.0,-640.0,,,2,4,,,,,,,,,,,45461,0,0
320067,73605186239816545,,0,1423,496.0,-1030,-270.0,,,,2,4,,,,,,,,,,,45433,0,0
320068,73605186869264384,,0,1423,,-850,-100.0,-540.0,30.0,0.0,3,4,,,,,,,43211.0,44200.0,,23055629.0,0,0,0
320069,73605186837125303,,0,1423,490.0,-920,-160.0,,,,2,4,,,,,,,,,,,45433,0,0
320070,73605187538456924,,0,1423,489.0,-850,-110.0,-540.0,46.0,,1,4,274.0,10220.0,,,,,,,,,45459,0,0
320071,73605187667270155,,0,3102,490.0,-1060,-180.0,-750.0,,,2,4,,,,,,,,,,,45458,0,0
320072,73605187667270155,,0,3102,489.0,-970,-120.0,-750.0,,,2,4,,,,,,,,,,,45458,0,0
320073,73605187708747553,,0,1423,406.0,-1010,-300.0,-620.0,,,2,4,,,,,,,,,,,45461,0,0
320074,73605187708747553,,0,1423,496.0,-1010,-300.0,-620.0,,,2,4,,,,,,,,,,,45461,0,0
320075,73605187712332553,,0,1423,496.0,-1010,-300.0,,,,2,4,,,,,,,,,,,45433,0,0
320076,73605187721795454,,0,3102,460.0,-1070,-210.0,-750.0,,,2,4,,,,,,,,,,,45458,0,0
320077,73605188047095447,,0,1423,124.0,-1050,-300.0,,,,2,4,,,,,,,,,,,45433,0,0
320078,73605188043503447,,0,1423,124.0,-1070,-300.0,-680.0,,,2,4,,,,,,,,,,,45461,0,0
320079,73605188060335711,,0,1423,124.0,-990,-210.0,-680.0,,,2,4,,,,,,,,,,,45461,0,0
320080,73605188063928711,,0,1423,124.0,-1000,-260.0,,,,2,4,,,,,,,,,,,45433,0,0
320081,73605188073506999,,0,1423,124.0,-990,-300.0,-600.0,,,2,4,,,,,,,,,,,45461,0,0
320082,73605188077100999,,0,1423,124.0,-990,-270.0,,,,2,4,,,,,,,,,,,45433,0,0
320083,73605188855287287,,0,1423,460.0,-980,-300.0,,,,2,4,,,,,,,,,,,45433,0,0
320084,73605189016769088,,0,1423,437.0,-960,-300.0,,,,2,4,,,,,,,,,,,45433,0,0
320085,73605189013171088,,0,1423,437.0,-960,-300.0,-570.0,,,2,4,,,,,,,,,,,45461,0,0
320086,73605189935912522,,0,1423,95.0,-980,-300.0,-590.0,,,2,4,,,,,,,,,,,45461,0,0
320087,73605190795304724,,0,1423,490.0,-900,-170.0,,,,2,4,,,,,,,,,,,45433,0,0
320088,73605191084802048,,0,1423,,-850,-100.0,-550.0,30.0,0.0,3,4,,,,,,,43211.0,44200.0,,23055629.0,0,0,0
320089,73605191654356776,,0,1423,406.0,-970,-260.0,,,,2,4,,,,,,,,,,,45433,0,0
320090,73605192031100181,,0,1423,489.0,-850,-100.0,-540.0,48.0,,1,4,274.0,1389.0,,,,,,,,,45459,0,0
320091,73605192034769304,,0,450,489.0,-870,-80.0,-700.0,,,2,4,,,,,,,,,,,45458,0,0
320092,73605192204375235,,0,3102,489.0,-970,-100.0,-770.0,,,2,4,,,,,,,,,,,45458,0,0
320093,73605192254707004,,0,3102,460.0,-1120,-220.0,-750.0,,,2,4,,,,,,,,,,,45458,0,0
320094,73605192219055914,,0,3102,490.0,-1050,-180.0,-770.0,,,2,4,,,,,,,,,,,45458,0,0
320095,73605192423326010,,0,1423,496.0,-1050,-300.0,-660.0,,,2,4,,,,,,,,,,,45461,0,0
320096,73605192560895820,,0,1423,124.0,-930,-200.0,-640.0,,,2,4,,,,,,,,,,,45461,0,0
320097,73605193302448073,,0,1423,460.0,-1010,-300.0,-620.0,,,2,4,,,,,,,,,,,45461,0,0
320098,73605193483697927,,0,1423,148.0,-950,-220.0,-630.0,,,2,4,,,,,,,,,,,45461,0,0
320099,73605194148115106,,0,1423,95.0,-970,-300.0,-580.0,,,2,4,,,,,,,,,,,45461,0,0
320100,73605194546879988,,0,425,90.0,-1170,-300.0,-780.0,,,2,4,,,,,,,,,,,45458,0,0
320101,73605195101371697,,0,1423,490.0,-930,-180.0,,,,2,4,,,,,,,,,,,45433,0,0
320102,73605195501010944,,0,1423,,-850,-120.0,-520.0,40.0,0.0,3,4,,,,,,,43211.0,44200.0,,23055629.0,0,0,0
320103,73605195674830589,,0,1423,406.0,-990,-300.0,-600.0,,,2,4,,,,,,,,,,,45461,0,0
320104,73605196174792328,,0,1423,273.0,-970,-300.0,-580.0,,,2,4,,,,,,,,,,,45461,0,0
320105,73605196527353717,,0,1423,489.0,-840,-120.0,-520.0,39.0,,1,4,274.0,1773.0,,,,,,,,,45459,0,0
320106,73605196532651015,,0,450,489.0,-880,-60.0,-720.0,,,2,4,,,,,,,,,,,45458,0,0
320107,73605197236084269,,0,1423,460.0,-1040,-300.0,,,,2,4,,,,,,,,,,,45433,0,0
320108,73605197905614830,,0,1423,407.0,-1010,-300.0,-620.0,,,2,4,,,,,,,,,,,45461,0,0
320109,73605198083457875,,0,1423,148.0,-990,-300.0,-600.0,,,2,4,,,,,,,,,,,45461,0,0
320110,73605198643808593,,0,1423,95.0,-990,-300.0,-600.0,,,2,4,,,,,,,,,,,45461,0,0
320111,73605198647530593,,0,1423,496.0,-990,-300.0,,,,2,4,,,,,,,,,,,45433,0,0
320112,73605199132027912,,0,1423,490.0,-920,-160.0,,,,2,4,,,,,,,,,,,45433,0,0
320113,73605199654982362,,0,1423,406.0,-910,-180.0,-640.0,,,2,4,,,,,,,,,,,45461,0,0
320114,73605199654982362,,0,1423,124.0,-1060,-300.0,-670.0,,,2,4,,,,,,,,,,,45461,0,0
320115,73605199721463808,,0,1423,,-850,-100.0,-550.0,70.0,0.0,3,4,,,,,,,43211.0,44200.0,,23055629.0,0,0,0
320116,73605200154938086,,0,450,490.0,-980,-210.0,-680.0,,,2,4,,,,,,,,,,,45458,0,0
320117,73605200218992483,,0,3102,490.0,-1070,-190.0,-760.0,,,2,4,,,,,,,,,,,45458,0,0
320118,73605200218992483,,0,3102,489.0,-960,-100.0,-760.0,,,2,4,,,,,,,,,,,45458,0,0
320119,73605200218992483,,0,3102,460.0,-1040,-190.0,-760.0,,,2,4,,,,,,,,,,,45458,0,0
320120,73605200303404119,,0,3300,490.0,-970,-100.0,-770.0,,,2,4,,,,,,,,,,,45458,0,0
320121,73605200288723838,,0,3300,95.0,-1050,-150.0,-790.0,,,2,4,,,,,,,,,,,45458,0,0
320122,73605200288723838,,0,3300,460.0,-1090,-200.0,-800.0,,,2,4,,,,,,,,,,,45458,0,0
320123,73605200288723838,,0,3300,489.0,-1010,-140.0,-770.0,,,2,4,,,,,,,,,,,45458,0,0
320124,73605200508077898,,0,1423,273.0,-990,-300.0,,,,2,4,,,,,,,,,,,45433,0,0
320125,73605201789460339,,0,1423,460.0,-950,-220.0,-640.0,,,2,4,,,,,,,,,,,45461,0,0
320126,73605202859938129,,0,1423,95.0,-1010,-300.0,-620.0,,,2,4,,,,,,,,,,,45461,0,0
320127,73605203071169887,,0,1423,490.0,-910,-160.0,-620.0,,,2,4,,,,,,,,,,,45461,0,0
320128,73605203506638433,,0,1423,489.0,-850,-90.0,-560.0,62.0,,1,4,274.0,1773.0,,,,,,,,,45459,0,0
320129,73605203511936269,,0,450,489.0,-870,-90.0,-690.0,,,2,4,,,,,,,,,,,45458,0,0
320130,73605203808448035,,0,1423,406.0,-1010,-300.0,,,,2,4,,,,,,,,,,,45433,0,0
320131,73605203925139456,,0,1423,,-850,-90.0,-550.0,70.0,0.0,3,4,,,,,,,43211.0,44200.0,,23055629.0,0,0,0
320132,73605204227067698,,0,1423,407.0,-1050,-300.0,-660.0,,,2,4,,,,,,,,,,,45461,0,0
320133,73605205249369851,,0,1423,273.0,-1040,-300.0,-650.0,,,2,4,,,,,,,,,,,45461,0,0
320134,73605205918244334,,0,1423,129.0,-1060,-300.0,-670.0,,,2,4,,,,,,,,,,,45461,0,0
320135,73605205922066334,,0,1423,129.0,-1060,-300.0,,,,2,4,,,,,,,,,,,45433,0,0
320136,73605205935021593,,0,1423,129.0,-1000,-300.0,-610.0,,,2,4,,,,,,,,,,,45461,0,0
320137,73605205938844593,,0,1423,129.0,-1010,-300.0,,,,2,4,,,,,,,,,,,45433,0,0
320138,73605205951949214,,0,1423,129.0,-950,-300.0,-560.0,,,2,4,,,,,,,,,,,45461,0,0
320139,73605205955773214,,0,1423,129.0,-960,-300.0,,,,2,4,,,,,,,,,,,45433,0,0
320140,73605205971982898,,0,1423,129.0,-1020,-220.0,-700.0,,,2,4,,,,,,,,,,,45461,0,0
320141,73605205975807898,,0,1423,129.0,-1010,-270.0,,,,2,4,,,,,,,,,,,45433,0,0
320142,73605205992642856,,0,1423,129.0,-1080,-280.0,,,,2,4,,,,,,,,,,,45433,0,0
320143,73605205988816856,,0,1423,129.0,-1090,-300.0,-700.0,,,2,4,,,,,,,,,,,45461,0,0
320144,73605206170473790,,0,3102,489.0,-990,-140.0,-750.0,,,2,4,,,,,,,,,,,45458,0,0
320145,73605206208438568,,0,1423,460.0,-1030,-300.0,-640.0,,,2,4,,,,,,,,,,,45461,0,0
320146,73605206320744494,,0,1423,148.0,-1030,-300.0,-640.0,,,2,4,,,,,,,,,,,45461,0,0
320147,73605206481701575,,0,1423,346.0,-860,-180.0,-580.0,,,2,4,,,,,,,,,,,45461,0,0
320148,73605206485539575,,0,1423,346.0,-880,-250.0,,,,2,4,,,,,,,,,,,45433,0,0
320149,73605207246783046,,0,1423,95.0,-950,-210.0,-590.0,,,2,4,,,,,,,,,,,45461,0,0
320150,73605207250630046,,0,1423,490.0,-920,-160.0,,,,2,4,,,,,,,,,,,45433,0,0
320151,73605207958185129,,0,1423,406.0,-1010,-300.0,-620.0,,,2,4,,,,,,,,,,,45461,0,0
320152,73605208005218497,,0,1423,175.0,-940,-230.0,-620.0,,,2,4,,,,,,,,,,,45461,0,0
320153,73605208009068497,,0,1423,175.0,-950,-280.0,,,,2,4,,,,,,,,,,,45433,0,0
320154,73605208021827935,,0,1423,175.0,-1020,-300.0,-630.0,,,2,4,,,,,,,,,,,45461,0,0
320155,73605208025678935,,0,1423,175.0,-1010,-280.0,,,,2,4,,,,,,,,,,,45433,0,0
320156,73605208238653440,,0,1423,,-850,-110.0,-530.0,40.0,0.0,3,4,,,,,,,43211.0,44200.0,,23055629.0,0,0,0
320157,73605210150365250,,0,1423,489.0,-850,-120.0,-530.0,38.0,,1,4,274.0,1133.0,,,,,,,,,45459,0,0
320158,73605210154034435,,0,450,489.0,-880,-60.0,-720.0,,,2,4,,,,,,,,,,,45458,0,0
320159,73605210218144386,,0,3102,490.0,-1030,-160.0,-780.0,,,2,4,,,,,,,,,,,45458,0,0
320160,73605210218144386,,0,3102,489.0,-970,-100.0,-780.0,,,2,4,,,,,,,,,,,45458,0,0
320161,73605210218144386,,0,3102,460.0,-1090,-190.0,-770.0,,,2,4,,,,,,,,,,,45458,0,0
320162,73605210495466492,,0,1423,460.0,-1010,-300.0,,,,2,4,,,,,,,,,,,45433,0,0
320163,73605210920544804,,0,1423,407.0,-980,-300.0,-590.0,,,2,4,,,,,,,,,,,45461,0,0
320164,73605211956285336,,0,1423,490.0,-910,-180.0,,,,2,4,,,,,,,,,,,45433,0,0
320165,73605211990993054,,0,1423,406.0,-890,-210.0,-580.0,,,2,4,,,,,,,,,,,45461,0,0
320166,73605212162107378,,0,1423,95.0,-970,-300.0,-580.0,,,2,4,,,,,,,,,,,45461,0,0
320167,73605212466511872,,0,1423,,-850,-110.0,-540.0,50.0,0.0,3,4,,,,,,,43211.0,44200.0,,23055629.0,0,0,0
320168,73605212776143537,,0,1423,356.0,-990,-300.0,-600.0,,,2,4,,,,,,,,,,,45461,0,0
320169,73605212780037537,,0,1423,356.0,-990,-280.0,,,,2,4,,,,,,,,,,,45433,0,0
320170,73605213561203631,,0,1423,273.0,-990,-300.0,-600.0,,,2,4,,,,,,,,,,,45461,0,0
320171,73605213829691901,,0,1423,148.0,-1010,-300.0,-620.0,,,2,4,,,,,,,,,,,45461,0,0
320172,73605214109798003,,0,1423,489.0,-850,-100.0,-540.0,53.0,,1,4,274.0,9708.0,,,,,,,,,45459,0,0
320173,73605214046367108,,0,450,490.0,-980,-160.0,-730.0,,,2,4,,,,,,,,,,,45458,0,0
320174,73605214434298756,,0,3300,489.0,-990,-130.0,-760.0,,,2,4,,,,,,,,,,,45458,0,0
320175,73605214473686125,,0,1423,460.0,-970,-300.0,-580.0,,,2,4,,,,,,,,,,,45461,0,0
320176,73605214434298756,,0,3300,460.0,-1150,-300.0,-760.0,,,2,4,,,,,,,,,,,45458,0,0
320177,73605214434298756,,0,3300,490.0,-970,-120.0,-760.0,,,2,4,,,,,,,,,,,45458,0,0
320178,73605214476281660,,0,3300,95.0,-1170,-300.0,-780.0,,,2,4,,,,,,,,,,,45458,0,0
320179,73605214856451000,,0,1423,407.0,-910,-190.0,,,,2,4,,,,,,,,,,,45433,0,0
320180,73605215649806984,,0,1423,442.0,-1010,-300.0,-620.0,,,2,4,,,,,,,,,,,45461,0,0
320181,73605215653741984,,0,1423,442.0,-1010,-300.0,,,,2,4,,,,,,,,,,,45433,0,0
320182,73605215912883389,,0,1423,490.0,-930,-180.0,-600.0,,,2,4,,,,,,,,,,,45461,0,0
320183,73605215929660822,,0,1423,406.0,-1000,-300.0,-610.0,,,2,4,,,,,,,,,,,45461,0,0
320184,73605216312714759,,0,1423,95.0,-1010,-290.0,,,,2,4,,,,,,,,,,,45433,0,0
320185,73605216676216832,,0,1423,,-850,-100.0,-550.0,40.0,0.0,3,4,,,,,,,43211.0,44200.0,,23055629.0,0,0,0
320186,73605217825420768,,0,1423,356.0,-950,-200.0,-660.0,,,2,4,,,,,,,,,,,45461,0,0
320187,73605217829374768,,0,1423,356.0,-940,-180.0,,,,2,4,,,,,,,,,,,45433,0,0
320188,73605217848922070,,0,1423,356.0,-990,-210.0,-640.0,,,2,4,,,,,,,,,,,45461,0,0
320189,73605217852877070,,0,1423,356.0,-980,-210.0,,,,2,4,,,,,,,,,,,45433,0,0
320190,73605218184444404,,0,1423,273.0,-870,-180.0,-590.0,,,2,4,,,,,,,,,,,45461,0,0
320191,73605218425993675,,0,1423,460.0,-940,-210.0,-630.0,,,2,4,,,,,,,,,,,45461,0,0
320192,73605219075825870,,0,1423,489.0,-850,-120.0,-510.0,66.0,,1,4,274.0,9964.0,,,,,,,,,45459,0,0
320193,73605219367281173,,0,3102,460.0,-1040,-190.0,-750.0,,,2,4,,,,,,,,,,,45458,0,0
320194,73605219367281173,,0,3102,489.0,-980,-130.0,-750.0,,,2,4,,,,,,,,,,,45458,0,0
320195,73605219978926226,,0,1423,490.0,-930,-180.0,-580.0,,,2,4,,,,,,,,,,,45461,0,0
320196,73605220024630424,,0,1423,407.0,-990,-300.0,-600.0,,,2,4,,,,,,,,,,,45461,0,0
320197,73605220024630424,,0,1423,406.0,-1000,-300.0,-610.0,,,2,4,,,,,,,,,,,45461,0,0
320198,73605221031804928,,0,1423,,-850,-110.0,-540.0,50.0,0.0,3,4,,,,,,,43211.0,44200.0,,23055629.0,0,0,0
320199,73605221200244452,,0,1423,95.0,-1020,-300.0,-630.0,,,2,4,,,,,,,,,,,45461,0,0
320200,73605221200244452,,0,1423,148.0,-870,-160.0,-620.0,,,2,4,,,,,,,,,,,45461,0,0
320201,73605222706549724,,0,3300,490.0,-970,-90.0,-780.0,,,2,4,,,,,,,,,,,45458,0,0
320202,73605222924858899,,0,3102,490.0,-1060,-170.0,-770.0,,,2,4,,,,,,,,,,,45458,0,0
320203,73605223353113115,,0,1423,115.0,-1000,-300.0,-610.0,,,2,4,,,,,,,,,,,45461,0,0
320204,73605223357148115,,0,1423,115.0,-990,-290.0,,,,2,4,,,,,,,,,,,45433,0,0
320205,73605224546274692,,0,1423,460.0,-990,-300.0,-600.0,,,2,4,,,,,,,,,,,45461,0,0
320206,73605224580057865,,0,1423,406.0,-990,-300.0,-600.0,,,2,4,,,,,,,,,,,45461,0,0
320207,73605224580057865,,0,1423,424.0,-980,-300.0,-590.0,,,2,4,,,,,,,,,,,45461,0,0
320208,73605224546274692,,0,1423,490.0,-930,-170.0,-600.0,,,2,4,,,,,,,,,,,45461,0,0
320209,73605224584094865,,0,1423,424.0,-980,-300.0,,,,2,4,,,,,,,,,,,45433,0,0
320210,73605225266741248,,0,1423,,-850,-110.0,-540.0,30.0,0.0,3,4,,,,,,,43211.0,44200.0,,23055629.0,0,0,0
320211,73605225316036293,,0,1423,95.0,-960,-300.0,-570.0,,,2,4,,,,,,,,,,,45461,0,0
320212,73605225530786446,,0,1423,250.0,-1040,-300.0,-650.0,,,2,4,,,,,,,,,,,45461,0,0
320213,73605225534831446,,0,1423,250.0,-1040,-300.0,,,,2,4,,,,,,,,,,,45433,0,0
320214,73605225547601317,,0,1423,250.0,-900,-200.0,-600.0,,,2,4,,,,,,,,,,,45461,0,0
320215,73605225551647317,,0,1423,250.0,-920,-250.0,,,,2,4,,,,,,,,,,,45433,0,0
320216,73605226524030026,,0,1423,148.0,-1000,-300.0,-610.0,,,2,4,,,,,,,,,,,45461,0,0
320217,73605227683382645,,0,1423,489.0,-850,-90.0,-540.0,48.0,,1,4,274.0,9998.0,,,,,,,,,45459,0,0
320218,73605227696790965,,0,3300,490.0,-970,-100.0,-770.0,,,2,4,,,,,,,,,,,45458,0,0
320219,73605227696790965,,0,3300,489.0,-990,-130.0,-770.0,,,2,4,,,,,,,,,,,45458,0,0
320220,73605227738735107,,0,3300,460.0,-1120,-220.0,-800.0,,,2,4,,,,,,,,,,,45458,0,0
320221,73605227778634417,,0,3300,95.0,-1080,-210.0,-780.0,,,2,4,,,,,,,,,,,45458,0,0
320222,73605227971114843,,0,1423,407.0,-990,-300.0,-600.0,,,2,4,,,,,,,,,,,45461,0,0
320223,73605228494663857,,0,1423,490.0,-910,-160.0,-600.0,,,2,4,,,,,,,,,,,45461,0,0
320224,73605228515533968,,0,1423,406.0,-990,-230.0,,,,2,4,,,,,,,,,,,45433,0,0
320225,73605229350187273,,0,1423,95.0,-1040,-300.0,-650.0,,,2,4,,,,,,,,,,,45461,0,0
320226,73605229478215680,,0,1423,,-850,-100.0,-540.0,30.0,0.0,3,4,,,,,,,43211.0,44200.0,,23055629.0,0,0,0
320227,73605229403874768,,0,1423,460.0,-850,-160.0,-590.0,,,2,4,,,,,,,,,,,45461,0,0
320228,73605229444239920,,0,1423,273.0,-1010,-300.0,-620.0,,,2,4,,,,,,,,,,,45461,0,0
320229,73605229726098736,,0,1423,55.0,-1040,-300.0,-650.0,,,2,4,,,,,,,,,,,45461,0,0
320230,73605229730200736,,0,1423,55.0,-1040,-300.0,,,,2,4,,,,,,,,,,,45433,0,0
320231,73605229749582034,,0,1423,55.0,-940,-180.0,-610.0,,,2,4,,,,,,,,,,,45461,0,0
320232,73605229753685034,,0,1423,55.0,-940,-250.0,,,,2,4,,,,,,,,,,,45433,0,0
320233,73605229766359262,,0,1423,55.0,-940,-220.0,-630.0,,,2,4,,,,,,,,,,,45461,0,0
320234,73605229770463262,,0,1423,55.0,-940,-240.0,,,,2,4,,,,,,,,,,,45433,0,0
320235,73605229779839902,,0,1423,55.0,-870,-170.0,-600.0,,,2,4,,,,,,,,,,,45461,0,0
320236,73605229783944902,,0,1423,55.0,-890,-220.0,,,,2,4,,,,,,,,,,,45433,0,0
320237,73605230240021159,,0,1423,228.0,-980,-300.0,,,,2,4,,,,,,,,,,,45433,0,0
320238,73605230235913159,,0,1423,228.0,-980,-300.0,-590.0,,,2,4,,,,,,,,,,,45461,0,0
320239,73605232234369033,,0,450,489.0,-880,-110.0,-670.0,,,2,4,,,,,,,,,,,45458,0,0
320240,73605232229032604,,0,1423,489.0,-850,-110.0,-540.0,77.0,,1,4,274.0,1261.0,,,,,,,,,45459,0,0
320241,73605232430501029,,0,1423,490.0,-910,-160.0,-590.0,,,2,4,,,,,,,,,,,45458,0,0
320242,73605232528548228,,0,3102,490.0,-1070,-180.0,-750.0,,,2,4,,,,,,,,,,,45458,0,0
320243,73605232543227092,,0,3102,489.0,-960,-110.0,-760.0,,,2,4,,,,,,,,,,,45458,0,0
320244,73605232572588983,,0,3102,460.0,-1060,-190.0,-750.0,,,2,4,,,,,,,,,,,45458,0,0
320245,73605232593614116,,0,3102,95.0,-1020,-170.0,-750.0,,,2,4,,,,,,,,,,,45458,0,0
320246,73605232723644439,,0,1423,407.0,-1050,-300.0,-660.0,,,2,4,,,,,,,,,,,45461,0,0
320247,73605232723644439,,0,1423,406.0,-1000,-300.0,-610.0,,,2,4,,,,,,,,,,,45461,0,0
320248,73605233693687808,,0,1423,,-850,-100.0,-500.0,30.0,0.0,3,4,,,,,,,43211.0,44200.0,,23055629.0,0,0,0
320249,73605233767233217,,0,1423,460.0,-1030,-300.0,-640.0,,,2,4,,,,,,,,,,,45461,0,0
320250,73605233767233217,,0,1423,95.0,-990,-300.0,-600.0,,,2,4,,,,,,,,,,,45461,0,0
320251,73605235671525338,,0,3300,490.0,-980,-90.0,-770.0,,,2,4,,,,,,,,,,,45458,0,0
320252,73605235671525338,,0,3300,489.0,-990,-130.0,-770.0,,,2,4,,,,,,,,,,,45458,0,0
320253,73605235671525338,,0,3300,460.0,-1100,-210.0,-780.0,,,2,4,,,,,,,,,,,45458,0,0
320254,73605235671525338,,0,3300,95.0,-1040,-150.0,-790.0,,,2,4,,,,,,,,,,,45458,0,0
320255,73605235862375204,,0,1423,273.0,-1000,-300.0,-610.0,,,2,4,,,,,,,,,,,45461,0,0
320256,73605235862375204,,0,1423,356.0,-920,-210.0,-610.0,,,2,4,,,,,,,,,,,45461,0,0
320257,73605235862375204,,0,1423,410.0,-990,-220.0,-610.0,,,2,4,,,,,,,,,,,45461,0,0
320258,73605235866549204,,0,1423,410.0,-990,-270.0,,,,2,4,,,,,,,,,,,45433,0,0
320259,73605235879205756,,0,1423,410.0,-1050,-190.0,-740.0,,,2,4,,,,,,,,,,,45461,0,0
320260,73605235895926998,,0,1423,410.0,-1010,-300.0,-620.0,,,2,4,,,,,,,,,,,45461,0,0
320261,73605235900102998,,0,1423,410.0,-1010,-260.0,,,,2,4,,,,,,,,,,,45433,0,0
320262,73605235913339323,,0,1423,410.0,-1010,-300.0,-620.0,,,2,4,,,,,,,,,,,45461,0,0
320263,73605235917516323,,0,1423,410.0,-1010,-270.0,,,,2,4,,,,,,,,,,,45433,0,0
320264,73605235929536179,,0,1423,410.0,-1070,-300.0,-680.0,,,2,4,,,,,,,,,,,45461,0,0
320265,73605235933714179,,0,1423,410.0,-1060,-280.0,,,,2,4,,,,,,,,,,,45433,0,0
320266,73605236227180750,,0,1423,148.0,-1000,-190.0,-660.0,,,2,4,,,,,,,,,,,45461,0,0
320267,73605236505725953,,0,1423,490.0,-920,-140.0,-630.0,,,2,4,,,,,,,,,,,45461,0,0
320268,73605236892333775,,0,1423,247.0,-990,-300.0,,,,2,4,,,,,,,,,,,45433,0,0
320269,73605236888142775,,0,1423,247.0,-1000,-300.0,-610.0,,,2,4,,,,,,,,,,,45461,0,0
320270,73605237244799167,,0,1423,406.0,-910,-270.0,,,,2,4,,,,,,,,,,,45433,0,0
320271,73605237848801280,,0,1423,,-850,-110.0,-520.0,40.0,0.0,3,4,,,,,,,43211.0,44200.0,,23055629.0,0,0,0
320272,73605239367893626,,0,1423,460.0,-1030,-300.0,-640.0,,,2,4,,,,,,,,,,,45461,0,0
320273,73605239750823042,,0,1423,489.0,-850,-120.0,-510.0,31.0,,1,4,274.0,9463.0,,,,,,,,,45459,0,0
320274,73605239762205174,,0,3300,95.0,-1080,-190.0,-790.0,,,2,4,,,,,,,,,,,45458,0,0
320275,73605239762205174,,0,3300,460.0,-1100,-210.0,-790.0,,,2,4,,,,,,,,,,,45458,0,0
320276,73605239762205174,,0,3300,490.0,-970,-80.0,-790.0,,,2,4,,,,,,,,,,,45458,0,0
320277,73605239762205174,,0,3300,489.0,-1010,-130.0,-790.0,,,2,4,,,,,,,,,,,45458,0,0
320278,73605239824494736,,0,1423,95.0,-970,-300.0,-580.0,,,2,4,,,,,,,,,,,45461,0,0
320279,73605241201472316,,0,1423,490.0,-970,-300.0,-580.0,,,2,4,,,,,,,,,,,45461,0,0
320280,73605242111262720,,0,1423,,-850,-120.0,-510.0,60.0,0.0,3,4,,,,,,,43211.0,44200.0,,23055629.0,0,0,0
320281,73605243734180710,,0,1423,406.0,-930,-260.0,,,,2,4,,,,,,,,,,,45433,0,0
320282,73605243729948710,,0,1423,460.0,-870,-200.0,-580.0,,,2,4,,,,,,,,,,,45461,0,0
320283,73605243897873675,,0,1423,496.0,-970,-300.0,-580.0,,,2,4,,,,,,,,,,,45461,0,0
320284,73605244107401843,,0,1423,489.0,-850,-120.0,-500.0,18.0,,1,4,274.0,9580.0,,,,,,,,,45459,0,0
320285,73605244271472483,,0,3300,489.0,-1010,-140.0,-770.0,,,2,4,,,,,,,,,,,45458,0,0
320286,73605244271472483,,0,3300,460.0,-1160,-300.0,-760.0,,,2,4,,,,,,,,,,,45458,0,0
320287,73605244313469916,,0,3300,490.0,-970,-80.0,-780.0,,,2,4,,,,,,,,,,,45458,0,0
320288,73605244313469916,,0,3300,95.0,-1070,-180.0,-790.0,,,2,4,,,,,,,,,,,45458,0,0
320289,73605244569366650,,0,1423,407.0,-960,-300.0,-570.0,,,2,4,,,,,,,,,,,45461,0,0
320290,73605245648519353,,0,1423,95.0,-1000,-300.0,-610.0,,,2,4,,,,,,,,,,,45461,0,0
320291,73605245648519353,,0,1423,273.0,-1030,-300.0,-640.0,,,2,4,,,,,,,,,,,45461,0,0
320292,73605245648519353,,0,1423,490.0,-900,-150.0,-620.0,,,2,4,,,,,,,,,,,45461,0,0
320293,73605245744569597,,0,1423,394.0,-930,-190.0,,,,2,4,,,,,,,,,,,45433,0,0
320294,73605245740319597,,0,1423,394.0,-950,-180.0,-620.0,,,2,4,,,,,,,,,,,45461,0,0
320295,73605246288265216,,0,1423,,-850,-110.0,-550.0,60.0,0.0,3,4,,,,,,,43211.0,44200.0,,23055629.0,0,0,0
320296,73605248206540797,,0,1423,460.0,-890,-230.0,-570.0,,,2,4,,,,,,,,,,,45461,0,0
320297,73605248206540797,,0,1423,406.0,-940,-220.0,-570.0,,,2,4,,,,,,,,,,,45461,0,0
320298,73605248405818784,,0,450,489.0,-870,-70.0,-710.0,,,2,4,,,,,,,,,,,45458,0,0
320299,73605248402148994,,0,1423,489.0,-850,-90.0,-550.0,68.0,,1,4,274.0,1389.0,,,,,,,,,45459,0,0
320300,73605248659777135,,0,3300,95.0,-1070,-170.0,-810.0,,,2,4,,,,,,,,,,,45458,0,0
320301,73605248659777135,,0,3300,460.0,-1050,-150.0,-790.0,,,2,4,,,,,,,,,,,45458,0,0
320302,73605248659777135,,0,3300,490.0,-970,-80.0,-790.0,,,2,4,,,,,,,,,,,45458,0,0
320303,73605248659777135,,0,3300,489.0,-1000,-110.0,-790.0,,,2,4,,,,,,,,,,,45458,0,0
320304,73605248720773874,,0,1423,457.0,-1020,-300.0,-630.0,,,2,4,,,,,,,,,,,45461,0,0
320305,73605248725049874,,0,1423,457.0,-1020,-300.0,,,,2,4,,,,,,,,,,,45433,0,0
320306,73605249680419919,,0,1423,490.0,-910,-160.0,-600.0,,,2,4,,,,,,,,,,,45461,0,0
320307,73605250129077708,,0,1423,95.0,-970,-280.0,,,,2,4,,,,,,,,,,,45433,0,0
320308,73605250342946536,,0,1423,148.0,-980,-300.0,-590.0,,,2,4,,,,,,,,,,,45461,0,0
320309,73605250517630976,,0,1423,,-850,-100.0,-550.0,60.0,0.0,3,4,,,,,,,43211.0,44200.0,,23055629.0,0,0,0
320310,73605252178413733,,0,1423,460.0,-980,-300.0,-590.0,,,2,4,,,,,,,,,,,45461,0,0
320311,73605252250994218,,0,1423,406.0,-1010,-300.0,-620.0,,,2,4,,,,,,,,,,,45461,0,0
320312,73605252495751529,,0,1423,489.0,-850,-100.0,-550.0,67.0,,1,4,274.0,2029.0,,,,,,,,,45459,0,0
320313,73605252533292928,,0,3102,460.0,-1040,-190.0,-750.0,,,2,4,,,,,,,,,,,45458,0,0
320314,73605252533292928,,0,3102,490.0,-1040,-150.0,-750.0,,,2,4,,,,,,,,,,,45458,0,0
320315,73605252533292928,,0,3102,489.0,-970,-130.0,-750.0,,,2,4,,,,,,,,,,,45458,0,0
320316,73605252661654072,,0,1423,407.0,-990,-300.0,-590.0,,,2,4,,,,,,,,,,,45461,0,0
320317,73605252995710796,,0,3300,95.0,-1130,-230.0,-810.0,,,2,4,,,,,,,,,,,45458,0,0
320318,73605253010390920,,0,3300,489.0,-990,-110.0,-780.0,,,2,4,,,,,,,,,,,45458,0,0
320319,73605252995710796,,0,3300,460.0,-1090,-190.0,-810.0,,,2,4,,,,,,,,,,,45458,0,0
320320,73605253010390920,,0,3300,490.0,-980,-90.0,-780.0,,,2,4,,,,,,,,,,,45458,0,0
320321,73605254031761038,,0,1423,490.0,-910,-170.0,-590.0,,,2,4,,,,,,,,,,,45461,0,0
320322,73605254763053056,,0,1423,,-850,-100.0,-510.0,60.0,0.0,3,4,,,,,,,43211.0,44200.0,,23055629.0,0,0,0
320323,73605255005829936,,0,1423,155.0,-1010,-300.0,,,,2,4,,,,,,,,,,,45433,0,0
320324,73605255001484936,,0,1423,155.0,-1010,-300.0,-620.0,,,2,4,,,,,,,,,,,45461,0,0
320325,73605255353746701,,0,1423,95.0,-1050,-300.0,-660.0,,,2,4,,,,,,,,,,,45461,0,0
320326,73605256145624163,,0,1423,460.0,-940,-190.0,-630.0,,,2,4,,,,,,,,,,,45461,0,0
320327,73605256145624163,,0,1423,273.0,-950,-180.0,-640.0,,,2,4,,,,,,,,,,,45461,0,0
320328,73605256196590365,,0,1423,406.0,-1000,-300.0,-610.0,,,2,4,,,,,,,,,,,45461,0,0
320329,73605257332861975,,0,450,489.0,-880,-80.0,-700.0,,,2,4,,,,,,,,,,,45458,0,0
320330,73605257394695599,,0,1423,489.0,-850,-110.0,-530.0,97.0,,1,4,274.0,9324.0,,,,,,,,,45459,0,0
320331,73605257523797062,,0,3300,490.0,-980,-90.0,-780.0,,,2,4,,,,,,,,,,,45458,0,0
320332,73605257523797062,,0,3300,489.0,-1000,-130.0,-780.0,,,2,4,,,,,,,,,,,45458,0,0
320333,73605257523797062,,0,3300,460.0,-1170,-300.0,-780.0,,,2,4,,,,,,,,,,,45458,0,0
320334,73605257560358694,,0,1423,124.0,-950,-300.0,-560.0,,,2,4,,,,,,,,,,,45461,0,0
320335,73605257560358694,,0,1423,148.0,-980,-300.0,-590.0,,,2,4,,,,,,,,,,,45461,0,0
320336,73605257565793631,,0,3300,95.0,-1030,-180.0,-750.0,,,2,4,,,,,,,,,,,45458,0,0
320337,73605258341524846,,0,1423,490.0,-910,-160.0,,,,2,4,,,,,,,,,,,45433,0,0
320338,73605258965876736,,0,1423,,-850,-100.0,-540.0,30.0,0.0,3,4,,,,,,,43211.0,44200.0,,23055629.0,0,0,0
320339,73605259567267062,,0,1423,95.0,-1000,-300.0,-610.0,,,2,4,,,,,,,,,,,45461,0,0
320340,73605260182566618,,0,1423,460.0,-900,-210.0,-600.0,,,2,4,,,,,,,,,,,45461,0,0
320341,73605260182566618,,0,1423,406.0,-990,-300.0,-600.0,,,2,4,,,,,,,,,,,45461,0,0
320342,73605260712823780,,0,1423,273.0,-990,-300.0,-600.0,,,2,4,,,,,,,,,,,45461,0,0
320343,73605261022089604,,0,3102,489.0,-980,-130.0,-760.0,,,2,4,,,,,,,,,,,45458,0,0
320344,73605262333652022,,0,1423,490.0,-900,-130.0,-620.0,,,2,4,,,,,,,,,,,45461,0,0
320345,73605262882676774,,0,1423,148.0,-980,-300.0,-590.0,,,2,4,,,,,,,,,,,45461,0,0
320346,73605263071944729,,0,1423,356.0,-990,-300.0,-600.0,,,2,4,,,,,,,,,,,45461,0,0
320347,73605263168831488,,0,1423,,-850,-100.0,-520.0,40.0,0.0,3,4,,,,,,,43211.0,44200.0,,23055629.0,0,0,0
320348,73605263112214461,,0,1423,407.0,-950,-180.0,-640.0,,,2,4,,,,,,,,,,,45461,0,0
320349,73605263502427410,,0,1423,95.0,-1020,-280.0,,,,2,4,,,,,,,,,,,45433,0,0
320350,73605264148933622,,0,1423,460.0,-970,-210.0,-650.0,,,2,4,,,,,,,,,,,45461,0,0
320351,73605264148933622,,0,1423,406.0,-1000,-220.0,-650.0,,,2,4,,,,,,,,,,,45461,0,0
320352,73605264995610872,,0,1423,273.0,-930,-260.0,,,,2,4,,,,,,,,,,,45433,0,0
320353,73605265112174007,,0,1423,489.0,-850,-120.0,-510.0,43.0,,1,4,274.0,9708.0,,,,,,,,,45459,0,0
320354,73605265172800984,,0,3102,460.0,-1050,-200.0,-760.0,,,2,4,,,,,,,,,,,45458,0,0
320355,73605265187481048,,0,3102,489.0,-960,-130.0,-730.0,,,2,4,,,,,,,,,,,45458,0,0
320356,73605265187481048,,0,3102,490.0,-1040,-180.0,-730.0,,,2,4,,,,,,,,,,,45458,0,0
320357,73605266561078833,,0,1423,490.0,-910,-150.0,,,,2,4,,,,,,,,,,,45433,0,0
320358,73605267271299599,,0,1423,340.0,-960,-200.0,-630.0,,,2,4,,,,,,,,,,,45461,0,0
320359,73605267271299599,,0,1423,148.0,-940,-220.0,-620.0,,,2,4,,,,,,,,,,,45461,0,0
320360,73605267275786599,,0,1423,340.0,-970,-270.0,,,,2,4,,,,,,,,,,,45433,0,0
320361,73605267433586688,,0,1423,,-850,-100.0,-510.0,40.0,0.0,3,4,,,,,,,43211.0,44200.0,,23055629.0,0,0,0
320362,73605267680963290,,0,425,90.0,-1120,-300.0,-730.0,,,2,4,,,,,,,,,,,45458,0,0
320363,73605267814774928,,0,1423,95.0,-950,-300.0,-560.0,,,2,4,,,,,,,,,,,45461,0,0
320364,73605268150372693,,0,1423,406.0,-850,-190.0,-570.0,,,2,4,,,,,,,,,,,45461,0,0
320365,73605268150372693,,0,1423,460.0,-890,-230.0,-570.0,,,2,4,,,,,,,,,,,45461,0,0
320366,73605268150372693,,0,1423,208.0,-880,-190.0,-570.0,,,2,4,,,,,,,,,,,45461,0,0
320367,73605268154863693,,0,1423,208.0,-900,-250.0,,,,2,4,,,,,,,,,,,45433,0,0
320368,73605268167205008,,0,1423,208.0,-920,-220.0,-600.0,,,2,4,,,,,,,,,,,45461,0,0
320369,73605268171697008,,0,1423,208.0,-910,-240.0,,,,2,4,,,,,,,,,,,45433,0,0
320370,73605268295846769,,0,1423,356.0,-960,-300.0,,,,2,4,,,,,,,,,,,45433,0,0
320371,73605268338642228,,0,450,489.0,-880,-110.0,-670.0,,,2,4,,,,,,,,,,,45458,0,0
320372,73605268786386193,,0,1423,407.0,-950,-190.0,-610.0,,,2,4,,,,,,,,,,,45461,0,0
320373,73605270927193085,,0,1423,490.0,-910,-160.0,-610.0,,,2,4,,,,,,,,,,,45461,0,0
320374,73605272341775068,,0,1423,406.0,-990,-300.0,-600.0,,,2,4,,,,,,,,,,,45461,0,0
320375,73605272341775068,,0,1423,460.0,-990,-300.0,-600.0,,,2,4,,,,,,,,,,,45461,0,0
320376,73605273412250862,,0,1423,273.0,-900,-190.0,-610.0,,,2,4,,,,,,,,,,,45461,0,0
320377,73605273412250862,,0,1423,148.0,-890,-180.0,-610.0,,,2,4,,,,,,,,,,,45461,0,0
320378,73605273416833862,,0,1423,95.0,-1040,-280.0,,,,2,4,,,,,,,,,,,45433,0,0
320379,73605275022854053,,0,1423,490.0,-920,-170.0,-590.0,,,2,4,,,,,,,,,,,45461,0,0
320380,73605271523505951,,0,3300,489.0,-1000,-110.0,-780.0,,,2,4,,,,,,,,,,,45458,0,0
320381,73605271523505951,,0,3300,490.0,-970,-90.0,-780.0,,,2,4,,,,,,,,,,,45458,0,0
320382,73605271523505951,,0,3300,95.0,-1040,-170.0,-780.0,,,2,4,,,,,,,,,,,45458,0,0
320383,73605272016289547,,0,1423,398.0,-840,-170.0,-570.0,,,2,4,,,,,,,,,,,45461,0,0
320384,73605272020832547,,0,1423,398.0,-890,-260.0,,,,2,4,,,,,,,,,,,45433,0,0
320385,73605272053129526,,0,1423,398.0,-1000,-270.0,,,,2,4,,,,,,,,,,,45433,0,0
320386,73605272048585526,,0,1423,398.0,-1010,-300.0,-620.0,,,2,4,,,,,,,,,,,45461,0,0
320387,73605276947023189,,0,1423,460.0,-1020,-300.0,-630.0,,,2,4,,,,,,,,,,,45461,0,0
320388,73605276947023189,,0,1423,406.0,-1020,-300.0,-630.0,,,2,4,,,,,,,,,,,45461,0,0
320389,73605277708643628,,0,1423,95.0,-960,-300.0,,,,2,4,,,,,,,,,,,45433,0,0
320390,73605278000678040,,0,450,490.0,-960,-140.0,-720.0,,,2,4,,,,,,,,,,,45458,0,0
320391,73605313352050148,,0,3102,489.0,-960,-110.0,-750.0,,,2,4,,,,,,,,,,,45458,0,0
320392,73605271509821387,,0,1423,489.0,-850,-90.0,-560.0,107.0,,1,4,274.0,8599.0,,,,,,,,,45459,0,0
320393,73605271523505951,,0,3300,460.0,-1090,-190.0,-780.0,,,2,4,,,,,,,,,,,45458,0,0
320394,73605313430118651,,0,1423,460.0,-1000,-220.0,-630.0,,,2,4,,,,,,,,,,,45461,0,0
320395,73605313430118651,,0,1423,490.0,-910,-140.0,-620.0,,,2,4,,,,,,,,,,,45461,0,0
320396,73605313430118651,,0,1423,406.0,-980,-200.0,-650.0,,,2,4,,,,,,,,,,,45461,0,0
320397,73605313430118651,,0,1423,95.0,-1030,-300.0,-640.0,,,2,4,,,,,,,,,,,45461,0,0
320398,73605313430118651,,0,1423,273.0,-1030,-300.0,-640.0,,,2,4,,,,,,,,,,,45461,0,0
320399,73605272634987513,,0,1423,124.0,-990,-300.0,,,,2,4,,,,,,,,,,,45433,0,0
320400,73605273522968962,,0,1423,407.0,-880,-210.0,-570.0,,,2,4,,,,,,,,,,,45461,0,0
320401,73605276239924896,,0,3300,490.0,-970,-100.0,-770.0,,,2,4,,,,,,,,,,,45458,0,0
320402,73605276239924896,,0,3300,489.0,-1000,-140.0,-770.0,,,2,4,,,,,,,,,,,45458,0,0
320403,73605276239924896,,0,3300,460.0,-1060,-200.0,-770.0,,,2,4,,,,,,,,,,,45458,0,0
320404,73605276945614464,,0,1423,489.0,-850,-80.0,-570.0,73.0,,1,4,274.0,8727.0,,,,,,,,,45459,0,0
320405,73605277708643628,,0,1423,148.0,-960,-300.0,,,,2,4,,,,,,,,,,,45433,0,0
320406,73605278000678040,,0,450,489.0,-880,-60.0,-720.0,,,2,4,,,,,,,,,,,45458,0,0
320407,73605278032548005,,0,3300,95.0,-1080,-200.0,-780.0,,,2,4,,,,,,,,,,,45458,0,0
320408,73605313335630406,,0,1423,489.0,-840,-60.0,-560.0,86.0,,1,4,274.0,7480.0,,,,,,,,,45459,0,0
320409,73605313352050148,,0,3102,490.0,-1080,-180.0,-750.0,,,2,4,,,,,,,,,,,45458,0,0
320410,73605313921155072,,0,1423,,-850,-80.0,-570.0,80.0,0.0,3,4,,,,,,,43211.0,44200.0,,23055629.0,0,0,0
320411,73605313635204050,,0,450,489.0,-880,-50.0,-730.0,,,2,4,,,,,,,,,,,45458,0,0
320412,73605314448755854,,0,1423,124.0,-970,-190.0,-690.0,,,2,4,,,,,,,,,,,45461,0,0
320413,73605315725915815,,0,1423,300.0,-1030,-300.0,-640.0,,,2,4,,,,,,,,,,,45461,0,0
320414,73605315730721815,,0,1423,300.0,-1030,-300.0,,,,2,4,,,,,,,,,,,45433,0,0
320415,73605315918474435,,0,1423,148.0,-960,-210.0,-660.0,,,2,4,,,,,,,,,,,45461,0,0
320416,73605316774222517,,0,1423,300.0,-890,-150.0,-640.0,,,2,4,,,,,,,,,,,45461,0,0
320417,73605316779038517,,0,1423,300.0,-890,-150.0,,,,2,4,,,,,,,,,,,45433,0,0
320418,73605317522433227,,0,1423,490.0,-890,-160.0,-570.0,,,2,4,,,,,,,,,,,45461,0,0
320419,73605317527257227,,0,1423,95.0,-960,-280.0,,,,2,4,,,,,,,,,,,45433,0,0
320420,73605317522433227,,0,1423,273.0,-900,-230.0,-570.0,,,2,4,,,,,,,,,,,45461,0,0
320421,73605317522433227,,0,1423,460.0,-910,-180.0,-570.0,,,2,4,,,,,,,,,,,45461,0,0
320422,73605317522433227,,0,1423,406.0,-960,-300.0,-570.0,,,2,4,,,,,,,,,,,45461,0,0
320423,73605317985414540,,0,1423,356.0,-960,-300.0,-570.0,,,2,4,,,,,,,,,,,45461,0,0
320424,73605318131478713,,0,450,489.0,-880,-100.0,-690.0,,,2,4,,,,,,,,,,,45458,0,0
320425,73605318127809627,,0,1423,489.0,-850,-120.0,-520.0,79.0,,1,4,274.0,1261.0,,,,,,,,,45459,0,0
320426,73605318183747584,,0,1423,,-850,-110.0,-540.0,60.0,0.0,3,4,,,,,,,43211.0,44200.0,,23055629.0,0,0,0
320427,73605318393882619,,0,3102,490.0,-1070,-180.0,-750.0,,,2,4,,,,,,,,,,,45458,0,0
320428,73605318408565841,,0,3102,489.0,-970,-110.0,-770.0,,,2,4,,,,,,,,,,,45458,0,0
320429,73605318442117813,,0,3102,460.0,-1060,-170.0,-760.0,,,2,4,,,,,,,,,,,45458,0,0
320430,73605318767676878,,0,1423,124.0,-940,-240.0,,,,2,4,,,,,,,,,,,45433,0,0
320431,73605318991020614,,0,1423,475.0,-960,-300.0,-570.0,,,2,4,,,,,,,,,,,45461,0,0
320432,73605318995867614,,0,1423,475.0,-970,-290.0,,,,2,4,,,,,,,,,,,45433,0,0
320433,73605320027302620,,0,1423,11.0,-1040,-300.0,-650.0,,,2,4,,,,,,,,,,,45461,0,0
320434,73605320027302620,,0,1423,407.0,-990,-190.0,-650.0,,,2,4,,,,,,,,,,,45461,0,0
320435,73605320032150620,,0,1423,11.0,-1040,-300.0,,,,2,4,,,,,,,,,,,45433,0,0
320436,73605320044022510,,0,1423,11.0,-850,-150.0,-610.0,,,2,4,,,,,,,,,,,45461,0,0
320437,73605320048871510,,0,1423,11.0,-890,-250.0,,,,2,4,,,,,,,,,,,45433,0,0
320438,73605320631130053,,0,1423,148.0,-950,-230.0,-630.0,,,2,4,,,,,,,,,,,45461,0,0
320439,73605321495723231,,0,1423,406.0,-1000,-300.0,,,,2,4,,,,,,,,,,,45433,0,0
320440,73605321495723231,,0,1423,490.0,-920,-160.0,,,,2,4,,,,,,,,,,,45433,0,0
320441,73605321495723231,,0,1423,460.0,-1000,-300.0,,,,2,4,,,,,,,,,,,45433,0,0
320442,73605321495723231,,0,1423,273.0,-1000,-300.0,,,,2,4,,,,,,,,,,,45433,0,0
320443,73605321541177185,,0,1423,95.0,-1000,-300.0,-610.0,,,2,4,,,,,,,,,,,45461,0,0
320444,73605322533371904,,0,1423,,-850,-90.0,-560.0,80.0,0.0,3,4,,,,,,,43211.0,44200.0,,23055629.0,0,0,0
320445,73605323164881575,,0,3102,490.0,-1070,-190.0,-770.0,,,2,4,,,,,,,,,,,45458,0,0
320446,73605323143909618,,0,3102,489.0,-970,-100.0,-770.0,,,2,4,,,,,,,,,,,45458,0,0
320447,73605323143909618,,0,3102,460.0,-1040,-170.0,-770.0,,,2,4,,,,,,,,,,,45458,0,0
320448,73605323573830341,,0,1423,124.0,-1030,-300.0,-640.0,,,2,4,,,,,,,,,,,45461,0,0
320449,73605323630709357,,0,1423,489.0,-850,-90.0,-560.0,41.0,,1,4,274.0,1517.0,,,,,,,,,45459,0,0
320450,73605323635991071,,0,450,489.0,-880,-70.0,-710.0,,,2,4,,,,,,,,,,,45458,0,0
320451,73605324284064126,,0,3102,95.0,-1060,-190.0,-770.0,,,2,4,,,,,,,,,,,45458,0,0
320452,73605325886396945,,0,1423,95.0,-980,-300.0,-590.0,,,2,4,,,,,,,,,,,45461,0,0
320453,73605325891339945,,0,1423,490.0,-920,-160.0,,,,2,4,,,,,,,,,,,45433,0,0
320454,73605325919750628,,0,1423,406.0,-1030,-300.0,-640.0,,,2,4,,,,,,,,,,,45461,0,0
320455,73605325924695628,,0,1423,148.0,-1030,-250.0,,,,2,4,,,,,,,,,,,45433,0,0
320456,73605325919750628,,0,1423,460.0,-940,-190.0,-650.0,,,2,4,,,,,,,,,,,45461,0,0
320457,73605326237974340,,0,1423,273.0,-1020,-300.0,-630.0,,,2,4,,,,,,,,,,,45461,0,0
320458,73605326755201024,,0,1423,,-850,-90.0,-550.0,90.0,0.0,3,4,,,,,,,43211.0,44200.0,,23055629.0,0,0,0
320459,73605327561323334,,0,1423,124.0,-1000,-300.0,-610.0,,,2,4,,,,,,,,,,,45461,0,0
320460,73605328223288234,,0,1423,356.0,-1000,-220.0,,,,2,4,,,,,,,,,,,45433,0,0
320461,73605328798050204,,0,1423,489.0,-850,-120.0,-530.0,88.0,,1,4,274.0,1133.0,,,,,,,,,45459,0,0
320462,73605328801721556,,0,450,489.0,-870,-60.0,-720.0,,,2,4,,,,,,,,,,,45458,0,0
320463,73605329851929584,,0,1423,406.0,-870,-190.0,-580.0,,,2,4,,,,,,,,,,,45461,0,0
320464,73605329851929584,,0,1423,490.0,-940,-210.0,-570.0,,,2,4,,,,,,,,,,,45461,0,0
320465,73605329851929584,,0,1423,460.0,-970,-300.0,-580.0,,,2,4,,,,,,,,,,,45461,0,0
320466,73605329856933584,,0,1423,148.0,-980,-290.0,,,,2,4,,,,,,,,,,,45433,0,0
320467,73605330138677864,,0,1423,95.0,-1030,-300.0,,,,2,4,,,,,,,,,,,45433,0,0
320468,73605330894979072,,0,1423,,-850,-90.0,-550.0,100.0,0.0,3,4,,,,,,,43211.0,44200.0,,23055629.0,0,0,0
320469,73605330843321533,,0,1423,273.0,-950,-260.0,,,,2,4,,,,,,,,,,,45433,0,0
320470,73605332161435706,,0,3102,489.0,-960,-100.0,-770.0,,,2,4,,,,,,,,,,,45458,0,0
320471,73605332161435706,,0,3102,490.0,-1040,-160.0,-770.0,,,2,4,,,,,,,,,,,45458,0,0
320472,73605332178213248,,0,3102,460.0,-1140,-300.0,-750.0,,,2,4,,,,,,,,,,,45458,0,0
320473,73605332221846082,,0,1423,407.0,-1030,-300.0,-640.0,,,2,4,,,,,,,,,,,45461,0,0
320474,73605332637977132,,0,1423,124.0,-1030,-210.0,-680.0,,,2,4,,,,,,,,,,,45461,0,0
320475,73605334194826976,,0,1423,490.0,-910,-160.0,-620.0,,,2,4,,,,,,,,,,,45461,0,0
320476,73605334205630358,,0,1423,95.0,-960,-300.0,-570.0,,,2,4,,,,,,,,,,,45461,0,0
320477,73605334194826976,,0,1423,460.0,-910,-200.0,-610.0,,,2,4,,,,,,,,,,,45461,0,0
320478,73605334194826976,,0,1423,406.0,-900,-190.0,-610.0,,,2,4,,,,,,,,,,,45461,0,0
320479,73605334963283293,,0,1423,273.0,-1000,-190.0,-660.0,,,2,4,,,,,,,,,,,45461,0,0
320480,73605335177494528,,0,1423,,-850,-90.0,-560.0,90.0,0.0,3,4,,,,,,,43211.0,44200.0,,23055629.0,0,0,0
320481,73605335374708761,,0,1423,489.0,-850,-90.0,-550.0,22.0,,1,4,274.0,9580.0,,,,,,,,,45459,0,0
320482,73605335647465299,,0,3300,490.0,-970,-90.0,-780.0,,,2,4,,,,,,,,,,,45458,0,0
320483,73605335632784528,,0,3300,489.0,-1000,-120.0,-770.0,,,2,4,,,,,,,,,,,45458,0,0
320484,73605335632784528,,0,3300,460.0,-1050,-190.0,-770.0,,,2,4,,,,,,,,,,,45458,0,0
320485,73605335691044762,,0,1423,148.0,-1030,-300.0,-640.0,,,2,4,,,,,,,,,,,45461,0,0
320486,73605335712513864,,0,3300,95.0,-1070,-180.0,-780.0,,,2,4,,,,,,,,,,,45458,0,0
320487,73605335980908491,,0,425,90.0,-1160,-300.0,-770.0,,,2,4,,,,,,,,,,,45458,0,0
320488,73605336190622526,,0,425,90.0,-1100,-190.0,-810.0,,,2,4,,,,,,,,,,,45458,0,0
320489,73605336815991196,,0,1423,124.0,-1060,-300.0,-670.0,,,2,4,,,,,,,,,,,45461,0,0
320490,73605336874291621,,0,425,90.0,-1130,-300.0,-740.0,,,2,4,,,,,,,,,,,45458,0,0
320491,73605337125947280,,0,425,90.0,-1040,-190.0,-730.0,,,2,4,,,,,,,,,,,45458,0,0
320492,73605337146918452,,0,425,90.0,-1130,-190.0,-840.0,,,2,4,,,,,,,,,,,45458,0,0
320493,73605337165483517,,0,1423,407.0,-1010,-230.0,-620.0,,,2,4,,,,,,,,,,,45461,0,0
320494,73605337172085154,,0,425,90.0,-1030,-230.0,-710.0,,,2,4,,,,,,,,,,,45458,0,0
320495,73605337453101460,,0,425,90.0,-1120,-160.0,-860.0,,,2,4,,,,,,,,,,,45458,0,0
320496,73605338277435295,,0,1423,490.0,-920,-160.0,,,,2,4,,,,,,,,,,,45433,0,0
320497,73605338272343295,,0,1423,460.0,-1040,-300.0,-650.0,,,2,4,,,,,,,,,,,45461,0,0
320498,73605338291389036,,0,1423,406.0,-920,-180.0,,,,2,4,,,,,,,,,,,45433,0,0
320499,73605338291389036,,0,1423,95.0,-990,-300.0,,,,2,4,,,,,,,,,,,45433,0,0
320500,73605339439366144,,0,1423,,-850,-110.0,-560.0,90.0,0.0,3,4,,,,,,,43211.0,44200.0,,23055629.0,0,0,0
320501,73605339535399187,,0,1423,489.0,-850,-120.0,-520.0,44.0,,1,4,274.0,1133.0,,,,,,,,,45459,0,0
320502,73605339540640197,,0,450,490.0,-970,-150.0,-730.0,,,2,4,,,,,,,,,,,45458,0,0
320503,73605339540640197,,0,450,489.0,-880,-70.0,-710.0,,,2,4,,,,,,,,,,,45458,0,0
320504,73605339834333177,,0,3300,489.0,-1010,-140.0,-770.0,,,2,4,,,,,,,,,,,45458,0,0
320505,73605339834333177,,0,3300,460.0,-1070,-190.0,-770.0,,,2,4,,,,,,,,,,,45458,0,0
320506,73605339834333177,,0,3300,95.0,-1090,-210.0,-770.0,,,2,4,,,,,,,,,,,45458,0,0
320507,73605339834333177,,0,3300,490.0,-970,-100.0,-770.0,,,2,4,,,,,,,,,,,45458,0,0
320508,73605340442043686,,0,1423,273.0,-960,-300.0,-570.0,,,2,4,,,,,,,,,,,45461,0,0
320509,73605341839721484,,0,1423,124.0,-1070,-300.0,,,,2,4,,,,,,,,,,,45433,0,0
320510,73605341973996532,,0,1423,407.0,-950,-230.0,,,,2,4,,,,,,,,,,,45433,0,0
320511,73605342213810850,,0,1423,490.0,-930,-160.0,-620.0,,,2,4,,,,,,,,,,,45461,0,0
320512,73605342213810850,,0,1423,460.0,-1030,-300.0,-640.0,,,2,4,,,,,,,,,,,45461,0,0
320513,73605342346447905,,0,1423,95.0,-970,-300.0,,,,2,4,,,,,,,,,,,45433,0,0
320514,73605342853065136,,0,1423,406.0,-1030,-300.0,,,,2,4,,,,,,,,,,,45433,0,0
320515,73605343629753334,,0,1423,356.0,-960,-300.0,-570.0,,,2,4,,,,,,,,,,,45461,0,0
320516,73605343712051200,,0,1423,,-840,-110.0,-510.0,90.0,0.0,3,4,,,,,,,43211.0,44200.0,,23055629.0,0,0,0
320517,73605343948574688,,0,1423,148.0,-870,-210.0,-570.0,,,2,4,,,,,,,,,,,45461,0,0
320518,73605343977768963,,0,1423,496.0,-980,-300.0,-590.0,,,2,4,,,,,,,,,,,45461,0,0
320519,73605344031652938,,0,1423,489.0,-850,-80.0,-560.0,76.0,,1,4,274.0,1517.0,,,,,,,,,45459,0,0
320520,73605344036950209,,0,450,489.0,-880,-90.0,-690.0,,,2,4,,,,,,,,,,,45458,0,0
320521,73605344494594497,,0,3300,95.0,-1040,-180.0,-760.0,,,2,4,,,,,,,,,,,45458,0,0
320522,73605344494594497,,0,3300,460.0,-1050,-190.0,-760.0,,,2,4,,,,,,,,,,,45458,0,0
320523,73605344494594497,,0,3300,490.0,-970,-110.0,-760.0,,,2,4,,,,,,,,,,,45458,0,0
320524,73605344494594497,,0,3300,489.0,-1010,-120.0,-760.0,,,2,4,,,,,,,,,,,45458,0,0
320525,73605345776388181,,0,1423,124.0,-1050,-300.0,-660.0,,,2,4,,,,,,,,,,,45461,0,0
320526,73605346502352563,,0,1423,490.0,-910,-170.0,-580.0,,,2,4,,,,,,,,,,,45461,0,0
320527,73605346502352563,,0,1423,460.0,-960,-300.0,-570.0,,,2,4,,,,,,,,,,,45461,0,0
320528,73605346502352563,,0,1423,95.0,-940,-220.0,-570.0,,,2,4,,,,,,,,,,,45461,0,0
320529,73605346844712412,,0,1423,406.0,-970,-300.0,-580.0,,,2,4,,,,,,,,,,,45461,0,0
320530,73605346908411380,,0,1423,407.0,-1030,-300.0,-640.0,,,2,4,,,,,,,,,,,45461,0,0
320531,73605347287636360,,0,1423,273.0,-880,-130.0,-660.0,,,2,4,,,,,,,,,,,45461,0,0
320532,73605347860563221,,0,450,490.0,-980,-160.0,-720.0,,,2,4,,,,,,,,,,,45458,0,0
320533,73605347982180352,,0,1423,,-850,-110.0,-520.0,90.0,0.0,3,4,,,,,,,43211.0,44200.0,,23055629.0,0,0,0
320534,73605347991096827,,0,1423,489.0,-850,-100.0,-530.0,60.0,,1,4,274.0,10092.0,,,,,,,,,45459,0,0
320535,73605348084899886,,0,3300,281.0,-1050,-150.0,-810.0,,,2,4,,,,,,,,,,,45458,0,0
320536,73605349394837839,,0,1423,148.0,-1010,-220.0,-640.0,,,2,4,,,,,,,,,,,45461,0,0
320537,73605350794040583,,0,1423,406.0,-1010,-300.0,-620.0,,,2,4,,,,,,,,,,,45461,0,0
320538,73605350794040583,,0,1423,490.0,-920,-170.0,-610.0,,,2,4,,,,,,,,,,,45461,0,0
320539,73605350926676959,,0,1423,95.0,-1020,-300.0,,,,2,4,,,,,,,,,,,45433,0,0
320540,73605350921441959,,0,1423,460.0,-970,-210.0,-650.0,,,2,4,,,,,,,,,,,45461,0,0
320541,73605350972236332,,0,3300,490.0,-980,-120.0,-760.0,,,2,4,,,,,,,,,,,45458,0,0
320542,73605350972236332,,0,3300,460.0,-1150,-300.0,-760.0,,,2,4,,,,,,,,,,,45458,0,0
320543,73605350972236332,,0,3300,489.0,-1000,-120.0,-760.0,,,2,4,,,,,,,,,,,45458,0,0
320544,73605351047788037,,0,3300,95.0,-1180,-300.0,-790.0,,,2,4,,,,,,,,,,,45458,0,0
320545,73605351283081110,,0,450,489.0,-880,-80.0,-690.0,,,2,4,,,,,,,,,,,45458,0,0
320546,73605352250671104,,0,1423,,-850,-100.0,-560.0,80.0,0.0,3,4,,,,,,,43211.0,44200.0,,23055629.0,0,0,0
320547,73605352378430323,,0,1423,407.0,-1040,-300.0,-650.0,,,2,4,,,,,,,,,,,45461,0,0
320548,73605354166918241,,0,1423,124.0,-860,-190.0,-560.0,,,2,4,,,,,,,,,,,45461,0,0
320549,73605354232131204,,0,1423,489.0,-850,-80.0,-550.0,101.0,,1,4,274.0,1517.0,,,,,,,,,45459,0,0
320550,73605354589860148,,0,3102,489.0,-970,-100.0,-770.0,,,2,4,,,,,,,,,,,45458,0,0
320551,73605354575180432,,0,3102,460.0,-1080,-210.0,-770.0,,,2,4,,,,,,,,,,,45458,0,0
320552,73605354575180432,,0,3102,490.0,-1060,-160.0,-770.0,,,2,4,,,,,,,,,,,45458,0,0
320553,73605354614564080,,0,1423,148.0,-1040,-300.0,-650.0,,,2,4,,,,,,,,,,,45461,0,0
320554,73605354637782187,,0,1423,356.0,-1060,-300.0,-670.0,,,2,4,,,,,,,,,,,45461,0,0
320555,73605354643060187,,0,1423,273.0,-1050,-300.0,,,,2,4,,,,,,,,,,,45433,0,0
320556,73605354726946022,,0,1423,406.0,-1030,-290.0,,,,2,4,,,,,,,,,,,45433,0,0
320557,73605354738444784,,0,1423,490.0,-930,-160.0,-630.0,,,2,4,,,,,,,,,,,45461,0,0
320558,73605354981909977,,0,1423,95.0,-990,-260.0,,,,2,4,,,,,,,,,,,45433,0,0
320559,73605354996075922,,0,1423,460.0,-1030,-300.0,-640.0,,,2,4,,,,,,,,,,,45461,0,0
320560,73605354852590324,,0,1423,347.0,-1010,-250.0,-620.0,,,2,4,,,,,,,,,,,45461,0,0
320561,73605354869310121,,0,1423,347.0,-980,-300.0,-590.0,,,2,4,,,,,,,,,,,45461,0,0
320562,73605354857873324,,0,1423,347.0,-1010,-280.0,,,,2,4,,,,,,,,,,,45433,0,0
320563,73605354874594121,,0,1423,347.0,-990,-290.0,,,,2,4,,,,,,,,,,,45433,0,0
320564,73605354886031277,,0,1423,347.0,-1010,-300.0,-620.0,,,2,4,,,,,,,,,,,45461,0,0
320565,73605354891316277,,0,1423,347.0,-1000,-290.0,,,,2,4,,,,,,,,,,,45433,0,0
320566,73605354904755295,,0,1423,347.0,-980,-300.0,-590.0,,,2,4,,,,,,,,,,,45461,0,0
320567,73605354910041295,,0,1423,347.0,-980,-290.0,,,,2,4,,,,,,,,,,,45433,0,0
320568,73605355815533429,,0,1423,323.0,-980,-300.0,-590.0,,,2,4,,,,,,,,,,,45461,0,0
320569,73605355820838429,,0,1423,323.0,-990,-300.0,,,,2,4,,,,,,,,,,,45433,0,0
320570,73605356070604194,,0,1423,496.0,-980,-300.0,-590.0,,,2,4,,,,,,,,,,,45461,0,0
320571,73605356446679040,,0,1423,,-850,-100.0,-550.0,40.0,0.0,3,4,,,,,,,43211.0,44200.0,,23055629.0,0,0,0
320572,73605357385769268,,0,1423,407.0,-980,-220.0,-660.0,,,2,4,,,,,,,,,,,45461,0,0
320573,73605358194533700,,0,1423,124.0,-1080,-300.0,-690.0,,,2,4,,,,,,,,,,,45461,0,0
320574,73605358673652452,,0,1423,490.0,-920,-150.0,,,,2,4,,,,,,,,,,,45433,0,0
320575,73605358838658129,,0,1423,273.0,-1030,-300.0,-640.0,,,2,4,,,,,,,,,,,45461,0,0
320576,73605358855490084,,0,1423,406.0,-1020,-300.0,-630.0,,,2,4,,,,,,,,,,,45461,0,0
320577,73605358949504574,,0,1423,460.0,-1000,-300.0,-610.0,,,2,4,,,,,,,,,,,45461,0,0
320578,73605358949504574,,0,1423,95.0,-1020,-300.0,-620.0,,,2,4,,,,,,,,,,,45461,0,0
320579,73605359167648433,,0,1423,143.0,-1030,-300.0,-640.0,,,2,4,,,,,,,,,,,45461,0,0
320580,73605359172990433,,0,1423,143.0,-1030,-300.0,,,,2,4,,,,,,,,,,,45433,0,0
320581,73605359184425671,,0,1423,143.0,-980,-230.0,-660.0,,,2,4,,,,,,,,,,,45461,0,0
320582,73605359189768671,,0,1423,143.0,-990,-280.0,,,,2,4,,,,,,,,,,,45433,0,0
320583,73605359201161782,,0,1423,143.0,-1010,-230.0,-630.0,,,2,4,,,,,,,,,,,45461,0,0
320584,73605359206505782,,0,1423,143.0,-1000,-260.0,,,,2,4,,,,,,,,,,,45433,0,0
320585,73605359217938726,,0,1423,143.0,-1030,-300.0,-640.0,,,2,4,,,,,,,,,,,45461,0,0
320586,73605359223283726,,0,1423,143.0,-1030,-270.0,,,,2,4,,,,,,,,,,,45433,0,0
320587,73605359302173838,,0,3300,95.0,-1060,-210.0,-750.0,,,2,4,,,,,,,,,,,45458,0,0
320588,73605359302173838,,0,3300,489.0,-1000,-110.0,-760.0,,,2,4,,,,,,,,,,,45458,0,0
320589,73605359302173838,,0,3300,460.0,-1070,-220.0,-750.0,,,2,4,,,,,,,,,,,45458,0,0
320590,73605359302173838,,0,3300,490.0,-970,-120.0,-760.0,,,2,4,,,,,,,,,,,45458,0,0
320591,73605359399486813,,0,1423,489.0,-850,-90.0,-550.0,43.0,,1,4,274.0,1133.0,,,,,,,,,45459,0,0
320592,73605359658895359,,0,3102,489.0,-970,-100.0,-780.0,,,2,4,,,,,,,,,,,45458,0,0
320593,73605359723908793,,0,3102,490.0,-1040,-160.0,-760.0,,,2,4,,,,,,,,,,,45458,0,0
320594,73605359801992074,,0,1423,148.0,-960,-230.0,-630.0,,,2,4,,,,,,,,,,,45461,0,0
320595,73605359849123544,,0,1423,248.0,-1040,-300.0,-650.0,,,2,4,,,,,,,,,,,45461,0,0
320596,73605359854486544,,0,1423,248.0,-1040,-300.0,,,,2,4,,,,,,,,,,,45433,0,0
320597,73605360088865193,,0,3102,460.0,-1070,-190.0,-750.0,,,2,4,,,,,,,,,,,45458,0,0
320598,73605360181139504,,0,3102,95.0,-1030,-180.0,-760.0,,,2,4,,,,,,,,,,,45458,0,0
320599,73605360336326980,,0,425,90.0,-1140,-200.0,-850.0,,,2,4,,,,,,,,,,,45458,0,0
320600,73605360753442816,,0,1423,,-850,-80.0,-550.0,40.0,0.0,3,4,,,,,,,43211.0,44200.0,,23055629.0,0,0,0
320601,73605361463388467,,0,1423,407.0,-1020,-240.0,,,,2,4,,,,,,,,,,,45433,0,0
320602,73605362443328447,,0,1423,59.0,-960,-300.0,-570.0,,,2,4,,,,,,,,,,,45461,0,0
320603,73605362448730447,,0,1423,59.0,-960,-300.0,,,,2,4,,,,,,,,,,,45433,0,0
320604,73605362494347889,,0,1423,124.0,-860,-200.0,-560.0,,,2,4,,,,,,,,,,,45461,0,0
320605,73605362623906526,,0,1423,490.0,-920,-140.0,-630.0,,,2,4,,,,,,,,,,,45461,0,0
320606,73605363017847352,,0,1423,406.0,-1050,-300.0,-660.0,,,2,4,,,,,,,,,,,45461,0,0
320607,73605363017847352,,0,1423,460.0,-1030,-300.0,-640.0,,,2,4,,,,,,,,,,,45461,0,0
320608,73605363017847352,,0,1423,356.0,-930,-180.0,-650.0,,,2,4,,,,,,,,,,,45461,0,0
320609,73605363017847352,,0,1423,95.0,-940,-200.0,-640.0,,,2,4,,,,,,,,,,,45461,0,0
320610,73605364048013391,,0,1423,148.0,-1020,-300.0,-630.0,,,2,4,,,,,,,,,,,45461,0,0
320611,73605364048013391,,0,1423,273.0,-890,-140.0,-650.0,,,2,4,,,,,,,,,,,45461,0,0
320612,73605364572179866,,0,450,489.0,-880,-60.0,-710.0,,,2,4,,,,,,,,,,,45458,0,0
320613,73605364633981553,,0,1423,489.0,-850,-90.0,-560.0,73.0,,1,4,274.0,10092.0,,,,,,,,,45459,0,0
320614,73605364919836984,,0,3300,460.0,-1060,-180.0,-780.0,,,2,4,,,,,,,,,,,45458,0,0
320615,73605364919836984,,0,3300,489.0,-1000,-100.0,-800.0,,,2,4,,,,,,,,,,,45458,0,0
320616,73605364919836984,,0,3300,490.0,-970,-80.0,-800.0,,,2,4,,,,,,,,,,,45458,0,0
320617,73605365041201152,,0,1423,,-850,-90.0,-550.0,30.0,0.0,3,4,,,,,,,43211.0,44200.0,,23055629.0,0,0,0
320618,73605364955525794,,0,3300,95.0,-1060,-190.0,-750.0,,,2,4,,,,,,,,,,,45458,0,0
320619,73605365042358586,,0,1423,217.0,-1000,-250.0,-650.0,,,2,4,,,,,,,,,,,45461,0,0
320620,73605365047815586,,0,1423,217.0,-1000,-280.0,,,,2,4,,,,,,,,,,,45433,0,0
320621,73605365059191444,,0,1423,217.0,-1030,-220.0,-670.0,,,2,4,,,,,,,,,,,45461,0,0
320622,73605365064649444,,0,1423,217.0,-1030,-260.0,,,,2,4,,,,,,,,,,,45433,0,0
320623,73605365076025722,,0,1423,217.0,-1000,-210.0,-660.0,,,2,4,,,,,,,,,,,45461,0,0
320624,73605365081484722,,0,1423,217.0,-1000,-240.0,,,,2,4,,,,,,,,,,,45433,0,0
320625,73605365092745856,,0,1423,217.0,-970,-170.0,-670.0,,,2,4,,,,,,,,,,,45461,0,0
320626,73605365098205856,,0,1423,217.0,-980,-220.0,,,,2,4,,,,,,,,,,,45433,0,0
320627,73605365109522842,,0,1423,217.0,-970,-210.0,-670.0,,,2,4,,,,,,,,,,,45461,0,0
320628,73605365114983842,,0,1423,217.0,-980,-210.0,,,,2,4,,,,,,,,,,,45433,0,0
320629,73605365226805245,,0,3102,489.0,-970,-120.0,-760.0,,,2,4,,,,,,,,,,,45458,0,0
320630,73605365268749571,,0,3102,490.0,-1060,-170.0,-770.0,,,2,4,,,,,,,,,,,45458,0,0
320631,73605365268749571,,0,3102,460.0,-1040,-190.0,-760.0,,,2,4,,,,,,,,,,,45458,0,0
320632,73605366336238732,,0,1423,300.0,-990,-210.0,-630.0,,,2,4,,,,,,,,,,,45461,0,0
320633,73605366567711315,,0,1423,490.0,-920,-160.0,-620.0,,,2,4,,,,,,,,,,,45461,0,0
320634,73605367030877041,,0,1423,95.0,-1030,-300.0,-640.0,,,2,4,,,,,,,,,,,45461,0,0
320635,73605367036364041,,0,1423,406.0,-1030,-290.0,,,,2,4,,,,,,,,,,,45433,0,0
320636,73605367054364015,,0,1423,460.0,-1030,-300.0,-640.0,,,2,4,,,,,,,,,,,45461,0,0
320637,73605367067674528,,0,1423,160.0,-1040,-300.0,-650.0,,,2,4,,,,,,,,,,,45461,0,0
320638,73605367073163528,,0,1423,160.0,-1040,-300.0,,,,2,4,,,,,,,,,,,45433,0,0
320639,73605367873030335,,0,1423,124.0,-1000,-170.0,-690.0,,,2,4,,,,,,,,,,,45461,0,0
320640,73605367967297797,,0,1423,356.0,-960,-300.0,-570.0,,,2,4,,,,,,,,,,,45461,0,0
320641,73605368523495599,,0,425,90.0,-1110,-300.0,-720.0,,,2,4,,,,,,,,,,,45458,0,0
320642,73605368640212341,,0,1423,148.0,-1050,-300.0,,,,2,4,,,,,,,,,,,45433,0,0
320643,73605368651538715,,0,1423,273.0,-1050,-300.0,-660.0,,,2,4,,,,,,,,,,,45461,0,0
320644,73605368774542103,,0,1423,407.0,-1010,-300.0,-620.0,,,2,4,,,,,,,,,,,45461,0,0
320645,73605369136414720,,0,1423,,-850,-90.0,-560.0,80.0,0.0,3,4,,,,,,,43211.0,44200.0,,23055629.0,0,0,0
320646,73605369251543795,,0,1423,85.0,-1030,-300.0,,,,2,4,,,,,,,,,,,45433,0,0
320647,73605369246027795,,0,1423,85.0,-1010,-300.0,-620.0,,,2,4,,,,,,,,,,,45461,0,0
320648,73605369949552919,,0,3102,489.0,-970,-100.0,-770.0,,,2,4,,,,,,,,,,,45458,0,0
320649,73605369949552919,,0,3102,490.0,-1070,-190.0,-770.0,,,2,4,,,,,,,,,,,45458,0,0
320650,73605370037633119,,0,3102,460.0,-1050,-190.0,-750.0,,,2,4,,,,,,,,,,,45458,0,0
320651,73605370523856231,,0,1423,490.0,-920,-170.0,-600.0,,,2,4,,,,,,,,,,,45461,0,0
320652,73605370942136179,,0,1423,489.0,-850,-90.0,-560.0,68.0,,1,4,274.0,1645.0,,,,,,,,,45459,0,0
320653,73605370947417433,,0,450,489.0,-880,-40.0,-740.0,,,2,4,,,,,,,,,,,45458,0,0
320654,73605371009390107,,0,1423,406.0,-1010,-250.0,-660.0,,,2,4,,,,,,,,,,,45458,0,0
320655,73605371009390107,,0,1423,460.0,-1050,-300.0,-660.0,,,2,4,,,,,,,,,,,45458,0,0
320656,73605371228862291,,0,3300,489.0,-1000,-110.0,-760.0,,,2,4,,,,,,,,,,,45458,0,0
320657,73605371228862291,,0,3300,281.0,-1120,-210.0,-790.0,,,2,4,,,,,,,,,,,45458,0,0
320658,73605371228862291,,0,3300,490.0,-970,-120.0,-760.0,,,2,4,,,,,,,,,,,45458,0,0
320659,73605371228862291,,0,3300,460.0,-1050,-200.0,-750.0,,,2,4,,,,,,,,,,,45458,0,0
320660,73605371257500333,,0,1423,95.0,-890,-190.0,-600.0,,,2,4,,,,,,,,,,,45461,0,0
320661,73605371457768354,,0,3300,95.0,-1040,-150.0,-790.0,,,2,4,,,,,,,,,,,45458,0,0
320662,73605371681481780,,0,1423,369.0,-1040,-300.0,-650.0,,,2,4,,,,,,,,,,,45461,0,0
320663,73605371687059780,,0,1423,369.0,-1040,-300.0,,,,2,4,,,,,,,,,,,45433,0,0
320664,73605372390316938,,0,1423,323.0,-1040,-300.0,-650.0,,,2,4,,,,,,,,,,,45461,0,0
320665,73605372395901938,,0,1423,323.0,-1040,-290.0,,,,2,4,,,,,,,,,,,45433,0,0
320666,73605373106684297,,0,1423,124.0,-970,-180.0,,,,2,4,,,,,,,,,,,45433,0,0
320667,73605373116563362,,0,1423,273.0,-1050,-300.0,-660.0,,,2,4,,,,,,,,,,,45461,0,0
320668,73605373122155362,,0,1423,356.0,-930,-180.0,,,,2,4,,,,,,,,,,,45433,0,0
320669,73605373162004634,,0,1423,407.0,-1040,-300.0,-650.0,,,2,4,,,,,,,,,,,45461,0,0
320670,73605373162004634,,0,1423,327.0,-1040,-300.0,-650.0,,,2,4,,,,,,,,,,,45461,0,0
320671,73605373167597634,,0,1423,327.0,-1040,-300.0,,,,2,4,,,,,,,,,,,45433,0,0
320672,73605373387276288,,0,1423,,-850,-90.0,-570.0,90.0,0.0,3,4,,,,,,,43211.0,44200.0,,23055629.0,0,0,0
320673,73605373997044464,,0,1423,148.0,-910,-190.0,-630.0,,,2,4,,,,,,,,,,,45461,0,0
320674,73605374593196910,,0,1423,490.0,-920,-150.0,,,,2,4,,,,,,,,,,,45433,0,0
320675,73605375395155877,,0,1423,406.0,-1000,-300.0,,,,2,4,,,,,,,,,,,45433,0,0
320676,73605375436563203,,0,1423,460.0,-900,-210.0,-600.0,,,2,4,,,,,,,,,,,45461,0,0
320677,73605375502477130,,0,1423,95.0,-1000,-300.0,-610.0,,,2,4,,,,,,,,,,,45461,0,0
320678,73605375980556614,,0,450,489.0,-880,-70.0,-710.0,,,2,4,,,,,,,,,,,45458,0,0
320679,73605375975261721,,0,1423,489.0,-850,-80.0,-570.0,93.0,,1,4,274.0,2029.0,,,,,,,,,45459,0,0
320680,73605376424156355,,0,3300,489.0,-990,-100.0,-770.0,,,2,4,,,,,,,,,,,45458,0,0
320681,73605376424156355,,0,3300,95.0,-1060,-150.0,-800.0,,,2,4,,,,,,,,,,,45458,0,0
320682,73605376424156355,,0,3300,460.0,-1180,-300.0,-790.0,,,2,4,,,,,,,,,,,45458,0,0
320683,73605376472390476,,0,3300,490.0,-970,-80.0,-790.0,,,2,4,,,,,,,,,,,45458,0,0
320684,73605376487133574,,0,1423,323.0,-1010,-300.0,-620.0,,,2,4,,,,,,,,,,,45461,0,0
320685,73605376492778574,,0,1423,323.0,-1020,-300.0,,,,2,4,,,,,,,,,,,45433,0,0
320686,73605376503951606,,0,1423,323.0,-1030,-300.0,-640.0,,,2,4,,,,,,,,,,,45461,0,0
320687,73605376509597606,,0,1423,323.0,-1030,-300.0,,,,2,4,,,,,,,,,,,45433,0,0
320688,73605376522206971,,0,1423,323.0,-1040,-300.0,-650.0,,,2,4,,,,,,,,,,,45461,0,0
320689,73605376527853971,,0,1423,323.0,-1040,-300.0,,,,2,4,,,,,,,,,,,45433,0,0
320690,73605377649803264,,0,1423,,-850,-120.0,-510.0,90.0,0.0,3,4,,,,,,,43211.0,44200.0,,23055629.0,0,0,0
320691,73605377893008952,,0,1423,273.0,-960,-300.0,-570.0,,,2,4,,,,,,,,,,,45461,0,0
320692,73605377893008952,,0,1423,124.0,-1010,-300.0,-620.0,,,2,4,,,,,,,,,,,45461,0,0
320693,73605378590980105,,0,1423,490.0,-910,-140.0,-630.0,,,2,4,,,,,,,,,,,45461,0,0
320694,73605378590980105,,0,1423,356.0,-940,-190.0,-660.0,,,2,4,,,,,,,,,,,45461,0,0
320695,73605379502618508,,0,1423,95.0,-900,-210.0,,,,2,4,,,,,,,,,,,45433,0,0
320696,73605379496943508,,0,1423,406.0,-1000,-300.0,-610.0,,,2,4,,,,,,,,,,,45461,0,0
320697,73605379523722122,,0,1423,496.0,-1020,-220.0,-660.0,,,2,4,,,,,,,,,,,45461,0,0
320698,73605379577462224,,0,1423,460.0,-1040,-300.0,-650.0,,,2,4,,,,,,,,,,,45461,0,0
320699,73605381142614787,,0,1423,489.0,-850,-120.0,-520.0,87.0,,1,4,274.0,1645.0,,,,,,,,,45459,0,0
320700,73605381147951789,,0,450,407.0,-1080,-250.0,-740.0,,,2,4,,,,,,,,,,,45458,0,0
320701,73605381147951789,,0,450,489.0,-880,-50.0,-730.0,,,2,4,,,,,,,,,,,45458,0,0
320702,73605381551071784,,0,3300,489.0,-1000,-120.0,-770.0,,,2,4,,,,,,,,,,,45458,0,0
320703,73605381551071784,,0,3300,490.0,-980,-110.0,-770.0,,,2,4,,,,,,,,,,,45458,0,0
320704,73605381584626474,,0,3300,460.0,-1090,-190.0,-800.0,,,2,4,,,,,,,,,,,45458,0,0
320705,73605381813370880,,0,1423,,-850,-100.0,-550.0,30.0,0.0,3,4,,,,,,,43211.0,44200.0,,23055629.0,0,0,0
320706,73605382979286557,,0,1423,124.0,-960,-300.0,-570.0,,,2,4,,,,,,,,,,,45461,0,0
320707,73605382979286557,,0,1423,490.0,-900,-170.0,-570.0,,,2,4,,,,,,,,,,,45461,0,0
320708,73605382979286557,,0,1423,273.0,-890,-220.0,-570.0,,,2,4,,,,,,,,,,,45461,0,0
320709,73605383107149597,,0,425,90.0,-1150,-300.0,-760.0,,,2,4,,,,,,,,,,,45458,0,0
320710,73605383606744614,,0,1423,460.0,-1010,-220.0,-650.0,,,2,4,,,,,,,,,,,45461,0,0
320711,73605383612475614,,0,1423,406.0,-1030,-300.0,,,,2,4,,,,,,,,,,,45433,0,0
320712,73605383606744614,,0,1423,95.0,-920,-190.0,-640.0,,,2,4,,,,,,,,,,,45461,0,0
320713,73605384052096242,,0,1423,148.0,-1020,-210.0,,,,2,4,,,,,,,,,,,45433,0,0
320714,73605385354974151,,0,1423,356.0,-960,-200.0,-660.0,,,2,4,,,,,,,,,,,45461,0,0
320715,73605385373490517,,0,1423,407.0,-980,-300.0,-590.0,,,2,4,,,,,,,,,,,45461,0,0
320716,73605385606575054,,0,1423,311.0,-970,-210.0,-610.0,,,2,4,,,,,,,,,,,45461,0,0
320717,73605385606575054,,0,1423,496.0,-1050,-300.0,-660.0,,,2,4,,,,,,,,,,,45461,0,0
320718,73605385612350054,,0,1423,311.0,-970,-210.0,,,,2,4,,,,,,,,,,,45433,0,0
320719,73605385623352409,,0,1423,311.0,-950,-240.0,-620.0,,,2,4,,,,,,,,,,,45461,0,0
320720,73605385629128409,,0,1423,311.0,-950,-220.0,,,,2,4,,,,,,,,,,,45433,0,0
320721,73605385640129909,,0,1423,311.0,-980,-210.0,-620.0,,,2,4,,,,,,,,,,,45461,0,0
320722,73605385645906909,,0,1423,311.0,-980,-210.0,,,,2,4,,,,,,,,,,,45433,0,0
320723,73605385656906577,,0,1423,311.0,-920,-210.0,-620.0,,,2,4,,,,,,,,,,,45461,0,0
320724,73605385662684577,,0,1423,311.0,-930,-210.0,,,,2,4,,,,,,,,,,,45433,0,0
320725,73605385679632455,,0,1423,311.0,-1000,-250.0,,,,2,4,,,,,,,,,,,45433,0,0
320726,73605385673853455,,0,1423,311.0,-1010,-300.0,-620.0,,,2,4,,,,,,,,,,,45461,0,0
320727,73605385711276444,,0,450,489.0,-880,-40.0,-740.0,,,2,4,,,,,,,,,,,45458,0,0
320728,73605385773133653,,0,1423,489.0,-850,-100.0,-540.0,35.0,,1,4,274.0,9452.0,,,,,,,,,45459,0,0
320729,73605385903218975,,0,3300,489.0,-990,-130.0,-770.0,,,2,4,,,,,,,,,,,45458,0,0
320730,73605385903218975,,0,3300,490.0,-970,-90.0,-770.0,,,2,4,,,,,,,,,,,45458,0,0
320731,73605385903218975,,0,3300,95.0,-1060,-200.0,-760.0,,,2,4,,,,,,,,,,,45458,0,0
320732,73605385903218975,,0,3300,460.0,-1070,-210.0,-770.0,,,2,4,,,,,,,,,,,45458,0,0
320733,73605386063446016,,0,1423,,-850,-80.0,-550.0,60.0,0.0,3,4,,,,,,,43211.0,44200.0,,23055629.0,0,0,0
320734,73605387864147948,,0,1423,490.0,-910,-150.0,-610.0,,,2,4,,,,,,,,,,,45461,0,0
320735,73605387886660156,,0,1423,124.0,-960,-300.0,,,,2,4,,,,,,,,,,,45433,0,0
320736,73605388279087178,,0,1423,460.0,-960,-300.0,-570.0,,,2,4,,,,,,,,,,,45461,0,0
320737,73605388284880178,,0,1423,323.0,-960,-300.0,,,,2,4,,,,,,,,,,,45433,0,0
320738,73605388279087178,,0,1423,406.0,-960,-300.0,-570.0,,,2,4,,,,,,,,,,,45461,0,0
320739,73605388545139299,,0,1423,95.0,-1030,-300.0,-640.0,,,2,4,,,,,,,,,,,45461,0,0
320740,73605389176025287,,0,1423,281.0,-920,-180.0,-640.0,,,2,4,,,,,,,,,,,45461,0,0
320741,73605389181825287,,0,1423,281.0,-940,-260.0,,,,2,4,,,,,,,,,,,45433,0,0
320742,73605389394185626,,0,1423,273.0,-1010,-300.0,-620.0,,,2,4,,,,,,,,,,,45461,0,0
320743,73605390307098624,,0,1423,,-850,-90.0,-570.0,80.0,0.0,3,4,,,,,,,43211.0,44200.0,,23055629.0,0,0,0
320744,73605391823045836,,0,1423,490.0,-920,-150.0,,,,2,4,,,,,,,,,,,45433,0,0
320745,73605391817202836,,0,1423,407.0,-1020,-300.0,-630.0,,,2,4,,,,,,,,,,,45461,0,0
320746,73605392443415303,,0,1423,406.0,-1000,-300.0,-610.0,,,2,4,,,,,,,,,,,45461,0,0
320747,73605392443415303,,0,1423,460.0,-1000,-300.0,-610.0,,,2,4,,,,,,,,,,,45461,0,0
320748,73605392711849974,,0,1423,95.0,-970,-300.0,-580.0,,,2,4,,,,,,,,,,,45461,0,0
320749,73605392991658267,,0,1423,124.0,-960,-190.0,-680.0,,,2,4,,,,,,,,,,,45461,0,0
320750,73605393500718953,,0,1423,273.0,-950,-260.0,,,,2,4,,,,,,,,,,,45433,0,0
320751,73605393642502651,,0,1423,148.0,-1050,-300.0,-660.0,,,2,4,,,,,,,,,,,45461,0,0
320752,73605393830458332,,0,1423,356.0,-1000,-220.0,-610.0,,,2,4,,,,,,,,,,,45461,0,0
320753,73605394031087074,,0,450,489.0,-890,-50.0,-710.0,,,2,4,,,,,,,,,,,45458,0,0
320754,73605394027417937,,0,1423,489.0,-840,-120.0,-520.0,91.0,,1,4,274.0,1645.0,,,,,,,,,45459,0,0
320755,73605394249660198,,0,3300,490.0,-970,-80.0,-770.0,,,2,4,,,,,,,,,,,45458,0,0
320756,73605394264338627,,0,3300,460.0,-1070,-180.0,-780.0,,,2,4,,,,,,,,,,,45458,0,0
320757,73605394249660198,,0,3300,489.0,-1000,-140.0,-770.0,,,2,4,,,,,,,,,,,45458,0,0
320758,73605394316820776,,0,3300,281.0,-1090,-190.0,-770.0,,,2,4,,,,,,,,,,,45458,0,0
320759,73605394498781184,,0,1423,,-850,-100.0,-560.0,50.0,0.0,3,4,,,,,,,43211.0,44200.0,,23055629.0,0,0,0
320760,73605394580614579,,0,1423,309.0,-860,-200.0,,,,2,4,,,,,,,,,,,45433,0,0
320761,73605394574737579,,0,1423,309.0,-860,-200.0,-570.0,,,2,4,,,,,,,,,,,45461,0,0
320762,73605395766007364,,0,1423,490.0,-960,-210.0,-590.0,,,2,4,,,,,,,,,,,45461,0,0
320763,73605396996618620,,0,1423,460.0,-1030,-300.0,,,,2,4,,,,,,,,,,,45433,0,0
320764,73605397006151298,,0,1423,124.0,-1070,-300.0,-680.0,,,2,4,,,,,,,,,,,45461,0,0
320765,73605397095018785,,0,1423,95.0,-1000,-300.0,-610.0,,,2,4,,,,,,,,,,,45461,0,0
320766,73605397245900274,,0,1423,406.0,-1030,-300.0,-640.0,,,2,4,,,,,,,,,,,45461,0,0
320767,73605397651658095,,0,1423,273.0,-1050,-300.0,-660.0,,,2,4,,,,,,,,,,,45461,0,0
320768,73605398255276747,,0,1423,489.0,-850,-80.0,-570.0,69.0,,1,4,274.0,9708.0,,,,,,,,,45459,0,0
320769,73605398191870248,,0,450,489.0,-880,-60.0,-720.0,,,2,4,,,,,,,,,,,45458,0,0
320770,73605398587745402,,0,3102,490.0,-1040,-150.0,-760.0,,,2,4,,,,,,,,,,,45458,0,0
320771,73605398587745402,,0,3102,489.0,-960,-110.0,-760.0,,,2,4,,,,,,,,,,,45458,0,0
320772,73605398587745402,,0,3102,95.0,-1050,-200.0,-760.0,,,2,4,,,,,,,,,,,45458,0,0
320773,73605398602425722,,0,3102,95.0,-1040,-160.0,-760.0,,,2,4,,,,,,,,,,,45458,0,0
320774,73605398640174111,,0,3102,460.0,-1080,-220.0,-770.0,,,2,4,,,,,,,,,,,45458,0,0
320775,73605398703087207,,0,425,90.0,-1030,-190.0,-740.0,,,2,4,,,,,,,,,,,45458,0,0
320776,73605398936551424,,0,1423,,-850,-110.0,-540.0,40.0,0.0,3,4,,,,,,,43211.0,44200.0,,23055629.0,0,0,0
320777,73605399704385375,,0,1423,490.0,-910,-140.0,-620.0,,,2,4,,,,,,,,,,,45461,0,0
320778,73605400053190040,,0,1423,323.0,-990,-300.0,-600.0,,,2,4,,,,,,,,,,,45461,0,0
320779,73605401038363640,,0,1423,460.0,-1010,-300.0,,,,2,4,,,,,,,,,,,45433,0,0
320780,73605401100237069,,0,1423,95.0,-970,-210.0,-610.0,,,2,4,,,,,,,,,,,45461,0,0
320781,73605401244510024,,0,1423,406.0,-1020,-220.0,-650.0,,,2,4,,,,,,,,,,,45461,0,0
320782,73605401311619208,,0,1423,356.0,-960,-300.0,-570.0,,,2,4,,,,,,,,,,,45461,0,0
320783,73605401311619208,,0,1423,124.0,-1010,-300.0,-620.0,,,2,4,,,,,,,,,,,45461,0,0
320784,73605401345230982,,0,1423,407.0,-1050,-300.0,-660.0,,,2,4,,,,,,,,,,,45461,0,0
320785,73605401584044467,,0,1423,273.0,-980,-300.0,-590.0,,,2,4,,,,,,,,,,,45461,0,0
320786,73605402099932107,,0,3300,490.0,-970,-80.0,-790.0,,,2,4,,,,,,,,,,,45458,0,0
320787,73605402099932107,,0,3300,489.0,-1000,-110.0,-790.0,,,2,4,,,,,,,,,,,45458,0,0
320788,73605402185917453,,0,3300,460.0,-1160,-300.0,-770.0,,,2,4,,,,,,,,,,,45458,0,0
320789,73605403118272512,,0,1423,,-850,-110.0,-560.0,60.0,0.0,3,4,,,,,,,43211.0,44200.0,,23055629.0,0,0,0
320790,73605403669946541,,0,1423,490.0,-920,-180.0,,,,2,4,,,,,,,,,,,45433,0,0
320791,73605404977820913,,0,1423,460.0,-1030,-300.0,,,,2,4,,,,,,,,,,,45433,0,0
320792,73605405045579285,,0,1423,95.0,-920,-210.0,-620.0,,,2,4,,,,,,,,,,,45461,0,0
320793,73605405220055397,,0,1423,406.0,-990,-210.0,-640.0,,,2,4,,,,,,,,,,,45461,0,0
320794,73605405239821294,,0,450,489.0,-880,-50.0,-730.0,,,2,4,,,,,,,,,,,45458,0,0
320795,73605405301673172,,0,1423,489.0,-850,-80.0,-560.0,52.0,,1,4,274.0,9836.0,,,,,,,,,45459,0,0
320796,73605405386150243,,0,3300,95.0,-1070,-160.0,-810.0,,,2,4,,,,,,,,,,,45458,0,0
320797,73605405588492866,,0,1423,273.0,-870,-170.0,,,,2,4,,,,,,,,,,,45433,0,0
320798,73605405588492866,,0,1423,124.0,-1010,-250.0,,,,2,4,,,,,,,,,,,45433,0,0
320799,73605406095984497,,0,1423,382.0,-1030,-220.0,-660.0,,,2,4,,,,,,,,,,,45461,0,0
320800,73605406101983497,,0,1423,382.0,-1030,-220.0,,,,2,4,,,,,,,,,,,45433,0,0
320801,73605406206227936,,0,425,90.0,-1120,-210.0,-760.0,,,2,4,,,,,,,,,,,45458,0,0
320802,73605406411405655,,0,1423,407.0,-1030,-300.0,-640.0,,,2,4,,,,,,,,,,,45461,0,0
320803,73605407015376186,,0,1423,208.0,-1070,-300.0,-680.0,,,2,4,,,,,,,,,,,45461,0,0
320804,73605407021377186,,0,1423,208.0,-1070,-300.0,,,,2,4,,,,,,,,,,,45433,0,0
320805,73605407027848924,,0,1423,208.0,-1020,-300.0,-630.0,,,2,4,,,,,,,,,,,45461,0,0
320806,73605407033850924,,0,1423,208.0,-1030,-300.0,,,,2,4,,,,,,,,,,,45433,0,0
320807,73605407289788998,,0,1423,356.0,-970,-300.0,-580.0,,,2,4,,,,,,,,,,,45461,0,0
320808,73605407361859584,,0,1423,,-850,-90.0,-560.0,110.0,0.0,3,4,,,,,,,43211.0,44200.0,,23055629.0,0,0,0
320809,73605407699923397,,0,1423,490.0,-920,-170.0,-590.0,,,2,4,,,,,,,,,,,45461,0,0
320810,73605407986131881,,0,1423,347.0,-1020,-300.0,-630.0,,,2,4,,,,,,,,,,,45461,0,0
320811,73605408978287279,,0,1423,460.0,-950,-220.0,-640.0,,,2,4,,,,,,,,,,,45461,0,0
320812,73605408995116383,,0,1423,95.0,-1020,-300.0,-630.0,,,2,4,,,,,,,,,,,45461,0,0
320813,73605409263549269,,0,1423,406.0,-1020,-300.0,-630.0,,,2,4,,,,,,,,,,,45461,0,0
320814,73605409313938494,,0,1423,300.0,-990,-300.0,-600.0,,,2,4,,,,,,,,,,,45461,0,0
320815,73605409552072881,,0,1423,273.0,-920,-160.0,-660.0,,,2,4,,,,,,,,,,,45461,0,0
320816,73605409604920671,,0,1423,124.0,-1060,-300.0,-670.0,,,2,4,,,,,,,,,,,45461,0,0
320817,73605409634595036,,0,1423,148.0,-1040,-300.0,-650.0,,,2,4,,,,,,,,,,,45461,0,0
320818,73605410011151138,,0,1423,294.0,-1090,-300.0,,,,2,4,,,,,,,,,,,45433,0,0
320819,73605410005095138,,0,1423,294.0,-1090,-300.0,-700.0,,,2,4,,,,,,,,,,,45461,0,0
320820,73605410018520882,,0,1423,294.0,-1100,-300.0,-710.0,,,2,4,,,,,,,,,,,45461,0,0
320821,73605410024577882,,0,1423,294.0,-1090,-300.0,,,,2,4,,,,,,,,,,,45433,0,0
320822,73605410035297445,,0,1423,294.0,-1020,-220.0,-700.0,,,2,4,,,,,,,,,,,45461,0,0
320823,73605410041355445,,0,1423,294.0,-1030,-270.0,,,,2,4,,,,,,,,,,,45433,0,0
320824,73605410052074788,,0,1423,294.0,-1080,-300.0,-690.0,,,2,4,,,,,,,,,,,45461,0,0
320825,73605410058133788,,0,1423,294.0,-1070,-280.0,,,,2,4,,,,,,,,,,,45433,0,0
320826,73605410068851752,,0,1423,294.0,-1010,-200.0,-710.0,,,2,4,,,,,,,,,,,45461,0,0
320827,73605410074911752,,0,1423,294.0,-1020,-260.0,,,,2,4,,,,,,,,,,,45433,0,0
320828,73605410205834558,,0,450,489.0,-880,-60.0,-720.0,,,2,4,,,,,,,,,,,45458,0,0
320829,73605410200553069,,0,1423,489.0,-850,-100.0,-540.0,45.0,,1,4,274.0,1773.0,,,,,,,,,45459,0,0
320830,73605410599516220,,0,3102,489.0,-970,-90.0,-780.0,,,2,4,,,,,,,,,,,45458,0,0
320831,73605410614196604,,0,3102,460.0,-1060,-170.0,-760.0,,,2,4,,,,,,,,,,,45458,0,0
320832,73605411213370500,,0,1423,458.0,-1010,-300.0,-620.0,,,2,4,,,,,,,,,,,45461,0,0
320833,73605411219451500,,0,1423,458.0,-1010,-300.0,,,,2,4,,,,,,,,,,,45433,0,0
320834,73605411535388672,,0,1423,,-850,-90.0,-580.0,110.0,0.0,3,4,,,,,,,43211.0,44200.0,,23055629.0,0,0,0
320835,73605411641621170,,0,1423,490.0,-920,-140.0,,,,2,4,,,,,,,,,,,45433,0,0
320836,73605412820093875,,0,1423,407.0,-1030,-300.0,-640.0,,,2,4,,,,,,,,,,,45461,0,0
320837,73605412980540868,,0,1423,460.0,-970,-270.0,,,,2,4,,,,,,,,,,,45433,0,0
320838,73605412974441868,,0,1423,95.0,-1040,-230.0,-660.0,,,2,4,,,,,,,,,,,45461,0,0
320839,73605413169045308,,0,1423,356.0,-920,-210.0,-610.0,,,2,4,,,,,,,,,,,45461,0,0
320840,73605413169045308,,0,1423,328.0,-1010,-200.0,-710.0,,,2,4,,,,,,,,,,,45461,0,0
320841,73605413175147308,,0,1423,328.0,-1010,-270.0,,,,2,4,,,,,,,,,,,45433,0,0
320842,73605413182733733,,0,1423,328.0,-1040,-300.0,-650.0,,,2,4,,,,,,,,,,,45461,0,0
320843,73605413188836733,,0,1423,328.0,-1040,-280.0,,,,2,4,,,,,,,,,,,45433,0,0
320844,73605413394608612,,0,1423,406.0,-960,-300.0,-570.0,,,2,4,,,,,,,,,,,45461,0,0
320845,73605413652173839,,0,1423,273.0,-990,-200.0,-650.0,,,2,4,,,,,,,,,,,45461,0,0
320846,73605413756245054,,0,1423,124.0,-880,-210.0,-580.0,,,2,4,,,,,,,,,,,45461,0,0
320847,73605414638729389,,0,1423,148.0,-1020,-210.0,-670.0,,,2,4,,,,,,,,,,,45461,0,0
320848,73605415134959348,,0,1423,489.0,-850,-80.0,-560.0,63.0,,1,4,274.0,9136.0,,,,,,,,,45459,0,0
320849,73605415146586160,,0,3102,489.0,-950,-100.0,-750.0,,,2,4,,,,,,,,,,,45458,0,0
320850,73605415209500581,,0,3102,460.0,-1110,-230.0,-750.0,,,2,4,,,,,,,,,,,45458,0,0
320851,73605415438670777,,0,450,489.0,-880,-70.0,-710.0,,,2,4,,,,,,,,,,,45458,0,0
320852,73605415526546439,,0,3102,490.0,-1060,-190.0,-740.0,,,2,4,,,,,,,,,,,45458,0,0
320853,73605415605867027,,0,1423,490.0,-870,-160.0,-580.0,,,2,4,,,,,,,,,,,45461,0,0
320854,73605415797719040,,0,1423,,-850,-90.0,-550.0,30.0,0.0,3,4,,,,,,,43211.0,44200.0,,23055629.0,0,0,0
320855,73605415931393961,,0,1423,32.0,-1000,-240.0,-660.0,,,2,4,,,,,,,,,,,45461,0,0
320856,73605415937564961,,0,1423,32.0,-1010,-280.0,,,,2,4,,,,,,,,,,,45433,0,0
320857,73605417182866834,,0,1423,95.0,-940,-190.0,-640.0,,,2,4,,,,,,,,,,,45461,0,0
320858,73605417240066618,,0,1423,460.0,-960,-190.0,-660.0,,,2,4,,,,,,,,,,,45461,0,0
320859,73605417505090647,,0,1423,406.0,-1000,-300.0,-610.0,,,2,4,,,,,,,,,,,45461,0,0
320860,73605418095552636,,0,1423,124.0,-960,-190.0,-680.0,,,2,4,,,,,,,,,,,45461,0,0
320861,73605418095552636,,0,1423,496.0,-940,-200.0,-630.0,,,2,4,,,,,,,,,,,45461,0,0
320862,73605418182841021,,0,1423,273.0,-980,-220.0,-620.0,,,2,4,,,,,,,,,,,45461,0,0
320863,73605418612439499,,0,1423,356.0,-980,-210.0,-660.0,,,2,4,,,,,,,,,,,45461,0,0
320864,73605418612439499,,0,1423,300.0,-920,-190.0,-640.0,,,2,4,,,,,,,,,,,45461,0,0
320865,73605418618642499,,0,1423,148.0,-960,-260.0,,,,2,4,,,,,,,,,,,45433,0,0
320866,73605419108503817,,0,1423,489.0,-850,-90.0,-550.0,83.0,,1,4,274.0,8523.0,,,,,,,,,45459,0,0
320867,73605419135443725,,0,3300,95.0,-1080,-180.0,-790.0,,,2,4,,,,,,,,,,,45458,0,0
320868,73605419120763428,,0,3300,490.0,-970,-90.0,-790.0,,,2,4,,,,,,,,,,,45458,0,0
320869,73605419120763428,,0,3300,489.0,-1010,-120.0,-790.0,,,2,4,,,,,,,,,,,45458,0,0
320870,73605419154318113,,0,3300,460.0,-1060,-170.0,-800.0,,,2,4,,,,,,,,,,,45458,0,0
320871,73605419544330039,,0,1423,490.0,-900,-160.0,,,,2,4,,,,,,,,,,,45433,0,0
320872,73605419565301656,,0,425,90.0,-1110,-300.0,-720.0,,,2,4,,,,,,,,,,,45458,0,0
320873,73605419963580416,,0,1423,,-850,-100.0,-540.0,120.0,0.0,3,4,,,,,,,43211.0,44200.0,,23055629.0,0,0,0
320874,73605421299645658,,0,1423,95.0,-1040,-300.0,-650.0,,,2,4,,,,,,,,,,,45461,0,0
320875,73605421299645658,,0,1423,460.0,-1040,-300.0,-650.0,,,2,4,,,,,,,,,,,45461,0,0
320876,73605421333311130,,0,1423,69.0,-870,-190.0,-590.0,,,2,4,,,,,,,,,,,45461,0,0
320877,73605421339550130,,0,1423,69.0,-870,-190.0,,,,2,4,,,,,,,,,,,45433,0,0
320878,73605421664983568,,0,1423,406.0,-950,-220.0,,,,2,4,,,,,,,,,,,45433,0,0
320879,73605422131383401,,0,1423,273.0,-980,-280.0,,,,2,4,,,,,,,,,,,45433,0,0
320880,73605422440197300,,0,1423,101.0,-960,-220.0,,,,2,4,,,,,,,,,,,45433,0,0
320881,73605422433938300,,0,1423,101.0,-960,-220.0,-650.0,,,2,4,,,,,,,,,,,45461,0,0
320882,73605422447364263,,0,1423,101.0,-960,-230.0,-570.0,,,2,4,,,,,,,,,,,45461,0,0
320883,73605422453624263,,0,1423,101.0,-960,-220.0,,,,2,4,,,,,,,,,,,45433,0,0
320884,73605422464046367,,0,1423,101.0,-1030,-300.0,-640.0,,,2,4,,,,,,,,,,,45461,0,0
320885,73605422470307367,,0,1423,101.0,-1020,-240.0,,,,2,4,,,,,,,,,,,45433,0,0
320886,73605422480823116,,0,1423,101.0,-960,-200.0,-660.0,,,2,4,,,,,,,,,,,45461,0,0
320887,73605422487085116,,0,1423,101.0,-970,-230.0,,,,2,4,,,,,,,,,,,45433,0,0
320888,73605422497597850,,0,1423,101.0,-970,-180.0,-650.0,,,2,4,,,,,,,,,,,45461,0,0
320889,73605422503860850,,0,1423,101.0,-970,-220.0,,,,2,4,,,,,,,,,,,45433,0,0
320890,73605422547968582,,0,1423,124.0,-1080,-300.0,-690.0,,,2,4,,,,,,,,,,,45461,0,0
320891,73605422620894078,,0,450,489.0,-880,-40.0,-750.0,,,2,4,,,,,,,,,,,45458,0,0
320892,73605423061612856,,0,1423,489.0,-850,-120.0,-530.0,90.0,,1,4,274.0,8895.0,,,,,,,,,45459,0,0
320893,73605423088820999,,0,3102,490.0,-1050,-160.0,-770.0,,,2,4,,,,,,,,,,,45458,0,0
320894,73605423074140906,,0,3102,489.0,-960,-90.0,-770.0,,,2,4,,,,,,,,,,,45458,0,0
320895,73605423138782295,,0,1423,148.0,-1030,-300.0,-640.0,,,2,4,,,,,,,,,,,45461,0,0
320896,73605423118181614,,0,3102,460.0,-1080,-220.0,-770.0,,,2,4,,,,,,,,,,,45458,0,0
320897,73605423819997836,,0,1423,407.0,-940,-170.0,-660.0,,,2,4,,,,,,,,,,,45461,0,0
320898,73605423819997836,,0,1423,490.0,-920,-140.0,-630.0,,,2,4,,,,,,,,,,,45461,0,0
320899,73605423890046163,,0,1423,356.0,-990,-250.0,,,,2,4,,,,,,,,,,,45433,0,0
320900,73605424097081354,,0,1423,496.0,-1020,-300.0,,,,2,4,,,,,,,,,,,45433,0,0
320901,73605424240066560,,0,1423,,-850,-90.0,-510.0,70.0,0.0,3,4,,,,,,,43211.0,44200.0,,23055629.0,0,0,0
320902,73605424410436852,,0,1423,16.0,-1050,-300.0,-660.0,,,2,4,,,,,,,,,,,45461,0,0
320903,73605424416731852,,0,1423,16.0,-1060,-300.0,,,,2,4,,,,,,,,,,,45433,0,0
320904,73605424427269524,,0,1423,16.0,-990,-190.0,-670.0,,,2,4,,,,,,,,,,,45461,0,0
320905,73605424433565524,,0,1423,16.0,-1000,-250.0,,,,2,4,,,,,,,,,,,45433,0,0
320906,73605425276257668,,0,1423,460.0,-910,-190.0,-630.0,,,2,4,,,,,,,,,,,45461,0,0
320907,73605425276257668,,0,1423,95.0,-980,-300.0,-590.0,,,2,4,,,,,,,,,,,45461,0,0
320908,73605425621462546,,0,1423,406.0,-970,-240.0,,,,2,4,,,,,,,,,,,45433,0,0
320909,73605426554668786,,0,1423,273.0,-920,-220.0,-600.0,,,2,4,,,,,,,,,,,45461,0,0
320910,73605426712369030,,0,1423,124.0,-1030,-200.0,-700.0,,,2,4,,,,,,,,,,,45461,0,0
320911,73605426962125972,,0,3300,460.0,-1170,-300.0,-780.0,,,2,4,,,,,,,,,,,45458,0,0
320912,73605426962125972,,0,3300,490.0,-970,-90.0,-780.0,,,2,4,,,,,,,,,,,45458,0,0
320913,73605426962125972,,0,3300,489.0,-1010,-130.0,-780.0,,,2,4,,,,,,,,,,,45458,0,0
320914,73605426962125972,,0,3300,95.0,-1110,-210.0,-780.0,,,2,4,,,,,,,,,,,45458,0,0
320915,73605427152911320,,0,425,90.0,-1120,-170.0,-860.0,,,2,4,,,,,,,,,,,45458,0,0
320916,73605427933165793,,0,1423,490.0,-860,-160.0,,,,2,4,,,,,,,,,,,45433,0,0
320917,73605428442300416,,0,1423,,-850,-100.0,-510.0,80.0,0.0,3,4,,,,,,,43211.0,44200.0,,23055629.0,0,0,0
320918,73605428842954482,,0,1423,496.0,-940,-200.0,-640.0,,,2,4,,,,,,,,,,,45461,0,0
320919,73605429211638011,,0,1423,95.0,-990,-300.0,-600.0,,,2,4,,,,,,,,,,,45461,0,0
320920,73605429839101063,,0,1423,460.0,-1010,-300.0,,,,2,4,,,,,,,,,,,45433,0,0
320921,73605429912879217,,0,1423,356.0,-990,-280.0,,,,2,4,,,,,,,,,,,45433,0,0
320922,73605429946891306,,0,1423,406.0,-940,-220.0,-620.0,,,2,4,,,,,,,,,,,45461,0,0
320923,73605429946891306,,0,1423,148.0,-940,-230.0,-620.0,,,2,4,,,,,,,,,,,45461,0,0
320924,73605430790880750,,0,1423,124.0,-1070,-300.0,-680.0,,,2,4,,,,,,,,,,,45461,0,0
320925,73605430500242803,,0,1423,273.0,-910,-240.0,,,,2,4,,,,,,,,,,,45433,0,0
320926,73605430715287639,,0,1423,407.0,-1000,-300.0,-610.0,,,2,4,,,,,,,,,,,45461,0,0
320927,73605431210768352,,0,450,489.0,-880,-70.0,-710.0,,,2,4,,,,,,,,,,,45458,0,0
320928,73605431272621651,,0,1423,489.0,-850,-70.0,-570.0,127.0,,1,4,274.0,10220.0,,,,,,,,,45459,0,0
320929,73605431597690283,,0,3102,460.0,-1130,-300.0,-740.0,,,2,4,,,,,,,,,,,45458,0,0
320930,73605431597690283,,0,3102,489.0,-960,-120.0,-750.0,,,2,4,,,,,,,,,,,45458,0,0
320931,73605431637540725,,0,3102,490.0,-1000,-170.0,-740.0,,,2,4,,,,,,,,,,,45458,0,0
320932,73605431866677869,,0,1423,490.0,-920,-130.0,,,,2,4,,,,,,,,,,,45433,0,0
320933,73605432182791779,,0,425,90.0,-1210,-300.0,-820.0,,,2,4,,,,,,,,,,,45458,0,0
320934,73605432646303744,,0,1423,,-850,-90.0,-550.0,70.0,0.0,3,4,,,,,,,43211.0,44200.0,,23055629.0,0,0,0
320935,73605433440764990,,0,1423,95.0,-960,-300.0,-570.0,,,2,4,,,,,,,,,,,45461,0,0
320936,73605434223818308,,0,1423,460.0,-1030,-290.0,,,,2,4,,,,,,,,,,,45433,0,0
320937,73605434289701203,,0,1423,356.0,-1050,-240.0,-660.0,,,2,4,,,,,,,,,,,45461,0,0
320938,73605434289701203,,0,1423,406.0,-980,-200.0,-630.0,,,2,4,,,,,,,,,,,45461,0,0
320939,73605434450709216,,0,1423,273.0,-1000,-210.0,-640.0,,,2,4,,,,,,,,,,,45461,0,0
320940,73605434759465325,,0,1423,124.0,-1020,-300.0,-630.0,,,2,4,,,,,,,,,,,45461,0,0
320941,73605435505713632,,0,450,489.0,-870,-40.0,-740.0,,,2,4,,,,,,,,,,,45458,0,0
320942,73605435500416216,,0,1423,489.0,-850,-80.0,-560.0,71.0,,1,4,274.0,1901.0,,,,,,,,,45459,0,0
320943,73605435676426693,,0,3300,489.0,-1000,-100.0,-800.0,,,2,4,,,,,,,,,,,45458,0,0
320944,73605435676426693,,0,3300,490.0,-980,-80.0,-800.0,,,2,4,,,,,,,,,,,45458,0,0
320945,73605435691089177,,0,3300,281.0,-1110,-210.0,-790.0,,,2,4,,,,,,,,,,,45458,0,0
320946,73605435766639019,,0,3300,460.0,-1140,-240.0,-800.0,,,2,4,,,,,,,,,,,45458,0,0
320947,73605435961686158,,0,1423,490.0,-920,-140.0,-620.0,,,2,4,,,,,,,,,,,45461,0,0
320948,73605436186011872,,0,425,90.0,-1230,-300.0,-840.0,,,2,4,,,,,,,,,,,45458,0,0
320949,73605436797616128,,0,1423,,-850,-80.0,-570.0,70.0,0.0,3,4,,,,,,,43211.0,44200.0,,23055629.0,0,0,0
320950,73605436756930391,,0,1423,148.0,-960,-230.0,-640.0,,,2,4,,,,,,,,,,,45461,0,0
320951,73605437966813797,,0,1423,95.0,-1030,-300.0,-640.0,,,2,4,,,,,,,,,,,45461,0,0
320952,73605438531877883,,0,1423,406.0,-960,-200.0,-670.0,,,2,4,,,,,,,,,,,45461,0,0
320953,73605438531877883,,0,1423,460.0,-1040,-220.0,-670.0,,,2,4,,,,,,,,,,,45461,0,0
320954,73605438544835947,,0,1423,356.0,-1010,-210.0,-660.0,,,2,4,,,,,,,,,,,45461,0,0
320955,73605438544835947,,0,1423,273.0,-1040,-300.0,-650.0,,,2,4,,,,,,,,,,,45461,0,0
320956,73605438611945833,,0,1423,407.0,-1040,-300.0,-650.0,,,2,4,,,,,,,,,,,45461,0,0
320957,73605439018470741,,0,1423,59.0,-960,-300.0,-570.0,,,2,4,,,,,,,,,,,45461,0,0
320958,73605439041777984,,0,1423,59.0,-980,-250.0,,,,2,4,,,,,,,,,,,45433,0,0
320959,73605439024944741,,0,1423,59.0,-960,-300.0,,,,2,4,,,,,,,,,,,45433,0,0
320960,73605439035302984,,0,1423,59.0,-980,-190.0,-690.0,,,2,4,,,,,,,,,,,45461,0,0
320961,73605439058667999,,0,1423,124.0,-970,-190.0,,,,2,4,,,,,,,,,,,45433,0,0
320962,73605439058667999,,0,1423,59.0,-1100,-270.0,,,,2,4,,,,,,,,,,,45433,0,0
320963,73605439062741808,,0,1423,59.0,-1020,-200.0,-730.0,,,2,4,,,,,,,,,,,45461,0,0
320964,73605439052191999,,0,1423,59.0,-1110,-300.0,-720.0,,,2,4,,,,,,,,,,,45461,0,0
320965,73605439069218808,,0,1423,59.0,-1040,-250.0,,,,2,4,,,,,,,,,,,45433,0,0
320966,73605439330882325,,0,450,490.0,-980,-150.0,-730.0,,,2,4,,,,,,,,,,,45458,0,0
320967,73605439459844005,,0,1423,489.0,-850,-80.0,-560.0,95.0,,1,4,274.0,9452.0,,,,,,,,,45459,0,0
320968,73605439830956438,,0,3102,489.0,-960,-90.0,-780.0,,,2,4,,,,,,,,,,,45458,0,0
320969,73605439830956438,,0,3102,460.0,-1080,-200.0,-780.0,,,2,4,,,,,,,,,,,45458,0,0
320970,73605439830956438,,0,3102,490.0,-1060,-150.0,-780.0,,,2,4,,,,,,,,,,,45458,0,0
320971,73605439864547796,,0,3102,95.0,-1090,-220.0,-780.0,,,2,4,,,,,,,,,,,45458,0,0
320972,73605439919671254,,0,1423,490.0,-890,-140.0,,,,2,4,,,,,,,,,,,45433,0,0
320973,73605439898064362,,0,3102,95.0,-1040,-180.0,-760.0,,,2,4,,,,,,,,,,,45458,0,0
320974,73605440206342436,,0,425,90.0,-1190,-300.0,-790.0,,,2,4,,,,,,,,,,,45458,0,0
320975,73605440359760530,,0,1423,323.0,-1050,-300.0,-660.0,,,2,4,,,,,,,,,,,45461,0,0
320976,73605441034125312,,0,1423,,-850,-100.0,-520.0,70.0,0.0,3,4,,,,,,,43211.0,44200.0,,23055629.0,0,0,0
320977,73605442042867106,,0,1423,95.0,-1020,-300.0,-630.0,,,2,4,,,,,,,,,,,45461,0,0
320978,73605442592557840,,0,1423,406.0,-1030,-300.0,,,,2,4,,,,,,,,,,,45433,0,0
320979,73605442592557840,,0,1423,460.0,-1030,-300.0,,,,2,4,,,,,,,,,,,45433,0,0
320980,73605443614085420,,0,1423,273.0,-1010,-220.0,,,,2,4,,,,,,,,,,,45433,0,0
320981,73605443899357794,,0,1423,490.0,-920,-140.0,,,,2,4,,,,,,,,,,,45433,0,0
320982,73605443862400344,,0,1423,59.0,-1040,-250.0,,,,2,4,,,,,,,,,,,45433,0,0
320983,73605444141097700,,0,1423,124.0,-980,-300.0,-590.0,,,2,4,,,,,,,,,,,45461,0,0
320984,73605444555798844,,0,3300,489.0,-1000,-120.0,-760.0,,,2,4,,,,,,,,,,,45458,0,0
320985,73605444555798844,,0,3300,460.0,-1040,-190.0,-760.0,,,2,4,,,,,,,,,,,45458,0,0
320986,73605444570480590,,0,3300,490.0,-960,-100.0,-760.0,,,2,4,,,,,,,,,,,45458,0,0
320987,73605445425364992,,0,1423,,-850,-100.0,-560.0,80.0,0.0,3,4,,,,,,,43211.0,44200.0,,23055629.0,0,0,0
320988,73605445077939975,,0,1423,407.0,-1040,-300.0,-650.0,,,2,4,,,,,,,,,,,45461,0,0
320989,73605445479912998,,0,1423,148.0,-1020,-210.0,-660.0,,,2,4,,,,,,,,,,,45461,0,0
320990,73605445633815473,,0,1423,489.0,-850,-80.0,-560.0,74.0,,1,4,274.0,9964.0,,,,,,,,,45459,0,0
320991,73605445860067814,,0,3300,59.0,-1190,-300.0,-800.0,,,2,4,,,,,,,,,,,45458,0,0
320992,73605445904108045,,0,3300,95.0,-1070,-180.0,-760.0,,,2,4,,,,,,,,,,,45458,0,0
320993,73605446063497954,,0,1423,95.0,-1010,-230.0,-620.0,,,2,4,,,,,,,,,,,45461,0,0
320994,73605446589194411,,0,1423,460.0,-1030,-300.0,-640.0,,,2,4,,,,,,,,,,,45461,0,0
320995,73605446589194411,,0,1423,406.0,-1030,-300.0,-640.0,,,2,4,,,,,,,,,,,45461,0,0
320996,73605447546509110,,0,1423,273.0,-1030,-250.0,,,,2,4,,,,,,,,,,,45433,0,0
320997,73605447892188492,,0,1423,490.0,-940,-180.0,-590.0,,,2,4,,,,,,,,,,,45461,0,0
320998,73605448472741520,,0,1423,124.0,-1080,-300.0,-690.0,,,2,4,,,,,,,,,,,45461,0,0
320999,73605449361821400,,0,1423,59.0,-1070,-300.0,-680.0,,,2,4,,,,,,,,,,,45461,0,0
321000,73605449609510912,,0,1423,,-850,-110.0,-510.0,50.0,0.0,3,4,,,,,,,43211.0,44200.0,,23055629.0,0,0,0
321001,73605450197193954,,0,1423,489.0,-850,-90.0,-550.0,79.0,,1,4,274.0,9452.0,,,,,,,,,45459,0,0
321002,73605450500033211,,0,3102,489.0,-970,-130.0,-740.0,,,2,4,,,,,,,,,,,45458,0,0
321003,73605450500033211,,0,3102,460.0,-1040,-210.0,-740.0,,,2,4,,,,,,,,,,,45458,0,0
321004,73605450539310386,,0,1423,407.0,-940,-210.0,-630.0,,,2,4,,,,,,,,,,,45461,0,0
321005,73605450539310386,,0,1423,406.0,-1010,-300.0,-620.0,,,2,4,,,,,,,,,,,45461,0,0
321006,73605450539310386,,0,1423,95.0,-1010,-210.0,-640.0,,,2,4,,,,,,,,,,,45461,0,0
321007,73605450539310386,,0,1423,460.0,-1010,-300.0,-610.0,,,2,4,,,,,,,,,,,45461,0,0
321008,73605450545984386,,0,1423,148.0,-1010,-300.0,,,,2,4,,,,,,,,,,,45433,0,0
321009,73605450565045241,,0,3102,95.0,-1170,-300.0,-780.0,,,2,4,,,,,,,,,,,45458,0,0
321010,73605450837419185,,0,1423,356.0,-1030,-220.0,-650.0,,,2,4,,,,,,,,,,,45461,0,0
321011,73605451609167559,,0,1423,273.0,-890,-140.0,-650.0,,,2,4,,,,,,,,,,,45461,0,0
321012,73605451625998433,,0,1423,323.0,-1050,-300.0,-660.0,,,2,4,,,,,,,,,,,45461,0,0
321013,73605451889487064,,0,1423,490.0,-920,-140.0,,,,2,4,,,,,,,,,,,45433,0,0
321014,73605452424429204,,0,1423,124.0,-1060,-300.0,-670.0,,,2,4,,,,,,,,,,,45461,0,0
321015,73605452885158386,,0,450,489.0,-880,-110.0,-670.0,,,2,4,,,,,,,,,,,45458,0,0
321016,73605453115375187,,0,3300,489.0,-1010,-120.0,-790.0,,,2,4,,,,,,,,,,,45458,0,0
321017,73605453115375187,,0,3300,460.0,-1090,-200.0,-800.0,,,2,4,,,,,,,,,,,45458,0,0
321018,73605453130055617,,0,3300,490.0,-970,-100.0,-770.0,,,2,4,,,,,,,,,,,45458,0,0
321019,73605453165760763,,0,3300,95.0,-1110,-220.0,-770.0,,,2,4,,,,,,,,,,,45458,0,0
321020,73605453360284671,,0,1423,59.0,-1040,-210.0,-710.0,,,2,4,,,,,,,,,,,45461,0,0
321021,73605453635983007,,0,1423,496.0,-870,-180.0,,,,2,4,,,,,,,,,,,45433,0,0
321022,73605453882458112,,0,1423,,-850,-90.0,-550.0,80.0,0.0,3,4,,,,,,,43211.0,44200.0,,23055629.0,0,0,0
321023,73605454478116207,,0,1423,460.0,-870,-180.0,-600.0,,,2,4,,,,,,,,,,,45461,0,0
321024,73605454517791071,,0,1423,406.0,-960,-300.0,-570.0,,,2,4,,,,,,,,,,,45461,0,0
321025,73605454904337401,,0,1423,95.0,-1000,-230.0,-660.0,,,2,4,,,,,,,,,,,45461,0,0
321026,73605454969876454,,0,1423,356.0,-1040,-230.0,-660.0,,,2,4,,,,,,,,,,,45461,0,0
321027,73605455652548379,,0,1423,273.0,-920,-170.0,-650.0,,,2,4,,,,,,,,,,,45461,0,0
321028,73605455726474007,,0,1423,148.0,-1040,-300.0,-650.0,,,2,4,,,,,,,,,,,45461,0,0
321029,73605455826520192,,0,1423,490.0,-920,-130.0,-630.0,,,2,4,,,,,,,,,,,45461,0,0
321030,73605456357293601,,0,1423,124.0,-1010,-270.0,,,,2,4,,,,,,,,,,,45433,0,0
321031,73605457682581341,,0,1423,407.0,-1060,-300.0,-670.0,,,2,4,,,,,,,,,,,45461,0,0
321032,73605457780410715,,0,1423,489.0,-850,-80.0,-560.0,77.0,,1,4,274.0,1389.0,,,,,,,,,45459,0,0
321033,73605458022367232,,0,1423,,-850,-100.0,-550.0,30.0,0.0,3,4,,,,,,,43211.0,44200.0,,23055629.0,0,0,0
321034,73605458379448159,,0,3102,490.0,-1060,-150.0,-770.0,,,2,4,,,,,,,,,,,45458,0,0
321035,73605458379448159,,0,3102,460.0,-1040,-190.0,-760.0,,,2,4,,,,,,,,,,,45458,0,0
321036,73605458358011632,,0,1423,496.0,-1010,-300.0,-620.0,,,2,4,,,,,,,,,,,45461,0,0
321037,73605458318631046,,0,3102,489.0,-960,-110.0,-750.0,,,2,4,,,,,,,,,,,45458,0,0
321038,73605458415891539,,0,1423,460.0,-1030,-300.0,-640.0,,,2,4,,,,,,,,,,,45461,0,0
321039,73605458525207835,,0,1423,406.0,-1020,-300.0,-630.0,,,2,4,,,,,,,,,,,45461,0,0
321040,73605458897615004,,0,1423,95.0,-1030,-300.0,-640.0,,,2,4,,,,,,,,,,,45461,0,0
321041,73605459780140047,,0,1423,490.0,-930,-160.0,-620.0,,,2,4,,,,,,,,,,,45461,0,0
321042,73605459780140047,,0,1423,273.0,-880,-200.0,-590.0,,,2,4,,,,,,,,,,,45461,0,0
321043,73605459780140047,,0,1423,148.0,-950,-160.0,-650.0,,,2,4,,,,,,,,,,,45461,0,0
321044,73605459780140047,,0,1423,356.0,-980,-300.0,-590.0,,,2,4,,,,,,,,,,,45461,0,0
321045,73605460545257612,,0,1423,124.0,-990,-260.0,,,,2,4,,,,,,,,,,,45433,0,0
321046,73605461716265634,,0,1423,407.0,-960,-170.0,-650.0,,,2,4,,,,,,,,,,,45461,0,0
321047,73605462008231158,,0,1423,489.0,-850,-110.0,-540.0,83.0,,1,4,274.0,1261.0,,,,,,,,,45459,0,0
321048,73605462011956446,,0,450,489.0,-880,-60.0,-720.0,,,2,4,,,,,,,,,,,45458,0,0
321049,73605462011956446,,0,450,490.0,-980,-150.0,-730.0,,,2,4,,,,,,,,,,,45458,0,0
321050,73605462249439232,,0,1423,,-850,-70.0,-570.0,100.0,0.0,3,4,,,,,,,43211.0,44200.0,,23055629.0,0,0,0
321051,73605462228018060,,0,3300,460.0,-1050,-170.0,-790.0,,,2,4,,,,,,,,,,,45458,0,0
321052,73605462228018060,,0,3300,489.0,-990,-90.0,-800.0,,,2,4,,,,,,,,,,,45458,0,0
321053,73605462228018060,,0,3300,490.0,-970,-80.0,-800.0,,,2,4,,,,,,,,,,,45458,0,0
321054,73605462282582301,,0,3300,95.0,-1050,-200.0,-750.0,,,2,4,,,,,,,,,,,45458,0,0
321055,73605462367502916,,0,1423,460.0,-970,-270.0,,,,2,4,,,,,,,,,,,45433,0,0
321056,73605462511834412,,0,1423,406.0,-1040,-300.0,,,,2,4,,,,,,,,,,,45433,0,0
321057,73605462689221405,,0,3102,489.0,-970,-100.0,-770.0,,,2,4,,,,,,,,,,,45458,0,0
321058,73605462689221405,,0,3102,460.0,-1030,-160.0,-770.0,,,2,4,,,,,,,,,,,45458,0,0
321059,73605462733316203,,0,3102,490.0,-1070,-170.0,-760.0,,,2,4,,,,,,,,,,,45458,0,0
321060,73605462733316203,,0,3102,95.0,-1050,-190.0,-770.0,,,2,4,,,,,,,,,,,45458,0,0
321061,73605462919446342,,0,1423,95.0,-1030,-300.0,-640.0,,,2,4,,,,,,,,,,,45461,0,0
321062,73605464036060581,,0,1423,490.0,-920,-140.0,-620.0,,,2,4,,,,,,,,,,,45461,0,0
321063,73605465119925396,,0,1423,124.0,-1050,-300.0,-660.0,,,2,4,,,,,,,,,,,45461,0,0
321064,73605465250886750,,0,1423,273.0,-980,-300.0,,,,2,4,,,,,,,,,,,45433,0,0
321065,73605465250886750,,0,1423,356.0,-990,-300.0,,,,2,4,,,,,,,,,,,45433,0,0
321066,73605465861792449,,0,1423,407.0,-1040,-300.0,-650.0,,,2,4,,,,,,,,,,,45461,0,0
321067,73605466311268749,,0,1423,460.0,-920,-250.0,,,,2,4,,,,,,,,,,,45433,0,0
321068,73605466465763328,,0,1423,,-850,-110.0,-540.0,70.0,0.0,3,4,,,,,,,43211.0,44200.0,,23055629.0,0,0,0
321069,73605466462040126,,0,1423,406.0,-890,-190.0,-590.0,,,2,4,,,,,,,,,,,45461,0,0
321070,73605466955473901,,0,1423,95.0,-1050,-260.0,,,,2,4,,,,,,,,,,,45433,0,0
321071,73605469117060218,,0,1423,490.0,-910,-120.0,-640.0,,,2,4,,,,,,,,,,,45461,0,0
321072,73605467414080847,,0,3102,489.0,-960,-110.0,-760.0,,,2,4,,,,,,,,,,,45458,0,0
321073,73605467414080847,,0,3102,460.0,-1070,-200.0,-750.0,,,2,4,,,,,,,,,,,45458,0,0
321074,73605468675455009,,0,1423,489.0,-850,-120.0,-510.0,78.0,,1,4,274.0,9881.0,,,,,,,,,45459,0,0
321075,73605468687929623,,0,3102,490.0,-1070,-170.0,-770.0,,,2,4,,,,,,,,,,,45458,0,0
321076,73605468879198022,,0,1423,148.0,-980,-270.0,,,,2,4,,,,,,,,,,,45433,0,0
321077,73605469063754211,,0,1423,124.0,-980,-270.0,,,,2,4,,,,,,,,,,,45433,0,0
321078,73605469640845106,,0,1423,273.0,-930,-270.0,,,,2,4,,,,,,,,,,,45433,0,0
321079,73605470051283487,,0,1423,407.0,-1050,-230.0,-660.0,,,2,4,,,,,,,,,,,45461,0,0
321080,73605470423486477,,0,1423,496.0,-1040,-220.0,-660.0,,,2,4,,,,,,,,,,,45461,0,0
321081,73605470423486477,,0,1423,356.0,-970,-220.0,-660.0,,,2,4,,,,,,,,,,,45461,0,0
321082,73605470423486477,,0,1423,406.0,-1010,-190.0,-660.0,,,2,4,,,,,,,,,,,45461,0,0
321083,73605470423486477,,0,1423,460.0,-1010,-190.0,-660.0,,,2,4,,,,,,,,,,,45461,0,0
321084,73605477174887376,,0,1423,490.0,-920,-140.0,-630.0,,,2,4,,,,,,,,,,,45458,0,0
321085,73605471265866207,,0,1423,95.0,-1030,-290.0,,,,2,4,,,,,,,,,,,45433,0,0
321086,73605476886223285,,0,1423,95.0,-1020,-300.0,-630.0,,,2,4,,,,,,,,,,,45461,0,0
321087,73605476886223285,,0,1423,406.0,-1020,-300.0,-630.0,,,2,4,,,,,,,,,,,45461,0,0
321088,73605476886223285,,0,1423,124.0,-1070,-300.0,-680.0,,,2,4,,,,,,,,,,,45461,0,0
321089,73605476893336285,,0,1423,356.0,-950,-190.0,,,,2,4,,,,,,,,,,,45433,0,0
321090,73605476886223285,,0,1423,460.0,-1020,-300.0,-630.0,,,2,4,,,,,,,,,,,45461,0,0
321091,73605476886223285,,0,1423,323.0,-940,-170.0,-660.0,,,2,4,,,,,,,,,,,45461,0,0
321092,73605476886223285,,0,1423,273.0,-1040,-300.0,-650.0,,,2,4,,,,,,,,,,,45461,0,0
321093,73605468126327905,,0,1423,475.0,-960,-220.0,-650.0,,,2,4,,,,,,,,,,,45461,0,0
321094,73605468133319905,,0,1423,475.0,-960,-220.0,,,,2,4,,,,,,,,,,,45433,0,0
321095,73605468139064763,,0,1423,475.0,-1030,-300.0,-640.0,,,2,4,,,,,,,,,,,45461,0,0
321096,73605468146057763,,0,1423,475.0,-1020,-240.0,,,,2,4,,,,,,,,,,,45433,0,0
321097,73605468657256279,,0,450,489.0,-880,-70.0,-720.0,,,2,4,,,,,,,,,,,45458,0,0
321098,73605469372242449,,0,1423,300.0,-1010,-220.0,-620.0,,,2,4,,,,,,,,,,,45461,0,0
321099,73605469732509969,,0,3300,490.0,-970,-70.0,-810.0,,,2,4,,,,,,,,,,,45458,0,0
321100,73605477107634064,,0,1423,489.0,-850,-90.0,-540.0,62.0,,1,4,274.0,1389.0,,,,,,,,,45459,0,0
321101,73605476900798464,,0,1423,,-850,-80.0,-570.0,100.0,0.0,3,4,,,,,,,43211.0,44200.0,,23055629.0,0,0,0
321102,73605477057251523,,0,1423,148.0,-1020,-300.0,-630.0,,,2,4,,,,,,,,,,,45461,0,0
321103,73605477057251523,,0,1423,407.0,-980,-200.0,-630.0,,,2,4,,,,,,,,,,,45461,0,0
321104,73605477111342011,,0,450,489.0,-880,-60.0,-720.0,,,2,4,,,,,,,,,,,45458,0,0
321105,73605477487102370,,0,3102,490.0,-1040,-180.0,-750.0,,,2,4,,,,,,,,,,,45458,0,0
321106,73605477394773748,,0,3102,489.0,-950,-90.0,-760.0,,,2,4,,,,,,,,,,,45458,0,0
321107,73605477394773748,,0,3102,460.0,-1160,-300.0,-770.0,,,2,4,,,,,,,,,,,45458,0,0
321108,73605477487102370,,0,3102,95.0,-1050,-180.0,-770.0,,,2,4,,,,,,,,,,,45458,0,0
321109,73605479987747392,,0,1423,496.0,-1010,-300.0,-620.0,,,2,4,,,,,,,,,,,45461,0,0
321110,73605480508392307,,0,3300,460.0,-1050,-170.0,-790.0,,,2,4,,,,,,,,,,,45458,0,0
321111,73605480508392307,,0,3300,489.0,-990,-90.0,-800.0,,,2,4,,,,,,,,,,,45458,0,0
321112,73605480508392307,,0,3300,95.0,-1060,-190.0,-780.0,,,2,4,,,,,,,,,,,45458,0,0
321113,73605480508392307,,0,3300,490.0,-970,-70.0,-800.0,,,2,4,,,,,,,,,,,45458,0,0
321114,73605480831886087,,0,1423,95.0,-1000,-190.0,-650.0,,,2,4,,,,,,,,,,,45461,0,0
321115,73605480839086087,,0,1423,356.0,-970,-220.0,,,,2,4,,,,,,,,,,,45433,0,0
321116,73605480831886087,,0,1423,460.0,-980,-190.0,-660.0,,,2,4,,,,,,,,,,,45461,0,0
321117,73605480831886087,,0,1423,273.0,-1050,-300.0,-660.0,,,2,4,,,,,,,,,,,45461,0,0
321118,73605480831886087,,0,1423,124.0,-1060,-300.0,-670.0,,,2,4,,,,,,,,,,,45461,0,0
321119,73605480831886087,,0,1423,406.0,-940,-170.0,-630.0,,,2,4,,,,,,,,,,,45461,0,0
321120,73605481083568128,,0,1423,,-850,-110.0,-540.0,100.0,0.0,3,4,,,,,,,43211.0,44200.0,,23055629.0,0,0,0
321121,73605481162645079,,0,425,90.0,-1120,-180.0,-830.0,,,2,4,,,,,,,,,,,45458,0,0
321122,73605481214462653,,0,1423,490.0,-910,-140.0,-620.0,,,2,4,,,,,,,,,,,45461,0,0
321123,73605481214462653,,0,1423,323.0,-1040,-250.0,-650.0,,,2,4,,,,,,,,,,,45461,0,0
321124,73605481355778780,,0,1423,148.0,-880,-260.0,,,,2,4,,,,,,,,,,,45433,0,0
321125,73605481361209769,,0,1423,59.0,-1000,-300.0,-610.0,,,2,4,,,,,,,,,,,45461,0,0
321126,73605484073127003,,0,1423,335.0,-880,-200.0,-560.0,,,2,4,,,,,,,,,,,45461,0,0
321127,73605484080363003,,0,1423,335.0,-910,-270.0,,,,2,4,,,,,,,,,,,45433,0,0
321128,73605484781174895,,0,1423,124.0,-950,-190.0,-650.0,,,2,4,,,,,,,,,,,45461,0,0
321129,73605484781174895,,0,1423,406.0,-970,-220.0,-640.0,,,2,4,,,,,,,,,,,45461,0,0
321130,73605484781174895,,0,1423,95.0,-960,-170.0,-640.0,,,2,4,,,,,,,,,,,45461,0,0
321131,73605484788419895,,0,1423,460.0,-1030,-300.0,,,,2,4,,,,,,,,,,,45433,0,0
321132,73605484797993401,,0,1423,273.0,-1040,-300.0,-650.0,,,2,4,,,,,,,,,,,45461,0,0
321133,73605484962354670,,0,1423,182.0,-930,-210.0,-610.0,,,2,4,,,,,,,,,,,45461,0,0
321134,73605484969603670,,0,1423,182.0,-950,-270.0,,,,2,4,,,,,,,,,,,45433,0,0
321135,73605484979076193,,0,1423,182.0,-1060,-300.0,-670.0,,,2,4,,,,,,,,,,,45461,0,0
321136,73605484986326193,,0,1423,182.0,-1040,-280.0,,,,2,4,,,,,,,,,,,45433,0,0
321137,73605484992501177,,0,1423,182.0,-1050,-230.0,-670.0,,,2,4,,,,,,,,,,,45461,0,0
321138,73605484999752177,,0,1423,182.0,-1050,-260.0,,,,2,4,,,,,,,,,,,45433,0,0
321139,73605485016531909,,0,1423,182.0,-990,-240.0,,,,2,4,,,,,,,,,,,45433,0,0
321140,73605485009279909,,0,1423,182.0,-980,-200.0,-660.0,,,2,4,,,,,,,,,,,45461,0,0
321141,73605485146959983,,0,1423,490.0,-930,-150.0,-620.0,,,2,4,,,,,,,,,,,45461,0,0
321142,73605485146959983,,0,1423,323.0,-990,-240.0,-660.0,,,2,4,,,,,,,,,,,45461,0,0
321143,73605485160640687,,0,1423,489.0,-850,-80.0,-560.0,100.0,,1,4,274.0,1389.0,,,,,,,,,45459,0,0
321144,73605485165938791,,0,450,489.0,-880,-60.0,-730.0,,,2,4,,,,,,,,,,,45458,0,0
321145,73605485333053440,,0,1423,,-850,-100.0,-540.0,50.0,0.0,3,4,,,,,,,43211.0,44200.0,,23055629.0,0,0,0
321146,73605485601245766,,0,3102,490.0,-1050,-170.0,-780.0,,,2,4,,,,,,,,,,,45458,0,0
321147,73605485649479730,,0,3102,489.0,-960,-90.0,-780.0,,,2,4,,,,,,,,,,,45458,0,0
321148,73605485665945953,,0,1423,148.0,-990,-300.0,-600.0,,,2,4,,,,,,,,,,,45461,0,0
321149,73605485695618366,,0,3102,460.0,-1010,-170.0,-750.0,,,2,4,,,,,,,,,,,45458,0,0
321150,73605485803572827,,0,1423,356.0,-1020,-200.0,-660.0,,,2,4,,,,,,,,,,,45461,0,0
321151,73605485978064495,,0,1423,407.0,-990,-200.0,-630.0,,,2,4,,,,,,,,,,,45461,0,0
321152,73605486041075188,,0,1423,347.0,-970,-300.0,-580.0,,,2,4,,,,,,,,,,,45461,0,0
321153,73605486442198758,,0,425,90.0,-1200,-300.0,-810.0,,,2,4,,,,,,,,,,,45458,0,0
321154,73605488863657661,,0,1423,74.0,-970,-190.0,-610.0,,,2,4,,,,,,,,,,,45461,0,0
321155,73605488863657661,,0,1423,273.0,-880,-180.0,-610.0,,,2,4,,,,,,,,,,,45461,0,0
321156,73605488863657661,,0,1423,95.0,-1040,-300.0,-640.0,,,2,4,,,,,,,,,,,45461,0,0
321157,73605488863657661,,0,1423,124.0,-1070,-300.0,-680.0,,,2,4,,,,,,,,,,,45461,0,0
321158,73605488863657661,,0,1423,406.0,-950,-210.0,-650.0,,,2,4,,,,,,,,,,,45461,0,0
321159,73605488870975661,,0,1423,74.0,-980,-240.0,,,,2,4,,,,,,,,,,,45433,0,0
321160,73605488880493774,,0,1423,460.0,-980,-190.0,-630.0,,,2,4,,,,,,,,,,,45461,0,0
321161,73605488887812774,,0,1423,74.0,-1020,-270.0,,,,2,4,,,,,,,,,,,45433,0,0
321162,73605488891037433,,0,1423,74.0,-980,-300.0,-590.0,,,2,4,,,,,,,,,,,45461,0,0
321163,73605488880493774,,0,1423,74.0,-1030,-300.0,-640.0,,,2,4,,,,,,,,,,,45461,0,0
321164,73605488898357433,,0,1423,74.0,-1000,-270.0,,,,2,4,,,,,,,,,,,45433,0,0
321165,73605489252899757,,0,1423,490.0,-890,-140.0,-600.0,,,2,4,,,,,,,,,,,45461,0,0
321166,73605489421390888,,0,1423,323.0,-970,-220.0,,,,2,4,,,,,,,,,,,45433,0,0
321167,73605489609539584,,0,1423,,-840,-90.0,-510.0,90.0,0.0,3,4,,,,,,,43211.0,44200.0,,23055629.0,0,0,0
321168,73605489705884144,,0,1423,148.0,-1020,-300.0,-630.0,,,2,4,,,,,,,,,,,45461,0,0
321169,73605489776400325,,0,1423,256.0,-930,-190.0,-610.0,,,2,4,,,,,,,,,,,45461,0,0
321170,73605489776400325,,0,1423,356.0,-1050,-230.0,-660.0,,,2,4,,,,,,,,,,,45461,0,0
321171,73605489783732325,,0,1423,256.0,-930,-190.0,,,,2,4,,,,,,,,,,,45433,0,0
321172,73605489793177521,,0,1423,256.0,-1020,-300.0,-630.0,,,2,4,,,,,,,,,,,45461,0,0
321173,73605489800510521,,0,1423,256.0,-1010,-220.0,,,,2,4,,,,,,,,,,,45433,0,0
321174,73605489809954555,,0,1423,256.0,-1000,-300.0,-610.0,,,2,4,,,,,,,,,,,45461,0,0
321175,73605489817288555,,0,1423,256.0,-1000,-240.0,,,,2,4,,,,,,,,,,,45433,0,0
321176,73605489828456561,,0,1423,256.0,-1030,-300.0,-640.0,,,2,4,,,,,,,,,,,45461,0,0
321177,73605489835791561,,0,1423,256.0,-1030,-260.0,,,,2,4,,,,,,,,,,,45433,0,0
321178,73605490212644158,,0,1423,496.0,-1050,-300.0,-660.0,,,2,4,,,,,,,,,,,45461,0,0
321179,73605490326143419,,0,3300,490.0,-970,-80.0,-800.0,,,2,4,,,,,,,,,,,45458,0,0
321180,73605490326143419,,0,3300,460.0,-1110,-200.0,-810.0,,,2,4,,,,,,,,,,,45458,0,0
321181,73605490326143419,,0,3300,95.0,-1080,-180.0,-810.0,,,2,4,,,,,,,,,,,45458,0,0
321182,73605490326143419,,0,3300,489.0,-1000,-100.0,-800.0,,,2,4,,,,,,,,,,,45458,0,0
321183,73605490735930057,,0,450,489.0,-880,-50.0,-740.0,,,2,4,,,,,,,,,,,45458,0,0
321184,73605490730632242,,0,1423,489.0,-850,-120.0,-520.0,89.0,,1,4,274.0,1773.0,,,,,,,,,45459,0,0
321185,73605491337284125,,0,3102,489.0,-970,-110.0,-760.0,,,2,4,,,,,,,,,,,45458,0,0
321186,73605491388126372,,0,1423,407.0,-1010,-300.0,,,,2,4,,,,,,,,,,,45433,0,0
321187,73605491372940170,,0,3102,460.0,-1030,-170.0,-770.0,,,2,4,,,,,,,,,,,45458,0,0
321188,73605491372940170,,0,3102,95.0,-1030,-160.0,-770.0,,,2,4,,,,,,,,,,,45458,0,0
321189,73605491748323703,,0,425,90.0,-1230,-300.0,-840.0,,,2,4,,,,,,,,,,,45458,0,0
321190,73605492949525675,,0,1423,273.0,-1040,-300.0,-650.0,,,2,4,,,,,,,,,,,45461,0,0
321191,73605492949525675,,0,1423,460.0,-1020,-300.0,-630.0,,,2,4,,,,,,,,,,,45461,0,0
321192,73605492949525675,,0,1423,124.0,-1060,-300.0,-670.0,,,2,4,,,,,,,,,,,45461,0,0
321193,73605492971020489,,0,1423,95.0,-1020,-300.0,-630.0,,,2,4,,,,,,,,,,,45461,0,0
321194,73605492987797585,,0,1423,406.0,-1020,-300.0,-630.0,,,2,4,,,,,,,,,,,45461,0,0
321195,73605493491150675,,0,1423,490.0,-900,-150.0,-580.0,,,2,4,,,,,,,,,,,45461,0,0
321196,73605493709310749,,0,1423,148.0,-950,-200.0,-650.0,,,2,4,,,,,,,,,,,45461,0,0
321197,73605493773369344,,0,1423,,-850,-80.0,-570.0,90.0,0.0,3,4,,,,,,,43211.0,44200.0,,23055629.0,0,0,0
321198,73605494269680587,,0,1423,323.0,-960,-300.0,-570.0,,,2,4,,,,,,,,,,,45461,0,0
321199,73605495648696235,,0,1423,407.0,-940,-210.0,-630.0,,,2,4,,,,,,,,,,,45461,0,0
321200,73605495749248189,,0,1423,356.0,-1030,-220.0,-660.0,,,2,4,,,,,,,,,,,45461,0,0
321201,73605495859023090,,0,1423,489.0,-850,-70.0,-570.0,112.0,,1,4,274.0,8482.0,,,,,,,,,45459,0,0
321202,73605495872859798,,0,3300,489.0,-1000,-110.0,-790.0,,,2,4,,,,,,,,,,,45458,0,0
321203,73605495872859798,,0,3300,95.0,-1080,-180.0,-800.0,,,2,4,,,,,,,,,,,45458,0,0
321204,73605495887540118,,0,3300,490.0,-970,-90.0,-790.0,,,2,4,,,,,,,,,,,45458,0,0
321205,73605495872859798,,0,3300,460.0,-1070,-170.0,-800.0,,,2,4,,,,,,,,,,,45458,0,0
321206,73605495912207766,,0,1423,425.0,-1030,-300.0,-640.0,,,2,4,,,,,,,,,,,45461,0,0
321207,73605495919659766,,0,1423,425.0,-1030,-300.0,,,,2,4,,,,,,,,,,,45433,0,0
321208,73605495933385176,,0,1423,425.0,-1020,-300.0,-630.0,,,2,4,,,,,,,,,,,45461,0,0
321209,73605495940838176,,0,1423,425.0,-1020,-300.0,,,,2,4,,,,,,,,,,,45433,0,0
321210,73605496467981507,,0,3102,490.0,-1060,-150.0,-770.0,,,2,4,,,,,,,,,,,45458,0,0
321211,73605496453302013,,0,3102,489.0,-960,-80.0,-790.0,,,2,4,,,,,,,,,,,45458,0,0
321212,73605496453302013,,0,3102,460.0,-1040,-200.0,-740.0,,,2,4,,,,,,,,,,,45458,0,0
321213,73605496708572531,,0,450,489.0,-870,-70.0,-700.0,,,2,4,,,,,,,,,,,45458,0,0
321214,73605496904761318,,0,1423,460.0,-1020,-220.0,-650.0,,,2,4,,,,,,,,,,,45458,0,0
321215,73605496970880980,,0,425,90.0,-1140,-190.0,-840.0,,,2,4,,,,,,,,,,,45458,0,0
321216,73605496996208919,,0,1423,95.0,-970,-200.0,-630.0,,,2,4,,,,,,,,,,,45461,0,0
321217,73605496996208919,,0,1423,273.0,-910,-210.0,-600.0,,,2,4,,,,,,,,,,,45461,0,0
321218,73605496996208919,,0,1423,406.0,-1020,-300.0,-630.0,,,2,4,,,,,,,,,,,45461,0,0
321219,73605496996208919,,0,1423,124.0,-1070,-300.0,-680.0,,,2,4,,,,,,,,,,,45461,0,0
321220,73605497003692919,,0,1423,496.0,-950,-250.0,,,,2,4,,,,,,,,,,,45433,0,0
321221,73605497480182072,,0,1423,490.0,-900,-130.0,,,,2,4,,,,,,,,,,,45433,0,0
321222,73605497735195481,,0,1423,148.0,-1020,-270.0,,,,2,4,,,,,,,,,,,45433,0,0
321223,73605498088718336,,0,1423,,-850,-100.0,-520.0,100.0,0.0,3,4,,,,,,,43211.0,44200.0,,23055629.0,0,0,0
321224,73605499049741112,,0,1423,323.0,-960,-300.0,-570.0,,,2,4,,,,,,,,,,,45461,0,0
321225,73605500125809431,,0,1423,489.0,-850,-100.0,-540.0,127.0,,1,4,274.0,1261.0,,,,,,,,,45459,0,0
321226,73605500405943784,,0,3102,489.0,-960,-100.0,-770.0,,,2,4,,,,,,,,,,,45458,0,0
321227,73605500405943784,,0,3102,490.0,-1090,-190.0,-770.0,,,2,4,,,,,,,,,,,45458,0,0
321228,73605500460507972,,0,3102,95.0,-1100,-210.0,-750.0,,,2,4,,,,,,,,,,,45458,0,0
321229,73605500460507972,,0,3102,460.0,-1140,-300.0,-750.0,,,2,4,,,,,,,,,,,45458,0,0
321230,73605500696695963,,0,1423,356.0,-970,-250.0,,,,2,4,,,,,,,,,,,45433,0,0
321231,73605500853636650,,0,1423,460.0,-900,-190.0,-610.0,,,2,4,,,,,,,,,,,45461,0,0
321232,73605500901750527,,0,3300,490.0,-980,-90.0,-780.0,,,2,4,,,,,,,,,,,45458,0,0
321233,73605500901750527,,0,3300,95.0,-1060,-170.0,-800.0,,,2,4,,,,,,,,,,,45458,0,0
321234,73605500901750527,,0,3300,460.0,-1180,-300.0,-790.0,,,2,4,,,,,,,,,,,45458,0,0
321235,73605500901750527,,0,3300,489.0,-990,-120.0,-780.0,,,2,4,,,,,,,,,,,45458,0,0
321236,73605500979344350,,0,3300,281.0,-1080,-180.0,-790.0,,,2,4,,,,,,,,,,,45458,0,0
321237,73605501555597763,,0,1423,490.0,-940,-190.0,-590.0,,,2,4,,,,,,,,,,,45461,0,0
321238,73605501563147763,,0,1423,406.0,-930,-270.0,,,,2,4,,,,,,,,,,,45433,0,0
321239,73605501301528323,,0,1423,95.0,-1040,-300.0,,,,2,4,,,,,,,,,,,45433,0,0
321240,73605502075743251,,0,1423,148.0,-1030,-300.0,-640.0,,,2,4,,,,,,,,,,,45461,0,0
321241,73605502104998395,,0,1423,407.0,-1030,-300.0,-640.0,,,2,4,,,,,,,,,,,45461,0,0
321242,73605502325620736,,0,1423,,-850,-80.0,-570.0,100.0,0.0,3,4,,,,,,,43211.0,44200.0,,23055629.0,0,0,0
321243,73605502317383273,,0,1423,496.0,-980,-190.0,-660.0,,,2,4,,,,,,,,,,,45461,0,0
321244,73605502317383273,,0,1423,124.0,-980,-200.0,-680.0,,,2,4,,,,,,,,,,,45461,0,0
321245,73605502334217895,,0,1423,273.0,-1050,-300.0,-660.0,,,2,4,,,,,,,,,,,45461,0,0
321246,73605503401486478,,0,425,90.0,-1150,-200.0,-830.0,,,2,4,,,,,,,,,,,45458,0,0
321247,73605504627378734,,0,450,489.0,-880,-60.0,-720.0,,,2,4,,,,,,,,,,,45458,0,0
321248,73605504622080795,,0,1423,489.0,-850,-90.0,-550.0,37.0,,1,4,274.0,1645.0,,,,,,,,,45459,0,0
321249,73605504840501972,,0,3300,95.0,-1090,-170.0,-820.0,,,2,4,,,,,,,,,,,45458,0,0
321250,73605504840501972,,0,3300,460.0,-1100,-180.0,-820.0,,,2,4,,,,,,,,,,,45458,0,0
321251,73605504840501972,,0,3300,490.0,-970,-80.0,-800.0,,,2,4,,,,,,,,,,,45458,0,0
321252,73605504840501972,,0,3300,489.0,-1010,-100.0,-800.0,,,2,4,,,,,,,,,,,45458,0,0
321253,73605504979799047,,0,1423,460.0,-1020,-300.0,-620.0,,,2,4,,,,,,,,,,,45461,0,0
321254,73605505318695982,,0,1423,95.0,-1000,-300.0,-610.0,,,2,4,,,,,,,,,,,45461,0,0
321255,73605505513315030,,0,1423,406.0,-940,-190.0,-590.0,,,2,4,,,,,,,,,,,45461,0,0
321256,73605505520930030,,0,1423,490.0,-940,-170.0,,,,2,4,,,,,,,,,,,45433,0,0
321257,73605506091098402,,0,1423,148.0,-1010,-300.0,,,,2,4,,,,,,,,,,,45433,0,0
321258,73605506480340992,,0,1423,,-850,-90.0,-510.0,70.0,0.0,3,4,,,,,,,43211.0,44200.0,,23055629.0,0,0,0
321259,73605506540505617,,0,1423,496.0,-1040,-300.0,-650.0,,,2,4,,,,,,,,,,,45461,0,0
321260,73605506540505617,,0,1423,273.0,-1050,-300.0,-660.0,,,2,4,,,,,,,,,,,45461,0,0
321261,73605506540505617,,0,1423,124.0,-1070,-300.0,-680.0,,,2,4,,,,,,,,,,,45461,0,0
321262,73605506548126617,,0,1423,356.0,-1060,-300.0,,,,2,4,,,,,,,,,,,45433,0,0
321263,73605508194552521,,0,1423,323.0,-1030,-250.0,,,,2,4,,,,,,,,,,,45433,0,0
321264,73605508231504166,,0,425,90.0,-1020,-200.0,-720.0,,,2,4,,,,,,,,,,,45458,0,0
321265,73605508345187212,,0,1423,448.0,-1020,-300.0,-630.0,,,2,4,,,,,,,,,,,45461,0,0
321266,73605508362019097,,0,1423,407.0,-1050,-300.0,-660.0,,,2,4,,,,,,,,,,,45461,0,0
321267,73605508362019097,,0,1423,448.0,-1020,-300.0,-630.0,,,2,4,,,,,,,,,,,45461,0,0
321268,73605508352834212,,0,1423,448.0,-1020,-300.0,,,,2,4,,,,,,,,,,,45433,0,0
321269,73605508369667097,,0,1423,448.0,-1020,-300.0,,,,2,4,,,,,,,,,,,45433,0,0
321270,73605508855198913,,0,450,489.0,-880,-60.0,-710.0,,,2,4,,,,,,,,,,,45458,0,0
321271,73605508857560282,,0,1423,489.0,-850,-90.0,-560.0,97.0,,1,4,274.0,1517.0,,,,,,,,,45459,0,0
321272,73605508917170654,,0,1423,460.0,-1050,-300.0,-660.0,,,2,4,,,,,,,,,,,45458,0,0
321273,73605509190948181,,0,3102,460.0,-1150,-300.0,-760.0,,,2,4,,,,,,,,,,,45458,0,0
321274,73605509190948181,,0,3102,490.0,-1060,-150.0,-780.0,,,2,4,,,,,,,,,,,45458,0,0
321275,73605509190948181,,0,3102,489.0,-960,-90.0,-780.0,,,2,4,,,,,,,,,,,45458,0,0
321276,73605509252297413,,0,1423,95.0,-960,-300.0,-570.0,,,2,4,,,,,,,,,,,45461,0,0
321277,73605509256016596,,0,3102,95.0,-1010,-150.0,-750.0,,,2,4,,,,,,,,,,,45458,0,0
321278,73605509467103646,,0,1423,406.0,-1020,-210.0,-650.0,,,2,4,,,,,,,,,,,45461,0,0
321279,73605509467103646,,0,1423,490.0,-920,-140.0,-630.0,,,2,4,,,,,,,,,,,45461,0,0
321280,73605510269059280,,0,1423,148.0,-970,-190.0,-630.0,,,2,4,,,,,,,,,,,45461,0,0
321281,73605510771900416,,0,1423,,-850,-80.0,-570.0,100.0,0.0,3,4,,,,,,,43211.0,44200.0,,23055629.0,0,0,0
321282,73605510743088025,,0,1423,273.0,-940,-260.0,,,,2,4,,,,,,,,,,,45433,0,0
321283,73605510752069366,,0,1423,124.0,-940,-180.0,-660.0,,,2,4,,,,,,,,,,,45461,0,0
321284,73605510768901792,,0,1423,356.0,-1040,-300.0,-650.0,,,2,4,,,,,,,,,,,45461,0,0
321285,73605511446103739,,0,3300,95.0,-1110,-220.0,-770.0,,,2,4,,,,,,,,,,,45458,0,0
321286,73605511446103739,,0,3300,490.0,-970,-100.0,-770.0,,,2,4,,,,,,,,,,,45458,0,0
321287,73605511446103739,,0,3300,460.0,-1040,-160.0,-780.0,,,2,4,,,,,,,,,,,45458,0,0
321288,73605511446103739,,0,3300,489.0,-1000,-120.0,-770.0,,,2,4,,,,,,,,,,,45458,0,0
321289,73605513121783233,,0,1423,460.0,-870,-180.0,-600.0,,,2,4,,,,,,,,,,,45461,0,0
321290,73605513416956923,,0,1423,95.0,-990,-230.0,-660.0,,,2,4,,,,,,,,,,,45461,0,0
321291,73605513416956923,,0,1423,406.0,-990,-240.0,-660.0,,,2,4,,,,,,,,,,,45461,0,0
321292,73605513416956923,,0,1423,490.0,-920,-130.0,-640.0,,,2,4,,,,,,,,,,,45461,0,0
321293,73605514866604551,,0,1423,407.0,-1000,-230.0,-620.0,,,2,4,,,,,,,,,,,45461,0,0
321294,73605514866604551,,0,1423,148.0,-980,-200.0,-620.0,,,2,4,,,,,,,,,,,45461,0,0
321295,73605514921321609,,0,1423,124.0,-1070,-300.0,,,,2,4,,,,,,,,,,,45433,0,0
321296,73605515189878784,,0,1423,,-850,-90.0,-570.0,90.0,0.0,3,4,,,,,,,43211.0,44200.0,,23055629.0,0,0,0
321297,73605515403416763,,0,1423,273.0,-990,-300.0,-600.0,,,2,4,,,,,,,,,,,45461,0,0
321298,73605515497314577,,0,450,489.0,-880,-50.0,-740.0,,,2,4,,,,,,,,,,,45458,0,0
321299,73605515493644956,,0,1423,489.0,-850,-90.0,-560.0,89.0,,1,4,274.0,1901.0,,,,,,,,,45459,0,0
321300,73605515560899888,,0,1423,323.0,-1050,-300.0,-660.0,,,2,4,,,,,,,,,,,45458,0,0
321301,73605515578148443,,0,3102,489.0,-960,-90.0,-780.0,,,2,4,,,,,,,,,,,45458,0,0
321302,73605515578148443,,0,3102,490.0,-1040,-170.0,-780.0,,,2,4,,,,,,,,,,,45458,0,0
321303,73605515670477194,,0,3102,406.0,-1070,-190.0,-770.0,,,2,4,,,,,,,,,,,45458,0,0
321304,73605515670477194,,0,3102,460.0,-1040,-170.0,-770.0,,,2,4,,,,,,,,,,,45458,0,0
321305,73605517057451450,,0,1423,460.0,-1000,-270.0,,,,2,4,,,,,,,,,,,45433,0,0
321306,73605517314646226,,0,1423,59.0,-1050,-190.0,-730.0,,,2,4,,,,,,,,,,,45461,0,0
321307,73605517435379743,,0,1423,95.0,-1020,-300.0,-630.0,,,2,4,,,,,,,,,,,45461,0,0
321308,73605517435379743,,0,1423,490.0,-910,-140.0,-620.0,,,2,4,,,,,,,,,,,45461,0,0
321309,73605517341843416,,0,425,90.0,-1060,-180.0,-780.0,,,2,4,,,,,,,,,,,45458,0,0
321310,73605517650130824,,0,1423,406.0,-940,-200.0,-650.0,,,2,4,,,,,,,,,,,45461,0,0
321311,73605517804103375,,0,1423,356.0,-970,-220.0,,,,2,4,,,,,,,,,,,45433,0,0
321312,73605518783047105,,0,3300,95.0,-1070,-160.0,-810.0,,,2,4,,,,,,,,,,,45458,0,0
321313,73605518783047105,,0,3300,460.0,-1090,-190.0,-810.0,,,2,4,,,,,,,,,,,45458,0,0
321314,73605518783047105,,0,3300,489.0,-1000,-110.0,-790.0,,,2,4,,,,,,,,,,,45458,0,0
321315,73605518783047105,,0,3300,490.0,-980,-90.0,-790.0,,,2,4,,,,,,,,,,,45458,0,0
321316,73605519383330816,,0,1423,,-850,-90.0,-530.0,120.0,0.0,3,4,,,,,,,43211.0,44200.0,,23055629.0,0,0,0
321317,73605519879190408,,0,1423,273.0,-1050,-300.0,-660.0,,,2,4,,,,,,,,,,,45461,0,0
321318,73605520601275874,,0,1423,323.0,-890,-210.0,-590.0,,,2,4,,,,,,,,,,,45461,0,0
321319,73605520625991572,,0,1423,124.0,-1070,-300.0,,,,2,4,,,,,,,,,,,45433,0,0
321320,73605520960300256,,0,1423,281.0,-1020,-260.0,-660.0,,,2,4,,,,,,,,,,,45461,0,0
321321,73605520968135256,,0,1423,281.0,-1020,-260.0,,,,2,4,,,,,,,,,,,45433,0,0
321322,73605521280197077,,0,1423,460.0,-1010,-300.0,,,,2,4,,,,,,,,,,,45433,0,0
321323,73605521523962715,,0,1423,490.0,-920,-150.0,-610.0,,,2,4,,,,,,,,,,,45461,0,0
321324,73605521523962715,,0,1423,95.0,-950,-210.0,-640.0,,,2,4,,,,,,,,,,,45461,0,0
321325,73605521718587937,,0,1423,406.0,-970,-220.0,-650.0,,,2,4,,,,,,,,,,,45461,0,0
321326,73605522614628721,,0,1423,59.0,-900,-220.0,-590.0,,,2,4,,,,,,,,,,,45461,0,0
321327,73605522808456015,,0,1423,489.0,-850,-70.0,-570.0,103.0,,1,4,274.0,1517.0,,,,,,,,,45459,0,0
321328,73605522813754516,,0,450,489.0,-880,-100.0,-680.0,,,2,4,,,,,,,,,,,45458,0,0
321329,73605523160662060,,0,3300,460.0,-1070,-160.0,-810.0,,,2,4,,,,,,,,,,,45458,0,0
321330,73605523160662060,,0,3300,490.0,-970,-80.0,-800.0,,,2,4,,,,,,,,,,,45458,0,0
321331,73605523160662060,,0,3300,489.0,-1010,-110.0,-800.0,,,2,4,,,,,,,,,,,45458,0,0
321332,73605523160662060,,0,3300,95.0,-1070,-160.0,-820.0,,,2,4,,,,,,,,,,,45458,0,0
321333,73605523185796465,,0,1423,407.0,-1000,-300.0,-610.0,,,2,4,,,,,,,,,,,45461,0,0
321334,73605523574226944,,0,1423,,-850,-80.0,-550.0,50.0,0.0,3,4,,,,,,,43211.0,44200.0,,23055629.0,0,0,0
321335,73605523611581962,,0,1423,148.0,-970,-180.0,,,,2,4,,,,,,,,,,,45433,0,0
321336,73605524161879585,,0,1423,273.0,-1040,-300.0,,,,2,4,,,,,,,,,,,45433,0,0
321337,73605524759912604,,0,1423,356.0,-1050,-300.0,-660.0,,,2,4,,,,,,,,,,,45461,0,0
321338,73605524759912604,,0,1423,124.0,-1070,-300.0,-680.0,,,2,4,,,,,,,,,,,45461,0,0
321339,73605524929140667,,0,1423,311.0,-990,-250.0,-650.0,,,2,4,,,,,,,,,,,45461,0,0
321340,73605525308309517,,0,1423,460.0,-1030,-220.0,-660.0,,,2,4,,,,,,,,,,,45461,0,0
321341,73605525489601361,,0,1423,490.0,-910,-150.0,-620.0,,,2,4,,,,,,,,,,,45461,0,0
321342,73605525489601361,,0,1423,95.0,-1030,-300.0,-640.0,,,2,4,,,,,,,,,,,45461,0,0
321343,73605525489601361,,0,1423,323.0,-1040,-240.0,-650.0,,,2,4,,,,,,,,,,,45461,0,0
321344,73605525764643982,,0,1423,406.0,-1020,-300.0,-630.0,,,2,4,,,,,,,,,,,45461,0,0
321345,73605525929105099,,0,1423,496.0,-1050,-300.0,-660.0,,,2,4,,,,,,,,,,,45461,0,0
321346,73605527569964983,,0,1423,407.0,-1010,-230.0,-630.0,,,2,4,,,,,,,,,,,45461,0,0
321347,73605527706686123,,0,1423,489.0,-850,-70.0,-570.0,131.0,,1,4,274.0,8811.0,,,,,,,,,45459,0,0
321348,73605527718631077,,0,3300,490.0,-980,-80.0,-800.0,,,2,4,,,,,,,,,,,45458,0,0
321349,73605527718631077,,0,3300,489.0,-1000,-100.0,-800.0,,,2,4,,,,,,,,,,,45458,0,0
321350,73605527718631077,,0,3300,460.0,-1120,-210.0,-820.0,,,2,4,,,,,,,,,,,45458,0,0
321351,73605527718631077,,0,3300,95.0,-1060,-150.0,-810.0,,,2,4,,,,,,,,,,,45458,0,0
321352,73605527788420193,,0,1423,148.0,-930,-270.0,,,,2,4,,,,,,,,,,,45433,0,0
321353,73605527956750336,,0,1423,,-850,-80.0,-560.0,110.0,0.0,3,4,,,,,,,43211.0,44200.0,,23055629.0,0,0,0
321354,73605527981093321,,0,450,489.0,-880,-40.0,-740.0,,,2,4,,,,,,,,,,,45458,0,0
321355,73605528261528446,,0,3300,281.0,-1090,-180.0,-780.0,,,2,4,,,,,,,,,,,45458,0,0
321356,73605528331642250,,0,1423,273.0,-1050,-300.0,,,,2,4,,,,,,,,,,,45433,0,0
321357,73605528743052649,,0,1423,124.0,-1040,-300.0,-650.0,,,2,4,,,,,,,,,,,45461,0,0
321358,73605529266495786,,0,1423,460.0,-900,-190.0,-620.0,,,2,4,,,,,,,,,,,45461,0,0
321359,73605529266495786,,0,1423,356.0,-970,-300.0,-580.0,,,2,4,,,,,,,,,,,45461,0,0
321360,73605529444323673,,0,1423,490.0,-920,-130.0,-640.0,,,2,4,,,,,,,,,,,45461,0,0
321361,73605529444323673,,0,1423,95.0,-1020,-210.0,-660.0,,,2,4,,,,,,,,,,,45461,0,0
321362,73605529946966521,,0,1423,406.0,-990,-300.0,-600.0,,,2,4,,,,,,,,,,,45461,0,0
321363,73605531735714548,,0,1423,148.0,-990,-300.0,-600.0,,,2,4,,,,,,,,,,,45461,0,0
321364,73605532052750336,,0,1423,,-850,-90.0,-540.0,100.0,0.0,3,4,,,,,,,43211.0,44200.0,,23055629.0,0,0,0
321365,73605532581703234,,0,1423,273.0,-1040,-300.0,-650.0,,,2,4,,,,,,,,,,,45461,0,0
321366,73605532595654382,,0,1423,323.0,-1060,-300.0,-670.0,,,2,4,,,,,,,,,,,45461,0,0
321367,73605532782972228,,0,1423,124.0,-980,-300.0,-590.0,,,2,4,,,,,,,,,,,45461,0,0
321368,73605532850194570,,0,1423,407.0,-1030,-300.0,-640.0,,,2,4,,,,,,,,,,,45461,0,0
321369,73605532984236070,,0,3102,406.0,-1050,-170.0,-780.0,,,2,4,,,,,,,,,,,45458,0,0
321370,73605532984236070,,0,3102,489.0,-960,-80.0,-780.0,,,2,4,,,,,,,,,,,45458,0,0
321371,73605532984236070,,0,3102,95.0,-1070,-190.0,-790.0,,,2,4,,,,,,,,,,,45458,0,0
321372,73605533030374304,,0,3102,406.0,-1050,-160.0,-770.0,,,2,4,,,,,,,,,,,45458,0,0
321373,73605533277390654,,0,1423,489.0,-850,-110.0,-530.0,99.0,,1,4,274.0,10220.0,,,,,,,,,45459,0,0
321374,73605533277513782,,0,1423,460.0,-950,-230.0,-620.0,,,2,4,,,,,,,,,,,45458,0,0
321375,73605533411730867,,0,1423,490.0,-910,-140.0,-620.0,,,2,4,,,,,,,,,,,45458,0,0
321376,73605533531702762,,0,3102,460.0,-1090,-190.0,-780.0,,,2,4,,,,,,,,,,,45458,0,0
321377,73605533531702762,,0,3102,490.0,-1060,-190.0,-770.0,,,2,4,,,,,,,,,,,45458,0,0
321378,73605533552045503,,0,1423,95.0,-1020,-300.0,-630.0,,,2,4,,,,,,,,,,,45461,0,0
321379,73605533923240348,,0,1423,406.0,-980,-300.0,-590.0,,,2,4,,,,,,,,,,,45461,0,0
321380,73605536327663616,,0,1423,,-850,-80.0,-570.0,120.0,0.0,3,4,,,,,,,43211.0,44200.0,,23055629.0,0,0,0
321381,73605536525759717,,0,1423,273.0,-900,-180.0,,,,2,4,,,,,,,,,,,45433,0,0
321382,73605536534592287,,0,1423,356.0,-980,-200.0,-670.0,,,2,4,,,,,,,,,,,45461,0,0
321383,73605536638075495,,0,450,489.0,-880,-50.0,-730.0,,,2,4,,,,,,,,,,,45458,0,0
321384,73605536877467337,,0,3300,460.0,-1070,-180.0,-780.0,,,2,4,,,,,,,,,,,45458,0,0
321385,73605536877467337,,0,3300,95.0,-1090,-200.0,-790.0,,,2,4,,,,,,,,,,,45458,0,0
321386,73605536975028443,,0,1423,124.0,-1010,-300.0,,,,2,4,,,,,,,,,,,45433,0,0
321387,73605536967592107,,0,3300,489.0,-1000,-130.0,-780.0,,,2,4,,,,,,,,,,,45458,0,0
321388,73605536877467337,,0,3300,490.0,-970,-100.0,-770.0,,,2,4,,,,,,,,,,,45458,0,0
321389,73605536944577979,,0,3300,281.0,-1050,-170.0,-790.0,,,2,4,,,,,,,,,,,45458,0,0
321390,73605537227837826,,0,1423,460.0,-890,-230.0,,,,2,4,,,,,,,,,,,45433,0,0
321391,73605537202999131,,0,1423,148.0,-980,-200.0,-650.0,,,2,4,,,,,,,,,,,45461,0,0
321392,73605537608965956,,0,1423,95.0,-1010,-300.0,-620.0,,,2,4,,,,,,,,,,,45461,0,0
321393,73605537617085956,,0,1423,490.0,-930,-150.0,,,,2,4,,,,,,,,,,,45433,0,0
321394,73605537857251052,,0,1423,406.0,-1000,-300.0,-610.0,,,2,4,,,,,,,,,,,45461,0,0
321395,73605538149238965,,0,1423,407.0,-960,-230.0,-640.0,,,2,4,,,,,,,,,,,45461,0,0
321396,73605540612014080,,0,1423,,-850,-110.0,-510.0,60.0,0.0,3,4,,,,,,,43211.0,44200.0,,23055629.0,0,0,0
321397,73605540691599170,,0,1423,273.0,-970,-300.0,-580.0,,,2,4,,,,,,,,,,,45461,0,0
321398,73605540914040476,,0,1423,124.0,-1070,-300.0,-680.0,,,2,4,,,,,,,,,,,45461,0,0
321399,73605541064916630,,0,1423,489.0,-850,-70.0,-570.0,129.0,,1,4,274.0,8690.0,,,,,,,,,45459,0,0
321400,73605541077031562,,0,3102,489.0,-960,-90.0,-780.0,,,2,4,,,,,,,,,,,45458,0,0
321401,73605541077031562,,0,3102,490.0,-1070,-170.0,-780.0,,,2,4,,,,,,,,,,,45458,0,0
321402,73605541124492811,,0,1423,323.0,-1010,-300.0,,,,2,4,,,,,,,,,,,45433,0,0
321403,73605541146237955,,0,3102,406.0,-1060,-180.0,-780.0,,,2,4,,,,,,,,,,,45458,0,0
321404,73605541201726764,,0,1423,356.0,-960,-190.0,-650.0,,,2,4,,,,,,,,,,,45461,0,0
321405,73605541209898764,,0,1423,460.0,-1020,-300.0,,,,2,4,,,,,,,,,,,45433,0,0
321406,73605541402779911,,0,450,489.0,-890,-70.0,-710.0,,,2,4,,,,,,,,,,,45458,0,0
321407,73605541555821620,,0,1423,490.0,-920,-140.0,-620.0,,,2,4,,,,,,,,,,,45461,0,0
321408,73605541462061698,,0,3300,95.0,-1070,-190.0,-790.0,,,2,4,,,,,,,,,,,45458,0,0
321409,73605541533364677,,0,3300,489.0,-1010,-100.0,-800.0,,,2,4,,,,,,,,,,,45458,0,0
321410,73605541533364677,,0,3300,460.0,-1130,-220.0,-810.0,,,2,4,,,,,,,,,,,45458,0,0
321411,73605541462061698,,0,3300,490.0,-980,-90.0,-790.0,,,2,4,,,,,,,,,,,45458,0,0
321412,73605541462061698,,0,3300,59.0,-1100,-200.0,-780.0,,,2,4,,,,,,,,,,,45458,0,0
321413,73605541586698765,,0,1423,496.0,-940,-210.0,-640.0,,,2,4,,,,,,,,,,,45461,0,0
321414,73605541555821620,,0,1423,95.0,-1000,-300.0,-610.0,,,2,4,,,,,,,,,,,45461,0,0
321415,73605541794743758,,0,1423,406.0,-1000,-300.0,-610.0,,,2,4,,,,,,,,,,,45461,0,0
321416,73605542573196596,,0,1423,281.0,-990,-300.0,-600.0,,,2,4,,,,,,,,,,,45461,0,0
321417,73605542581399596,,0,1423,281.0,-990,-300.0,,,,2,4,,,,,,,,,,,45433,0,0
321418,73605543603417806,,0,1423,407.0,-970,-200.0,-650.0,,,2,4,,,,,,,,,,,45461,0,0
321419,73605543603417806,,0,1423,148.0,-950,-220.0,-640.0,,,2,4,,,,,,,,,,,45461,0,0
321420,73605544811495424,,0,1423,,-850,-90.0,-550.0,30.0,0.0,3,4,,,,,,,43211.0,44200.0,,23055629.0,0,0,0
321421,73605544948827298,,0,1423,35.0,-1160,-300.0,-770.0,,,2,4,,,,,,,,,,,45461,0,0
321422,73605544957058298,,0,1423,35.0,-1130,-300.0,,,,2,4,,,,,,,,,,,45433,0,0
321423,73605544964242611,,0,1423,35.0,-990,-230.0,-670.0,,,2,4,,,,,,,,,,,45461,0,0
321424,73605544972474611,,0,1423,35.0,-1020,-280.0,,,,2,4,,,,,,,,,,,45433,0,0
321425,73605545027428610,,0,1423,124.0,-1070,-300.0,,,,2,4,,,,,,,,,,,45433,0,0
321426,73605545148278462,,0,1423,460.0,-930,-250.0,,,,2,4,,,,,,,,,,,45433,0,0
321427,73605545148278462,,0,1423,273.0,-970,-260.0,,,,2,4,,,,,,,,,,,45433,0,0
321428,73605545248947390,,0,1423,160.0,-960,-190.0,,,,2,4,,,,,,,,,,,45433,0,0
321429,73605545240704390,,0,1423,160.0,-960,-190.0,-610.0,,,2,4,,,,,,,,,,,45461,0,0
321430,73605545252861265,,0,1423,160.0,-1020,-300.0,-630.0,,,2,4,,,,,,,,,,,45461,0,0
321431,73605545261105265,,0,1423,160.0,-1000,-220.0,,,,2,4,,,,,,,,,,,45433,0,0
321432,73605545291136892,,0,1423,356.0,-950,-210.0,-650.0,,,2,4,,,,,,,,,,,45461,0,0
321433,73605545316159647,,0,1423,160.0,-970,-240.0,,,,2,4,,,,,,,,,,,45433,0,0
321434,73605545274314316,,0,1423,160.0,-940,-200.0,-640.0,,,2,4,,,,,,,,,,,45461,0,0
321435,73605545282559316,,0,1423,160.0,-950,-220.0,,,,2,4,,,,,,,,,,,45433,0,0
321436,73605545291136892,,0,1423,160.0,-970,-210.0,-600.0,,,2,4,,,,,,,,,,,45461,0,0
321437,73605545356867550,,0,1423,489.0,-850,-90.0,-560.0,37.0,,1,4,274.0,1517.0,,,,,,,,,45459,0,0
321438,73605545360592846,,0,450,490.0,-980,-150.0,-740.0,,,2,4,,,,,,,,,,,45458,0,0
321439,73605545360592846,,0,450,489.0,-880,-60.0,-720.0,,,2,4,,,,,,,,,,,45458,0,0
321440,73605545491245679,,0,1423,490.0,-920,-150.0,-630.0,,,2,4,,,,,,,,,,,45458,0,0
321441,73605545743791324,,0,3300,490.0,-980,-90.0,-790.0,,,2,4,,,,,,,,,,,45458,0,0
321442,73605545743791324,,0,3300,460.0,-1090,-180.0,-800.0,,,2,4,,,,,,,,,,,45458,0,0
321443,73605545743791324,,0,3300,489.0,-1000,-100.0,-790.0,,,2,4,,,,,,,,,,,45458,0,0
321444,73605545924918461,,0,1423,406.0,-970,-260.0,,,,2,4,,,,,,,,,,,45433,0,0
321445,73605545916662461,,0,1423,95.0,-980,-240.0,-640.0,,,2,4,,,,,,,,,,,45461,0,0
321446,73605548211870143,,0,1423,148.0,-930,-200.0,-630.0,,,2,4,,,,,,,,,,,45461,0,0
321447,73605549001801728,,0,1423,,-850,-90.0,-550.0,40.0,0.0,3,4,,,,,,,43211.0,44200.0,,23055629.0,0,0,0
321448,73605548988505423,,0,1423,124.0,-1070,-300.0,-680.0,,,2,4,,,,,,,,,,,45461,0,0
321449,73605549134612038,,0,1423,460.0,-1050,-300.0,-660.0,,,2,4,,,,,,,,,,,45461,0,0
321450,73605549134612038,,0,1423,77.0,-1060,-300.0,-670.0,,,2,4,,,,,,,,,,,45461,0,0
321451,73605549134612038,,0,1423,273.0,-1050,-300.0,-660.0,,,2,4,,,,,,,,,,,45461,0,0
321452,73605549142899038,,0,1423,77.0,-1060,-300.0,,,,2,4,,,,,,,,,,,45433,0,0
321453,73605549151389494,,0,1423,77.0,-1000,-160.0,-690.0,,,2,4,,,,,,,,,,,45461,0,0
321454,73605549159677494,,0,1423,77.0,-1010,-260.0,,,,2,4,,,,,,,,,,,45433,0,0
321455,73605549168069354,,0,1423,77.0,-1080,-300.0,-690.0,,,2,4,,,,,,,,,,,45461,0,0
321456,73605549176358354,,0,1423,77.0,-1070,-270.0,,,,2,4,,,,,,,,,,,45433,0,0
321457,73605549184886125,,0,1423,77.0,-970,-210.0,-660.0,,,2,4,,,,,,,,,,,45461,0,0
321458,73605549193176125,,0,1423,77.0,-980,-240.0,,,,2,4,,,,,,,,,,,45433,0,0
321459,73605549201663257,,0,1423,77.0,-950,-300.0,-560.0,,,2,4,,,,,,,,,,,45461,0,0
321460,73605549209954257,,0,1423,77.0,-960,-260.0,,,,2,4,,,,,,,,,,,45433,0,0
321461,73605549517791331,,0,1423,489.0,-850,-80.0,-560.0,120.0,,1,4,274.0,9452.0,,,,,,,,,45459,0,0
321462,73605549584848016,,0,1423,490.0,-880,-160.0,-600.0,,,2,4,,,,,,,,,,,45458,0,0
321463,73605549854894910,,0,1423,95.0,-1020,-290.0,,,,2,4,,,,,,,,,,,45433,0,0
321464,73605549863366966,,0,1423,406.0,-970,-180.0,-640.0,,,2,4,,,,,,,,,,,45461,0,0
321465,73605550041271395,,0,1423,356.0,-1040,-220.0,-670.0,,,2,4,,,,,,,,,,,45461,0,0
321466,73605551541025129,,0,1423,281.0,-1050,-300.0,-660.0,,,2,4,,,,,,,,,,,45461,0,0
321467,73605551549347129,,0,1423,281.0,-1050,-300.0,,,,2,4,,,,,,,,,,,45433,0,0
321468,73605551713946801,,0,1423,407.0,-970,-220.0,-660.0,,,2,4,,,,,,,,,,,45461,0,0
321469,73605552302699193,,0,1423,148.0,-1040,-300.0,-650.0,,,2,4,,,,,,,,,,,45461,0,0
321470,73605552651779779,,0,1423,323.0,-1010,-300.0,-620.0,,,2,4,,,,,,,,,,,45461,0,0
321471,73605552923565636,,0,1423,124.0,-920,-220.0,-610.0,,,2,4,,,,,,,,,,,45461,0,0
321472,73605553113473420,,0,1423,273.0,-1050,-300.0,-660.0,,,2,4,,,,,,,,,,,45461,0,0
321473,73605553113473420,,0,1423,460.0,-1040,-300.0,-650.0,,,2,4,,,,,,,,,,,45461,0,0
321474,73605553250669180,,0,1423,496.0,-980,-280.0,,,,2,4,,,,,,,,,,,45433,0,0
321475,73605553235361792,,0,1423,,-850,-100.0,-520.0,90.0,0.0,3,4,,,,,,,43211.0,44200.0,,23055629.0,0,0,0
321476,73605553520780772,,0,1423,490.0,-920,-140.0,-640.0,,,2,4,,,,,,,,,,,45461,0,0
321477,73605553814294043,,0,1423,95.0,-950,-240.0,,,,2,4,,,,,,,,,,,45433,0,0
321478,73605553805936043,,0,1423,406.0,-910,-190.0,-630.0,,,2,4,,,,,,,,,,,45461,0,0
321479,73605553883357680,,0,450,489.0,-880,-60.0,-720.0,,,2,4,,,,,,,,,,,45458,0,0
321480,73605553883357680,,0,450,490.0,-970,-140.0,-740.0,,,2,4,,,,,,,,,,,45458,0,0
321481,73605553879649389,,0,1423,489.0,-850,-90.0,-550.0,104.0,,1,4,274.0,1389.0,,,,,,,,,45459,0,0
321482,73605554069701065,,0,3102,490.0,-1060,-150.0,-780.0,,,2,4,,,,,,,,,,,45458,0,0
321483,73605554069701065,,0,3102,489.0,-950,-80.0,-780.0,,,2,4,,,,,,,,,,,45458,0,0
321484,73605554111644611,,0,3102,460.0,-1050,-170.0,-780.0,,,2,4,,,,,,,,,,,45458,0,0
321485,73605554132656231,,0,3102,95.0,-1050,-180.0,-780.0,,,2,4,,,,,,,,,,,45458,0,0
321486,73605555000813860,,0,425,90.0,-1030,-160.0,-770.0,,,2,4,,,,,,,,,,,45458,0,0
321487,73605555411395521,,0,1423,356.0,-1000,-300.0,-610.0,,,2,4,,,,,,,,,,,45461,0,0
321488,73605556340164132,,0,1423,431.0,-1020,-210.0,-670.0,,,2,4,,,,,,,,,,,45461,0,0
321489,73605556348546132,,0,1423,431.0,-1020,-220.0,,,,2,4,,,,,,,,,,,45433,0,0
321490,73605556404032306,,0,1423,148.0,-1050,-300.0,-660.0,,,2,4,,,,,,,,,,,45461,0,0
321491,73605556789854051,,0,1423,407.0,-1030,-300.0,-640.0,,,2,4,,,,,,,,,,,45461,0,0
321492,73605556856267064,,0,1423,124.0,-1070,-280.0,,,,2,4,,,,,,,,,,,45433,0,0
321493,73605556866975659,,0,1423,9.0,-930,-170.0,-640.0,,,2,4,,,,,,,,,,,45461,0,0
321494,73605556900625527,,0,1423,323.0,-1040,-300.0,-650.0,,,2,4,,,,,,,,,,,45461,0,0
321495,73605556909016527,,0,1423,9.0,-1040,-280.0,,,,2,4,,,,,,,,,,,45433,0,0
321496,73605556919142081,,0,1423,9.0,-1050,-300.0,-660.0,,,2,4,,,,,,,,,,,45461,0,0
321497,73605556875364659,,0,1423,9.0,-950,-260.0,,,,2,4,,,,,,,,,,,45433,0,0
321498,73605556883848187,,0,1423,9.0,-1050,-300.0,-660.0,,,2,4,,,,,,,,,,,45461,0,0
321499,73605556892238187,,0,1423,9.0,-1040,-270.0,,,,2,4,,,,,,,,,,,45433,0,0
321500,73605556900625527,,0,1423,9.0,-1040,-300.0,-650.0,,,2,4,,,,,,,,,,,45461,0,0
321501,73605556927534081,,0,1423,9.0,-1050,-290.0,,,,2,4,,,,,,,,,,,45433,0,0
321502,73605556934179452,,0,1423,9.0,-1050,-300.0,-660.0,,,2,4,,,,,,,,,,,45461,0,0
321503,73605556942572452,,0,1423,9.0,-1050,-290.0,,,,2,4,,,,,,,,,,,45433,0,0
321504,73605557342601378,,0,1423,273.0,-1030,-300.0,-640.0,,,2,4,,,,,,,,,,,45461,0,0
321505,73605557342601378,,0,1423,460.0,-1030,-300.0,-640.0,,,2,4,,,,,,,,,,,45461,0,0
321506,73605557491204096,,0,1423,,-850,-90.0,-570.0,120.0,0.0,3,4,,,,,,,43211.0,44200.0,,23055629.0,0,0,0
321507,73605557466181866,,0,1423,490.0,-910,-150.0,-620.0,,,2,4,,,,,,,,,,,45461,0,0
321508,73605557757983939,,0,1423,95.0,-1020,-300.0,-630.0,,,2,4,,,,,,,,,,,45461,0,0
321509,73605557770328427,,0,1423,406.0,-1010,-300.0,-620.0,,,2,4,,,,,,,,,,,45461,0,0
321510,73605559660670586,,0,1423,356.0,-1050,-230.0,-660.0,,,2,4,,,,,,,,,,,45461,0,0
321511,73605560184168445,,0,1423,482.0,-1020,-200.0,-660.0,,,2,4,,,,,,,,,,,45461,0,0
321512,73605560192609445,,0,1423,482.0,-1020,-250.0,,,,2,4,,,,,,,,,,,45433,0,0
321513,73605560200945667,,0,1423,482.0,-980,-220.0,-660.0,,,2,4,,,,,,,,,,,45461,0,0
321514,73605560209387667,,0,1423,482.0,-990,-250.0,,,,2,4,,,,,,,,,,,45433,0,0
321515,73605560389158306,,0,1423,489.0,-850,-80.0,-560.0,39.0,,1,4,274.0,1517.0,,,,,,,,,45459,0,0
321516,73605560394457574,,0,450,489.0,-870,-60.0,-720.0,,,2,4,,,,,,,,,,,45458,0,0
321517,73605560579995878,,0,3300,281.0,-1070,-160.0,-790.0,,,2,4,,,,,,,,,,,45458,0,0
321518,73605560579995878,,0,3300,490.0,-970,-80.0,-790.0,,,2,4,,,,,,,,,,,45458,0,0
321519,73605560579995878,,0,3300,489.0,-1000,-100.0,-790.0,,,2,4,,,,,,,,,,,45458,0,0
321520,73605560579995878,,0,3300,460.0,-1060,-150.0,-800.0,,,2,4,,,,,,,,,,,45458,0,0
321521,73605560621938390,,0,3300,95.0,-1080,-180.0,-800.0,,,2,4,,,,,,,,,,,45458,0,0
321522,73605561037236036,,0,1423,148.0,-970,-180.0,-640.0,,,2,4,,,,,,,,,,,45461,0,0
321523,73605561037236036,,0,1423,124.0,-880,-190.0,-600.0,,,2,4,,,,,,,,,,,45461,0,0
321524,73605561686818816,,0,1423,,-850,-90.0,-560.0,100.0,0.0,3,4,,,,,,,43211.0,44200.0,,23055629.0,0,0,0
321525,73605561973498098,,0,1423,490.0,-910,-140.0,-620.0,,,2,4,,,,,,,,,,,45461,0,0
321526,73605561973498098,,0,1423,460.0,-940,-180.0,-640.0,,,2,4,,,,,,,,,,,45461,0,0
321527,73605561973498098,,0,1423,406.0,-920,-190.0,-640.0,,,2,4,,,,,,,,,,,45461,0,0
321528,73605561973498098,,0,1423,323.0,-1050,-300.0,-660.0,,,2,4,,,,,,,,,,,45461,0,0
321529,73605561973498098,,0,1423,273.0,-1050,-300.0,-660.0,,,2,4,,,,,,,,,,,45461,0,0
321530,73605561973498098,,0,1423,95.0,-1030,-300.0,-640.0,,,2,4,,,,,,,,,,,45461,0,0
321531,73605563601086788,,0,1423,356.0,-1020,-240.0,,,,2,4,,,,,,,,,,,45433,0,0
321532,73605564122742467,,0,1423,496.0,-970,-220.0,,,,2,4,,,,,,,,,,,45433,0,0
321533,73605564122742467,,0,1423,400.0,-1020,-300.0,,,,2,4,,,,,,,,,,,45433,0,0
321534,73605564884407949,,0,1423,407.0,-1010,-250.0,,,,2,4,,,,,,,,,,,45433,0,0
321535,73605564080657398,,0,1423,400.0,-1010,-300.0,-620.0,,,2,4,,,,,,,,,,,45461,0,0
321536,73605564089148398,,0,1423,400.0,-1010,-300.0,,,,2,4,,,,,,,,,,,45433,0,0
321537,73605564097434356,,0,1423,400.0,-1100,-300.0,-710.0,,,2,4,,,,,,,,,,,45461,0,0
321538,73605564105926356,,0,1423,400.0,-1080,-300.0,,,,2,4,,,,,,,,,,,45433,0,0
321539,73605564114249467,,0,1423,400.0,-1010,-300.0,-620.0,,,2,4,,,,,,,,,,,45461,0,0
321540,73605564131028731,,0,1423,400.0,-1010,-160.0,-710.0,,,2,4,,,,,,,,,,,45461,0,0
321541,73605564139522731,,0,1423,400.0,-1010,-260.0,,,,2,4,,,,,,,,,,,45433,0,0
321542,73605564146197044,,0,1423,400.0,-1110,-300.0,-720.0,,,2,4,,,,,,,,,,,45461,0,0
321543,73605564154692044,,0,1423,400.0,-1090,-270.0,,,,2,4,,,,,,,,,,,45433,0,0
321544,73605564805464034,,0,1423,281.0,-1050,-300.0,-660.0,,,2,4,,,,,,,,,,,45461,0,0
321545,73605564813981034,,0,1423,281.0,-1040,-300.0,,,,2,4,,,,,,,,,,,45433,0,0
321546,73605564969844970,,0,1423,124.0,-1000,-210.0,-660.0,,,2,4,,,,,,,,,,,45461,0,0
321547,73605565023298477,,0,450,489.0,-880,-40.0,-740.0,,,2,4,,,,,,,,,,,45458,0,0
321548,73605565019629139,,0,1423,489.0,-850,-80.0,-570.0,121.0,,1,4,274.0,1133.0,,,,,,,,,45459,0,0
321549,73605565304275352,,0,3102,460.0,-1020,-150.0,-770.0,,,2,4,,,,,,,,,,,45458,0,0
321550,73605565304275352,,0,3102,489.0,-970,-100.0,-770.0,,,2,4,,,,,,,,,,,45458,0,0
321551,73605565392356416,,0,3102,95.0,-1090,-220.0,-780.0,,,2,4,,,,,,,,,,,45458,0,0
321552,73605565956554752,,0,1423,,-850,-80.0,-560.0,100.0,0.0,3,4,,,,,,,43211.0,44200.0,,23055629.0,0,0,0
321553,73605565997952152,,0,1423,460.0,-1040,-300.0,-650.0,,,2,4,,,,,,,,,,,45461,0,0
321554,73605566006495152,,0,1423,95.0,-1030,-290.0,,,,2,4,,,,,,,,,,,45433,0,0
321555,73605565997952152,,0,1423,406.0,-1030,-300.0,-640.0,,,2,4,,,,,,,,,,,45461,0,0
321556,73605565997952152,,0,1423,490.0,-920,-140.0,-630.0,,,2,4,,,,,,,,,,,45461,0,0
321557,73605566087041840,,0,1423,273.0,-1040,-300.0,-650.0,,,2,4,,,,,,,,,,,45461,0,0
321558,73605568200528200,,0,1423,356.0,-990,-230.0,-670.0,,,2,4,,,,,,,,,,,45461,0,0
321559,73605568737396825,,0,1423,125.0,-1090,-300.0,-700.0,,,2,4,,,,,,,,,,,45461,0,0
321560,73605568745963825,,0,1423,125.0,-1090,-300.0,,,,2,4,,,,,,,,,,,45433,0,0
321561,73605568824634246,,0,1423,148.0,-1060,-300.0,-670.0,,,2,4,,,,,,,,,,,45461,0,0
321562,73605568908463879,,0,1423,124.0,-990,-300.0,-600.0,,,2,4,,,,,,,,,,,45461,0,0
321563,73605569252762973,,0,450,489.0,-880,-70.0,-710.0,,,2,4,,,,,,,,,,,45458,0,0
321564,73605569314596488,,0,1423,489.0,-850,-70.0,-570.0,108.0,,1,4,274.0,9324.0,,,,,,,,,45459,0,0
321565,73605569482232534,,0,3102,489.0,-970,-110.0,-760.0,,,2,4,,,,,,,,,,,45458,0,0
321566,73605569482232534,,0,3102,460.0,-1040,-180.0,-770.0,,,2,4,,,,,,,,,,,45458,0,0
321567,73605569590679491,,0,1423,407.0,-990,-300.0,-600.0,,,2,4,,,,,,,,,,,45461,0,0
321568,73605569872006618,,0,1423,59.0,-1010,-200.0,-710.0,,,2,4,,,,,,,,,,,45461,0,0
321569,73605569939113696,,0,1423,406.0,-1030,-300.0,-640.0,,,2,4,,,,,,,,,,,45461,0,0
321570,73605569939113696,,0,1423,490.0,-930,-150.0,-620.0,,,2,4,,,,,,,,,,,45461,0,0
321571,73605569964387562,,0,1423,460.0,-1050,-300.0,,,,2,4,,,,,,,,,,,45433,0,0
321572,73605570081938642,,0,1423,95.0,-1030,-300.0,,,,2,4,,,,,,,,,,,45433,0,0
321573,73605570142208000,,0,1423,,-850,-80.0,-550.0,120.0,0.0,3,4,,,,,,,43211.0,44200.0,,23055629.0,0,0,0
321574,73605570098661504,,0,1423,273.0,-1050,-300.0,,,,2,4,,,,,,,,,,,45433,0,0
321575,73605571756068324,,0,1423,323.0,-940,-200.0,-650.0,,,2,4,,,,,,,,,,,45461,0,0
321576,73605572187193488,,0,1423,281.0,-1000,-240.0,-660.0,,,2,4,,,,,,,,,,,45461,0,0
321577,73605572635131983,,0,3300,59.0,-1160,-200.0,-860.0,,,2,4,,,,,,,,,,,45458,0,0
321578,73605572649812274,,0,3300,490.0,-970,-70.0,-800.0,,,2,4,,,,,,,,,,,45458,0,0
321579,73605572635131983,,0,3300,489.0,-1010,-100.0,-810.0,,,2,4,,,,,,,,,,,45458,0,0
321580,73605572635131983,,0,3300,460.0,-1090,-180.0,-810.0,,,2,4,,,,,,,,,,,45458,0,0
321581,73605572702240840,,0,3300,95.0,-1170,-300.0,-780.0,,,2,4,,,,,,,,,,,45458,0,0
321582,73605573031382346,,0,3102,490.0,-1020,-170.0,-760.0,,,2,4,,,,,,,,,,,45458,0,0
321583,73605573708757056,,0,425,90.0,-1140,-190.0,-850.0,,,2,4,,,,,,,,,,,45458,0,0
321584,73605573880360664,,0,1423,490.0,-910,-140.0,-620.0,,,2,4,,,,,,,,,,,45461,0,0
321585,73605573880360664,,0,1423,406.0,-940,-210.0,-640.0,,,2,4,,,,,,,,,,,45461,0,0
321586,73605574283362304,,0,1423,,-850,-80.0,-570.0,90.0,0.0,3,4,,,,,,,43211.0,44200.0,,23055629.0,0,0,0
321587,73605574447481216,,0,1423,460.0,-1030,-300.0,-640.0,,,2,4,,,,,,,,,,,45461,0,0
321588,73605574974811700,,0,1423,273.0,-960,-300.0,-570.0,,,2,4,,,,,,,,,,,45461,0,0
321589,73605574974811700,,0,1423,95.0,-960,-300.0,-570.0,,,2,4,,,,,,,,,,,45461,0,0
321590,73605575149035410,,0,1423,148.0,-1040,-300.0,-650.0,,,2,4,,,,,,,,,,,45461,0,0
321591,73605575149035410,,0,1423,407.0,-1030,-300.0,-640.0,,,2,4,,,,,,,,,,,45461,0,0
321592,73605576155286582,,0,1423,124.0,-970,-220.0,-660.0,,,2,4,,,,,,,,,,,45461,0,0
321593,73605576562276304,,0,1423,489.0,-850,-80.0,-560.0,80.0,,1,4,274.0,1645.0,,,,,,,,,45459,0,0
321594,73605576567574414,,0,450,489.0,-880,-70.0,-710.0,,,2,4,,,,,,,,,,,45458,0,0
321595,73605576719148774,,0,3102,489.0,-970,-100.0,-780.0,,,2,4,,,,,,,,,,,45458,0,0
321596,73605576719148774,,0,3102,460.0,-1170,-300.0,-780.0,,,2,4,,,,,,,,,,,45458,0,0
321597,73605577199981550,,0,1423,356.0,-910,-190.0,-630.0,,,2,4,,,,,,,,,,,45461,0,0
321598,73605577246903215,,0,1423,323.0,-1020,-200.0,-660.0,,,2,4,,,,,,,,,,,45461,0,0
321599,73605577813232295,,0,1423,490.0,-930,-140.0,-640.0,,,2,4,,,,,,,,,,,45461,0,0
321600,73605577813232295,,0,1423,406.0,-1030,-300.0,-640.0,,,2,4,,,,,,,,,,,45461,0,0
321601,73605578393044338,,0,1423,460.0,-960,-250.0,,,,2,4,,,,,,,,,,,45433,0,0
321602,73605578593206272,,0,1423,,-850,-80.0,-560.0,90.0,0.0,3,4,,,,,,,43211.0,44200.0,,23055629.0,0,0,0
321603,73605578921193634,,0,1423,95.0,-1030,-300.0,-640.0,,,2,4,,,,,,,,,,,45461,0,0
321604,73605578921193634,,0,1423,273.0,-900,-150.0,-650.0,,,2,4,,,,,,,,,,,45461,0,0
321605,73605579058778604,,0,1423,354.0,-960,-210.0,-590.0,,,2,4,,,,,,,,,,,45461,0,0
321606,73605579067503604,,0,1423,354.0,-960,-210.0,,,,2,4,,,,,,,,,,,45433,0,0
321607,73605579467763199,,0,1423,407.0,-980,-300.0,-590.0,,,2,4,,,,,,,,,,,45461,0,0
321608,73605581028524182,,0,1423,124.0,-1070,-300.0,-680.0,,,2,4,,,,,,,,,,,45461,0,0
321609,73605581192786642,,0,1423,489.0,-850,-70.0,-580.0,125.0,,1,4,274.0,9452.0,,,,,,,,,45459,0,0
321610,73605581453332946,,0,3102,489.0,-960,-90.0,-780.0,,,2,4,,,,,,,,,,,45458,0,0
321611,73605581453332946,,0,3102,460.0,-1030,-160.0,-780.0,,,2,4,,,,,,,,,,,45458,0,0
321612,73605581453332946,,0,3102,490.0,-1030,-160.0,-780.0,,,2,4,,,,,,,,,,,45458,0,0
321613,73605581670248183,,0,1423,356.0,-1020,-220.0,,,,2,4,,,,,,,,,,,45433,0,0
321614,73605581750887182,,0,1423,490.0,-920,-140.0,,,,2,4,,,,,,,,,,,45433,0,0
321615,73605582761361408,,0,1423,,-850,-90.0,-530.0,120.0,0.0,3,4,,,,,,,43211.0,44200.0,,23055629.0,0,0,0
321616,73605582745182993,,0,1423,460.0,-980,-300.0,-590.0,,,2,4,,,,,,,,,,,45461,0,0
321617,73605582745182993,,0,1423,406.0,-860,-180.0,-590.0,,,2,4,,,,,,,,,,,45461,0,0
321618,73605582891140232,,0,1423,273.0,-900,-140.0,-660.0,,,2,4,,,,,,,,,,,45461,0,0
321619,73605583233885437,,0,1423,95.0,-1030,-290.0,,,,2,4,,,,,,,,,,,45433,0,0
321620,73605585214813136,,0,1423,124.0,-990,-230.0,-660.0,,,2,4,,,,,,,,,,,45461,0,0
321621,73605585371722046,,0,1423,148.0,-1000,-300.0,,,,2,4,,,,,,,,,,,45433,0,0
321622,73605585756315552,,0,1423,489.0,-850,-80.0,-560.0,69.0,,1,4,274.0,9964.0,,,,,,,,,45459,0,0
321623,73605585823379416,,0,1423,490.0,-910,-130.0,-630.0,,,2,4,,,,,,,,,,,45458,0,0
321624,73605585897944693,,0,3102,95.0,-1050,-180.0,-780.0,,,2,4,,,,,,,,,,,45458,0,0
321625,73605585897944693,,0,3102,489.0,-970,-100.0,-770.0,,,2,4,,,,,,,,,,,45458,0,0
321626,73605585897944693,,0,3102,490.0,-1050,-160.0,-770.0,,,2,4,,,,,,,,,,,45458,0,0
321627,73605585937219124,,0,1423,496.0,-1040,-300.0,-650.0,,,2,4,,,,,,,,,,,45461,0,0
321628,73605585956664763,,0,3102,460.0,-1020,-200.0,-730.0,,,2,4,,,,,,,,,,,45458,0,0
321629,73605585958359149,,0,1423,356.0,-1030,-300.0,-640.0,,,2,4,,,,,,,,,,,45461,0,0
321630,73605586118265685,,0,1423,233.0,-1050,-300.0,-660.0,,,2,4,,,,,,,,,,,45461,0,0
321631,73605586127082685,,0,1423,233.0,-1050,-300.0,,,,2,4,,,,,,,,,,,45433,0,0
321632,73605586134987066,,0,1423,233.0,-950,-210.0,-650.0,,,2,4,,,,,,,,,,,45461,0,0
321633,73605586143805066,,0,1423,233.0,-970,-270.0,,,,2,4,,,,,,,,,,,45433,0,0
321634,73605586151764221,,0,1423,233.0,-1050,-300.0,-660.0,,,2,4,,,,,,,,,,,45461,0,0
321635,73605586160583221,,0,1423,233.0,-1040,-280.0,,,,2,4,,,,,,,,,,,45433,0,0
321636,73605586167119279,,0,1423,233.0,-1040,-300.0,-650.0,,,2,4,,,,,,,,,,,45461,0,0
321637,73605586175939279,,0,1423,233.0,-1040,-280.0,,,,2,4,,,,,,,,,,,45433,0,0
321638,73605586910083208,,0,1423,406.0,-1000,-240.0,-660.0,,,2,4,,,,,,,,,,,45461,0,0
321639,73605586910083208,,0,1423,460.0,-1050,-300.0,-660.0,,,2,4,,,,,,,,,,,45461,0,0
321640,73605586910083208,,0,1423,273.0,-900,-140.0,-660.0,,,2,4,,,,,,,,,,,45461,0,0
321641,73605587179536384,,0,1423,,-850,-90.0,-550.0,90.0,0.0,3,4,,,,,,,43211.0,44200.0,,23055629.0,0,0,0
321642,73605587192056566,,0,1423,95.0,-1030,-300.0,-640.0,,,2,4,,,,,,,,,,,45461,0,0
321643,73605587759163673,,0,1423,407.0,-960,-190.0,-610.0,,,2,4,,,,,,,,,,,45461,0,0
321644,73605587759163673,,0,1423,281.0,-990,-210.0,-650.0,,,2,4,,,,,,,,,,,45461,0,0
321645,73605588379805600,,0,1423,323.0,-1010,-200.0,-660.0,,,2,4,,,,,,,,,,,45461,0,0
321646,73605589398497172,,0,1423,124.0,-1070,-300.0,-680.0,,,2,4,,,,,,,,,,,45461,0,0
321647,73605589440137690,,0,1423,148.0,-940,-210.0,-580.0,,,2,4,,,,,,,,,,,45461,0,0
321648,73605589819286316,,0,1423,490.0,-910,-150.0,-620.0,,,2,4,,,,,,,,,,,45461,0,0
321649,73605589936670596,,0,1423,356.0,-1040,-220.0,-660.0,,,2,4,,,,,,,,,,,45461,0,0
321650,73605589992667763,,0,1423,496.0,-980,-300.0,,,,2,4,,,,,,,,,,,45433,0,0
321651,73605590047289216,,0,1423,489.0,-850,-80.0,-570.0,92.0,,1,4,274.0,9957.0,,,,,,,,,45459,0,0
321652,73605590074025919,,0,3300,490.0,-980,-80.0,-800.0,,,2,4,,,,,,,,,,,45458,0,0
321653,73605590074025919,,0,3300,489.0,-1000,-100.0,-800.0,,,2,4,,,,,,,,,,,45458,0,0
321654,73605590059345663,,0,3300,95.0,-1070,-160.0,-810.0,,,2,4,,,,,,,,,,,45458,0,0
321655,73605590059345663,,0,3300,460.0,-1200,-300.0,-810.0,,,2,4,,,,,,,,,,,45458,0,0
321656,73605590074025919,,0,3300,281.0,-1100,-170.0,-820.0,,,2,4,,,,,,,,,,,45458,0,0
321657,73605590324786359,,0,450,489.0,-880,-70.0,-710.0,,,2,4,,,,,,,,,,,45458,0,0
321658,73605591116050052,,0,1423,460.0,-990,-300.0,-600.0,,,2,4,,,,,,,,,,,45461,0,0
321659,73605591116050052,,0,1423,406.0,-990,-300.0,-600.0,,,2,4,,,,,,,,,,,45461,0,0
321660,73605591116050052,,0,1423,273.0,-990,-300.0,-600.0,,,2,4,,,,,,,,,,,45461,0,0
321661,73605591124948052,,0,1423,95.0,-990,-300.0,,,,2,4,,,,,,,,,,,45433,0,0
321662,73605591393370112,,0,1423,,-850,-80.0,-570.0,90.0,0.0,3,4,,,,,,,43211.0,44200.0,,23055629.0,0,0,0
321663,73605593333683939,,0,1423,124.0,-1050,-270.0,,,,2,4,,,,,,,,,,,45433,0,0
321664,73605593897649679,,0,1423,490.0,-920,-150.0,-620.0,,,2,4,,,,,,,,,,,45461,0,0
321665,73605594748846464,,0,1423,489.0,-850,-70.0,-570.0,111.0,,1,4,274.0,9708.0,,,,,,,,,45459,0,0
321666,73605594815959528,,0,1423,148.0,-960,-210.0,-590.0,,,2,4,,,,,,,,,,,45458,0,0
321667,73605595077235094,,0,1423,95.0,-960,-190.0,-640.0,,,2,4,,,,,,,,,,,45461,0,0
321668,73605595086184094,,0,1423,460.0,-1030,-290.0,,,,2,4,,,,,,,,,,,45433,0,0
321669,73605595086184094,,0,1423,356.0,-1030,-260.0,,,,2,4,,,,,,,,,,,45433,0,0
321670,73605595086184094,,0,1423,273.0,-1050,-280.0,,,,2,4,,,,,,,,,,,45433,0,0
321671,73605595012007820,,0,3102,489.0,-970,-100.0,-770.0,,,2,4,,,,,,,,,,,45458,0,0
321672,73605595026687800,,0,3102,490.0,-1030,-170.0,-760.0,,,2,4,,,,,,,,,,,45458,0,0
321673,73605595086184094,,0,1423,406.0,-1030,-290.0,,,,2,4,,,,,,,,,,,45433,0,0
321674,73605595056086301,,0,3102,460.0,-1040,-190.0,-760.0,,,2,4,,,,,,,,,,,45458,0,0
321675,73605595056086301,,0,3102,95.0,-1150,-300.0,-760.0,,,2,4,,,,,,,,,,,45458,0,0
321676,73605595304297719,,0,1423,407.0,-890,-260.0,,,,2,4,,,,,,,,,,,45433,0,0
321677,73605595204693542,,0,1423,11.0,-970,-300.0,-580.0,,,2,4,,,,,,,,,,,45461,0,0
321678,73605595213643542,,0,1423,11.0,-970,-300.0,,,,2,4,,,,,,,,,,,45433,0,0
321679,73605595221410639,,0,1423,11.0,-980,-220.0,-670.0,,,2,4,,,,,,,,,,,45461,0,0
321680,73605595230361639,,0,1423,11.0,-980,-270.0,,,,2,4,,,,,,,,,,,45433,0,0
321681,73605595556216832,,0,1423,,-850,-90.0,-580.0,110.0,0.0,3,4,,,,,,,43211.0,44200.0,,23055629.0,0,0,0
321682,73605596589040002,,0,425,90.0,-1220,-300.0,-830.0,,,2,4,,,,,,,,,,,45458,0,0
321683,73605597035649663,,0,1423,443.0,-860,-250.0,,,,2,4,,,,,,,,,,,45433,0,0
321684,73605597003195815,,0,1423,443.0,-1030,-300.0,-640.0,,,2,4,,,,,,,,,,,45461,0,0
321685,73605597003196253,,0,1423,443.0,-1030,-300.0,,,,2,4,,,,,,,,,,,45433,0,0
321686,73605597026679663,,0,1423,443.0,-850,-180.0,-570.0,,,2,4,,,,,,,,,,,45461,0,0
321687,73605597144121164,,0,1423,2.0,-1040,-300.0,-650.0,,,2,4,,,,,,,,,,,45461,0,0
321688,73605597153093164,,0,1423,2.0,-1040,-300.0,,,,2,4,,,,,,,,,,,45433,0,0
321689,73605597338680380,,0,1423,124.0,-1070,-300.0,-680.0,,,2,4,,,,,,,,,,,45461,0,0
321690,73605597789928090,,0,1423,11.0,-1060,-300.0,-670.0,,,2,4,,,,,,,,,,,45461,0,0
321691,73605597798910090,,0,1423,11.0,-1050,-300.0,,,,2,4,,,,,,,,,,,45433,0,0
321692,73605597986658783,,0,1423,490.0,-930,-160.0,,,,2,4,,,,,,,,,,,45433,0,0
321693,73605599015316956,,0,1423,95.0,-1020,-280.0,,,,2,4,,,,,,,,,,,45433,0,0
321694,73605599042181711,,0,1423,356.0,-1040,-300.0,-650.0,,,2,4,,,,,,,,,,,45461,0,0
321695,73605599042181711,,0,1423,406.0,-1000,-300.0,-610.0,,,2,4,,,,,,,,,,,45461,0,0
321696,73605599042181711,,0,1423,273.0,-1040,-300.0,-650.0,,,2,4,,,,,,,,,,,45461,0,0
321697,73605599107041002,,0,1423,460.0,-980,-190.0,-630.0,,,2,4,,,,,,,,,,,45461,0,0
321698,73605599585705311,,0,450,490.0,-980,-140.0,-750.0,,,2,4,,,,,,,,,,,45458,0,0
321699,73605599585705311,,0,450,489.0,-880,-50.0,-740.0,,,2,4,,,,,,,,,,,45458,0,0
321700,73605599580463715,,0,1423,489.0,-850,-80.0,-550.0,119.0,,1,4,274.0,1517.0,,,,,,,,,45459,0,0
321701,73605599762579456,,0,1423,,-850,-80.0,-560.0,70.0,0.0,3,4,,,,,,,43211.0,44200.0,,23055629.0,0,0,0
321702,73605599994952598,,0,3102,490.0,-1060,-150.0,-780.0,,,2,4,,,,,,,,,,,45458,0,0
321703,73605599994952598,,0,3102,489.0,-970,-100.0,-780.0,,,2,4,,,,,,,,,,,45458,0,0
321704,73605599994952598,,0,3102,460.0,-1040,-170.0,-780.0,,,2,4,,,,,,,,,,,45458,0,0
321705,73605600029933964,,0,1423,281.0,-1030,-300.0,-640.0,,,2,4,,,,,,,,,,,45461,0,0
321706,73605600029933964,,0,1423,407.0,-940,-200.0,-640.0,,,2,4,,,,,,,,,,,45461,0,0
321707,73605600087281245,,0,3102,95.0,-1050,-170.0,-790.0,,,2,4,,,,,,,,,,,45458,0,0
321708,73605600160801899,,0,1423,148.0,-990,-200.0,-640.0,,,2,4,,,,,,,,,,,45461,0,0
321709,73605602012651639,,0,1423,490.0,-920,-140.0,,,,2,4,,,,,,,,,,,45433,0,0
321710,73605602003606639,,0,1423,124.0,-1060,-300.0,-670.0,,,2,4,,,,,,,,,,,45461,0,0
321711,73605603022871948,,0,1423,406.0,-990,-190.0,-640.0,,,2,4,,,,,,,,,,,45461,0,0
321712,73605603022871948,,0,1423,95.0,-950,-220.0,-640.0,,,2,4,,,,,,,,,,,45461,0,0
321713,73605603022871948,,0,1423,356.0,-1050,-230.0,-670.0,,,2,4,,,,,,,,,,,45461,0,0
321714,73605603069890946,,0,1423,460.0,-910,-180.0,-640.0,,,2,4,,,,,,,,,,,45461,0,0
321715,73605603746472944,,0,450,489.0,-880,-60.0,-720.0,,,2,4,,,,,,,,,,,45458,0,0
321716,73605603741178995,,0,1423,489.0,-850,-90.0,-560.0,58.0,,1,4,274.0,1261.0,,,,,,,,,45459,0,0
321717,73605603971071714,,0,3300,489.0,-990,-100.0,-780.0,,,2,4,,,,,,,,,,,45458,0,0
321718,73605603971071714,,0,3300,460.0,-1100,-210.0,-790.0,,,2,4,,,,,,,,,,,45458,0,0
321719,73605603910254240,,0,3300,490.0,-970,-70.0,-810.0,,,2,4,,,,,,,,,,,45458,0,0
321720,73605603924934692,,0,3300,95.0,-1090,-180.0,-820.0,,,2,4,,,,,,,,,,,45458,0,0
321721,73605604034161235,,0,1423,273.0,-1020,-200.0,-660.0,,,2,4,,,,,,,,,,,45461,0,0
321722,73605604034161235,,0,1423,323.0,-1060,-300.0,-670.0,,,2,4,,,,,,,,,,,45461,0,0
321723,73605604141826048,,0,1423,,-850,-80.0,-550.0,70.0,0.0,3,4,,,,,,,43211.0,44200.0,,23055629.0,0,0,0
321724,73605604168844713,,0,1423,281.0,-1000,-300.0,-610.0,,,2,4,,,,,,,,,,,45461,0,0
321725,73605604393130566,,0,1423,148.0,-1060,-300.0,-670.0,,,2,4,,,,,,,,,,,45461,0,0
321726,73605604427636436,,0,1423,407.0,-980,-230.0,-650.0,,,2,4,,,,,,,,,,,45461,0,0
321727,73605606080922387,,0,1423,124.0,-1030,-220.0,-680.0,,,2,4,,,,,,,,,,,45461,0,0
321728,73605606080922387,,0,1423,490.0,-930,-160.0,-620.0,,,2,4,,,,,,,,,,,45461,0,0
321729,73605607033847743,,0,1423,460.0,-980,-230.0,-650.0,,,2,4,,,,,,,,,,,45461,0,0
321730,73605607033847743,,0,1423,95.0,-960,-230.0,-640.0,,,2,4,,,,,,,,,,,45461,0,0
321731,73605607033847743,,0,1423,406.0,-990,-230.0,-650.0,,,2,4,,,,,,,,,,,45461,0,0
321732,73605607215149720,,0,1423,356.0,-950,-190.0,-670.0,,,2,4,,,,,,,,,,,45461,0,0
321733,73605607614393205,,0,1423,496.0,-1000,-300.0,-610.0,,,2,4,,,,,,,,,,,45461,0,0
321734,73605608039596208,,0,1423,273.0,-1050,-300.0,,,,2,4,,,,,,,,,,,45433,0,0
321735,73605608175634531,,0,450,489.0,-880,-70.0,-710.0,,,2,4,,,,,,,,,,,45458,0,0
321736,73605608170336402,,0,1423,489.0,-850,-80.0,-560.0,71.0,,1,4,274.0,1517.0,,,,,,,,,45459,0,0
321737,73605608251195392,,0,1423,,-850,-80.0,-560.0,70.0,0.0,3,4,,,,,,,43211.0,44200.0,,23055629.0,0,0,0
321738,73605608521811492,,0,3300,95.0,-1090,-170.0,-810.0,,,2,4,,,,,,,,,,,45458,0,0
321739,73605608549255128,,0,1423,148.0,-1030,-300.0,-640.0,,,2,4,,,,,,,,,,,45461,0,0
321740,73605608521811492,,0,3300,460.0,-1090,-190.0,-810.0,,,2,4,,,,,,,,,,,45458,0,0
321741,73605608521811492,,0,3300,489.0,-1000,-100.0,-790.0,,,2,4,,,,,,,,,,,45458,0,0
321742,73605608521811492,,0,3300,490.0,-970,-80.0,-790.0,,,2,4,,,,,,,,,,,45458,0,0
321743,73605608868057119,,0,1423,323.0,-1050,-300.0,-660.0,,,2,4,,,,,,,,,,,45461,0,0
321744,73605609008292842,,0,425,90.0,-1130,-210.0,-820.0,,,2,4,,,,,,,,,,,45458,0,0
321745,73605610045409683,,0,1423,490.0,-930,-150.0,,,,2,4,,,,,,,,,,,45433,0,0
321746,73605610036220683,,0,1423,124.0,-1050,-220.0,-680.0,,,2,4,,,,,,,,,,,45461,0,0
321747,73605611008599254,,0,1423,95.0,-1030,-300.0,-640.0,,,2,4,,,,,,,,,,,45461,0,0
321748,73605611008599254,,0,1423,460.0,-940,-210.0,-640.0,,,2,4,,,,,,,,,,,45461,0,0
321749,73605611023451557,,0,1423,406.0,-1040,-300.0,-640.0,,,2,4,,,,,,,,,,,45461,0,0
321750,73605611269510607,,0,1423,356.0,-970,-260.0,,,,2,4,,,,,,,,,,,45433,0,0
321751,73605611839388654,,0,1423,407.0,-1050,-300.0,-660.0,,,2,4,,,,,,,,,,,45461,0,0
321752,73605612085687487,,0,1423,273.0,-870,-160.0,-620.0,,,2,4,,,,,,,,,,,45461,0,0
321753,73605612628934656,,0,1423,,-850,-90.0,-560.0,30.0,0.0,3,4,,,,,,,43211.0,44200.0,,23055629.0,0,0,0
321754,73605612591571697,,0,1423,148.0,-1010,-270.0,,,,2,4,,,,,,,,,,,45433,0,0
321755,73605613064377402,,0,1423,281.0,-1040,-300.0,,,,2,4,,,,,,,,,,,45433,0,0
321756,73605613096302763,,0,1423,496.0,-1050,-300.0,-660.0,,,2,4,,,,,,,,,,,45461,0,0
321757,73605613141648145,,0,450,489.0,-880,-60.0,-720.0,,,2,4,,,,,,,,,,,45458,0,0
321758,73605613203504299,,0,1423,489.0,-850,-110.0,-530.0,95.0,,1,4,274.0,10092.0,,,,,,,,,45459,0,0
321759,73605613347485664,,0,3300,95.0,-1100,-210.0,-790.0,,,2,4,,,,,,,,,,,45458,0,0
321760,73605613347485664,,0,3300,490.0,-980,-80.0,-770.0,,,2,4,,,,,,,,,,,45458,0,0
321761,73605613347485664,,0,3300,460.0,-1090,-180.0,-780.0,,,2,4,,,,,,,,,,,45458,0,0
321762,73605613347485664,,0,3300,489.0,-1000,-130.0,-770.0,,,2,4,,,,,,,,,,,45458,0,0
321763,73605613411085587,,0,1423,419.0,-990,-230.0,-670.0,,,2,4,,,,,,,,,,,45461,0,0
321764,73605613416692575,,0,3300,281.0,-1120,-200.0,-790.0,,,2,4,,,,,,,,,,,45458,0,0
321765,73605613420329587,,0,1423,419.0,-1000,-280.0,,,,2,4,,,,,,,,,,,45433,0,0
321766,73605614036760523,,0,1423,490.0,-950,-180.0,-600.0,,,2,4,,,,,,,,,,,45461,0,0
321767,73605614036760523,,0,1423,124.0,-1060,-250.0,-670.0,,,2,4,,,,,,,,,,,45461,0,0
321768,73605615046756291,,0,1423,406.0,-1030,-300.0,-640.0,,,2,4,,,,,,,,,,,45461,0,0
321769,73605615046756291,,0,1423,460.0,-960,-230.0,-640.0,,,2,4,,,,,,,,,,,45461,0,0
321770,73605615046756291,,0,1423,95.0,-1030,-300.0,-640.0,,,2,4,,,,,,,,,,,45461,0,0
321771,73605615130641917,,0,1423,323.0,-1060,-300.0,-670.0,,,2,4,,,,,,,,,,,45461,0,0
321772,73605616043146702,,0,1423,356.0,-970,-220.0,-650.0,,,2,4,,,,,,,,,,,45461,0,0
321773,73605616199344893,,0,1423,273.0,-1000,-300.0,-610.0,,,2,4,,,,,,,,,,,45461,0,0
321774,73605616472701220,,0,1423,407.0,-980,-200.0,-670.0,,,2,4,,,,,,,,,,,45461,0,0
321775,73605616526441133,,0,1423,148.0,-1040,-220.0,-670.0,,,2,4,,,,,,,,,,,45461,0,0
321776,73605616653991849,,0,1423,389.0,-1050,-230.0,-670.0,,,2,4,,,,,,,,,,,45461,0,0
321777,73605616663268849,,0,1423,389.0,-1050,-230.0,,,,2,4,,,,,,,,,,,45433,0,0
321778,73605616687546281,,0,1423,389.0,-1040,-230.0,-670.0,,,2,4,,,,,,,,,,,45461,0,0
321779,73605616696825281,,0,1423,389.0,-1040,-230.0,,,,2,4,,,,,,,,,,,45433,0,0
321780,73605616670769282,,0,1423,389.0,-970,-220.0,-660.0,,,2,4,,,,,,,,,,,45461,0,0
321781,73605616680047282,,0,1423,389.0,-980,-220.0,,,,2,4,,,,,,,,,,,45433,0,0
321782,73605616702699685,,0,1423,389.0,-1050,-300.0,-660.0,,,2,4,,,,,,,,,,,45461,0,0
321783,73605616711979685,,0,1423,389.0,-1050,-250.0,,,,2,4,,,,,,,,,,,45433,0,0
321784,73605616875995136,,0,1423,,-850,-80.0,-560.0,130.0,0.0,3,4,,,,,,,43211.0,44200.0,,23055629.0,0,0,0
321785,73605617056643038,,0,1423,496.0,-950,-220.0,-630.0,,,2,4,,,,,,,,,,,45461,0,0
321786,73605618009442911,,0,1423,490.0,-910,-140.0,-620.0,,,2,4,,,,,,,,,,,45461,0,0
321787,73605618009442911,,0,1423,124.0,-1060,-300.0,-670.0,,,2,4,,,,,,,,,,,45461,0,0
321788,73605618066037820,,0,3300,460.0,-1180,-300.0,-790.0,,,2,4,,,,,,,,,,,45458,0,0
321789,73605618066037820,,0,3300,490.0,-970,-90.0,-790.0,,,2,4,,,,,,,,,,,45458,0,0
321790,73605618066037820,,0,3300,489.0,-1000,-110.0,-790.0,,,2,4,,,,,,,,,,,45458,0,0
321791,73605618066037820,,0,3300,281.0,-1090,-160.0,-830.0,,,2,4,,,,,,,,,,,45458,0,0
321792,73605619081705170,,0,1423,95.0,-1030,-300.0,-640.0,,,2,4,,,,,,,,,,,45461,0,0
321793,73605619081705170,,0,1423,460.0,-1040,-300.0,-650.0,,,2,4,,,,,,,,,,,45461,0,0
321794,73605619081705170,,0,1423,406.0,-1050,-300.0,-660.0,,,2,4,,,,,,,,,,,45461,0,0
321795,73605619081705170,,0,1423,281.0,-990,-300.0,-600.0,,,2,4,,,,,,,,,,,45461,0,0
321796,73605619649531118,,0,1423,323.0,-1050,-280.0,,,,2,4,,,,,,,,,,,45433,0,0
321797,73605619914311152,,0,1423,489.0,-850,-90.0,-560.0,43.0,,1,4,274.0,1389.0,,,,,,,,,45459,0,0
321798,73605619917962626,,0,450,489.0,-880,-50.0,-740.0,,,2,4,,,,,,,,,,,45458,0,0
321799,73605620285185273,,0,3102,460.0,-1060,-190.0,-780.0,,,2,4,,,,,,,,,,,45458,0,0
321800,73605620285185273,,0,3102,489.0,-970,-100.0,-780.0,,,2,4,,,,,,,,,,,45458,0,0
321801,73605620285185273,,0,3102,490.0,-1070,-170.0,-780.0,,,2,4,,,,,,,,,,,45458,0,0
321802,73605620360743494,,0,1423,273.0,-1050,-300.0,-660.0,,,2,4,,,,,,,,,,,45461,0,0
321803,73605620635995225,,0,1423,148.0,-940,-190.0,-630.0,,,2,4,,,,,,,,,,,45461,0,0
321804,73605620803766635,,0,1423,407.0,-920,-190.0,-640.0,,,2,4,,,,,,,,,,,45461,0,0
321805,73605621042380800,,0,1423,,-850,-80.0,-560.0,110.0,0.0,3,4,,,,,,,43211.0,44200.0,,23055629.0,0,0,0
321806,73605621296950230,,0,1423,130.0,-1000,-230.0,-670.0,,,2,4,,,,,,,,,,,45461,0,0
321807,73605621306299230,,0,1423,130.0,-1010,-280.0,,,,2,4,,,,,,,,,,,45433,0,0
321808,73605621314254769,,0,1423,130.0,-1040,-300.0,-650.0,,,2,4,,,,,,,,,,,45461,0,0
321809,73605621323604769,,0,1423,130.0,-1030,-290.0,,,,2,4,,,,,,,,,,,45433,0,0
321810,73605622199563472,,0,1423,490.0,-920,-140.0,-620.0,,,2,4,,,,,,,,,,,45461,0,0
321811,73605623152490609,,0,1423,406.0,-940,-230.0,-620.0,,,2,4,,,,,,,,,,,45461,0,0
321812,73605623152490609,,0,1423,95.0,-980,-200.0,-640.0,,,2,4,,,,,,,,,,,45461,0,0
321813,73605623152490609,,0,1423,460.0,-920,-200.0,-620.0,,,2,4,,,,,,,,,,,45461,0,0
321814,73605623283413535,,0,1423,124.0,-1070,-300.0,-680.0,,,2,4,,,,,,,,,,,45461,0,0
321815,73605623639513998,,0,1423,356.0,-1050,-300.0,-660.0,,,2,4,,,,,,,,,,,45461,0,0
321816,73605623639513998,,0,1423,281.0,-1040,-300.0,-650.0,,,2,4,,,,,,,,,,,45461,0,0
321817,73605623678044353,,0,3102,95.0,-1040,-150.0,-790.0,,,2,4,,,,,,,,,,,45458,0,0
321818,73605624608435778,,0,1423,273.0,-1050,-300.0,-660.0,,,2,4,,,,,,,,,,,45461,0,0
321819,73605625135338478,,0,1423,148.0,-960,-200.0,-670.0,,,2,4,,,,,,,,,,,45461,0,0
321820,73605625135338478,,0,1423,496.0,-960,-190.0,-610.0,,,2,4,,,,,,,,,,,45461,0,0
321821,73605625309822976,,0,1423,,-850,-90.0,-570.0,130.0,0.0,3,4,,,,,,,43211.0,44200.0,,23055629.0,0,0,0
321822,73605626172113368,,0,1423,490.0,-880,-140.0,-620.0,,,2,4,,,,,,,,,,,45461,0,0
321823,73605627127298038,,0,1423,489.0,-850,-120.0,-520.0,133.0,,1,4,274.0,10026.0,,,,,,,,,45459,0,0
321824,73605627132230876,,0,1423,460.0,-1010,-300.0,-620.0,,,2,4,,,,,,,,,,,45461,0,0
321825,73605627132230876,,0,1423,406.0,-1010,-210.0,-640.0,,,2,4,,,,,,,,,,,45461,0,0
321826,73605627138999766,,0,3102,490.0,-1080,-190.0,-770.0,,,2,4,,,,,,,,,,,45458,0,0
321827,73605627138999766,,0,3102,460.0,-1020,-150.0,-780.0,,,2,4,,,,,,,,,,,45458,0,0
321828,73605627138999766,,0,3102,489.0,-960,-100.0,-770.0,,,2,4,,,,,,,,,,,45458,0,0
321829,73605627178366422,,0,1423,95.0,-1010,-300.0,-620.0,,,2,4,,,,,,,,,,,45461,0,0
321830,73605627178366422,,0,1423,323.0,-1040,-300.0,-650.0,,,2,4,,,,,,,,,,,45461,0,0
321831,73605627283684213,,0,425,90.0,-1130,-210.0,-830.0,,,2,4,,,,,,,,,,,45458,0,0
321832,73605627451050165,,0,1423,124.0,-1040,-300.0,-650.0,,,2,4,,,,,,,,,,,45461,0,0
321833,73605628122136657,,0,1423,356.0,-1050,-300.0,-660.0,,,2,4,,,,,,,,,,,45461,0,0
321834,73605628726223205,,0,1423,273.0,-1060,-300.0,-670.0,,,2,4,,,,,,,,,,,45461,0,0
321835,73605629499932672,,0,1423,,-850,-80.0,-570.0,120.0,0.0,3,4,,,,,,,43211.0,44200.0,,23055629.0,0,0,0
321836,73605630024094422,,0,1423,407.0,-1010,-300.0,-620.0,,,2,4,,,,,,,,,,,45461,0,0
321837,73605630229503419,,0,1423,490.0,-890,-150.0,-620.0,,,2,4,,,,,,,,,,,45461,0,0
321838,73605630410735406,,0,1423,93.0,-1020,-210.0,-660.0,,,2,4,,,,,,,,,,,45461,0,0
321839,73605630410735406,,0,1423,482.0,-990,-180.0,-660.0,,,2,4,,,,,,,,,,,45461,0,0
321840,73605630420196406,,0,1423,482.0,-1000,-260.0,,,,2,4,,,,,,,,,,,45433,0,0
321841,73605630420196406,,0,1423,93.0,-1020,-270.0,,,,2,4,,,,,,,,,,,45433,0,0
321842,73605630427572290,,0,1423,93.0,-1000,-220.0,-640.0,,,2,4,,,,,,,,,,,45461,0,0
321843,73605630437034290,,0,1423,93.0,-1010,-250.0,,,,2,4,,,,,,,,,,,45433,0,0
321844,73605630444289803,,0,1423,93.0,-1050,-300.0,-660.0,,,2,4,,,,,,,,,,,45461,0,0
321845,73605630453752803,,0,1423,93.0,-1050,-260.0,,,,2,4,,,,,,,,,,,45433,0,0
321846,73605630514767219,,0,1423,148.0,-1000,-210.0,-630.0,,,2,4,,,,,,,,,,,45461,0,0
321847,73605631080352736,,0,1423,489.0,-850,-70.0,-570.0,86.0,,1,4,274.0,8350.0,,,,,,,,,45459,0,0
321848,73605631092561427,,0,3102,95.0,-1020,-150.0,-780.0,,,2,4,,,,,,,,,,,45458,0,0
321849,73605631091055732,,0,1423,406.0,-1020,-300.0,,,,2,4,,,,,,,,,,,45433,0,0
321850,73605631092561427,,0,3102,489.0,-970,-90.0,-780.0,,,2,4,,,,,,,,,,,45458,0,0
321851,73605631227147098,,0,1423,460.0,-1000,-260.0,,,,2,4,,,,,,,,,,,45433,0,0
321852,73605631126116496,,0,3102,460.0,-1110,-210.0,-770.0,,,2,4,,,,,,,,,,,45458,0,0
321853,73605631150822266,,0,1423,95.0,-1040,-300.0,-650.0,,,2,4,,,,,,,,,,,45461,0,0
321854,73605631519598146,,0,1423,124.0,-1040,-300.0,-650.0,,,2,4,,,,,,,,,,,45461,0,0
321855,73605631593523727,,0,1423,59.0,-940,-220.0,-630.0,,,2,4,,,,,,,,,,,45461,0,0
321856,73605632152058703,,0,1423,356.0,-1030,-210.0,-670.0,,,2,4,,,,,,,,,,,45461,0,0
321857,73605632831566199,,0,1423,273.0,-890,-140.0,-660.0,,,2,4,,,,,,,,,,,45461,0,0
321858,73605633562327499,,0,1423,323.0,-990,-300.0,-600.0,,,2,4,,,,,,,,,,,45461,0,0
321859,73605633706950656,,0,1423,,-850,-80.0,-560.0,90.0,0.0,3,4,,,,,,,43211.0,44200.0,,23055629.0,0,0,0
321860,73605633673888343,,0,1423,281.0,-980,-200.0,-660.0,,,2,4,,,,,,,,,,,45461,0,0
321861,73605634190513566,,0,1423,490.0,-900,-130.0,-620.0,,,2,4,,,,,,,,,,,45461,0,0
321862,73605634287938567,,0,1423,407.0,-970,-210.0,-670.0,,,2,4,,,,,,,,,,,45461,0,0
321863,73605634480549135,,0,450,490.0,-990,-150.0,-740.0,,,2,4,,,,,,,,,,,45458,0,0
321864,73605634480549135,,0,450,489.0,-880,-60.0,-720.0,,,2,4,,,,,,,,,,,45458,0,0
321865,73605634622836368,,0,3102,490.0,-1040,-130.0,-790.0,,,2,4,,,,,,,,,,,45458,0,0
321866,73605635140957562,,0,1423,102.0,-960,-160.0,-660.0,,,2,4,,,,,,,,,,,45461,0,0
321867,73605635140957562,,0,1423,95.0,-1030,-300.0,-640.0,,,2,4,,,,,,,,,,,45461,0,0
321868,73605635140957562,,0,1423,406.0,-930,-190.0,-640.0,,,2,4,,,,,,,,,,,45461,0,0
321869,73605635150508562,,0,1423,102.0,-960,-160.0,,,,2,4,,,,,,,,,,,45433,0,0
321870,73605635157730137,,0,1423,102.0,-920,-170.0,-660.0,,,2,4,,,,,,,,,,,45461,0,0
321871,73605635167282137,,0,1423,460.0,-1020,-260.0,,,,2,4,,,,,,,,,,,45433,0,0
321872,73605635167282137,,0,1423,102.0,-930,-160.0,,,,2,4,,,,,,,,,,,45433,0,0
321873,73605635183944293,,0,1423,102.0,-990,-200.0,,,,2,4,,,,,,,,,,,45433,0,0
321874,73605635174391293,,0,1423,102.0,-1000,-300.0,-610.0,,,2,4,,,,,,,,,,,45461,0,0
321875,73605635301942709,,0,1423,148.0,-980,-190.0,-670.0,,,2,4,,,,,,,,,,,45461,0,0
321876,73605636280318530,,0,1423,124.0,-1060,-300.0,-670.0,,,2,4,,,,,,,,,,,45461,0,0
321877,73605636280318530,,0,1423,356.0,-1050,-300.0,-660.0,,,2,4,,,,,,,,,,,45461,0,0
321878,73605636402625961,,0,1423,496.0,-970,-160.0,-670.0,,,2,4,,,,,,,,,,,45461,0,0
321879,73605636939493813,,0,1423,273.0,-1050,-300.0,-660.0,,,2,4,,,,,,,,,,,45461,0,0
321880,73605637930549248,,0,1423,,-850,-70.0,-570.0,90.0,0.0,3,4,,,,,,,43211.0,44200.0,,23055629.0,0,0,0
321881,73605638087003708,,0,1423,281.0,-1050,-300.0,-660.0,,,2,4,,,,,,,,,,,45461,0,0
321882,73605638193062370,,0,1423,490.0,-930,-140.0,-630.0,,,2,4,,,,,,,,,,,45461,0,0
321883,73605638805160926,,0,1423,407.0,-1030,-300.0,-640.0,,,2,4,,,,,,,,,,,45461,0,0
321884,73605638976747551,,0,450,489.0,-880,-50.0,-740.0,,,2,4,,,,,,,,,,,45458,0,0
321885,73605638973077777,,0,1423,489.0,-850,-80.0,-570.0,107.0,,1,4,274.0,1901.0,,,,,,,,,45459,0,0
321886,73605639107511016,,0,1423,406.0,-950,-210.0,-600.0,,,2,4,,,,,,,,,,,45458,0,0
321887,73605639107511016,,0,1423,460.0,-990,-300.0,-600.0,,,2,4,,,,,,,,,,,45458,0,0
321888,73605639107511016,,0,1423,95.0,-960,-220.0,-600.0,,,2,4,,,,,,,,,,,45458,0,0
321889,73605639153653513,,0,3102,489.0,-970,-120.0,-750.0,,,2,4,,,,,,,,,,,45458,0,0
321890,73605639153653513,,0,3102,490.0,-1010,-170.0,-750.0,,,2,4,,,,,,,,,,,45458,0,0
321891,73605639606007669,,0,1423,148.0,-1060,-300.0,-670.0,,,2,4,,,,,,,,,,,45461,0,0
321892,73605640061714689,,0,425,90.0,-1030,-180.0,-740.0,,,2,4,,,,,,,,,,,45458,0,0
321893,73605640575732524,,0,1423,124.0,-1020,-210.0,-680.0,,,2,4,,,,,,,,,,,45461,0,0
321894,73605640575732524,,0,1423,356.0,-960,-200.0,-670.0,,,2,4,,,,,,,,,,,45461,0,0
321895,73605641273647436,,0,1423,273.0,-1060,-300.0,-670.0,,,2,4,,,,,,,,,,,45461,0,0
321896,73605642001788556,,0,1423,496.0,-990,-200.0,-670.0,,,2,4,,,,,,,,,,,45461,0,0
321897,73605642129182662,,0,1423,490.0,-920,-140.0,,,,2,4,,,,,,,,,,,45433,0,0
321898,73605642237837312,,0,1423,,-850,-90.0,-540.0,80.0,0.0,3,4,,,,,,,43211.0,44200.0,,23055629.0,0,0,0
321899,73605642766811452,,0,1423,407.0,-1030,-300.0,-640.0,,,2,4,,,,,,,,,,,45461,0,0
321900,73605643266660588,,0,1423,406.0,-990,-300.0,-600.0,,,2,4,,,,,,,,,,,45461,0,0
321901,73605643424320449,,0,1423,460.0,-1050,-300.0,-660.0,,,2,4,,,,,,,,,,,45461,0,0
321902,73605643488116386,,0,1423,95.0,-980,-300.0,-590.0,,,2,4,,,,,,,,,,,45461,0,0
321903,73605643773007768,,0,1423,148.0,-960,-300.0,,,,2,4,,,,,,,,,,,45433,0,0
321904,73605643877297290,,0,450,489.0,-880,-40.0,-740.0,,,2,4,,,,,,,,,,,45458,0,0
321905,73605643871999669,,0,1423,489.0,-850,-120.0,-530.0,121.0,,1,4,274.0,2029.0,,,,,,,,,45459,0,0
321906,73605644106035696,,0,3102,489.0,-960,-110.0,-750.0,,,2,4,,,,,,,,,,,45458,0,0
321907,73605644106035696,,0,3102,490.0,-1060,-170.0,-750.0,,,2,4,,,,,,,,,,,45458,0,0
321908,73605644118618440,,0,425,90.0,-1160,-210.0,-830.0,,,2,4,,,,,,,,,,,45458,0,0
321909,73605644160561738,,0,3102,95.0,-1050,-180.0,-780.0,,,2,4,,,,,,,,,,,45458,0,0
321910,73605644198310677,,0,3102,460.0,-1060,-190.0,-780.0,,,2,4,,,,,,,,,,,45458,0,0
321911,73605645658133914,,0,1423,356.0,-1020,-210.0,-670.0,,,2,4,,,,,,,,,,,45461,0,0
321912,73605645658133914,,0,1423,273.0,-1050,-300.0,-660.0,,,2,4,,,,,,,,,,,45461,0,0
321913,73605645667839914,,0,1423,124.0,-1070,-300.0,,,,2,4,,,,,,,,,,,45433,0,0
321914,73605645902974121,,0,1423,323.0,-1060,-300.0,-670.0,,,2,4,,,,,,,,,,,45461,0,0
321915,73605646104357297,,0,1423,490.0,-910,-150.0,-620.0,,,2,4,,,,,,,,,,,45461,0,0
321916,73605646393540608,,0,1423,,-850,-90.0,-520.0,90.0,0.0,3,4,,,,,,,43211.0,44200.0,,23055629.0,0,0,0
321917,73605646815757315,,0,1423,407.0,-870,-160.0,-610.0,,,2,4,,,,,,,,,,,45461,0,0
321918,73605647201579418,,0,1423,406.0,-970,-230.0,-640.0,,,2,4,,,,,,,,,,,45461,0,0
321919,73605647201579418,,0,1423,496.0,-1050,-300.0,-660.0,,,2,4,,,,,,,,,,,45461,0,0
321920,73605647513690508,,0,1423,95.0,-980,-210.0,-660.0,,,2,4,,,,,,,,,,,45461,0,0
321921,73605647513690508,,0,1423,460.0,-1040,-220.0,-670.0,,,2,4,,,,,,,,,,,45461,0,0
321922,73605647831420435,,0,1423,489.0,-850,-80.0,-570.0,90.0,,1,4,274.0,9580.0,,,,,,,,,45459,0,0
321923,73605648071827743,,0,3102,490.0,-1130,-230.0,-770.0,,,2,4,,,,,,,,,,,45458,0,0
321924,73605648071827743,,0,3102,489.0,-970,-110.0,-770.0,,,2,4,,,,,,,,,,,45458,0,0
321925,73605648138936927,,0,3102,460.0,-1080,-190.0,-790.0,,,2,4,,,,,,,,,,,45458,0,0
321926,73605648235201635,,0,1423,148.0,-960,-190.0,-640.0,,,2,4,,,,,,,,,,,45461,0,0
321927,73605649157943510,,0,1423,29.0,-1010,-240.0,-670.0,,,2,4,,,,,,,,,,,45461,0,0
321928,73605649167706510,,0,1423,29.0,-1020,-270.0,,,,2,4,,,,,,,,,,,45433,0,0
321929,73605649828564851,,0,1423,356.0,-990,-300.0,-600.0,,,2,4,,,,,,,,,,,45461,0,0
321930,73605649828564851,,0,1423,124.0,-980,-300.0,-590.0,,,2,4,,,,,,,,,,,45461,0,0
321931,73605649912917955,,0,1423,281.0,-1050,-300.0,-660.0,,,2,4,,,,,,,,,,,45461,0,0
321932,73605650039973776,,0,1423,490.0,-880,-150.0,,,,2,4,,,,,,,,,,,45433,0,0
321933,73605650114239863,,0,1423,273.0,-1060,-300.0,-670.0,,,2,4,,,,,,,,,,,45461,0,0
321934,73605650326683648,,0,1423,,-850,-80.0,-560.0,80.0,0.0,3,4,,,,,,,43211.0,44200.0,,23055629.0,0,0,0
321935,73605650788350158,,0,1423,407.0,-1040,-230.0,,,,2,4,,,,,,,,,,,45433,0,0
321936,73605651140680288,,0,1423,406.0,-970,-230.0,,,,2,4,,,,,,,,,,,45433,0,0
321937,73605651259216886,,0,450,489.0,-880,-40.0,-740.0,,,2,4,,,,,,,,,,,45458,0,0
321938,73605651455390573,,0,1423,460.0,-890,-210.0,-580.0,,,2,4,,,,,,,,,,,45458,0,0
321939,73605651455390573,,0,1423,95.0,-920,-180.0,-580.0,,,2,4,,,,,,,,,,,45458,0,0
321940,73605651611216975,,0,3300,460.0,-1090,-180.0,-820.0,,,2,4,,,,,,,,,,,45458,0,0
321941,73605651611216975,,0,3300,95.0,-1070,-160.0,-820.0,,,2,4,,,,,,,,,,,45458,0,0
321942,73605651611216975,,0,3300,490.0,-980,-80.0,-810.0,,,2,4,,,,,,,,,,,45458,0,0
321943,73605651611216975,,0,3300,489.0,-1000,-90.0,-810.0,,,2,4,,,,,,,,,,,45458,0,0
321944,73605651790007809,,0,1423,323.0,-1020,-250.0,-670.0,,,2,4,,,,,,,,,,,45461,0,0
321945,73605651816712876,,0,1423,496.0,-880,-180.0,,,,2,4,,,,,,,,,,,45433,0,0
321946,73605654336782249,,0,1423,490.0,-900,-140.0,-610.0,,,2,4,,,,,,,,,,,45461,0,0
321947,73605654336782249,,0,1423,273.0,-890,-140.0,-660.0,,,2,4,,,,,,,,,,,45461,0,0
321948,73605654336782249,,0,1423,354.0,-1050,-300.0,-660.0,,,2,4,,,,,,,,,,,45461,0,0
321949,73605654346613249,,0,1423,354.0,-1050,-290.0,,,,2,4,,,,,,,,,,,45433,0,0
321950,73605654487721100,,0,1423,124.0,-1030,-300.0,-640.0,,,2,4,,,,,,,,,,,45461,0,0
321951,73605654553296896,,0,1423,,-850,-80.0,-580.0,130.0,0.0,3,4,,,,,,,43211.0,44200.0,,23055629.0,0,0,0
321952,73605654687209528,,0,1423,148.0,-1030,-300.0,-640.0,,,2,4,,,,,,,,,,,45461,0,0
321953,73605654687209528,,0,1423,354.0,-1050,-300.0,-660.0,,,2,4,,,,,,,,,,,45461,0,0
321954,73605654697046528,,0,1423,354.0,-1050,-300.0,,,,2,4,,,,,,,,,,,45433,0,0
321955,73605654783737562,,0,1423,407.0,-1030,-300.0,-640.0,,,2,4,,,,,,,,,,,45461,0,0
321956,73605654937441205,,0,1423,356.0,-1060,-230.0,-670.0,,,2,4,,,,,,,,,,,45461,0,0
321957,73605655081508625,,0,1423,406.0,-1030,-270.0,,,,2,4,,,,,,,,,,,45433,0,0
321958,73605655218619608,,0,450,489.0,-880,-100.0,-690.0,,,2,4,,,,,,,,,,,45458,0,0
321959,73605655213321473,,0,1423,489.0,-850,-70.0,-560.0,121.0,,1,4,274.0,1133.0,,,,,,,,,45459,0,0
321960,73605655367348290,,0,3102,489.0,-960,-90.0,-780.0,,,2,4,,,,,,,,,,,45458,0,0
321961,73605655400903673,,0,3102,490.0,-1040,-160.0,-750.0,,,2,4,,,,,,,,,,,45458,0,0
321962,73605655400903673,,0,3102,95.0,-1060,-220.0,-740.0,,,2,4,,,,,,,,,,,45458,0,0
321963,73605655434144736,,0,1423,460.0,-1050,-300.0,-660.0,,,2,4,,,,,,,,,,,45461,0,0
321964,73605655434144736,,0,1423,95.0,-1040,-300.0,-650.0,,,2,4,,,,,,,,,,,45461,0,0
321965,73605655447039950,,0,3102,460.0,-1030,-170.0,-770.0,,,2,4,,,,,,,,,,,45458,0,0
321966,73605655611933500,,0,1423,281.0,-1010,-240.0,-670.0,,,2,4,,,,,,,,,,,45461,0,0
321967,73605656319449691,,0,425,90.0,-1020,-220.0,-710.0,,,2,4,,,,,,,,,,,45458,0,0
321968,73605658427177579,,0,1423,490.0,-930,-140.0,-630.0,,,2,4,,,,,,,,,,,45461,0,0
321969,73605658470640611,,0,1423,273.0,-1060,-300.0,,,,2,4,,,,,,,,,,,45433,0,0
321970,73605658477567243,,0,1423,124.0,-1070,-300.0,-680.0,,,2,4,,,,,,,,,,,45461,0,0
321971,73605658584988699,,0,1423,323.0,-1010,-190.0,-670.0,,,2,4,,,,,,,,,,,45461,0,0
321972,73605658731479040,,0,1423,,-850,-80.0,-560.0,50.0,0.0,3,4,,,,,,,43211.0,44200.0,,23055629.0,0,0,0
321973,73605659199157441,,0,1423,356.0,-1060,-300.0,,,,2,4,,,,,,,,,,,45433,0,0
321974,73605659238884314,,0,1423,406.0,-1000,-200.0,-660.0,,,2,4,,,,,,,,,,,45461,0,0
321975,73605659534056494,,0,1423,95.0,-990,-230.0,-670.0,,,2,4,,,,,,,,,,,45461,0,0
321976,73605659534056494,,0,1423,460.0,-1060,-300.0,-670.0,,,2,4,,,,,,,,,,,45461,0,0
321977,73605659550945238,,0,1423,407.0,-1050,-300.0,-660.0,,,2,4,,,,,,,,,,,45461,0,0
321978,73605660509107932,,0,425,90.0,-1140,-210.0,-840.0,,,2,4,,,,,,,,,,,45458,0,0
321979,73605660785677925,,0,1423,281.0,-1040,-230.0,-660.0,,,2,4,,,,,,,,,,,45461,0,0
321980,73605661480559598,,0,1423,148.0,-1050,-300.0,-660.0,,,2,4,,,,,,,,,,,45461,0,0
321981,73605661789937231,,0,1423,489.0,-850,-80.0,-560.0,86.0,,1,4,274.0,1389.0,,,,,,,,,45459,0,0
321982,73605661795237123,,0,450,489.0,-880,-60.0,-720.0,,,2,4,,,,,,,,,,,45458,0,0
321983,73605661941454853,,0,3300,490.0,-970,-80.0,-800.0,,,2,4,,,,,,,,,,,45458,0,0
321984,73605661941454853,,0,3300,460.0,-1110,-210.0,-790.0,,,2,4,,,,,,,,,,,45458,0,0
321985,73605661983397821,,0,3300,489.0,-1010,-110.0,-790.0,,,2,4,,,,,,,,,,,45458,0,0
321986,73605661941454853,,0,3300,281.0,-1090,-160.0,-820.0,,,2,4,,,,,,,,,,,45458,0,0
321987,73605661983397821,,0,3300,95.0,-1100,-200.0,-780.0,,,2,4,,,,,,,,,,,45458,0,0
321988,73605662389408605,,0,1423,490.0,-920,-130.0,-640.0,,,2,4,,,,,,,,,,,45461,0,0
321989,73605662849004891,,0,1423,124.0,-1070,-300.0,-680.0,,,2,4,,,,,,,,,,,45461,0,0
321990,73605663130451968,,0,1423,,-850,-80.0,-570.0,90.0,0.0,3,4,,,,,,,43211.0,44200.0,,23055629.0,0,0,0
321991,73605663151139450,,0,1423,356.0,-990,-220.0,-670.0,,,2,4,,,,,,,,,,,45461,0,0
321992,73605663177762261,,0,1423,406.0,-1010,-280.0,,,,2,4,,,,,,,,,,,45433,0,0
321993,73605663637678070,,0,1423,95.0,-970,-180.0,-660.0,,,2,4,,,,,,,,,,,45461,0,0
321994,73605663647672070,,0,1423,460.0,-1010,-250.0,,,,2,4,,,,,,,,,,,45433,0,0
321995,73605664619448579,,0,425,90.0,-1220,-300.0,-830.0,,,2,4,,,,,,,,,,,45458,0,0
321996,73605664654434053,,0,1423,166.0,-1040,-180.0,-750.0,,,2,4,,,,,,,,,,,45461,0,0
321997,73605664664436053,,0,1423,166.0,-1040,-180.0,,,,2,4,,,,,,,,,,,45433,0,0
321998,73605664671211453,,0,1423,166.0,-910,-220.0,-600.0,,,2,4,,,,,,,,,,,45461,0,0
321999,73605664681214453,,0,1423,166.0,-930,-190.0,,,,2,4,,,,,,,,,,,45433,0,0
322000,73605664800756162,,0,1423,273.0,-1050,-300.0,,,,2,4,,,,,,,,,,,45433,0,0
322001,73605665493290460,,0,1423,59.0,-1120,-300.0,-720.0,,,2,4,,,,,,,,,,,45461,0,0
322002,73605665526882712,,0,1423,407.0,-1050,-300.0,-660.0,,,2,4,,,,,,,,,,,45461,0,0
322003,73605665749371450,,0,1423,489.0,-850,-70.0,-570.0,110.0,,1,4,274.0,9964.0,,,,,,,,,45459,0,0
322004,73605666080163583,,0,3102,489.0,-970,-120.0,-760.0,,,2,4,,,,,,,,,,,45458,0,0
322005,73605666080163583,,0,3102,460.0,-1020,-160.0,-760.0,,,2,4,,,,,,,,,,,45458,0,0
322006,73605666172439278,,0,3102,95.0,-1030,-200.0,-730.0,,,2,4,,,,,,,,,,,45458,0,0
322007,73605666329865608,,0,1423,490.0,-930,-150.0,,,,2,4,,,,,,,,,,,45433,0,0
322008,73605667004262341,,0,1423,124.0,-1030,-210.0,-680.0,,,2,4,,,,,,,,,,,45461,0,0
322009,73605667118298498,,0,1423,406.0,-960,-210.0,-660.0,,,2,4,,,,,,,,,,,45461,0,0
322010,73605667327377408,,0,1423,,-850,-80.0,-560.0,60.0,0.0,3,4,,,,,,,43211.0,44200.0,,23055629.0,0,0,0
322011,73605667510944695,,0,1423,356.0,-1010,-220.0,-650.0,,,2,4,,,,,,,,,,,45461,0,0
322012,73605667571276838,,0,1423,95.0,-980,-210.0,-660.0,,,2,4,,,,,,,,,,,45461,0,0
322013,73605667581330838,,0,1423,460.0,-980,-260.0,,,,2,4,,,,,,,,,,,45433,0,0
322014,73605668182032479,,0,1423,281.0,-1020,-250.0,-670.0,,,2,4,,,,,,,,,,,45461,0,0
322015,73605668759153753,,0,1423,273.0,-1050,-300.0,,,,2,4,,,,,,,,,,,45433,0,0
322016,73605668789653150,,0,425,90.0,-1170,-300.0,-780.0,,,2,4,,,,,,,,,,,45458,0,0
322017,73605669244265282,,0,450,489.0,-880,-60.0,-720.0,,,2,4,,,,,,,,,,,45458,0,0
322018,73605669452873221,,0,3300,489.0,-1000,-110.0,-780.0,,,2,4,,,,,,,,,,,45458,0,0
322019,73605669452873221,,0,3300,460.0,-1080,-170.0,-790.0,,,2,4,,,,,,,,,,,45458,0,0
322020,73605669452873221,,0,3300,490.0,-980,-100.0,-780.0,,,2,4,,,,,,,,,,,45458,0,0
322021,73605669452873221,,0,3300,95.0,-1070,-150.0,-800.0,,,2,4,,,,,,,,,,,45458,0,0
322022,73605669530468488,,0,3300,281.0,-1120,-190.0,-830.0,,,2,4,,,,,,,,,,,45458,0,0
322023,73605670430558432,,0,1423,490.0,-920,-140.0,,,,2,4,,,,,,,,,,,45433,0,0
322024,73605671025276075,,0,1423,124.0,-950,-300.0,-560.0,,,2,4,,,,,,,,,,,45461,0,0
322025,73605671025276075,,0,1423,496.0,-960,-300.0,-570.0,,,2,4,,,,,,,,,,,45461,0,0
322026,73605671058775522,,0,1423,406.0,-960,-300.0,-570.0,,,2,4,,,,,,,,,,,45461,0,0
322027,73605671542194176,,0,1423,,-850,-80.0,-560.0,100.0,0.0,3,4,,,,,,,43211.0,44200.0,,23055629.0,0,0,0
322028,73605671505102792,,0,1423,95.0,-980,-300.0,,,,2,4,,,,,,,,,,,45433,0,0
322029,73605671597740526,,0,1423,460.0,-960,-300.0,-570.0,,,2,4,,,,,,,,,,,45461,0,0
322030,73605672178751360,,0,1423,271.0,-970,-230.0,-650.0,,,2,4,,,,,,,,,,,45461,0,0
322031,73605672178751360,,0,1423,281.0,-1060,-300.0,-670.0,,,2,4,,,,,,,,,,,45461,0,0
322032,73605672188875360,,0,1423,271.0,-980,-270.0,,,,2,4,,,,,,,,,,,45433,0,0
322033,73605672195568637,,0,1423,271.0,-940,-210.0,-640.0,,,2,4,,,,,,,,,,,45461,0,0
322034,73605672205693637,,0,1423,271.0,-940,-240.0,,,,2,4,,,,,,,,,,,45433,0,0
322035,73605672212404231,,0,1423,271.0,-1000,-260.0,-650.0,,,2,4,,,,,,,,,,,45461,0,0
322036,73605672212404718,,0,1423,271.0,-990,-250.0,,,,2,4,,,,,,,,,,,45433,0,0
322037,73605672230958605,,0,1423,407.0,-1030,-300.0,-640.0,,,2,4,,,,,,,,,,,45461,0,0
322038,73605672230958605,,0,1423,271.0,-1040,-300.0,-650.0,,,2,4,,,,,,,,,,,45461,0,0
322039,73605672241084605,,0,1423,271.0,-1030,-270.0,,,,2,4,,,,,,,,,,,45433,0,0
322040,73605672256138110,,0,1423,356.0,-940,-180.0,,,,2,4,,,,,,,,,,,45433,0,0
322041,73605672256138110,,0,1423,271.0,-1030,-270.0,,,,2,4,,,,,,,,,,,45433,0,0
322042,73605672262788308,,0,1423,271.0,-1000,-200.0,-650.0,,,2,4,,,,,,,,,,,45461,0,0
322043,73605672393068078,,0,1423,489.0,-850,-110.0,-530.0,91.0,,1,4,274.0,1133.0,,,,,,,,,45459,0,0
322044,73605672396792857,,0,450,490.0,-980,-170.0,-720.0,,,2,4,,,,,,,,,,,45458,0,0
322045,73605672583437780,,0,3102,460.0,-1040,-180.0,-760.0,,,2,4,,,,,,,,,,,45458,0,0
322046,73605672583437780,,0,3102,489.0,-970,-110.0,-760.0,,,2,4,,,,,,,,,,,45458,0,0
322047,73605672770240545,,0,1423,323.0,-1060,-300.0,-670.0,,,2,4,,,,,,,,,,,45461,0,0
322048,73605672770240545,,0,1423,273.0,-920,-160.0,-670.0,,,2,4,,,,,,,,,,,45461,0,0
322049,73605672877075510,,0,3300,59.0,-1240,-300.0,-850.0,,,2,4,,,,,,,,,,,45458,0,0
322050,73605672990172292,,0,3102,490.0,-1040,-160.0,-790.0,,,2,4,,,,,,,,,,,45458,0,0
322051,73605673340570070,,0,1423,32.0,-1050,-300.0,-660.0,,,2,4,,,,,,,,,,,45461,0,0
322052,73605673350724070,,0,1423,32.0,-1050,-300.0,,,,2,4,,,,,,,,,,,45433,0,0
322053,73605673366659061,,0,1423,32.0,-1050,-300.0,,,,2,4,,,,,,,,,,,45433,0,0
322054,73605673356504061,,0,1423,32.0,-1050,-300.0,-660.0,,,2,4,,,,,,,,,,,45461,0,0
322055,73605673391467891,,0,1423,32.0,-1040,-300.0,-650.0,,,2,4,,,,,,,,,,,45461,0,0
322056,73605673391467891,,0,1423,347.0,-1040,-300.0,-650.0,,,2,4,,,,,,,,,,,45461,0,0
322057,73605673374685785,,0,1423,32.0,-1050,-300.0,-660.0,,,2,4,,,,,,,,,,,45461,0,0
322058,73605673384841785,,0,1423,32.0,-1050,-300.0,,,,2,4,,,,,,,,,,,45433,0,0
322059,73605673401624891,,0,1423,32.0,-1050,-300.0,,,,2,4,,,,,,,,,,,45433,0,0
322060,73605673397071969,,0,3300,490.0,-970,-100.0,-780.0,,,2,4,,,,,,,,,,,45458,0,0
322061,73605673397071969,,0,3300,95.0,-1080,-190.0,-800.0,,,2,4,,,,,,,,,,,45458,0,0
322062,73605673397071969,,0,3300,489.0,-1010,-110.0,-780.0,,,2,4,,,,,,,,,,,45458,0,0
322063,73605673996854138,,0,3300,460.0,-1070,-160.0,-810.0,,,2,4,,,,,,,,,,,45458,0,0
322064,73605674244316521,,0,3300,281.0,-1090,-170.0,-830.0,,,2,4,,,,,,,,,,,45458,0,0
322065,73605674463834559,,0,1423,490.0,-920,-140.0,-630.0,,,2,4,,,,,,,,,,,45461,0,0
322066,73605675067810000,,0,1423,406.0,-960,-300.0,-570.0,,,2,4,,,,,,,,,,,45461,0,0
322067,73605675169726307,,0,1423,124.0,-990,-300.0,-600.0,,,2,4,,,,,,,,,,,45461,0,0
322068,73605675498152602,,0,1423,95.0,-1040,-300.0,-650.0,,,2,4,,,,,,,,,,,45461,0,0
322069,73605675605372603,,0,1423,460.0,-970,-210.0,-670.0,,,2,4,,,,,,,,,,,45461,0,0
322070,73605675768610816,,0,1423,,-850,-80.0,-580.0,140.0,0.0,3,4,,,,,,,43211.0,44200.0,,23055629.0,0,0,0
322071,73605676176346830,,0,3102,95.0,-1160,-300.0,-770.0,,,2,4,,,,,,,,,,,45458,0,0
322072,73605676417462166,,0,425,90.0,-1130,-200.0,-840.0,,,2,4,,,,,,,,,,,45458,0,0
322073,73605676666204202,,0,1423,356.0,-1000,-300.0,-610.0,,,2,4,,,,,,,,,,,45461,0,0
322074,73605677106535477,,0,1423,148.0,-1010,-300.0,,,,2,4,,,,,,,,,,,45433,0,0
322075,73605677588985296,,0,1423,273.0,-1060,-300.0,-670.0,,,2,4,,,,,,,,,,,45461,0,0
322076,73605677605930730,,0,1423,407.0,-950,-220.0,-640.0,,,2,4,,,,,,,,,,,45461,0,0
322077,73605678484729531,,0,1423,490.0,-920,-130.0,-630.0,,,2,4,,,,,,,,,,,45461,0,0
322078,73605679002721236,,0,1423,406.0,-1040,-300.0,-650.0,,,2,4,,,,,,,,,,,45461,0,0
322079,73605679021762602,,0,1423,281.0,-1000,-240.0,-660.0,,,2,4,,,,,,,,,,,45461,0,0
322080,73605679421994077,,0,1423,489.0,-850,-70.0,-570.0,86.0,,1,4,274.0,8395.0,,,,,,,,,45459,0,0
322081,73605679426775112,,0,1423,124.0,-1070,-300.0,-680.0,,,2,4,,,,,,,,,,,45461,0,0
322082,73605679437004112,,0,1423,95.0,-1040,-300.0,,,,2,4,,,,,,,,,,,45433,0,0
322083,73605679435626730,,0,3102,490.0,-1050,-160.0,-780.0,,,2,4,,,,,,,,,,,45458,0,0
322084,73605679435626730,,0,3102,460.0,-1150,-300.0,-760.0,,,2,4,,,,,,,,,,,45458,0,0
322085,73605679435626730,,0,3102,489.0,-970,-90.0,-780.0,,,2,4,,,,,,,,,,,45458,0,0
322086,73605679656353526,,0,1423,460.0,-960,-180.0,-640.0,,,2,4,,,,,,,,,,,45461,0,0
322087,73605679996796928,,0,1423,,-850,-80.0,-570.0,100.0,0.0,3,4,,,,,,,43211.0,44200.0,,23055629.0,0,0,0
322088,73605681257054038,,0,1423,148.0,-980,-210.0,,,,2,4,,,,,,,,,,,45433,0,0
322089,73605681478397600,,0,1423,356.0,-1000,-240.0,-670.0,,,2,4,,,,,,,,,,,45461,0,0
322090,73605681746885762,,0,1423,273.0,-970,-200.0,-620.0,,,2,4,,,,,,,,,,,45461,0,0
322091,73605682324067529,,0,1423,407.0,-920,-160.0,-640.0,,,2,4,,,,,,,,,,,45461,0,0
322092,73605682538611414,,0,1423,490.0,-920,-130.0,-640.0,,,2,4,,,,,,,,,,,45461,0,0
322093,73605682538611414,,0,1423,192.0,-1000,-210.0,-650.0,,,2,4,,,,,,,,,,,45461,0,0
322094,73605682548862414,,0,1423,192.0,-1000,-260.0,,,,2,4,,,,,,,,,,,45433,0,0
322095,73605682555429366,,0,1423,291.0,-1040,-300.0,-650.0,,,2,4,,,,,,,,,,,45461,0,0
322096,73605682555429366,,0,1423,192.0,-1050,-300.0,-660.0,,,2,4,,,,,,,,,,,45461,0,0
322097,73605682565681366,,0,1423,291.0,-1040,-300.0,,,,2,4,,,,,,,,,,,45433,0,0
322098,73605682565681366,,0,1423,192.0,-1040,-270.0,,,,2,4,,,,,,,,,,,45433,0,0
322099,73605682817158612,,0,1423,323.0,-990,-220.0,-670.0,,,2,4,,,,,,,,,,,45461,0,0
322100,73605682941569140,,0,1423,406.0,-950,-230.0,,,,2,4,,,,,,,,,,,45433,0,0
322101,73605682958289545,,0,1423,281.0,-990,-270.0,,,,2,4,,,,,,,,,,,45433,0,0
322102,73605683403629739,,0,1423,124.0,-1060,-280.0,,,,2,4,,,,,,,,,,,45433,0,0
322103,73605683419292116,,0,3102,489.0,-970,-90.0,-780.0,,,2,4,,,,,,,,,,,45458,0,0
322104,73605683419292116,,0,3102,460.0,-1110,-200.0,-790.0,,,2,4,,,,,,,,,,,45458,0,0
322105,73605683364765938,,0,3102,95.0,-1150,-300.0,-760.0,,,2,4,,,,,,,,,,,45458,0,0
322106,73605683403629739,,0,1423,95.0,-970,-270.0,,,,2,4,,,,,,,,,,,45433,0,0
322107,73605683400364022,,0,3102,490.0,-1050,-150.0,-780.0,,,2,4,,,,,,,,,,,45458,0,0
322108,73605683658374827,,0,1423,460.0,-970,-210.0,-670.0,,,2,4,,,,,,,,,,,45461,0,0
322109,73605684248444928,,0,1423,,-850,-100.0,-510.0,110.0,0.0,3,4,,,,,,,43211.0,44200.0,,23055629.0,0,0,0
322110,73605684209859605,,0,425,90.0,-1160,-210.0,-850.0,,,2,4,,,,,,,,,,,45458,0,0
322111,73605685477120173,,0,1423,356.0,-1030,-300.0,-640.0,,,2,4,,,,,,,,,,,45461,0,0
322112,73605685731812416,,0,1423,273.0,-1050,-300.0,-660.0,,,2,4,,,,,,,,,,,45461,0,0
322113,73605686348486309,,0,1423,495.0,-1020,-300.0,-630.0,,,2,4,,,,,,,,,,,45461,0,0
322114,73605686358810309,,0,1423,495.0,-1020,-300.0,,,,2,4,,,,,,,,,,,45433,0,0
322115,73605686611131374,,0,1423,490.0,-930,-130.0,-640.0,,,2,4,,,,,,,,,,,45461,0,0
322116,73605686883244488,,0,1423,406.0,-1010,-260.0,,,,2,4,,,,,,,,,,,45433,0,0
322117,73605686933361964,,0,1423,281.0,-990,-230.0,-660.0,,,2,4,,,,,,,,,,,45461,0,0
322118,73605687346345846,,0,1423,95.0,-1010,-260.0,,,,2,4,,,,,,,,,,,45433,0,0
322119,73605687336012846,,0,1423,124.0,-1030,-250.0,-680.0,,,2,4,,,,,,,,,,,45461,0,0
322120,73605687591021946,,0,1423,460.0,-1000,-190.0,-660.0,,,2,4,,,,,,,,,,,45461,0,0
322121,73605687661536818,,0,1423,482.0,-1060,-300.0,-670.0,,,2,4,,,,,,,,,,,45461,0,0
322122,73605687671880818,,0,1423,482.0,-1060,-300.0,,,,2,4,,,,,,,,,,,45433,0,0
322123,73605687678374169,,0,1423,482.0,-1040,-300.0,-650.0,,,2,4,,,,,,,,,,,45461,0,0
322124,73605687688719169,,0,1423,482.0,-1040,-300.0,,,,2,4,,,,,,,,,,,45433,0,0
322125,73605687766181971,,0,450,489.0,-880,-110.0,-680.0,,,2,4,,,,,,,,,,,45458,0,0
322126,73605687760884348,,0,1423,489.0,-850,-120.0,-530.0,96.0,,1,4,274.0,1773.0,,,,,,,,,45459,0,0
322127,73605687980240508,,0,3300,490.0,-980,-100.0,-780.0,,,2,4,,,,,,,,,,,45458,0,0
322128,73605687980240508,,0,3300,489.0,-1010,-110.0,-780.0,,,2,4,,,,,,,,,,,45458,0,0
322129,73605687980240508,,0,3300,460.0,-1070,-190.0,-780.0,,,2,4,,,,,,,,,,,45458,0,0
322130,73605688150272156,,0,1423,496.0,-980,-210.0,,,,2,4,,,,,,,,,,,45433,0,0
322131,73605688008985564,,0,1423,148.0,-1050,-300.0,-660.0,,,2,4,,,,,,,,,,,45461,0,0
322132,73605688008985564,,0,1423,323.0,-1060,-300.0,-670.0,,,2,4,,,,,,,,,,,45461,0,0
322133,73605688183722729,,0,1423,407.0,-910,-250.0,,,,2,4,,,,,,,,,,,45433,0,0
322134,73605688229123630,,0,3300,95.0,-1090,-210.0,-790.0,,,2,4,,,,,,,,,,,45458,0,0
322135,73605688447467520,,0,1423,,-850,-80.0,-570.0,110.0,0.0,3,4,,,,,,,43211.0,44200.0,,23055629.0,0,0,0
322136,73605688455558905,,0,425,90.0,-1050,-180.0,-760.0,,,2,4,,,,,,,,,,,45458,0,0
322137,73605689672432780,,0,1423,273.0,-1050,-300.0,-660.0,,,2,4,,,,,,,,,,,45461,0,0
322138,73605689926190070,,0,1423,354.0,-940,-200.0,-650.0,,,2,4,,,,,,,,,,,45461,0,0
322139,73605689936586070,,0,1423,354.0,-940,-200.0,,,,2,4,,,,,,,,,,,45433,0,0
322140,73605690585103209,,0,1423,356.0,-1020,-220.0,-660.0,,,2,4,,,,,,,,,,,45461,0,0
322141,73605690585103209,,0,1423,490.0,-910,-140.0,-620.0,,,2,4,,,,,,,,,,,45461,0,0
322142,73605690840074181,,0,1423,406.0,-960,-230.0,-640.0,,,2,4,,,,,,,,,,,45461,0,0
322143,73605691258867182,,0,1423,59.0,-1050,-300.0,-660.0,,,2,4,,,,,,,,,,,45461,0,0
322144,73605691269278182,,0,1423,124.0,-1030,-270.0,,,,2,4,,,,,,,,,,,45433,0,0
322145,73605691457474464,,0,1423,95.0,-940,-200.0,-640.0,,,2,4,,,,,,,,,,,45461,0,0
322146,73605691847039970,,0,1423,460.0,-990,-260.0,,,,2,4,,,,,,,,,,,45433,0,0
322147,73605691954067872,,0,1423,323.0,-1050,-300.0,-660.0,,,2,4,,,,,,,,,,,45461,0,0
322148,73605692037901546,,0,1423,281.0,-1050,-300.0,-660.0,,,2,4,,,,,,,,,,,45461,0,0
322149,73605692518200114,,0,1423,407.0,-1030,-300.0,-640.0,,,2,4,,,,,,,,,,,45461,0,0
322150,73605692603703426,,0,425,90.0,-1220,-300.0,-830.0,,,2,4,,,,,,,,,,,45458,0,0
322151,73605692749840384,,0,1423,,-850,-80.0,-570.0,110.0,0.0,3,4,,,,,,,43211.0,44200.0,,23055629.0,0,0,0
322152,73605692745999375,,0,1423,482.0,-1060,-300.0,-670.0,,,2,4,,,,,,,,,,,45461,0,0
322153,73605692798053397,,0,1423,148.0,-950,-200.0,-660.0,,,2,4,,,,,,,,,,,45461,0,0
322154,73605693062651606,,0,1423,489.0,-850,-70.0,-570.0,125.0,,1,4,274.0,9836.0,,,,,,,,,45459,0,0
322155,73605693069485634,,0,1423,496.0,-1040,-300.0,-640.0,,,2,4,,,,,,,,,,,45461,0,0
322156,73605693080318039,,0,3300,490.0,-970,-100.0,-780.0,,,2,4,,,,,,,,,,,45458,0,0
322157,73605693080318039,,0,3300,460.0,-1170,-300.0,-780.0,,,2,4,,,,,,,,,,,45458,0,0
322158,73605693080318039,,0,3300,95.0,-1040,-170.0,-780.0,,,2,4,,,,,,,,,,,45458,0,0
322159,73605693080318039,,0,3300,489.0,-1000,-110.0,-780.0,,,2,4,,,,,,,,,,,45458,0,0
322160,73605693167665347,,0,1423,38.0,-890,-200.0,,,,2,4,,,,,,,,,,,45433,0,0
322161,73605693140377318,,0,1423,38.0,-920,-200.0,-620.0,,,2,4,,,,,,,,,,,45461,0,0
322162,73605693150829318,,0,1423,38.0,-930,-220.0,,,,2,4,,,,,,,,,,,45433,0,0
322163,73605693157212347,,0,1423,38.0,-890,-180.0,-590.0,,,2,4,,,,,,,,,,,45461,0,0
322164,73605693173873202,,0,1423,38.0,-1040,-300.0,-650.0,,,2,4,,,,,,,,,,,45461,0,0
322165,73605693184327202,,0,1423,38.0,-1010,-230.0,,,,2,4,,,,,,,,,,,45433,0,0
322166,73605693687241473,,0,1423,273.0,-1050,-300.0,-660.0,,,2,4,,,,,,,,,,,45461,0,0
322167,73605694690517603,,0,1423,356.0,-1050,-300.0,-660.0,,,2,4,,,,,,,,,,,45461,0,0
322168,73605694690517603,,0,1423,490.0,-930,-130.0,-640.0,,,2,4,,,,,,,,,,,45461,0,0
322169,73605695110001347,,0,1423,406.0,-1010,-300.0,-620.0,,,2,4,,,,,,,,,,,45461,0,0
322170,73605695204418368,,0,1423,124.0,-1060,-280.0,,,,2,4,,,,,,,,,,,45433,0,0
322171,73605695395526709,,0,1423,95.0,-1040,-290.0,,,,2,4,,,,,,,,,,,45433,0,0
322172,73605696173553269,,0,1423,460.0,-1050,-300.0,-660.0,,,2,4,,,,,,,,,,,45461,0,0
322173,73605696624431074,,0,425,90.0,-1020,-190.0,-730.0,,,2,4,,,,,,,,,,,45458,0,0
322174,73605696898269184,,0,1423,,-850,-90.0,-500.0,40.0,0.0,3,4,,,,,,,43211.0,44200.0,,23055629.0,0,0,0
322175,73605697351477294,,0,1423,323.0,-1060,-300.0,-670.0,,,2,4,,,,,,,,,,,45461,0,0
322176,73605697418528601,,0,1423,407.0,-1050,-300.0,-660.0,,,2,4,,,,,,,,,,,45461,0,0
322177,73605697491602089,,0,1423,489.0,-850,-90.0,-550.0,44.0,,1,4,274.0,1901.0,,,,,,,,,45459,0,0
322178,73605697496899048,,0,450,489.0,-880,-60.0,-720.0,,,2,4,,,,,,,,,,,45458,0,0
322179,73605697881254630,,0,3300,490.0,-980,-90.0,-790.0,,,2,4,,,,,,,,,,,45458,0,0
322180,73605697881254630,,0,3300,460.0,-1090,-180.0,-800.0,,,2,4,,,,,,,,,,,45458,0,0
322181,73605697837214178,,0,3300,489.0,-1000,-100.0,-800.0,,,2,4,,,,,,,,,,,45458,0,0
322182,73605697837214178,,0,3300,95.0,-1070,-170.0,-780.0,,,2,4,,,,,,,,,,,45458,0,0
322183,73605698060045311,,0,1423,273.0,-910,-150.0,-670.0,,,2,4,,,,,,,,,,,45461,0,0
322184,73605697927392560,,0,3300,59.0,-1110,-170.0,-850.0,,,2,4,,,,,,,,,,,45458,0,0
322185,73605698241072442,,0,1423,148.0,-910,-190.0,-620.0,,,2,4,,,,,,,,,,,45461,0,0
322186,73605698448047760,,0,3102,489.0,-960,-80.0,-780.0,,,2,4,,,,,,,,,,,45458,0,0
322187,73605698448047760,,0,3102,490.0,-1050,-150.0,-780.0,,,2,4,,,,,,,,,,,45458,0,0
322188,73605698448047760,,0,3102,460.0,-1030,-160.0,-780.0,,,2,4,,,,,,,,,,,45458,0,0
322189,73605698708214793,,0,1423,490.0,-910,-140.0,-630.0,,,2,4,,,,,,,,,,,45461,0,0
322190,73605698896222659,,0,1423,356.0,-990,-220.0,-670.0,,,2,4,,,,,,,,,,,45461,0,0
322191,73605699410136061,,0,1423,124.0,-1050,-300.0,-660.0,,,2,4,,,,,,,,,,,45461,0,0
322192,73605699410136061,,0,1423,406.0,-1040,-300.0,-650.0,,,2,4,,,,,,,,,,,45461,0,0
322193,73605699909554818,,0,1423,95.0,-990,-240.0,-660.0,,,2,4,,,,,,,,,,,45461,0,0
322194,73605700318032100,,0,1423,460.0,-1000,-300.0,-610.0,,,2,4,,,,,,,,,,,45461,0,0
322195,73605700585032504,,0,425,90.0,-1100,-200.0,-810.0,,,2,4,,,,,,,,,,,45458,0,0
322196,73605701057008213,,0,1423,496.0,-930,-200.0,-640.0,,,2,4,,,,,,,,,,,45461,0,0
322197,73605701216632832,,0,1423,,-850,-80.0,-570.0,110.0,0.0,3,4,,,,,,,43211.0,44200.0,,23055629.0,0,0,0
322198,73605701391765607,,0,1423,407.0,-1040,-300.0,-650.0,,,2,4,,,,,,,,,,,45461,0,0
322199,73605701518111528,,0,1423,489.0,-850,-70.0,-570.0,121.0,,1,4,274.0,1389.0,,,,,,,,,45459,0,0
322200,73605701523409687,,0,450,489.0,-880,-40.0,-750.0,,,2,4,,,,,,,,,,,45458,0,0
322201,73605701924488221,,0,3102,95.0,-1180,-300.0,-790.0,,,2,4,,,,,,,,,,,45458,0,0
322202,73605702159640642,,0,1423,482.0,-1050,-300.0,,,,2,4,,,,,,,,,,,45433,0,0
322203,73605702165872137,,0,1423,273.0,-900,-130.0,-670.0,,,2,4,,,,,,,,,,,45461,0,0
322204,73605702176472137,,0,1423,148.0,-1060,-300.0,,,,2,4,,,,,,,,,,,45433,0,0
322205,73605702269775230,,0,1423,281.0,-1010,-240.0,-670.0,,,2,4,,,,,,,,,,,45461,0,0
322206,73605702342182491,,0,1423,93.0,-1030,-300.0,-640.0,,,2,4,,,,,,,,,,,45461,0,0
322207,73605702352795491,,0,1423,93.0,-1030,-300.0,,,,2,4,,,,,,,,,,,45433,0,0
322208,73605702384551433,,0,3102,490.0,-1060,-140.0,-790.0,,,2,4,,,,,,,,,,,45458,0,0
322209,73605702384551433,,0,3102,489.0,-960,-80.0,-790.0,,,2,4,,,,,,,,,,,45458,0,0
322210,73605702384551433,,0,3102,460.0,-1040,-160.0,-790.0,,,2,4,,,,,,,,,,,45458,0,0
322211,73605702976472194,,0,1423,490.0,-920,-140.0,-630.0,,,2,4,,,,,,,,,,,45461,0,0
322212,73605702976472194,,0,1423,356.0,-940,-180.0,-660.0,,,2,4,,,,,,,,,,,45461,0,0
322213,73605703805974172,,0,1423,406.0,-1010,-290.0,,,,2,4,,,,,,,,,,,45433,0,0
322214,73605703805974172,,0,1423,124.0,-990,-290.0,,,,2,4,,,,,,,,,,,45433,0,0
322215,73605703952898024,,0,1423,95.0,-970,-190.0,-660.0,,,2,4,,,,,,,,,,,45461,0,0
322216,73605703952898024,,0,1423,323.0,-1060,-240.0,-670.0,,,2,4,,,,,,,,,,,45461,0,0
322217,73605704312033840,,0,1423,460.0,-910,-180.0,-640.0,,,2,4,,,,,,,,,,,45461,0,0
322218,73605704632668277,,0,425,90.0,-1130,-300.0,-740.0,,,2,4,,,,,,,,,,,45458,0,0
322219,73605705191094867,,0,1423,496.0,-1060,-300.0,-670.0,,,2,4,,,,,,,,,,,45461,0,0
322220,73605705448751104,,0,1423,,-850,-70.0,-580.0,120.0,0.0,3,4,,,,,,,43211.0,44200.0,,23055629.0,0,0,0
322221,73605705587079023,,0,1423,354.0,-1060,-300.0,-670.0,,,2,4,,,,,,,,,,,45461,0,0
322222,73605705597726023,,0,1423,354.0,-1060,-300.0,,,,2,4,,,,,,,,,,,45433,0,0
322223,73605705681037817,,0,1423,407.0,-1030,-300.0,-640.0,,,2,4,,,,,,,,,,,45461,0,0
322224,73605705751229969,,0,450,489.0,-870,-70.0,-700.0,,,2,4,,,,,,,,,,,45458,0,0
322225,73605705745931674,,0,1423,489.0,-850,-110.0,-530.0,118.0,,1,4,274.0,1261.0,,,,,,,,,45459,0,0
322226,73605705839516093,,0,3300,460.0,-1070,-160.0,-800.0,,,2,4,,,,,,,,,,,45458,0,0
322227,73605705839516093,,0,3300,489.0,-1000,-90.0,-810.0,,,2,4,,,,,,,,,,,45458,0,0
322228,73605705864738522,,0,3300,490.0,-980,-70.0,-810.0,,,2,4,,,,,,,,,,,45458,0,0
322229,73605705864738522,,0,3300,95.0,-1080,-160.0,-820.0,,,2,4,,,,,,,,,,,45458,0,0
322230,73605705898292405,,0,3300,281.0,-1090,-160.0,-830.0,,,2,4,,,,,,,,,,,45458,0,0
322231,73605706148286571,,0,1423,273.0,-980,-170.0,-650.0,,,2,4,,,,,,,,,,,45461,0,0
322232,73605706621344771,,0,1423,102.0,-1050,-300.0,-660.0,,,2,4,,,,,,,,,,,45461,0,0
322233,73605706632008771,,0,1423,102.0,-1050,-300.0,,,,2,4,,,,,,,,,,,45433,0,0
322234,73605706638176285,,0,1423,102.0,-950,-180.0,-660.0,,,2,4,,,,,,,,,,,45461,0,0
322235,73605706648841285,,0,1423,102.0,-960,-250.0,,,,2,4,,,,,,,,,,,45433,0,0
322236,73605707225182417,,0,1423,490.0,-960,-200.0,,,,2,4,,,,,,,,,,,45433,0,0
322237,73605707214516417,,0,1423,356.0,-960,-300.0,-570.0,,,2,4,,,,,,,,,,,45461,0,0
322238,73605707833121168,,0,1423,406.0,-1050,-300.0,-660.0,,,2,4,,,,,,,,,,,45461,0,0
322239,73605707833121168,,0,1423,124.0,-1070,-300.0,-680.0,,,2,4,,,,,,,,,,,45461,0,0
322240,73605707891936182,,0,1423,95.0,-990,-250.0,,,,2,4,,,,,,,,,,,45433,0,0
322241,73605708359447030,,0,1423,93.0,-1010,-300.0,-620.0,,,2,4,,,,,,,,,,,45461,0,0
322242,73605708359447030,,0,1423,460.0,-960,-180.0,-640.0,,,2,4,,,,,,,,,,,45461,0,0
322243,73605708370124030,,0,1423,93.0,-1020,-300.0,,,,2,4,,,,,,,,,,,45433,0,0
322244,73605709050086339,,0,425,90.0,-1040,-160.0,-750.0,,,2,4,,,,,,,,,,,45458,0,0
322245,73605709312332119,,0,1423,323.0,-1060,-300.0,-670.0,,,2,4,,,,,,,,,,,45461,0,0
322246,73605709441680014,,0,1423,148.0,-1030,-300.0,-640.0,,,2,4,,,,,,,,,,,45461,0,0
322247,73605709682639113,,0,1423,489.0,-850,-70.0,-570.0,114.0,,1,4,274.0,8769.0,,,,,,,,,45459,0,0
322248,73605709735692184,,0,1423,354.0,-1050,-300.0,-660.0,,,2,4,,,,,,,,,,,45461,0,0
322249,73605709758857216,,0,1423,,-850,-70.0,-550.0,50.0,0.0,3,4,,,,,,,43211.0,44200.0,,23055629.0,0,0,0
322250,73605710178620269,,0,1423,407.0,-920,-180.0,-640.0,,,2,4,,,,,,,,,,,45461,0,0
322251,73605710189338269,,0,1423,273.0,-940,-240.0,,,,2,4,,,,,,,,,,,45433,0,0
322252,73605711388391783,,0,1423,490.0,-930,-140.0,-630.0,,,2,4,,,,,,,,,,,45461,0,0
322253,73605712218595974,,0,1423,95.0,-1010,-210.0,-650.0,,,2,4,,,,,,,,,,,45461,0,0
322254,73605712760668834,,0,1423,460.0,-990,-220.0,-610.0,,,2,4,,,,,,,,,,,45461,0,0
322255,73605712760668834,,0,1423,406.0,-850,-140.0,-610.0,,,2,4,,,,,,,,,,,45461,0,0
322256,73605713151562878,,0,1423,356.0,-950,-210.0,-630.0,,,2,4,,,,,,,,,,,45461,0,0
322257,73605713151562878,,0,1423,124.0,-920,-220.0,-600.0,,,2,4,,,,,,,,,,,45461,0,0
322258,73605713567638926,,0,1423,281.0,-990,-240.0,-660.0,,,2,4,,,,,,,,,,,45461,0,0
322259,73605713663734279,,0,1423,148.0,-1020,-300.0,-630.0,,,2,4,,,,,,,,,,,45461,0,0
322260,73605713798975898,,0,1423,489.0,-850,-80.0,-570.0,98.0,,1,4,274.0,9452.0,,,,,,,,,45459,0,0
322261,73605713989533696,,0,1423,,-850,-80.0,-560.0,110.0,0.0,3,4,,,,,,,43211.0,44200.0,,23055629.0,0,0,0
322262,73605714018516776,,0,3300,490.0,-980,-100.0,-780.0,,,2,4,,,,,,,,,,,45458,0,0
322263,73605714018516776,,0,3300,281.0,-1130,-210.0,-780.0,,,2,4,,,,,,,,,,,45458,0,0
322264,73605714018516776,,0,3300,460.0,-1100,-190.0,-790.0,,,2,4,,,,,,,,,,,45458,0,0
322265,73605714018516776,,0,3300,489.0,-1000,-110.0,-780.0,,,2,4,,,,,,,,,,,45458,0,0
322266,73605714108692475,,0,3300,95.0,-1080,-160.0,-820.0,,,2,4,,,,,,,,,,,45458,0,0
322267,73605714238348694,,0,1423,273.0,-1050,-300.0,-660.0,,,2,4,,,,,,,,,,,45461,0,0
322268,73605714496784096,,0,1423,407.0,-1030,-300.0,-640.0,,,2,4,,,,,,,,,,,45461,0,0
322269,73605714570012910,,0,425,90.0,-1160,-300.0,-770.0,,,2,4,,,,,,,,,,,45458,0,0
322270,73605715463273974,,0,1423,490.0,-930,-150.0,,,,2,4,,,,,,,,,,,45433,0,0
322271,73605716018815372,,0,450,489.0,-880,-60.0,-720.0,,,2,4,,,,,,,,,,,45458,0,0
322272,73605716260258815,,0,1423,95.0,-1010,-210.0,-640.0,,,2,4,,,,,,,,,,,45461,0,0
322273,73605716730017399,,0,1423,460.0,-1020,-300.0,-630.0,,,2,4,,,,,,,,,,,45461,0,0
322274,73605717105775969,,0,1423,406.0,-920,-180.0,-640.0,,,2,4,,,,,,,,,,,45461,0,0
322275,73605717498410224,,0,1423,124.0,-1070,-300.0,-680.0,,,2,4,,,,,,,,,,,45461,0,0
322276,73605717509217224,,0,1423,281.0,-990,-260.0,,,,2,4,,,,,,,,,,,45433,0,0
322277,73605717609107822,,0,1423,356.0,-1040,-230.0,,,,2,4,,,,,,,,,,,45433,0,0
322278,73605717609107822,,0,1423,148.0,-1020,-260.0,,,,2,4,,,,,,,,,,,45433,0,0
322279,73605718174924800,,0,1423,,-850,-70.0,-570.0,100.0,0.0,3,4,,,,,,,43211.0,44200.0,,23055629.0,0,0,0
322280,73605718119167612,,0,1423,59.0,-1070,-210.0,-740.0,,,2,4,,,,,,,,,,,45461,0,0
322281,73605718669987046,,0,1423,104.0,-1060,-300.0,-670.0,,,2,4,,,,,,,,,,,45461,0,0
322282,73605718669987046,,0,1423,273.0,-1050,-300.0,-650.0,,,2,4,,,,,,,,,,,45461,0,0
322283,73605718680810046,,0,1423,104.0,-1060,-300.0,,,,2,4,,,,,,,,,,,45433,0,0
322284,73605719437429128,,0,1423,490.0,-930,-150.0,-620.0,,,2,4,,,,,,,,,,,45461,0,0
322285,73605720197311273,,0,1423,95.0,-1030,-260.0,,,,2,4,,,,,,,,,,,45433,0,0
322286,73605720308461829,,0,1423,489.0,-850,-80.0,-560.0,52.0,,1,4,274.0,1389.0,,,,,,,,,45459,0,0
322287,73605720313759825,,0,450,489.0,-880,-60.0,-730.0,,,2,4,,,,,,,,,,,45458,0,0
322288,73605720617732680,,0,3300,490.0,-980,-90.0,-790.0,,,2,4,,,,,,,,,,,45458,0,0
322289,73605720617732680,,0,3300,489.0,-1010,-120.0,-790.0,,,2,4,,,,,,,,,,,45458,0,0
322290,73605720617732680,,0,3300,460.0,-1080,-170.0,-810.0,,,2,4,,,,,,,,,,,45458,0,0
322291,73605720695770217,,0,1423,460.0,-1040,-300.0,,,,2,4,,,,,,,,,,,45433,0,0
322292,73605720617732680,,0,3300,95.0,-1100,-210.0,-800.0,,,2,4,,,,,,,,,,,45458,0,0
322293,73605720632412785,,0,3300,281.0,-1110,-180.0,-830.0,,,2,4,,,,,,,,,,,45458,0,0
322294,73605720728694596,,0,1423,323.0,-1060,-300.0,,,,2,4,,,,,,,,,,,45433,0,0
322295,73605720902754413,,0,1423,407.0,-1040,-300.0,,,,2,4,,,,,,,,,,,45433,0,0
322296,73605721162724376,,0,1423,406.0,-970,-300.0,,,,2,4,,,,,,,,,,,45433,0,0
322297,73605721728701580,,0,1423,148.0,-1040,-300.0,-650.0,,,2,4,,,,,,,,,,,45461,0,0
322298,73605722007757692,,0,1423,281.0,-1010,-280.0,,,,2,4,,,,,,,,,,,45433,0,0
322299,73605722013804225,,0,1423,124.0,-1020,-250.0,-670.0,,,2,4,,,,,,,,,,,45461,0,0
322300,73605722013804225,,0,1423,356.0,-970,-210.0,-660.0,,,2,4,,,,,,,,,,,45461,0,0
322301,73605722013804225,,0,1423,496.0,-980,-190.0,-640.0,,,2,4,,,,,,,,,,,45461,0,0
322302,73605722378993664,,0,1423,,-850,-80.0,-570.0,80.0,0.0,3,4,,,,,,,43211.0,44200.0,,23055629.0,0,0,0
322303,73605723373328234,,0,1423,490.0,-930,-140.0,,,,2,4,,,,,,,,,,,45433,0,0
322304,73605723374587026,,0,1423,273.0,-1060,-300.0,-670.0,,,2,4,,,,,,,,,,,45461,0,0
322305,73605723761715627,,0,1423,59.0,-1070,-220.0,-740.0,,,2,4,,,,,,,,,,,45461,0,0
322306,73605724306516757,,0,1423,95.0,-1030,-300.0,,,,2,4,,,,,,,,,,,45433,0,0
322307,73605724628269290,,0,1423,460.0,-920,-260.0,,,,2,4,,,,,,,,,,,45433,0,0
322308,73605724711512149,,0,1423,285.0,-960,-300.0,-570.0,,,2,4,,,,,,,,,,,45461,0,0
322309,73605724722434149,,0,1423,285.0,-960,-230.0,,,,2,4,,,,,,,,,,,45433,0,0
322310,73605724839723788,,0,1423,407.0,-1060,-290.0,,,,2,4,,,,,,,,,,,45433,0,0
322311,73605725100640881,,0,1423,406.0,-890,-150.0,-640.0,,,2,4,,,,,,,,,,,45461,0,0
322312,73605725372422110,,0,1423,489.0,-850,-80.0,-570.0,85.0,,1,4,274.0,10023.0,,,,,,,,,45459,0,0
322313,73605725399890822,,0,3300,490.0,-970,-80.0,-800.0,,,2,4,,,,,,,,,,,45458,0,0
322314,73605725385210547,,0,3300,460.0,-1080,-190.0,-800.0,,,2,4,,,,,,,,,,,45458,0,0
322315,73605725399890822,,0,3300,489.0,-1000,-100.0,-800.0,,,2,4,,,,,,,,,,,45458,0,0
322316,73605725439790218,,0,3300,95.0,-1110,-200.0,-820.0,,,2,4,,,,,,,,,,,45458,0,0
322317,73605725552980038,,0,425,90.0,-1160,-200.0,-850.0,,,2,4,,,,,,,,,,,45458,0,0
322318,73605726161778117,,0,1423,323.0,-1050,-300.0,-660.0,,,2,4,,,,,,,,,,,45461,0,0
322319,73605726161778117,,0,1423,124.0,-1030,-250.0,-680.0,,,2,4,,,,,,,,,,,45461,0,0
322320,73605726161778117,,0,1423,356.0,-990,-190.0,-660.0,,,2,4,,,,,,,,,,,45461,0,0
322321,73605726618386432,,0,1423,,-850,-80.0,-570.0,100.0,0.0,3,4,,,,,,,43211.0,44200.0,,23055629.0,0,0,0
322322,73605727366283693,,0,1423,490.0,-930,-180.0,-600.0,,,2,4,,,,,,,,,,,45461,0,0
322323,73605727366283693,,0,1423,273.0,-990,-180.0,-660.0,,,2,4,,,,,,,,,,,45461,0,0
322324,73605728248808660,,0,1423,95.0,-1010,-210.0,-660.0,,,2,4,,,,,,,,,,,45461,0,0
322325,73605728568946928,,0,1423,460.0,-1020,-280.0,,,,2,4,,,,,,,,,,,45433,0,0
322326,73605728641443501,,0,1423,281.0,-1030,-300.0,-640.0,,,2,4,,,,,,,,,,,45461,0,0
322327,73605728893253962,,0,1423,407.0,-1030,-300.0,-640.0,,,2,4,,,,,,,,,,,45461,0,0
322328,73605729058380149,,0,1423,406.0,-1050,-270.0,,,,2,4,,,,,,,,,,,45433,0,0
322329,73605729149003904,,0,1423,148.0,-1000,-300.0,-610.0,,,2,4,,,,,,,,,,,45461,0,0
322330,73605729239175285,,0,450,489.0,-880,-60.0,-720.0,,,2,4,,,,,,,,,,,45458,0,0
322331,73605729368119430,,0,1423,489.0,-850,-70.0,-570.0,125.0,,1,4,274.0,9452.0,,,,,,,,,45459,0,0
322332,73605729758366553,,0,3300,490.0,-970,-80.0,-800.0,,,2,4,,,,,,,,,,,45458,0,0
322333,73605729758366553,,0,3300,460.0,-1120,-210.0,-810.0,,,2,4,,,,,,,,,,,45458,0,0
322334,73605729758366553,,0,3300,95.0,-1090,-170.0,-810.0,,,2,4,,,,,,,,,,,45458,0,0
322335,73605729758366553,,0,3300,489.0,-1000,-100.0,-800.0,,,2,4,,,,,,,,,,,45458,0,0
322336,73605729848544072,,0,3300,59.0,-1120,-210.0,-820.0,,,2,4,,,,,,,,,,,45458,0,0
322337,73605730062319561,,0,1423,503.0,-1060,-300.0,,,,2,4,,,,,,,,,,,45433,0,0
322338,73605730079095690,,0,1423,503.0,-1060,-300.0,,,,2,4,,,,,,,,,,,45433,0,0
322339,73605730068076690,,0,1423,503.0,-1060,-300.0,-670.0,,,2,4,,,,,,,,,,,45461,0,0
322340,73605730084800341,,0,1423,503.0,-1060,-300.0,-670.0,,,2,4,,,,,,,,,,,45461,0,0
322341,73605730095820341,,0,1423,503.0,-1060,-300.0,,,,2,4,,,,,,,,,,,45433,0,0
322342,73605730095820341,,0,1423,124.0,-1070,-300.0,,,,2,4,,,,,,,,,,,45433,0,0
322343,73605730376657421,,0,1423,354.0,-1060,-300.0,-670.0,,,2,4,,,,,,,,,,,45461,0,0
322344,73605730766094336,,0,1423,,-850,-80.0,-560.0,100.0,0.0,3,4,,,,,,,43211.0,44200.0,,23055629.0,0,0,0
322345,73605731064581827,,0,1423,356.0,-950,-190.0,-670.0,,,2,4,,,,,,,,,,,45461,0,0
322346,73605731753247431,,0,1423,490.0,-910,-150.0,,,,2,4,,,,,,,,,,,45433,0,0
322347,73605731905325956,,0,1423,273.0,-1030,-300.0,-640.0,,,2,4,,,,,,,,,,,45461,0,0
322348,73605732237557609,,0,1423,95.0,-1040,-300.0,-650.0,,,2,4,,,,,,,,,,,45461,0,0
322349,73605732624904344,,0,1423,460.0,-990,-300.0,-600.0,,,2,4,,,,,,,,,,,45461,0,0
322350,73605733158365879,,0,1423,406.0,-1030,-300.0,-640.0,,,2,4,,,,,,,,,,,45461,0,0
322351,73605733353030368,,0,1423,148.0,-1030,-300.0,-640.0,,,2,4,,,,,,,,,,,45461,0,0
322352,73605733386584442,,0,1423,281.0,-1000,-250.0,-660.0,,,2,4,,,,,,,,,,,45461,0,0
322353,73605733450336242,,0,1423,59.0,-1050,-190.0,-730.0,,,2,4,,,,,,,,,,,45461,0,0
322354,73605733708696863,,0,1423,407.0,-1010,-300.0,-620.0,,,2,4,,,,,,,,,,,45461,0,0
322355,73605733935182159,,0,450,490.0,-1100,-300.0,-710.0,,,2,4,,,,,,,,,,,45458,0,0
322356,73605733931457397,,0,1423,489.0,-850,-120.0,-520.0,118.0,,1,4,274.0,1773.0,,,,,,,,,45459,0,0
322357,73605733935182159,,0,450,489.0,-880,-70.0,-700.0,,,2,4,,,,,,,,,,,45458,0,0
322358,73605734363108359,,0,3300,490.0,-980,-80.0,-810.0,,,2,4,,,,,,,,,,,45458,0,0
322359,73605734363108359,,0,3300,489.0,-1010,-100.0,-810.0,,,2,4,,,,,,,,,,,45458,0,0
322360,73605734363108359,,0,3300,460.0,-1080,-190.0,-780.0,,,2,4,,,,,,,,,,,45458,0,0
322361,73605734363108359,,0,3300,95.0,-1090,-190.0,-780.0,,,2,4,,,,,,,,,,,45458,0,0
322362,73605734488687297,,0,1423,311.0,-1060,-300.0,-670.0,,,2,4,,,,,,,,,,,45461,0,0
322363,73605734488687297,,0,1423,323.0,-990,-230.0,-660.0,,,2,4,,,,,,,,,,,45461,0,0
322364,73605734505461839,,0,1423,124.0,-1050,-300.0,-660.0,,,2,4,,,,,,,,,,,45461,0,0
322365,73605734893002126,,0,1423,182.0,-1060,-300.0,-670.0,,,2,4,,,,,,,,,,,45461,0,0
322366,73605734904103126,,0,1423,182.0,-1060,-300.0,,,,2,4,,,,,,,,,,,45433,0,0
322367,73605735103987712,,0,1423,,-850,-80.0,-560.0,70.0,0.0,3,4,,,,,,,43211.0,44200.0,,23055629.0,0,0,0
322368,73605735965072989,,0,1423,490.0,-920,-140.0,-630.0,,,2,4,,,,,,,,,,,45461,0,0
322369,73605735965072989,,0,1423,273.0,-880,-120.0,-670.0,,,2,4,,,,,,,,,,,45461,0,0
322370,73605735965072989,,0,1423,356.0,-1060,-300.0,-670.0,,,2,4,,,,,,,,,,,45461,0,0
322371,73605736427957632,,0,1423,95.0,-980,-300.0,-590.0,,,2,4,,,,,,,,,,,45461,0,0
322372,73605736577590078,,0,1423,460.0,-1040,-300.0,-650.0,,,2,4,,,,,,,,,,,45461,0,0
322373,73605736998531261,,0,1423,37.0,-1070,-300.0,-680.0,,,2,4,,,,,,,,,,,45461,0,0
322374,73605737009648261,,0,1423,37.0,-1060,-280.0,,,,2,4,,,,,,,,,,,45433,0,0
322375,73605737029778699,,0,1423,37.0,-1060,-280.0,,,,2,4,,,,,,,,,,,45433,0,0
322376,73605737112564970,,0,1423,406.0,-1010,-300.0,-620.0,,,2,4,,,,,,,,,,,45461,0,0
322377,73605737156249506,,0,1423,496.0,-1030,-220.0,-670.0,,,2,4,,,,,,,,,,,45461,0,0
322378,73605737327316288,,0,1423,281.0,-940,-200.0,-640.0,,,2,4,,,,,,,,,,,45461,0,0
322379,73605737603882114,,0,1423,148.0,-1060,-300.0,-670.0,,,2,4,,,,,,,,,,,45461,0,0
322380,73605737603882114,,0,1423,160.0,-960,-220.0,-640.0,,,2,4,,,,,,,,,,,45461,0,0
322381,73605737642768438,,0,1423,407.0,-930,-190.0,-640.0,,,2,4,,,,,,,,,,,45461,0,0
322382,73605738025078252,,0,1423,489.0,-850,-70.0,-570.0,130.0,,1,4,274.0,1389.0,,,,,,,,,45459,0,0
322383,73605738125156893,,0,3300,59.0,-1160,-190.0,-870.0,,,2,4,,,,,,,,,,,45458,0,0
322384,73605738365918117,,0,450,489.0,-880,-40.0,-750.0,,,2,4,,,,,,,,,,,45458,0,0
322385,73605738488112782,,0,3300,95.0,-1080,-160.0,-810.0,,,2,4,,,,,,,,,,,45458,0,0
322386,73605738488112782,,0,3300,490.0,-980,-80.0,-800.0,,,2,4,,,,,,,,,,,45458,0,0
322387,73605738488112782,,0,3300,489.0,-1010,-100.0,-800.0,,,2,4,,,,,,,,,,,45458,0,0
322388,73605738488112782,,0,3300,460.0,-1110,-200.0,-820.0,,,2,4,,,,,,,,,,,45458,0,0
322389,73605738527291307,,0,1423,323.0,-1060,-300.0,-670.0,,,2,4,,,,,,,,,,,45461,0,0
322390,73605738678914147,,0,425,90.0,-1120,-300.0,-730.0,,,2,4,,,,,,,,,,,45458,0,0
322391,73605738757097082,,0,1423,124.0,-1070,-300.0,-680.0,,,2,4,,,,,,,,,,,45461,0,0
322392,73605738768265082,,0,1423,425.0,-1030,-300.0,,,,2,4,,,,,,,,,,,45433,0,0
322393,73605738800353486,,0,1423,425.0,-1030,-300.0,-640.0,,,2,4,,,,,,,,,,,45461,0,0
322394,73605738811523486,,0,1423,425.0,-1030,-290.0,,,,2,4,,,,,,,,,,,45433,0,0
322395,73605738757097082,,0,1423,425.0,-1030,-300.0,-640.0,,,2,4,,,,,,,,,,,45461,0,0
322396,73605739538677760,,0,1423,,-850,-80.0,-570.0,120.0,0.0,3,4,,,,,,,43211.0,44200.0,,23055629.0,0,0,0
322397,73605740018683695,,0,1423,490.0,-920,-140.0,,,,2,4,,,,,,,,,,,45433,0,0
322398,73605740024445449,,0,1423,273.0,-880,-120.0,-670.0,,,2,4,,,,,,,,,,,45461,0,0
322399,73605740081383781,,0,1423,356.0,-950,-180.0,-650.0,,,2,4,,,,,,,,,,,45461,0,0
322400,73605740819523730,,0,1423,460.0,-900,-210.0,-600.0,,,2,4,,,,,,,,,,,45461,0,0
322401,73605740819523730,,0,1423,95.0,-980,-300.0,-590.0,,,2,4,,,,,,,,,,,45461,0,0
322402,73605741148346696,,0,1423,406.0,-1060,-300.0,-660.0,,,2,4,,,,,,,,,,,45461,0,0
322403,73605741238713262,,0,1423,59.0,-1080,-240.0,,,,2,4,,,,,,,,,,,45433,0,0
322404,73605741708916612,,0,1423,281.0,-1050,-300.0,-660.0,,,2,4,,,,,,,,,,,45461,0,0
322405,73605741765858583,,0,1423,347.0,-1050,-300.0,-660.0,,,2,4,,,,,,,,,,,45461,0,0
322406,73605742413502295,,0,1423,148.0,-970,-200.0,-670.0,,,2,4,,,,,,,,,,,45461,0,0
322407,73605742447110169,,0,1423,407.0,-1010,-200.0,-660.0,,,2,4,,,,,,,,,,,45461,0,0
322408,73605742514164716,,0,1423,496.0,-960,-190.0,-670.0,,,2,4,,,,,,,,,,,45461,0,0
322409,73605742693264965,,0,1423,124.0,-1050,-300.0,,,,2,4,,,,,,,,,,,45433,0,0
322410,73605742862172701,,0,450,489.0,-880,-60.0,-720.0,,,2,4,,,,,,,,,,,45458,0,0
322411,73605742924027962,,0,1423,489.0,-850,-70.0,-570.0,112.0,,1,4,274.0,9708.0,,,,,,,,,45459,0,0
322412,73605743160955976,,0,3300,95.0,-1070,-160.0,-800.0,,,2,4,,,,,,,,,,,45458,0,0
322413,73605743160955976,,0,3300,489.0,-1000,-110.0,-780.0,,,2,4,,,,,,,,,,,45458,0,0
322414,73605743160955976,,0,3300,490.0,-990,-110.0,-780.0,,,2,4,,,,,,,,,,,45458,0,0
322415,73605743160955976,,0,3300,460.0,-1060,-170.0,-790.0,,,2,4,,,,,,,,,,,45458,0,0
322416,73605743253231219,,0,3300,281.0,-1090,-160.0,-840.0,,,2,4,,,,,,,,,,,45458,0,0
322417,73605743298051745,,0,1423,323.0,-980,-260.0,,,,2,4,,,,,,,,,,,45433,0,0
322418,73605743600861184,,0,1423,,-850,-80.0,-560.0,50.0,0.0,3,4,,,,,,,43211.0,44200.0,,23055629.0,0,0,0
322419,73605743854323420,,0,425,90.0,-1030,-190.0,-740.0,,,2,4,,,,,,,,,,,45458,0,0
322420,73605744051256374,,0,1423,356.0,-980,-190.0,-660.0,,,2,4,,,,,,,,,,,45461,0,0
322421,73605744062535374,,0,1423,490.0,-920,-150.0,,,,2,4,,,,,,,,,,,45433,0,0
322422,73605744062535374,,0,1423,273.0,-1020,-290.0,,,,2,4,,,,,,,,,,,45433,0,0
322423,73605745170665292,,0,1423,460.0,-1050,-300.0,-660.0,,,2,4,,,,,,,,,,,45461,0,0
322424,73605745170665292,,0,1423,406.0,-1040,-300.0,-650.0,,,2,4,,,,,,,,,,,45461,0,0
322425,73605745467201641,,0,1423,95.0,-1000,-200.0,-640.0,,,2,4,,,,,,,,,,,45461,0,0
322426,73605746162705466,,0,1423,281.0,-1050,-300.0,-660.0,,,2,4,,,,,,,,,,,45461,0,0
322427,73605746371451982,,0,1423,148.0,-1040,-270.0,,,,2,4,,,,,,,,,,,45433,0,0
322428,73605746463810360,,0,1423,496.0,-1030,-300.0,-640.0,,,2,4,,,,,,,,,,,45461,0,0
322429,73605746463810360,,0,1423,407.0,-990,-200.0,-640.0,,,2,4,,,,,,,,,,,45461,0,0
322430,73605746789339897,,0,1423,124.0,-1070,-300.0,-680.0,,,2,4,,,,,,,,,,,45461,0,0
322431,73605746957111637,,0,1423,482.0,-1050,-300.0,-660.0,,,2,4,,,,,,,,,,,45461,0,0
322432,73605747890520064,,0,1423,,-840,-80.0,-550.0,40.0,0.0,3,4,,,,,,,43211.0,44200.0,,23055629.0,0,0,0
322433,73605747890042213,,0,1423,489.0,-850,-90.0,-560.0,56.0,,1,4,274.0,9964.0,,,,,,,,,45459,0,0
322434,73605748024373226,,0,1423,490.0,-920,-150.0,-630.0,,,2,4,,,,,,,,,,,45458,0,0
322435,73605748170652316,,0,3102,489.0,-970,-90.0,-790.0,,,2,4,,,,,,,,,,,45458,0,0
322436,73605748170652316,,0,3102,95.0,-1050,-180.0,-780.0,,,2,4,,,,,,,,,,,45458,0,0
322437,73605748170652316,,0,3102,460.0,-1060,-180.0,-780.0,,,2,4,,,,,,,,,,,45458,0,0
322438,73605748170652316,,0,3102,490.0,-1050,-130.0,-790.0,,,2,4,,,,,,,,,,,45458,0,0
322439,73605748281745640,,0,425,90.0,-1150,-180.0,-850.0,,,2,4,,,,,,,,,,,45458,0,0
322440,73605748344309587,,0,1423,273.0,-970,-300.0,-580.0,,,2,4,,,,,,,,,,,45461,0,0
322441,73605749330847380,,0,1423,460.0,-990,-240.0,-660.0,,,2,4,,,,,,,,,,,45461,0,0
322442,73605749330847380,,0,1423,323.0,-970,-220.0,-650.0,,,2,4,,,,,,,,,,,45461,0,0
322443,73605749342200380,,0,1423,406.0,-1050,-300.0,,,,2,4,,,,,,,,,,,45433,0,0
322444,73605750062336246,,0,1423,95.0,-1020,-300.0,-630.0,,,2,4,,,,,,,,,,,45461,0,0
322445,73605750156239262,,0,1423,356.0,-960,-190.0,-660.0,,,2,4,,,,,,,,,,,45461,0,0
322446,73605751726568344,,0,1423,59.0,-1070,-200.0,-740.0,,,2,4,,,,,,,,,,,45461,0,0
322447,73605751743401833,,0,1423,281.0,-1050,-300.0,-660.0,,,2,4,,,,,,,,,,,45461,0,0
322448,73605751777067390,,0,1423,124.0,-980,-230.0,-650.0,,,2,4,,,,,,,,,,,45461,0,0
322449,73605751830639434,,0,1423,482.0,-1010,-190.0,-670.0,,,2,4,,,,,,,,,,,45461,0,0
322450,73605751957422357,,0,1423,490.0,-920,-130.0,-640.0,,,2,4,,,,,,,,,,,45461,0,0
322451,73605751978281385,,0,1423,407.0,-940,-200.0,-640.0,,,2,4,,,,,,,,,,,45461,0,0
322452,73605752115908836,,0,1423,496.0,-1060,-300.0,-670.0,,,2,4,,,,,,,,,,,45461,0,0
322453,73605752199848658,,0,1423,191.0,-1050,-230.0,-670.0,,,2,4,,,,,,,,,,,45461,0,0
322454,73605752211241658,,0,1423,148.0,-980,-250.0,,,,2,4,,,,,,,,,,,45433,0,0
322455,73605752149517018,,0,1423,191.0,-1060,-300.0,-670.0,,,2,4,,,,,,,,,,,45461,0,0
322456,73605752199643136,,0,1423,,-850,-80.0,-560.0,130.0,0.0,3,4,,,,,,,43211.0,44200.0,,23055629.0,0,0,0
322457,73605752160907018,,0,1423,191.0,-1060,-300.0,,,,2,4,,,,,,,,,,,45433,0,0
322458,73605752178470818,,0,1423,191.0,-1060,-300.0,,,,2,4,,,,,,,,,,,45433,0,0
322459,73605752183071147,,0,1423,191.0,-1020,-250.0,-670.0,,,2,4,,,,,,,,,,,45461,0,0
322460,73605752194463147,,0,1423,191.0,-1020,-270.0,,,,2,4,,,,,,,,,,,45433,0,0
322461,73605752211241658,,0,1423,191.0,-1050,-260.0,,,,2,4,,,,,,,,,,,45433,0,0
322462,73605752216625484,,0,1423,191.0,-1060,-300.0,-670.0,,,2,4,,,,,,,,,,,45461,0,0
322463,73605752228019484,,0,1423,191.0,-1060,-270.0,,,,2,4,,,,,,,,,,,45433,0,0
322464,73605752244799050,,0,1423,191.0,-1060,-280.0,,,,2,4,,,,,,,,,,,45433,0,0
322465,73605752283733875,,0,1423,273.0,-900,-140.0,-670.0,,,2,4,,,,,,,,,,,45461,0,0
322466,73605752319157202,,0,1423,489.0,-850,-70.0,-570.0,113.0,,1,4,274.0,2029.0,,,,,,,,,45459,0,0
322467,73605752324454581,,0,450,489.0,-870,-60.0,-720.0,,,2,4,,,,,,,,,,,45458,0,0
322468,73605752606050671,,0,3300,490.0,-980,-100.0,-780.0,,,2,4,,,,,,,,,,,45458,0,0
322469,73605752606050671,,0,3300,489.0,-1000,-100.0,-780.0,,,2,4,,,,,,,,,,,45458,0,0
322470,73605752694130937,,0,3300,95.0,-1130,-220.0,-820.0,,,2,4,,,,,,,,,,,45458,0,0
322471,73605752669496106,,0,1423,285.0,-940,-190.0,-650.0,,,2,4,,,,,,,,,,,45461,0,0
322472,73605752680905106,,0,1423,285.0,-950,-260.0,,,,2,4,,,,,,,,,,,45433,0,0
322473,73605752687171003,,0,1423,285.0,-1060,-300.0,-670.0,,,2,4,,,,,,,,,,,45461,0,0
322474,73605752698581003,,0,1423,285.0,-1040,-280.0,,,,2,4,,,,,,,,,,,45433,0,0
322475,73605752706252491,,0,1423,285.0,-1050,-300.0,-660.0,,,2,4,,,,,,,,,,,45461,0,0
322476,73605752717663491,,0,1423,285.0,-1050,-290.0,,,,2,4,,,,,,,,,,,45433,0,0
322477,73605753159790761,,0,3300,460.0,-1080,-160.0,-820.0,,,2,4,,,,,,,,,,,45458,0,0
322478,73605753293757355,,0,1423,460.0,-1050,-290.0,,,,2,4,,,,,,,,,,,45433,0,0
322479,73605753293869616,,0,1423,323.0,-1030,-220.0,-660.0,,,2,4,,,,,,,,,,,45461,0,0
322480,73605753293757355,,0,1423,406.0,-1020,-270.0,,,,2,4,,,,,,,,,,,45433,0,0
322481,73605754083963606,,0,1423,95.0,-1040,-300.0,-650.0,,,2,4,,,,,,,,,,,45461,0,0
322482,73605754235221957,,0,1423,356.0,-940,-170.0,-670.0,,,2,4,,,,,,,,,,,45461,0,0
322483,73605755644554134,,0,1423,93.0,-1030,-300.0,-640.0,,,2,4,,,,,,,,,,,45461,0,0
322484,73605755891702482,,0,1423,490.0,-920,-130.0,-640.0,,,2,4,,,,,,,,,,,45461,0,0
322485,73605756410134528,,0,1423,,-850,-70.0,-570.0,120.0,0.0,3,4,,,,,,,43211.0,44200.0,,23055629.0,0,0,0
322486,73605756434974047,,0,1423,148.0,-980,-180.0,-660.0,,,2,4,,,,,,,,,,,45461,0,0
322487,73605756434974047,,0,1423,273.0,-900,-140.0,-660.0,,,2,4,,,,,,,,,,,45461,0,0
322488,73605756613272237,,0,1423,124.0,-1060,-300.0,-670.0,,,2,4,,,,,,,,,,,45461,0,0
322489,73605757208178005,,0,1423,407.0,-980,-220.0,-660.0,,,2,4,,,,,,,,,,,45461,0,0
322490,73605757236422499,,0,1423,460.0,-1050,-270.0,,,,2,4,,,,,,,,,,,45433,0,0
322491,73605757236422499,,0,1423,406.0,-1060,-290.0,,,,2,4,,,,,,,,,,,45433,0,0
322492,73605757419403295,,0,1423,489.0,-850,-80.0,-570.0,122.0,,1,4,274.0,1517.0,,,,,,,,,45459,0,0
322493,73605757424701496,,0,450,489.0,-870,-60.0,-720.0,,,2,4,,,,,,,,,,,45458,0,0
322494,73605757737905708,,0,3102,489.0,-960,-80.0,-790.0,,,2,4,,,,,,,,,,,45458,0,0
322495,73605757737905708,,0,3102,490.0,-1070,-170.0,-790.0,,,2,4,,,,,,,,,,,45458,0,0
322496,73605757777348252,,0,1423,347.0,-1030,-300.0,-630.0,,,2,4,,,,,,,,,,,45461,0,0
322497,73605757794529539,,0,3102,460.0,-1050,-190.0,-770.0,,,2,4,,,,,,,,,,,45458,0,0
322498,73605758022969761,,0,1423,95.0,-1050,-300.0,,,,2,4,,,,,,,,,,,45433,0,0
322499,73605758533632330,,0,1423,323.0,-1030,-300.0,-640.0,,,2,4,,,,,,,,,,,45461,0,0
322500,73605759669119206,,0,1423,356.0,-1060,-300.0,-670.0,,,2,4,,,,,,,,,,,45461,0,0
322501,73605759877035152,,0,1423,490.0,-930,-160.0,-620.0,,,2,4,,,,,,,,,,,45461,0,0
322502,73605760132219458,,0,1423,281.0,-1060,-300.0,-670.0,,,2,4,,,,,,,,,,,45461,0,0
322503,73605760554976886,,0,1423,124.0,-1060,-300.0,,,,2,4,,,,,,,,,,,45433,0,0
322504,73605760638517248,,0,1423,,-850,-90.0,-550.0,70.0,0.0,3,4,,,,,,,43211.0,44200.0,,23055629.0,0,0,0
322505,73605760581674339,,0,1423,273.0,-1040,-300.0,-650.0,,,2,4,,,,,,,,,,,45461,0,0
322506,73605760816667794,,0,1423,148.0,-870,-150.0,-620.0,,,2,4,,,,,,,,,,,45461,0,0
322507,73605761148858156,,0,1423,407.0,-1060,-300.0,-670.0,,,2,4,,,,,,,,,,,45461,0,0
322508,73605761177168425,,0,1423,460.0,-1030,-290.0,,,,2,4,,,,,,,,,,,45433,0,0
322509,73605761177168425,,0,1423,406.0,-1000,-270.0,,,,2,4,,,,,,,,,,,45433,0,0
322510,73605761650894087,,0,450,489.0,-880,-40.0,-740.0,,,2,4,,,,,,,,,,,45458,0,0
322511,73605761647223432,,0,1423,489.0,-850,-80.0,-560.0,126.0,,1,4,274.0,1389.0,,,,,,,,,45459,0,0
322512,73605761906705851,,0,3102,490.0,-1020,-150.0,-760.0,,,2,4,,,,,,,,,,,45458,0,0
322513,73605761923464920,,0,3102,489.0,-960,-90.0,-780.0,,,2,4,,,,,,,,,,,45458,0,0
322514,73605761957478224,,0,1423,95.0,-1040,-300.0,,,,2,4,,,,,,,,,,,45433,0,0
322515,73605761954939444,,0,3102,460.0,-1030,-160.0,-780.0,,,2,4,,,,,,,,,,,45458,0,0
322516,73605761999016854,,0,3102,95.0,-1090,-200.0,-790.0,,,2,4,,,,,,,,,,,45458,0,0
322517,73605762084707857,,0,1423,59.0,-1130,-300.0,-740.0,,,2,4,,,,,,,,,,,45461,0,0
322518,73605762663756131,,0,425,90.0,-1120,-180.0,-840.0,,,2,4,,,,,,,,,,,45458,0,0
322519,73605763856248683,,0,1423,490.0,-920,-130.0,-640.0,,,2,4,,,,,,,,,,,45461,0,0
322520,73605764097907985,,0,1423,356.0,-990,-230.0,-670.0,,,2,4,,,,,,,,,,,45461,0,0
322521,73605764137380844,,0,1423,281.0,-1050,-300.0,-660.0,,,2,4,,,,,,,,,,,45461,0,0
322522,73605764416250950,,0,1423,323.0,-960,-300.0,-570.0,,,2,4,,,,,,,,,,,45461,0,0
322523,73605764529752792,,0,1423,124.0,-1070,-300.0,-680.0,,,2,4,,,,,,,,,,,45461,0,0
322524,73605764675088667,,0,1423,273.0,-1050,-300.0,-660.0,,,2,4,,,,,,,,,,,45461,0,0
322525,73605764859559936,,0,1423,,-850,-80.0,-570.0,140.0,0.0,3,4,,,,,,,43211.0,44200.0,,23055629.0,0,0,0
322526,73605765206726086,,0,1423,406.0,-930,-190.0,,,,2,4,,,,,,,,,,,45433,0,0
322527,73605765195123086,,0,1423,460.0,-1060,-300.0,-670.0,,,2,4,,,,,,,,,,,45461,0,0
322528,73605765370943046,,0,1423,93.0,-1040,-300.0,,,,2,4,,,,,,,,,,,45433,0,0
322529,73605765909818997,,0,1423,95.0,-1020,-300.0,-630.0,,,2,4,,,,,,,,,,,45461,0,0
322530,73605765950189481,,0,1423,407.0,-1030,-300.0,-640.0,,,2,4,,,,,,,,,,,45461,0,0
322531,73605766044147076,,0,1423,148.0,-1010,-240.0,-670.0,,,2,4,,,,,,,,,,,45461,0,0
322532,73605766143494413,,0,1423,489.0,-850,-100.0,-540.0,118.0,,1,4,274.0,1773.0,,,,,,,,,45459,0,0
322533,73605766148791557,,0,450,489.0,-880,-40.0,-750.0,,,2,4,,,,,,,,,,,45458,0,0
322534,73605766281958282,,0,3300,95.0,-1100,-190.0,-810.0,,,2,4,,,,,,,,,,,45458,0,0
322535,73605766281958282,,0,3300,489.0,-1000,-100.0,-800.0,,,2,4,,,,,,,,,,,45458,0,0
322536,73605766281958282,,0,3300,460.0,-1100,-190.0,-810.0,,,2,4,,,,,,,,,,,45458,0,0
322537,73605766296638706,,0,3300,490.0,-980,-90.0,-800.0,,,2,4,,,,,,,,,,,45458,0,0
322538,73605766912363054,,0,1423,59.0,-1060,-180.0,-750.0,,,2,4,,,,,,,,,,,45461,0,0
322539,73605767116565122,,0,425,90.0,-1190,-300.0,-800.0,,,2,4,,,,,,,,,,,45458,0,0
322540,73605767826657771,,0,1423,490.0,-920,-140.0,,,,2,4,,,,,,,,,,,45433,0,0
322541,73605768316455321,,0,1423,281.0,-1040,-280.0,,,,2,4,,,,,,,,,,,45433,0,0
322542,73605768315671635,,0,1423,356.0,-1050,-230.0,-670.0,,,2,4,,,,,,,,,,,45461,0,0
322543,73605768848550210,,0,1423,273.0,-990,-190.0,-630.0,,,2,4,,,,,,,,,,,45461,0,0
322544,73605769063432192,,0,1423,,-850,-70.0,-580.0,120.0,0.0,3,4,,,,,,,43211.0,44200.0,,23055629.0,0,0,0
322545,73605769156667241,,0,1423,460.0,-1000,-300.0,-610.0,,,2,4,,,,,,,,,,,45461,0,0
322546,73605769368473105,,0,1423,406.0,-990,-230.0,-670.0,,,2,4,,,,,,,,,,,45461,0,0
322547,73605769423965160,,0,1423,124.0,-1000,-290.0,,,,2,4,,,,,,,,,,,45433,0,0
322548,73605769412310160,,0,1423,323.0,-1010,-220.0,-670.0,,,2,4,,,,,,,,,,,45461,0,0
322549,73605769831527668,,0,1423,93.0,-960,-300.0,-570.0,,,2,4,,,,,,,,,,,45461,0,0
322550,73605769843193668,,0,1423,95.0,-910,-270.0,,,,2,4,,,,,,,,,,,45433,0,0
322551,73605769995986054,,0,1423,148.0,-1060,-300.0,-670.0,,,2,4,,,,,,,,,,,45461,0,0
322552,73605770187987909,,0,1423,407.0,-960,-300.0,-570.0,,,2,4,,,,,,,,,,,45461,0,0
322553,73605771008843779,,0,3300,490.0,-980,-80.0,-800.0,,,2,4,,,,,,,,,,,45458,0,0
322554,73605771008843779,,0,3300,489.0,-1000,-100.0,-800.0,,,2,4,,,,,,,,,,,45458,0,0
322555,73605771008843779,,0,3300,460.0,-1100,-200.0,-810.0,,,2,4,,,,,,,,,,,45458,0,0
322556,73605771042451971,,0,3300,95.0,-1070,-160.0,-810.0,,,2,4,,,,,,,,,,,45458,0,0
322557,73605771855480874,,0,1423,490.0,-920,-150.0,-620.0,,,2,4,,,,,,,,,,,45461,0,0
322558,73605772233573364,,0,425,90.0,-1110,-160.0,-850.0,,,2,4,,,,,,,,,,,45458,0,0
322559,73605772388507415,,0,1423,356.0,-990,-220.0,-670.0,,,2,4,,,,,,,,,,,45461,0,0
322560,73605772449025340,,0,1423,281.0,-1050,-300.0,-660.0,,,2,4,,,,,,,,,,,45461,0,0
322561,73605772727982032,,0,1423,496.0,-940,-220.0,-620.0,,,2,4,,,,,,,,,,,45461,0,0
322562,73605772781140112,,0,1423,273.0,-1060,-300.0,-660.0,,,2,4,,,,,,,,,,,45461,0,0
322563,73605772859625890,,0,450,489.0,-870,-50.0,-730.0,,,2,4,,,,,,,,,,,45458,0,0
322564,73605772921482210,,0,1423,489.0,-850,-70.0,-570.0,104.0,,1,4,274.0,9580.0,,,,,,,,,45459,0,0
322565,73605773304856576,,0,1423,,-850,-70.0,-580.0,150.0,0.0,3,4,,,,,,,43211.0,44200.0,,23055629.0,0,0,0
322566,73605773313347736,,0,1423,406.0,-1020,-300.0,-630.0,,,2,4,,,,,,,,,,,45461,0,0
322567,73605773559465563,,0,1423,460.0,-1040,-300.0,-650.0,,,2,4,,,,,,,,,,,45461,0,0
322568,73605773793328282,,0,1423,95.0,-980,-230.0,-660.0,,,2,4,,,,,,,,,,,45461,0,0
322569,73605773793328282,,0,1423,124.0,-1070,-300.0,-680.0,,,2,4,,,,,,,,,,,45461,0,0
322570,73605775536992023,,0,1423,323.0,-1010,-230.0,-630.0,,,2,4,,,,,,,,,,,45461,0,0
322571,73605775866354074,,0,1423,490.0,-930,-140.0,-630.0,,,2,4,,,,,,,,,,,45461,0,0
322572,73605776372335475,,0,425,90.0,-1230,-300.0,-840.0,,,2,4,,,,,,,,,,,45458,0,0
322573,73605776444115850,,0,1423,59.0,-1120,-300.0,-730.0,,,2,4,,,,,,,,,,,45461,0,0
322574,73605776685643062,,0,1423,356.0,-960,-200.0,-670.0,,,2,4,,,,,,,,,,,45461,0,0
322575,73605776719252419,,0,1423,273.0,-1060,-300.0,-670.0,,,2,4,,,,,,,,,,,45461,0,0
322576,73605776967708533,,0,1423,93.0,-930,-200.0,-640.0,,,2,4,,,,,,,,,,,45461,0,0
322577,73605777034817053,,0,1423,407.0,-960,-210.0,-660.0,,,2,4,,,,,,,,,,,45461,0,0
322578,73605777135441759,,0,1423,148.0,-1040,-300.0,-650.0,,,2,4,,,,,,,,,,,45461,0,0
322579,73605777494139401,,0,1423,489.0,-850,-70.0,-560.0,133.0,,1,4,274.0,10110.0,,,,,,,,,45459,0,0
322580,73605777498138037,,0,1423,406.0,-1040,-300.0,-650.0,,,2,4,,,,,,,,,,,45461,0,0
322581,73605777507245989,,0,3102,489.0,-970,-80.0,-800.0,,,2,4,,,,,,,,,,,45458,0,0
322582,73605777507245989,,0,3102,460.0,-1050,-160.0,-800.0,,,2,4,,,,,,,,,,,45458,0,0
322583,73605777524023131,,0,3102,95.0,-1070,-180.0,-800.0,,,2,4,,,,,,,,,,,45458,0,0
322584,73605777507245989,,0,3102,490.0,-1060,-140.0,-800.0,,,2,4,,,,,,,,,,,45458,0,0
322585,73605777558117727,,0,1423,460.0,-960,-270.0,,,,2,4,,,,,,,,,,,45433,0,0
322586,73605777559621334,,0,3102,281.0,-1050,-200.0,-760.0,,,2,4,,,,,,,,,,,45458,0,0
322587,73605777591133572,,0,3102,281.0,-1060,-170.0,-800.0,,,2,4,,,,,,,,,,,45458,0,0
322588,73605777674993664,,0,1423,,-850,-80.0,-580.0,130.0,0.0,3,4,,,,,,,43211.0,44200.0,,23055629.0,0,0,0
322589,73605777736064476,,0,1423,95.0,-930,-230.0,,,,2,4,,,,,,,,,,,45433,0,0
322590,73605777736064476,,0,1423,124.0,-1040,-260.0,,,,2,4,,,,,,,,,,,45433,0,0
322591,73605779630031142,,0,1423,496.0,-1010,-300.0,-620.0,,,2,4,,,,,,,,,,,45461,0,0
322592,73605780192386772,,0,1423,490.0,-920,-140.0,-630.0,,,2,4,,,,,,,,,,,45461,0,0
322593,73605780192386772,,0,1423,281.0,-980,-220.0,-660.0,,,2,4,,,,,,,,,,,45461,0,0
322594,73605780431978806,,0,1423,59.0,-1120,-300.0,-730.0,,,2,4,,,,,,,,,,,45461,0,0
322595,73605781074640590,,0,1423,407.0,-950,-230.0,,,,2,4,,,,,,,,,,,45433,0,0
322596,73605781136677915,,0,1423,503.0,-1010,-250.0,-670.0,,,2,4,,,,,,,,,,,45461,0,0
322597,73605781148472915,,0,1423,356.0,-1000,-240.0,,,,2,4,,,,,,,,,,,45433,0,0
322598,73605781074640590,,0,1423,148.0,-1010,-250.0,,,,2,4,,,,,,,,,,,45433,0,0
322599,73605781131523816,,0,1423,503.0,-1050,-300.0,,,,2,4,,,,,,,,,,,45433,0,0
322600,73605781119729816,,0,1423,503.0,-1060,-300.0,-670.0,,,2,4,,,,,,,,,,,45461,0,0
322601,73605781148472915,,0,1423,503.0,-1020,-270.0,,,,2,4,,,,,,,,,,,45433,0,0
322602,73605781462255396,,0,1423,406.0,-1010,-230.0,-630.0,,,2,4,,,,,,,,,,,45461,0,0
322603,73605781462255396,,0,1423,182.0,-1040,-300.0,-650.0,,,2,4,,,,,,,,,,,45461,0,0
322604,73605781518354945,,0,1423,460.0,-900,-160.0,-650.0,,,2,4,,,,,,,,,,,45461,0,0
322605,73605781653397525,,0,1423,273.0,-1050,-300.0,-660.0,,,2,4,,,,,,,,,,,45461,0,0
322606,73605781670596586,,0,1423,124.0,-1070,-300.0,-680.0,,,2,4,,,,,,,,,,,45461,0,0
322607,73605781687061836,,0,1423,95.0,-1040,-300.0,-650.0,,,2,4,,,,,,,,,,,45461,0,0
322608,73605781880438784,,0,1423,,-850,-80.0,-560.0,90.0,0.0,3,4,,,,,,,43211.0,44200.0,,23055629.0,0,0,0
322609,73605781846851830,,0,1423,489.0,-850,-90.0,-550.0,68.0,,1,4,274.0,2029.0,,,,,,,,,45459,0,0
322610,73605781852149689,,0,450,489.0,-880,-60.0,-730.0,,,2,4,,,,,,,,,,,45458,0,0
322611,73605782298840849,,0,3300,490.0,-970,-80.0,-790.0,,,2,4,,,,,,,,,,,45458,0,0
322612,73605782298840849,,0,3300,489.0,-1000,-120.0,-790.0,,,2,4,,,,,,,,,,,45458,0,0
322613,73605782298840849,,0,3300,460.0,-1090,-190.0,-780.0,,,2,4,,,,,,,,,,,45458,0,0
322614,73605782332449324,,0,3300,95.0,-1060,-150.0,-820.0,,,2,4,,,,,,,,,,,45458,0,0
322615,73605784263548683,,0,1423,490.0,-930,-170.0,-600.0,,,2,4,,,,,,,,,,,45461,0,0
322616,73605785578775538,,0,1423,460.0,-980,-230.0,-660.0,,,2,4,,,,,,,,,,,45461,0,0
322617,73605785590635538,,0,1423,273.0,-920,-250.0,,,,2,4,,,,,,,,,,,45433,0,0
322618,73605785605722389,,0,1423,124.0,-1070,-300.0,-680.0,,,2,4,,,,,,,,,,,45461,0,0
322619,73605785605722389,,0,1423,406.0,-960,-190.0,-620.0,,,2,4,,,,,,,,,,,45461,0,0
322620,73605785803583300,,0,1423,356.0,-970,-190.0,-640.0,,,2,4,,,,,,,,,,,45461,0,0
322621,73605785803583300,,0,1423,95.0,-1060,-300.0,-670.0,,,2,4,,,,,,,,,,,45461,0,0
322622,73605785870897296,,0,1423,323.0,-990,-230.0,-670.0,,,2,4,,,,,,,,,,,45461,0,0
322623,73605786011304787,,0,450,490.0,-990,-160.0,-740.0,,,2,4,,,,,,,,,,,45458,0,0
322624,73605786007580157,,0,1423,489.0,-850,-70.0,-570.0,117.0,,1,4,274.0,1773.0,,,,,,,,,45459,0,0
322625,73605786063273984,,0,1423,,-850,-70.0,-570.0,130.0,0.0,3,4,,,,,,,43211.0,44200.0,,23055629.0,0,0,0
322626,73605786011304787,,0,450,489.0,-880,-40.0,-740.0,,,2,4,,,,,,,,,,,45458,0,0
322627,73605786318629153,,0,3300,460.0,-1180,-300.0,-790.0,,,2,4,,,,,,,,,,,45458,0,0
322628,73605786311932578,,0,1423,407.0,-1050,-300.0,-660.0,,,2,4,,,,,,,,,,,45461,0,0
322629,73605786241034712,,0,3300,490.0,-970,-70.0,-810.0,,,2,4,,,,,,,,,,,45458,0,0
322630,73605786241034712,,0,3300,489.0,-1000,-90.0,-810.0,,,2,4,,,,,,,,,,,45458,0,0
322631,73605786318629153,,0,3300,95.0,-1060,-180.0,-790.0,,,2,4,,,,,,,,,,,45458,0,0
322632,73605786365767750,,0,1423,281.0,-960,-300.0,-570.0,,,2,4,,,,,,,,,,,45461,0,0
322633,73605786744939134,,0,1423,148.0,-930,-180.0,-640.0,,,2,4,,,,,,,,,,,45461,0,0
322634,73605786744939134,,0,1423,496.0,-1040,-220.0,-670.0,,,2,4,,,,,,,,,,,45461,0,0
322635,73605788271601200,,0,1423,490.0,-930,-140.0,-640.0,,,2,4,,,,,,,,,,,45461,0,0
322636,73605789290138942,,0,1423,241.0,-1030,-300.0,-640.0,,,2,4,,,,,,,,,,,45461,0,0
322637,73605789302044942,,0,1423,241.0,-1030,-300.0,,,,2,4,,,,,,,,,,,45433,0,0
322638,73605789533246047,,0,1423,273.0,-900,-140.0,-670.0,,,2,4,,,,,,,,,,,45461,0,0
322639,73605789533246047,,0,1423,460.0,-920,-180.0,-640.0,,,2,4,,,,,,,,,,,45461,0,0
322640,73605789545155047,,0,1423,406.0,-1040,-290.0,,,,2,4,,,,,,,,,,,45433,0,0
322641,73605789545155047,,0,1423,124.0,-1070,-270.0,,,,2,4,,,,,,,,,,,45433,0,0
322642,73605789736253412,,0,1423,95.0,-1010,-240.0,,,,2,4,,,,,,,,,,,45433,0,0
322643,73605789902336502,,0,1423,356.0,-1050,-300.0,-660.0,,,2,4,,,,,,,,,,,45461,0,0
322644,73605790113108061,,0,1423,489.0,-850,-70.0,-570.0,112.0,,1,4,274.0,1389.0,,,,,,,,,45459,0,0
322645,73605790104907707,,0,450,490.0,-980,-170.0,-710.0,,,2,4,,,,,,,,,,,45458,0,0
322646,73605790104907707,,0,450,489.0,-870,-60.0,-710.0,,,2,4,,,,,,,,,,,45458,0,0
322647,73605790293557248,,0,1423,,-850,-80.0,-570.0,100.0,0.0,3,4,,,,,,,43211.0,44200.0,,23055629.0,0,0,0
322648,73605790253391793,,0,3102,490.0,-1060,-140.0,-790.0,,,2,4,,,,,,,,,,,45458,0,0
322649,73605790253391793,,0,3102,460.0,-1090,-190.0,-800.0,,,2,4,,,,,,,,,,,45458,0,0
322650,73605790253391793,,0,3102,489.0,-960,-70.0,-790.0,,,2,4,,,,,,,,,,,45458,0,0
322651,73605790379434753,,0,1423,281.0,-1060,-300.0,-670.0,,,2,4,,,,,,,,,,,45461,0,0
322652,73605790503576939,,0,1423,482.0,-1060,-300.0,-670.0,,,2,4,,,,,,,,,,,45461,0,0
322653,73605790503576939,,0,1423,323.0,-990,-300.0,-600.0,,,2,4,,,,,,,,,,,45461,0,0
322654,73605790537131504,,0,1423,407.0,-1060,-300.0,-670.0,,,2,4,,,,,,,,,,,45461,0,0
322655,73605790684773260,,0,1423,148.0,-960,-230.0,-640.0,,,2,4,,,,,,,,,,,45461,0,0
322656,73605791081762348,,0,425,90.0,-1130,-210.0,-820.0,,,2,4,,,,,,,,,,,45458,0,0
322657,73605791473357028,,0,1423,496.0,-1060,-300.0,-670.0,,,2,4,,,,,,,,,,,45461,0,0
322658,73605792208613266,,0,1423,490.0,-920,-150.0,-620.0,,,2,4,,,,,,,,,,,45461,0,0
322659,73605793474994551,,0,1423,460.0,-870,-240.0,,,,2,4,,,,,,,,,,,45433,0,0
322660,73605793474994551,,0,1423,273.0,-1030,-250.0,,,,2,4,,,,,,,,,,,45433,0,0
322661,73605793842173869,,0,1423,95.0,-1050,-300.0,-660.0,,,2,4,,,,,,,,,,,45461,0,0
322662,73605793842173869,,0,1423,356.0,-990,-230.0,-670.0,,,2,4,,,,,,,,,,,45461,0,0
322663,73605793842173869,,0,1423,124.0,-1070,-250.0,-680.0,,,2,4,,,,,,,,,,,45461,0,0
322664,73605793929409285,,0,1423,12.0,-1060,-300.0,-670.0,,,2,4,,,,,,,,,,,45461,0,0
322665,73605793941388285,,0,1423,12.0,-1050,-300.0,,,,2,4,,,,,,,,,,,45433,0,0
322666,73605793958220808,,0,1423,12.0,-1050,-300.0,,,,2,4,,,,,,,,,,,45433,0,0
322667,73605793946240808,,0,1423,12.0,-1050,-300.0,-660.0,,,2,4,,,,,,,,,,,45461,0,0
322668,73605793996571200,,0,1423,406.0,-1020,-220.0,-650.0,,,2,4,,,,,,,,,,,45461,0,0
322669,73605794030125694,,0,1423,59.0,-1020,-190.0,-730.0,,,2,4,,,,,,,,,,,45461,0,0
322670,73605794132990749,,0,450,489.0,-880,-50.0,-730.0,,,2,4,,,,,,,,,,,45458,0,0
322671,73605794127692702,,0,1423,489.0,-850,-70.0,-570.0,108.0,,1,4,274.0,1901.0,,,,,,,,,45459,0,0
322672,73605794282505315,,0,3102,95.0,-1040,-170.0,-780.0,,,2,4,,,,,,,,,,,45458,0,0
322673,73605794282505315,,0,3102,490.0,-1060,-140.0,-790.0,,,2,4,,,,,,,,,,,45458,0,0
322674,73605794282505315,,0,3102,489.0,-960,-80.0,-790.0,,,2,4,,,,,,,,,,,45458,0,0
322675,73605794282505315,,0,3102,460.0,-1170,-300.0,-780.0,,,2,4,,,,,,,,,,,45458,0,0
322676,73605794355851865,,0,3102,59.0,-1130,-220.0,-780.0,,,2,4,,,,,,,,,,,45458,0,0
322677,73605794552545280,,0,1423,,-850,-70.0,-580.0,140.0,0.0,3,4,,,,,,,43211.0,44200.0,,23055629.0,0,0,0
322678,73605794574071151,,0,1423,407.0,-1060,-300.0,-670.0,,,2,4,,,,,,,,,,,45461,0,0
322679,73605795167443408,,0,425,90.0,-1130,-170.0,-860.0,,,2,4,,,,,,,,,,,45458,0,0
322680,73605795421732609,,0,1423,285.0,-930,-150.0,-650.0,,,2,4,,,,,,,,,,,45461,0,0
322681,73605795433746609,,0,1423,285.0,-930,-150.0,,,,2,4,,,,,,,,,,,45433,0,0
322682,73605795793255036,,0,1423,482.0,-1050,-300.0,,,,2,4,,,,,,,,,,,45433,0,0
322683,73605795781240036,,0,1423,323.0,-1030,-230.0,-660.0,,,2,4,,,,,,,,,,,45461,0,0
322684,73605796653706437,,0,1423,490.0,-920,-140.0,-640.0,,,2,4,,,,,,,,,,,45461,0,0
322685,73605797409353227,,0,1423,273.0,-910,-150.0,-670.0,,,2,4,,,,,,,,,,,45461,0,0
322686,73605797409353227,,0,1423,460.0,-970,-200.0,-670.0,,,2,4,,,,,,,,,,,45461,0,0
322687,73605797798575852,,0,1423,95.0,-1030,-240.0,-650.0,,,2,4,,,,,,,,,,,45461,0,0
322688,73605797946218161,,0,1423,406.0,-960,-190.0,-670.0,,,2,4,,,,,,,,,,,45461,0,0
322689,73605798358886640,,0,1423,148.0,-1020,-300.0,-630.0,,,2,4,,,,,,,,,,,45461,0,0
322690,73605798427918675,,0,450,489.0,-870,-50.0,-730.0,,,2,4,,,,,,,,,,,45458,0,0
322691,73605798422620669,,0,1423,489.0,-850,-80.0,-560.0,45.0,,1,4,274.0,1901.0,,,,,,,,,45459,0,0
322692,73605798686752768,,0,1423,,-850,-80.0,-560.0,50.0,0.0,3,4,,,,,,,43211.0,44200.0,,23055629.0,0,0,0
322693,73605798682830978,,0,3300,490.0,-980,-80.0,-790.0,,,2,4,,,,,,,,,,,45458,0,0
322694,73605798682830978,,0,3300,489.0,-1000,-110.0,-790.0,,,2,4,,,,,,,,,,,45458,0,0
322695,73605798682830978,,0,3300,460.0,-1050,-180.0,-780.0,,,2,4,,,,,,,,,,,45458,0,0
322696,73605798682830978,,0,3300,95.0,-1100,-220.0,-790.0,,,2,4,,,,,,,,,,,45458,0,0
322697,73605798744184956,,0,1423,356.0,-970,-200.0,-670.0,,,2,4,,,,,,,,,,,45461,0,0
322698,73605798744184956,,0,1423,124.0,-1030,-200.0,-680.0,,,2,4,,,,,,,,,,,45461,0,0
322699,73605798991699332,,0,1423,281.0,-1060,-300.0,-670.0,,,2,4,,,,,,,,,,,45461,0,0
322700,73605798991699332,,0,1423,59.0,-1060,-220.0,-750.0,,,2,4,,,,,,,,,,,45461,0,0
322701,73605799682913045,,0,1423,407.0,-890,-150.0,-640.0,,,2,4,,,,,,,,,,,45461,0,0
322702,73605800647824137,,0,1423,490.0,-920,-150.0,,,,2,4,,,,,,,,,,,45433,0,0
322703,73605801551826691,,0,1423,460.0,-1010,-220.0,-640.0,,,2,4,,,,,,,,,,,45461,0,0
322704,73605801551826691,,0,1423,273.0,-900,-140.0,-660.0,,,2,4,,,,,,,,,,,45461,0,0
322705,73605801741763437,,0,1423,95.0,-1030,-290.0,,,,2,4,,,,,,,,,,,45433,0,0
322706,73605801886002386,,0,1423,406.0,-970,-210.0,,,,2,4,,,,,,,,,,,45433,0,0
322707,73605801954589981,,0,1423,264.0,-940,-190.0,-650.0,,,2,4,,,,,,,,,,,45461,0,0
322708,73605801966693981,,0,1423,264.0,-940,-190.0,,,,2,4,,,,,,,,,,,45433,0,0
322709,73605801971366966,,0,1423,264.0,-1050,-300.0,-660.0,,,2,4,,,,,,,,,,,45461,0,0
322710,73605801983471966,,0,1423,264.0,-1030,-220.0,,,,2,4,,,,,,,,,,,45433,0,0
322711,73605801988144061,,0,1423,264.0,-930,-160.0,-660.0,,,2,4,,,,,,,,,,,45461,0,0
322712,73605802000250061,,0,1423,264.0,-940,-210.0,,,,2,4,,,,,,,,,,,45433,0,0
322713,73605802776296211,,0,1423,124.0,-1000,-300.0,-610.0,,,2,4,,,,,,,,,,,45461,0,0
322714,73605802776296211,,0,1423,356.0,-1000,-300.0,-610.0,,,2,4,,,,,,,,,,,45461,0,0
322715,73605802936827904,,0,1423,,-850,-80.0,-530.0,130.0,0.0,3,4,,,,,,,43211.0,44200.0,,23055629.0,0,0,0
322716,73605803198278759,,0,425,90.0,-1090,-220.0,-780.0,,,2,4,,,,,,,,,,,45458,0,0
322717,73605804115731369,,0,1423,281.0,-1050,-300.0,-660.0,,,2,4,,,,,,,,,,,45461,0,0
322718,73605804590601475,,0,1423,490.0,-920,-140.0,,,,2,4,,,,,,,,,,,45433,0,0
322719,73605805504732091,,0,1423,460.0,-1040,-230.0,-670.0,,,2,4,,,,,,,,,,,45461,0,0
322720,73605805595469124,,0,1423,273.0,-920,-160.0,-660.0,,,2,4,,,,,,,,,,,45461,0,0
322721,73605805706147007,,0,1423,95.0,-970,-220.0,-650.0,,,2,4,,,,,,,,,,,45461,0,0
322722,73605805818808921,,0,1423,406.0,-1010,-240.0,,,,2,4,,,,,,,,,,,45433,0,0
322723,73605805944054799,,0,450,489.0,-880,-50.0,-730.0,,,2,4,,,,,,,,,,,45458,0,0
322724,73605805938773392,,0,1423,489.0,-850,-80.0,-560.0,51.0,,1,4,274.0,1901.0,,,,,,,,,45459,0,0
322725,73605806367900140,,0,3102,489.0,-960,-80.0,-790.0,,,2,4,,,,,,,,,,,45458,0,0
322726,73605806367900140,,0,3102,460.0,-1070,-180.0,-800.0,,,2,4,,,,,,,,,,,45458,0,0
322727,73605806367900140,,0,3102,490.0,-1050,-160.0,-790.0,,,2,4,,,,,,,,,,,45458,0,0
322728,73605806432951456,,0,3102,95.0,-1070,-190.0,-780.0,,,2,4,,,,,,,,,,,45458,0,0
322729,73605806442980220,,0,1423,148.0,-1050,-300.0,-660.0,,,2,4,,,,,,,,,,,45461,0,0
322730,73605806713620211,,0,1423,124.0,-1060,-260.0,,,,2,4,,,,,,,,,,,45433,0,0
322731,73605806730398398,,0,1423,356.0,-990,-210.0,,,,2,4,,,,,,,,,,,45433,0,0
322732,73605807105703936,,0,1423,,-850,-80.0,-580.0,110.0,0.0,3,4,,,,,,,43211.0,44200.0,,23055629.0,0,0,0
322733,73605808540267537,,0,1423,490.0,-930,-160.0,-630.0,,,2,4,,,,,,,,,,,45461,0,0
322734,73605809550301340,,0,1423,273.0,-900,-140.0,-670.0,,,2,4,,,,,,,,,,,45461,0,0
322735,73605809550301340,,0,1423,460.0,-950,-230.0,-630.0,,,2,4,,,,,,,,,,,45461,0,0
322736,73605809646448677,,0,1423,95.0,-1040,-260.0,,,,2,4,,,,,,,,,,,45433,0,0
322737,73605809898193874,,0,1423,489.0,-850,-70.0,-570.0,134.0,,1,4,274.0,9452.0,,,,,,,,,45459,0,0
322738,73605810143053264,,0,3102,406.0,-1050,-180.0,-780.0,,,2,4,,,,,,,,,,,45458,0,0
322739,73605810184996525,,0,3102,406.0,-1040,-160.0,-770.0,,,2,4,,,,,,,,,,,45458,0,0
322740,73605810332216530,,0,1423,406.0,-960,-160.0,-640.0,,,2,4,,,,,,,,,,,45461,0,0
322741,73605810382661504,,0,1423,59.0,-1100,-230.0,-750.0,,,2,4,,,,,,,,,,,45461,0,0
322742,73605810382661504,,0,1423,148.0,-1000,-200.0,-670.0,,,2,4,,,,,,,,,,,45461,0,0
322743,73605811263726236,,0,1423,356.0,-1060,-300.0,-670.0,,,2,4,,,,,,,,,,,45461,0,0
322744,73605811354861568,,0,1423,,-850,-80.0,-550.0,70.0,0.0,3,4,,,,,,,43211.0,44200.0,,23055629.0,0,0,0
322745,73605811989913760,,0,1423,124.0,-1070,-300.0,-680.0,,,2,4,,,,,,,,,,,45461,0,0
322746,73605812597296575,,0,1423,490.0,-910,-150.0,-600.0,,,2,4,,,,,,,,,,,45461,0,0
322747,73605813167723498,,0,1423,496.0,-970,-190.0,-660.0,,,2,4,,,,,,,,,,,45461,0,0
322748,73605813495184450,,0,1423,460.0,-960,-300.0,-570.0,,,2,4,,,,,,,,,,,45461,0,0
322749,73605813585740106,,0,1423,95.0,-1050,-300.0,,,,2,4,,,,,,,,,,,45433,0,0
322750,73605813724661277,,0,1423,273.0,-900,-140.0,-670.0,,,2,4,,,,,,,,,,,45461,0,0
322751,73605814193103328,,0,1423,489.0,-850,-70.0,-570.0,86.0,,1,4,274.0,1261.0,,,,,,,,,45459,0,0
322752,73605814196812029,,0,450,489.0,-880,-70.0,-700.0,,,2,4,,,,,,,,,,,45458,0,0
322753,73605814196812029,,0,450,490.0,-980,-180.0,-700.0,,,2,4,,,,,,,,,,,45458,0,0
322754,73605814310114383,,0,3102,489.0,-960,-70.0,-800.0,,,2,4,,,,,,,,,,,45458,0,0
322755,73605814310114383,,0,3102,460.0,-1050,-170.0,-780.0,,,2,4,,,,,,,,,,,45458,0,0
322756,73605814332623518,,0,1423,128.0,-1020,-300.0,-630.0,,,2,4,,,,,,,,,,,45461,0,0
322757,73605814310114383,,0,3102,490.0,-1060,-160.0,-800.0,,,2,4,,,,,,,,,,,45458,0,0
322758,73605814332623518,,0,1423,150.0,-1050,-300.0,-660.0,,,2,4,,,,,,,,,,,45461,0,0
322759,73605814344893518,,0,1423,128.0,-1020,-300.0,,,,2,4,,,,,,,,,,,45433,0,0
322760,73605814344893518,,0,1423,150.0,-1040,-300.0,,,,2,4,,,,,,,,,,,45433,0,0
322761,73605814345818676,,0,3102,406.0,-1050,-150.0,-770.0,,,2,4,,,,,,,,,,,45458,0,0
322762,73605814355582506,,0,1423,406.0,-1020,-300.0,-630.0,,,2,4,,,,,,,,,,,45461,0,0
322763,73605814355582506,,0,1423,128.0,-1040,-300.0,-650.0,,,2,4,,,,,,,,,,,45461,0,0
322764,73605814355582506,,0,1423,150.0,-1030,-300.0,-640.0,,,2,4,,,,,,,,,,,45461,0,0
322765,73605814367853506,,0,1423,128.0,-1040,-300.0,,,,2,4,,,,,,,,,,,45433,0,0
322766,73605814367853506,,0,1423,150.0,-1030,-300.0,,,,2,4,,,,,,,,,,,45433,0,0
322767,73605814358401752,,0,3102,406.0,-1040,-150.0,-790.0,,,2,4,,,,,,,,,,,45458,0,0
322768,73605814358401752,,0,3102,95.0,-1070,-180.0,-800.0,,,2,4,,,,,,,,,,,45458,0,0
322769,73605815465636588,,0,425,90.0,-1160,-210.0,-840.0,,,2,4,,,,,,,,,,,45458,0,0
322770,73605815640260608,,0,1423,,-850,-80.0,-570.0,90.0,0.0,3,4,,,,,,,43211.0,44200.0,,23055629.0,0,0,0
322771,73605815922562454,,0,1423,356.0,-950,-190.0,-650.0,,,2,4,,,,,,,,,,,45461,0,0
322772,73605816043255352,,0,1423,482.0,-870,-180.0,-590.0,,,2,4,,,,,,,,,,,45461,0,0
322773,73605816043255352,,0,1423,323.0,-900,-210.0,-590.0,,,2,4,,,,,,,,,,,45461,0,0
322774,73605816535379838,,0,1423,490.0,-920,-140.0,,,,2,4,,,,,,,,,,,45433,0,0
322775,73605817127162789,,0,1423,124.0,-1070,-300.0,-680.0,,,2,4,,,,,,,,,,,45461,0,0
322776,73605817139474789,,0,1423,407.0,-1060,-300.0,,,,2,4,,,,,,,,,,,45433,0,0
322777,73605817428157460,,0,1423,460.0,-930,-210.0,,,,2,4,,,,,,,,,,,45433,0,0
322778,73605817434278933,,0,1423,148.0,-1030,-300.0,-640.0,,,2,4,,,,,,,,,,,45461,0,0
322779,73605817744536706,,0,3102,406.0,-1090,-180.0,-770.0,,,2,4,,,,,,,,,,,45458,0,0
322780,73605817759217093,,0,3102,406.0,-1100,-180.0,-790.0,,,2,4,,,,,,,,,,,45458,0,0
322781,73605817901473309,,0,1423,95.0,-1030,-240.0,-650.0,,,2,4,,,,,,,,,,,45461,0,0
322782,73605817930585142,,0,1423,273.0,-1060,-300.0,,,,2,4,,,,,,,,,,,45433,0,0
322783,73605818221637498,,0,1423,489.0,-850,-70.0,-570.0,97.0,,1,4,274.0,753.0,,,,,,,,,45459,0,0
322784,73605818387280755,,0,1423,406.0,-960,-170.0,-640.0,,,2,4,,,,,,,,,,,45461,0,0
322785,73605818286088277,,0,3102,489.0,-970,-80.0,-790.0,,,2,4,,,,,,,,,,,45458,0,0
322786,73605818267212078,,0,3102,490.0,-1050,-140.0,-790.0,,,2,4,,,,,,,,,,,45458,0,0
322787,73605818267212078,,0,3102,460.0,-1050,-150.0,-800.0,,,2,4,,,,,,,,,,,45458,0,0
322788,73605818304906814,,0,3102,95.0,-1030,-160.0,-780.0,,,2,4,,,,,,,,,,,45458,0,0
322789,73605819413720800,,0,1423,281.0,-1050,-300.0,-660.0,,,2,4,,,,,,,,,,,45461,0,0
322790,73605820313504345,,0,1423,59.0,-1110,-300.0,-720.0,,,2,4,,,,,,,,,,,45461,0,0
322791,73605820340188568,,0,1423,496.0,-1040,-300.0,-650.0,,,2,4,,,,,,,,,,,45461,0,0
322792,73605820632047469,,0,1423,490.0,-920,-140.0,-640.0,,,2,4,,,,,,,,,,,45461,0,0
322793,73605820632047469,,0,1423,356.0,-950,-200.0,-660.0,,,2,4,,,,,,,,,,,45461,0,0
322794,73605821071604286,,0,1423,124.0,-970,-200.0,-670.0,,,2,4,,,,,,,,,,,45461,0,0
322795,73605821118697776,,0,1423,407.0,-1030,-300.0,-640.0,,,2,4,,,,,,,,,,,45461,0,0
322796,73605821131070776,,0,1423,149.0,-1120,-300.0,,,,2,4,,,,,,,,,,,45433,0,0
322797,73605821118697776,,0,1423,149.0,-1120,-300.0,-730.0,,,2,4,,,,,,,,,,,45461,0,0
322798,73605821449671824,,0,1423,460.0,-910,-260.0,,,,2,4,,,,,,,,,,,45433,0,0
322799,73605821652158031,,0,1423,148.0,-1030,-210.0,-670.0,,,2,4,,,,,,,,,,,45461,0,0
322800,73605821913661019,,0,1423,95.0,-1050,-300.0,-660.0,,,2,4,,,,,,,,,,,45461,0,0
322801,73605822312043869,,0,1423,273.0,-1050,-300.0,,,,2,4,,,,,,,,,,,45433,0,0
322802,73605822328883359,,0,1423,406.0,-1050,-260.0,,,,2,4,,,,,,,,,,,45433,0,0
322803,73605822581839979,,0,1423,489.0,-850,-80.0,-550.0,43.0,,1,4,274.0,10092.0,,,,,,,,,45459,0,0
322804,73605822764156376,,0,3102,489.0,-960,-100.0,-770.0,,,2,4,,,,,,,,,,,45458,0,0
322805,73605822778836413,,0,3102,460.0,-1070,-190.0,-750.0,,,2,4,,,,,,,,,,,45458,0,0
322806,73605822814488280,,0,3102,95.0,-1050,-180.0,-780.0,,,2,4,,,,,,,,,,,45458,0,0
322807,73605824149913600,,0,1423,,-850,-90.0,-550.0,40.0,0.0,3,4,,,,,,,43211.0,44200.0,,23055629.0,0,0,0
322808,73605824850333271,,0,1423,356.0,-1050,-300.0,-660.0,,,2,4,,,,,,,,,,,45461,0,0
322809,73605824850333271,,0,1423,59.0,-1100,-300.0,-710.0,,,2,4,,,,,,,,,,,45461,0,0
322810,73605824850333271,,0,1423,490.0,-930,-150.0,-630.0,,,2,4,,,,,,,,,,,45461,0,0
322811,73605825007326828,,0,1423,124.0,-990,-290.0,,,,2,4,,,,,,,,,,,45433,0,0
322812,73605825368534869,,0,1423,407.0,-1020,-200.0,-670.0,,,2,4,,,,,,,,,,,45461,0,0
322813,73605825385366391,,0,1423,460.0,-980,-180.0,-640.0,,,2,4,,,,,,,,,,,45461,0,0
322814,73605825915418965,,0,1423,95.0,-1030,-300.0,-640.0,,,2,4,,,,,,,,,,,45461,0,0
322815,73605826264330020,,0,1423,273.0,-900,-140.0,-660.0,,,2,4,,,,,,,,,,,45461,0,0
322816,73605826281258200,,0,1423,406.0,-1070,-300.0,-680.0,,,2,4,,,,,,,,,,,45461,0,0
322817,73605826281258200,,0,1423,148.0,-1000,-230.0,-680.0,,,2,4,,,,,,,,,,,45461,0,0
322818,73605826808270388,,0,1423,489.0,-850,-80.0,-560.0,73.0,,1,4,274.0,8938.0,,,,,,,,,45459,0,0
322819,73605826821003056,,0,3102,460.0,-1040,-170.0,-770.0,,,2,4,,,,,,,,,,,45458,0,0
322820,73605826821003056,,0,3102,489.0,-950,-90.0,-770.0,,,2,4,,,,,,,,,,,45458,0,0
322821,73605826871335402,,0,3102,490.0,-1070,-160.0,-780.0,,,2,4,,,,,,,,,,,45458,0,0
322822,73605827681363227,,0,1423,323.0,-1060,-300.0,-670.0,,,2,4,,,,,,,,,,,45461,0,0
322823,73605827825651752,,0,1423,496.0,-1060,-300.0,-670.0,,,2,4,,,,,,,,,,,45461,0,0
322824,73605828045732703,,0,425,90.0,-1110,-170.0,-840.0,,,2,4,,,,,,,,,,,45458,0,0
322825,73605828409098240,,0,1423,,-850,-80.0,-580.0,130.0,0.0,3,4,,,,,,,43211.0,44200.0,,23055629.0,0,0,0
322826,73605829056140784,,0,1423,490.0,-920,-150.0,,,,2,4,,,,,,,,,,,45433,0,0
322827,73605829043621784,,0,1423,356.0,-920,-190.0,-630.0,,,2,4,,,,,,,,,,,45461,0,0
322828,73605829060495590,,0,1423,311.0,-1020,-240.0,-640.0,,,2,4,,,,,,,,,,,45461,0,0
322829,73605829435512745,,0,1423,460.0,-980,-300.0,,,,2,4,,,,,,,,,,,45433,0,0
322830,73605830014338483,,0,1423,95.0,-1050,-300.0,-650.0,,,2,4,,,,,,,,,,,45461,0,0
322831,73605830241504808,,0,1423,273.0,-900,-140.0,-660.0,,,2,4,,,,,,,,,,,45461,0,0
322832,73605831040085175,,0,1423,406.0,-1030,-300.0,-640.0,,,2,4,,,,,,,,,,,45461,0,0
322833,73605831002298460,,0,1423,407.0,-950,-200.0,,,,2,4,,,,,,,,,,,45433,0,0
322834,73605830862255654,,0,1423,124.0,-1070,-300.0,-680.0,,,2,4,,,,,,,,,,,45461,0,0
322835,73605831378146514,,0,450,489.0,-870,-60.0,-720.0,,,2,4,,,,,,,,,,,45458,0,0
322836,73605831372848514,,0,1423,489.0,-850,-70.0,-570.0,108.0,,1,4,274.0,1261.0,,,,,,,,,45459,0,0
322837,73605831795051947,,0,3102,489.0,-960,-90.0,-780.0,,,2,4,,,,,,,,,,,45458,0,0
322838,73605831795051947,,0,3102,490.0,-1060,-180.0,-780.0,,,2,4,,,,,,,,,,,45458,0,0
322839,73605831862157493,,0,3102,460.0,-1040,-150.0,-800.0,,,2,4,,,,,,,,,,,45458,0,0
322840,73605831885343216,,0,1423,148.0,-980,-190.0,-660.0,,,2,4,,,,,,,,,,,45461,0,0
322841,73605832561000448,,0,1423,,-850,-80.0,-570.0,130.0,0.0,3,4,,,,,,,43211.0,44200.0,,23055629.0,0,0,0
322842,73605833359001083,,0,1423,490.0,-930,-150.0,-630.0,,,2,4,,,,,,,,,,,45461,0,0
322843,73605833371599083,,0,1423,460.0,-1030,-300.0,,,,2,4,,,,,,,,,,,45433,0,0
322844,73605833931594013,,0,1423,207.0,-1040,-300.0,,,,2,4,,,,,,,,,,,45433,0,0
322845,73605833918993013,,0,1423,207.0,-1040,-300.0,-650.0,,,2,4,,,,,,,,,,,45461,0,0
322846,73605834062961401,,0,1423,95.0,-1010,-220.0,-650.0,,,2,4,,,,,,,,,,,45461,0,0
322847,73605834200530773,,0,1423,273.0,-1060,-300.0,-670.0,,,2,4,,,,,,,,,,,45461,0,0
322848,73605834881436550,,0,1423,323.0,-960,-300.0,-570.0,,,2,4,,,,,,,,,,,45461,0,0
322849,73605835381581235,,0,1423,406.0,-1060,-300.0,-670.0,,,2,4,,,,,,,,,,,45461,0,0
322850,73605835697463262,,0,1423,356.0,-1010,-220.0,-630.0,,,2,4,,,,,,,,,,,45461,0,0
322851,73605835713937464,,0,1423,124.0,-1050,-230.0,-680.0,,,2,4,,,,,,,,,,,45461,0,0
322852,73605835780284166,,0,1423,407.0,-1060,-300.0,,,,2,4,,,,,,,,,,,45433,0,0
322853,73605835817990255,,0,1423,148.0,-1030,-300.0,-640.0,,,2,4,,,,,,,,,,,45461,0,0
322854,73605835869102372,,0,1423,489.0,-850,-80.0,-560.0,113.0,,1,4,274.0,1645.0,,,,,,,,,45459,0,0
322855,73605835872827694,,0,450,489.0,-880,-60.0,-720.0,,,2,4,,,,,,,,,,,45458,0,0
322856,73605835872827694,,0,450,490.0,-970,-140.0,-740.0,,,2,4,,,,,,,,,,,45458,0,0
322857,73605836102727255,,0,3300,490.0,-980,-80.0,-790.0,,,2,4,,,,,,,,,,,45458,0,0
322858,73605836102727255,,0,3300,489.0,-1000,-120.0,-790.0,,,2,4,,,,,,,,,,,45458,0,0
322859,73605836117407259,,0,3300,95.0,-1070,-150.0,-810.0,,,2,4,,,,,,,,,,,45458,0,0
322860,73605836146820613,,0,3300,281.0,-1090,-160.0,-830.0,,,2,4,,,,,,,,,,,45458,0,0
322861,73605836176181376,,0,3300,460.0,-1080,-160.0,-820.0,,,2,4,,,,,,,,,,,45458,0,0
322862,73605836706701898,,0,425,90.0,-1120,-160.0,-850.0,,,2,4,,,,,,,,,,,45458,0,0
322863,73605836834013184,,0,1423,,-850,-80.0,-510.0,110.0,0.0,3,4,,,,,,,43211.0,44200.0,,23055629.0,0,0,0
322864,73605837304449631,,0,1423,460.0,-1030,-300.0,-640.0,,,2,4,,,,,,,,,,,45461,0,0
322865,73605837317101631,,0,1423,490.0,-910,-140.0,,,,2,4,,,,,,,,,,,45433,0,0
322866,73605838005027164,,0,1423,95.0,-1050,-280.0,,,,2,4,,,,,,,,,,,45433,0,0
322867,73605838119921927,,0,1423,281.0,-1060,-230.0,-670.0,,,2,4,,,,,,,,,,,45461,0,0
322868,73605839206230824,,0,1423,59.0,-1060,-270.0,,,,2,4,,,,,,,,,,,45433,0,0
322869,73605839411650575,,0,1423,406.0,-1050,-230.0,-670.0,,,2,4,,,,,,,,,,,45461,0,0
322870,73605839783369017,,0,1423,407.0,-960,-250.0,,,,2,4,,,,,,,,,,,45433,0,0
322871,73605840079494546,,0,1423,148.0,-1030,-300.0,-640.0,,,2,4,,,,,,,,,,,45461,0,0
322872,73605840303561876,,0,450,489.0,-870,-60.0,-720.0,,,2,4,,,,,,,,,,,45458,0,0
322873,73605840298263829,,0,1423,489.0,-850,-80.0,-560.0,130.0,,1,4,274.0,1901.0,,,,,,,,,45459,0,0
322874,73605840472270625,,0,3102,489.0,-960,-100.0,-760.0,,,2,4,,,,,,,,,,,45458,0,0
322875,73605840472270625,,0,3102,460.0,-1050,-200.0,-760.0,,,2,4,,,,,,,,,,,45458,0,0
322876,73605840472270625,,0,3102,490.0,-1040,-140.0,-760.0,,,2,4,,,,,,,,,,,45458,0,0
322877,73605840499533345,,0,3102,95.0,-1030,-150.0,-780.0,,,2,4,,,,,,,,,,,45458,0,0
322878,73605840718072880,,0,1423,304.0,-1040,-300.0,-650.0,,,2,4,,,,,,,,,,,45461,0,0
322879,73605840730774880,,0,1423,304.0,-1040,-300.0,,,,2,4,,,,,,,,,,,45433,0,0
322880,73605840734849889,,0,1423,304.0,-1040,-300.0,-650.0,,,2,4,,,,,,,,,,,45461,0,0
322881,73605840750732381,,0,1423,273.0,-1050,-300.0,-660.0,,,2,4,,,,,,,,,,,45461,0,0
322882,73605840747552889,,0,1423,304.0,-1040,-300.0,,,,2,4,,,,,,,,,,,45433,0,0
322883,73605840750732381,,0,1423,124.0,-1060,-300.0,-670.0,,,2,4,,,,,,,,,,,45461,0,0
322884,73605840750732381,,0,1423,304.0,-1040,-300.0,-650.0,,,2,4,,,,,,,,,,,45461,0,0
322885,73605840841608500,,0,1423,356.0,-950,-190.0,,,,2,4,,,,,,,,,,,45433,0,0
322886,73605840763436381,,0,1423,304.0,-1040,-300.0,,,,2,4,,,,,,,,,,,45433,0,0
322887,73605841031921664,,0,1423,,-850,-90.0,-550.0,30.0,0.0,3,4,,,,,,,43211.0,44200.0,,23055629.0,0,0,0
322888,73605841281883165,,0,1423,460.0,-1020,-300.0,-630.0,,,2,4,,,,,,,,,,,45461,0,0
322889,73605841294594165,,0,1423,490.0,-920,-150.0,,,,2,4,,,,,,,,,,,45433,0,0
322890,73605842060335824,,0,1423,95.0,-1040,-300.0,-650.0,,,2,4,,,,,,,,,,,45461,0,0
322891,73605843600368764,,0,1423,406.0,-1030,-210.0,-670.0,,,2,4,,,,,,,,,,,45461,0,0
322892,73605844103301006,,0,3300,460.0,-1120,-210.0,-760.0,,,2,4,,,,,,,,,,,45458,0,0
322893,73605844103301006,,0,3300,95.0,-1110,-200.0,-760.0,,,2,4,,,,,,,,,,,45458,0,0
322894,73605844103301006,,0,3300,490.0,-970,-80.0,-770.0,,,2,4,,,,,,,,,,,45458,0,0
322895,73605844103301006,,0,3300,489.0,-990,-130.0,-770.0,,,2,4,,,,,,,,,,,45458,0,0
322896,73605844142691306,,0,1423,148.0,-1040,-300.0,-650.0,,,2,4,,,,,,,,,,,45461,0,0
322897,73605844142691306,,0,1423,407.0,-1030,-300.0,-640.0,,,2,4,,,,,,,,,,,45461,0,0
322898,73605845018505213,,0,1423,273.0,-910,-150.0,-670.0,,,2,4,,,,,,,,,,,45461,0,0
322899,73605845229830144,,0,1423,,-850,-80.0,-550.0,110.0,0.0,3,4,,,,,,,43211.0,44200.0,,23055629.0,0,0,0
322900,73605845250039950,,0,1423,460.0,-1060,-300.0,-670.0,,,2,4,,,,,,,,,,,45461,0,0
322901,73605845250039950,,0,1423,490.0,-920,-140.0,-620.0,,,2,4,,,,,,,,,,,45461,0,0
322902,73605845644341648,,0,1423,124.0,-990,-300.0,,,,2,4,,,,,,,,,,,45433,0,0
322903,73605845996596884,,0,1423,95.0,-980,-300.0,,,,2,4,,,,,,,,,,,45433,0,0
322904,73605847525000039,,0,1423,364.0,-1000,-210.0,-660.0,,,2,4,,,,,,,,,,,45461,0,0
322905,73605847537791039,,0,1423,364.0,-1010,-270.0,,,,2,4,,,,,,,,,,,45433,0,0
322906,73605847537791039,,0,1423,406.0,-970,-260.0,,,,2,4,,,,,,,,,,,45433,0,0
322907,73605847541777509,,0,1423,364.0,-980,-190.0,-660.0,,,2,4,,,,,,,,,,,45461,0,0
322908,73605847554569509,,0,1423,364.0,-990,-250.0,,,,2,4,,,,,,,,,,,45433,0,0
322909,73605847554686002,,0,1423,364.0,-1040,-300.0,-650.0,,,2,4,,,,,,,,,,,45461,0,0
322910,73605847567479002,,0,1423,364.0,-1030,-260.0,,,,2,4,,,,,,,,,,,45433,0,0
322911,73605851177355413,,0,1423,95.0,-970,-260.0,,,,2,4,,,,,,,,,,,45433,0,0
322912,73605851177355413,,0,1423,460.0,-950,-240.0,,,,2,4,,,,,,,,,,,45433,0,0
322913,73605851177355413,,0,1423,273.0,-1050,-280.0,,,,2,4,,,,,,,,,,,45433,0,0
322914,73605848192788985,,0,1423,59.0,-940,-180.0,-600.0,,,2,4,,,,,,,,,,,45461,0,0
322915,73605852800710722,,0,3300,490.0,-970,-70.0,-810.0,,,2,4,,,,,,,,,,,45458,0,0
322916,73605852800710722,,0,3300,95.0,-1070,-160.0,-820.0,,,2,4,,,,,,,,,,,45458,0,0
322917,73605852819585109,,0,3300,460.0,-1080,-150.0,-830.0,,,2,4,,,,,,,,,,,45458,0,0
322918,73605852844027573,,0,1423,490.0,-920,-130.0,-640.0,,,2,4,,,,,,,,,,,45461,0,0
322919,73605852844027573,,0,1423,406.0,-1060,-300.0,-670.0,,,2,4,,,,,,,,,,,45461,0,0
322920,73605852844027573,,0,1423,356.0,-1050,-300.0,-660.0,,,2,4,,,,,,,,,,,45461,0,0
322921,73605852844027573,,0,1423,148.0,-1010,-210.0,-640.0,,,2,4,,,,,,,,,,,45461,0,0
322922,73605852844027573,,0,1423,124.0,-1020,-250.0,-680.0,,,2,4,,,,,,,,,,,45461,0,0
322923,73605848547860122,,0,1423,323.0,-990,-260.0,,,,2,4,,,,,,,,,,,45433,0,0
322924,73605848717173259,,0,1423,407.0,-1000,-190.0,-670.0,,,2,4,,,,,,,,,,,45461,0,0
322925,73605848855368596,,0,3300,489.0,-1000,-90.0,-800.0,,,2,4,,,,,,,,,,,45458,0,0
322926,73605848874296562,,0,3300,281.0,-1100,-200.0,-810.0,,,2,4,,,,,,,,,,,45458,0,0
322927,73605849477065671,,0,1423,281.0,-1050,-300.0,-660.0,,,2,4,,,,,,,,,,,45461,0,0
322928,73605852042259651,,0,1423,489.0,-850,-70.0,-570.0,121.0,,1,4,274.0,9964.0,,,,,,,,,45459,0,0
322929,73605851980409965,,0,450,489.0,-880,-50.0,-730.0,,,2,4,,,,,,,,,,,45458,0,0
322930,73605852125954737,,0,3102,460.0,-1040,-150.0,-790.0,,,2,4,,,,,,,,,,,45458,0,0
322931,73605852800710722,,0,3300,489.0,-1000,-100.0,-810.0,,,2,4,,,,,,,,,,,45458,0,0
322932,73605852867040920,,0,1423,496.0,-1060,-300.0,-670.0,,,2,4,,,,,,,,,,,45461,0,0
322933,73605853052574330,,0,450,490.0,-990,-160.0,-730.0,,,2,4,,,,,,,,,,,45458,0,0
322934,73605853342970944,,0,3300,281.0,-1090,-170.0,-820.0,,,2,4,,,,,,,,,,,45458,0,0
322935,73605853430287826,,0,1423,274.0,-1040,-240.0,-660.0,,,2,4,,,,,,,,,,,45461,0,0
322936,73605853443298826,,0,1423,274.0,-1040,-240.0,,,,2,4,,,,,,,,,,,45433,0,0
322937,73605853447067716,,0,1423,274.0,-990,-240.0,-650.0,,,2,4,,,,,,,,,,,45461,0,0
322938,73605888829372800,,0,1423,95.0,-990,-220.0,-650.0,,,2,4,,,,,,,,,,,45461,0,0
322939,73605888842405800,,0,1423,460.0,-1010,-270.0,,,,2,4,,,,,,,,,,,45433,0,0
322940,73605888829372800,,0,1423,490.0,-920,-150.0,-620.0,,,2,4,,,,,,,,,,,45461,0,0
322941,73605853460079716,,0,1423,274.0,-990,-240.0,,,,2,4,,,,,,,,,,,45433,0,0
322942,73605888829372800,,0,1423,273.0,-1020,-300.0,-630.0,,,2,4,,,,,,,,,,,45461,0,0
322943,73605848343210591,,0,1423,29.0,-1030,-300.0,-640.0,,,2,4,,,,,,,,,,,45461,0,0
322944,73605848356024591,,0,1423,29.0,-1030,-300.0,,,,2,4,,,,,,,,,,,45433,0,0
322945,73605888155033883,,0,1423,124.0,-1050,-300.0,-660.0,,,2,4,,,,,,,,,,,45461,0,0
322946,73605888155033883,,0,1423,356.0,-950,-240.0,-620.0,,,2,4,,,,,,,,,,,45461,0,0
322947,73605888168048883,,0,1423,406.0,-1010,-280.0,,,,2,4,,,,,,,,,,,45433,0,0
322948,73605888155033883,,0,1423,148.0,-1030,-300.0,-640.0,,,2,4,,,,,,,,,,,45461,0,0
322949,73605888164139672,,0,3300,489.0,-1010,-130.0,-780.0,,,2,4,,,,,,,,,,,45458,0,0
322950,73605888156021800,,0,1423,489.0,-850,-80.0,-560.0,79.0,,1,4,274.0,2047.0,,,,,,,,,45459,0,0
322951,73605888164139672,,0,3300,490.0,-980,-90.0,-780.0,,,2,4,,,,,,,,,,,45458,0,0
322952,73605888164139672,,0,3300,59.0,-1130,-200.0,-810.0,,,2,4,,,,,,,,,,,45458,0,0
322953,73605888164139672,,0,3300,460.0,-1070,-180.0,-790.0,,,2,4,,,,,,,,,,,45458,0,0
322954,73605849810240640,,0,3102,490.0,-1040,-170.0,-780.0,,,2,4,,,,,,,,,,,45458,0,0
322955,73605849810240640,,0,3102,489.0,-970,-90.0,-780.0,,,2,4,,,,,,,,,,,45458,0,0
322956,73605849810240640,,0,3102,95.0,-1040,-150.0,-790.0,,,2,4,,,,,,,,,,,45458,0,0
322957,73605888250413056,,0,1423,,-850,-80.0,-560.0,40.0,0.0,3,4,,,,,,,43211.0,44200.0,,23055629.0,0,0,0
322958,73605852125954737,,0,3102,281.0,-1090,-190.0,-800.0,,,2,4,,,,,,,,,,,45458,0,0
322959,73605852140634967,,0,3102,281.0,-1160,-300.0,-770.0,,,2,4,,,,,,,,,,,45458,0,0
322960,73605852654225013,,0,1423,407.0,-990,-280.0,,,,2,4,,,,,,,,,,,45433,0,0
322961,73605852717087077,,0,450,460.0,-1050,-210.0,-740.0,,,2,4,,,,,,,,,,,45458,0,0
322962,73605853370233107,,0,3300,406.0,-1050,-150.0,-780.0,,,2,4,,,,,,,,,,,45458,0,0
322963,73605854057807652,,0,1423,29.0,-1320,-250.0,-1090.0,,,2,4,,,,,,,,,,,45461,0,0
322964,73605854057807652,,0,1423,796.0,-770,20.0,170.0,,,2,4,,,,,,,,,,,45461,0,0
322965,73605854936977097,,0,1423,489.0,330,280.0,-640.0,,,2,4,,,,,,,,,,,45461,0,0
322966,73605888855411371,,0,3300,95.0,-1190,-300.0,-790.0,,,2,4,,,,,,,,,,,45458,0,0
322967,73605888323530259,,0,1423,407.0,-960,-190.0,-670.0,,,2,4,,,,,,,,,,,45461,0,0
322968,73605888991668829,,0,425,90.0,-1050,-200.0,-730.0,,,2,4,,,,,,,,,,,45458,0,0
322969,73605888819760049,,0,3300,281.0,-1130,-220.0,-790.0,,,2,4,,,,,,,,,,,45458,0,0
322970,73605888970292921,,0,1423,59.0,-1030,-300.0,-640.0,,,2,4,,,,,,,,,,,45461,0,0
322971,73605892280549376,,0,1423,,-850,-80.0,-550.0,100.0,0.0,3,4,,,,,,,43211.0,44200.0,,23055629.0,0,0,0
322972,73605892237938212,,0,1423,406.0,-1040,-300.0,,,,2,4,,,,,,,,,,,45433,0,0
322973,73605892224857212,,0,1423,281.0,-1020,-300.0,-630.0,,,2,4,,,,,,,,,,,45461,0,0
322974,73605892594307658,,0,1423,124.0,-1010,-250.0,-670.0,,,2,4,,,,,,,,,,,45461,0,0
322975,73605892594307658,,0,1423,356.0,-930,-180.0,-650.0,,,2,4,,,,,,,,,,,45461,0,0
322976,73605892785523221,,0,1423,460.0,-1050,-300.0,-660.0,,,2,4,,,,,,,,,,,45461,0,0
322977,73605892785523221,,0,1423,493.0,-1110,-300.0,-720.0,,,2,4,,,,,,,,,,,45461,0,0
322978,73605892798611221,,0,1423,493.0,-1100,-300.0,,,,2,4,,,,,,,,,,,45433,0,0
322979,73605892785523221,,0,1423,490.0,-920,-140.0,-640.0,,,2,4,,,,,,,,,,,45461,0,0
322980,73605892902622244,,0,1423,95.0,-1030,-290.0,,,,2,4,,,,,,,,,,,45433,0,0
322981,73605893349126298,,0,1423,273.0,-1010,-300.0,-620.0,,,2,4,,,,,,,,,,,45461,0,0
322982,73605893422994142,,0,1423,93.0,-1020,-210.0,-650.0,,,2,4,,,,,,,,,,,45461,0,0
322983,73605893498483905,,0,3300,460.0,-1080,-210.0,-780.0,,,2,4,,,,,,,,,,,45458,0,0
322984,73605893498483905,,0,3300,95.0,-1050,-180.0,-780.0,,,2,4,,,,,,,,,,,45458,0,0
322985,73605893498483905,,0,3300,490.0,-990,-110.0,-770.0,,,2,4,,,,,,,,,,,45458,0,0
322986,73605893498483905,,0,3300,489.0,-1010,-140.0,-770.0,,,2,4,,,,,,,,,,,45458,0,0
322987,73605893546718411,,0,3300,281.0,-1140,-230.0,-820.0,,,2,4,,,,,,,,,,,45458,0,0
322988,73605893649480697,,0,1423,489.0,-850,-90.0,-550.0,37.0,,1,4,274.0,1261.0,,,,,,,,,45459,0,0
322989,73605893654778516,,0,450,489.0,-870,-60.0,-720.0,,,2,4,,,,,,,,,,,45458,0,0
322990,73605894236416275,,0,425,90.0,-1090,-170.0,-820.0,,,2,4,,,,,,,,,,,45458,0,0
322991,73605894292952236,,0,1423,407.0,-1040,-300.0,,,,2,4,,,,,,,,,,,45433,0,0
322992,73605894314073431,,0,1423,148.0,-1000,-200.0,-640.0,,,2,4,,,,,,,,,,,45461,0,0
322993,73605896441456989,,0,1423,406.0,-1060,-300.0,-670.0,,,2,4,,,,,,,,,,,45461,0,0
322994,73605896528526047,,0,1423,124.0,-1060,-240.0,,,,2,4,,,,,,,,,,,45433,0,0
322995,73605896528526047,,0,1423,356.0,-980,-220.0,,,,2,4,,,,,,,,,,,45433,0,0
322996,73605896678146048,,0,1423,,-850,-80.0,-570.0,130.0,0.0,3,4,,,,,,,43211.0,44200.0,,23055629.0,0,0,0
322997,73605896726336567,,0,1423,460.0,-1020,-300.0,,,,2,4,,,,,,,,,,,45433,0,0
322998,73605896726336567,,0,1423,490.0,-940,-160.0,,,,2,4,,,,,,,,,,,45433,0,0
322999,73605897102755646,,0,1423,95.0,-1040,-300.0,-650.0,,,2,4,,,,,,,,,,,45461,0,0
323000,73605897306011575,,0,1423,273.0,-1030,-300.0,-640.0,,,2,4,,,,,,,,,,,45461,0,0
323001,73605897354238641,,0,1423,347.0,-1030,-300.0,-640.0,,,2,4,,,,,,,,,,,45461,0,0
323002,73605898226708044,,0,1423,407.0,-1030,-300.0,-640.0,,,2,4,,,,,,,,,,,45461,0,0
323003,73605898250328489,,0,425,90.0,-1120,-180.0,-840.0,,,2,4,,,,,,,,,,,45458,0,0
323004,73605898297895421,,0,1423,496.0,-1020,-300.0,-630.0,,,2,4,,,,,,,,,,,45461,0,0
323005,73605898612413097,,0,1423,148.0,-1060,-300.0,-670.0,,,2,4,,,,,,,,,,,45461,0,0
323006,73605898816822590,,0,1423,489.0,-850,-80.0,-560.0,93.0,,1,4,274.0,1901.0,,,,,,,,,45459,0,0
323007,73605898822119267,,0,450,489.0,-880,-50.0,-730.0,,,2,4,,,,,,,,,,,45458,0,0
323008,73605898900706272,,0,3102,406.0,-1060,-190.0,-780.0,,,2,4,,,,,,,,,,,45458,0,0
323009,73605898915386426,,0,3102,489.0,-970,-110.0,-770.0,,,2,4,,,,,,,,,,,45458,0,0
323010,73605898900706272,,0,3102,460.0,-1060,-190.0,-780.0,,,2,4,,,,,,,,,,,45458,0,0
323011,73605898934261290,,0,3102,490.0,-1030,-160.0,-780.0,,,2,4,,,,,,,,,,,45458,0,0
323012,73605899328640812,,0,1423,323.0,-960,-200.0,-670.0,,,2,4,,,,,,,,,,,45461,0,0
323013,73605900402312558,,0,1423,406.0,-1030,-300.0,,,,2,4,,,,,,,,,,,45433,0,0
323014,73605900774612245,,0,1423,490.0,-940,-160.0,,,,2,4,,,,,,,,,,,45433,0,0
323015,73605900774612245,,0,1423,460.0,-1040,-300.0,,,,2,4,,,,,,,,,,,45433,0,0
323016,73605901063553024,,0,1423,,-850,-70.0,-570.0,130.0,0.0,3,4,,,,,,,43211.0,44200.0,,23055629.0,0,0,0
323017,73605901029589017,,0,1423,356.0,-1000,-270.0,,,,2,4,,,,,,,,,,,45433,0,0
323018,73605901056166792,,0,1423,95.0,-1040,-300.0,-650.0,,,2,4,,,,,,,,,,,45461,0,0
323019,73605901455928054,,0,1423,273.0,-910,-160.0,-660.0,,,2,4,,,,,,,,,,,45461,0,0
323020,73605901878653424,,0,1423,124.0,-1050,-300.0,-660.0,,,2,4,,,,,,,,,,,45461,0,0
323021,73605902018973936,,0,709,,-994,,-994.0,,,2,2,,,,,,,,,,,20580,0,0
323022,73605901986545050,,0,709,,-1030,,-1030.0,,,2,2,,,,,,,,,,,20580,0,0
323023,73605902052128300,,0,709,,-988,,-988.0,,,2,2,,,,,,,,,,,20580,0,0
323024,73605902511608337,,0,3300,489.0,-1010,-120.0,-790.0,,,2,4,,,,,,,,,,,45458,0,0
323025,73605902511608337,,0,3300,490.0,-970,-80.0,-790.0,,,2,4,,,,,,,,,,,45458,0,0
323026,73605902511608337,,0,3300,95.0,-1160,-300.0,-770.0,,,2,4,,,,,,,,,,,45458,0,0
323027,73605902511608337,,0,3300,460.0,-1040,-170.0,-770.0,,,2,4,,,,,,,,,,,45458,0,0
323028,73605902712644068,,0,1423,148.0,-920,-180.0,-650.0,,,2,4,,,,,,,,,,,45461,0,0
323029,73605902742882522,,0,1423,407.0,-970,-200.0,-640.0,,,2,4,,,,,,,,,,,45461,0,0
323030,73605904353487252,,0,1423,406.0,-1030,-300.0,-640.0,,,2,4,,,,,,,,,,,45461,0,0
323031,73605904907020178,,0,1423,490.0,-920,-140.0,-630.0,,,2,4,,,,,,,,,,,45461,0,0
323032,73605904907020178,,0,1423,460.0,-970,-200.0,-670.0,,,2,4,,,,,,,,,,,45461,0,0
323033,73605905265000448,,0,1423,,-850,-80.0,-530.0,140.0,0.0,3,4,,,,,,,43211.0,44200.0,,23055629.0,0,0,0
323034,73605905430525301,,0,1423,356.0,-1050,-300.0,-660.0,,,2,4,,,,,,,,,,,45461,0,0
323035,73605905443792301,,0,1423,95.0,-1030,-300.0,,,,2,4,,,,,,,,,,,45433,0,0
323036,73605905443792301,,0,1423,273.0,-1040,-280.0,,,,2,4,,,,,,,,,,,45433,0,0
323037,73605906165209945,,0,1423,124.0,-1000,-250.0,-660.0,,,2,4,,,,,,,,,,,45461,0,0
323038,73605906279450164,,0,1423,496.0,-1030,-300.0,-640.0,,,2,4,,,,,,,,,,,45461,0,0
323039,73605906574771795,,0,1423,9.0,-940,-180.0,-660.0,,,2,4,,,,,,,,,,,45461,0,0
323040,73605906715709414,,0,1423,323.0,-980,-220.0,-660.0,,,2,4,,,,,,,,,,,45461,0,0
323041,73605906806388843,,0,450,489.0,-880,-50.0,-720.0,,,2,4,,,,,,,,,,,45458,0,0
323042,73605906802718993,,0,1423,489.0,-850,-70.0,-570.0,99.0,,1,4,274.0,1773.0,,,,,,,,,45459,0,0
323043,73605907077142731,,0,3102,460.0,-1050,-180.0,-770.0,,,2,4,,,,,,,,,,,45458,0,0
323044,73605907077142731,,0,3102,489.0,-950,-90.0,-770.0,,,2,4,,,,,,,,,,,45458,0,0
323045,73605907077142731,,0,3102,490.0,-1020,-160.0,-770.0,,,2,4,,,,,,,,,,,45458,0,0
323046,73605907110734519,,0,3102,95.0,-1050,-160.0,-790.0,,,2,4,,,,,,,,,,,45458,0,0
323047,73605907156580258,,0,1423,148.0,-960,-180.0,-640.0,,,2,4,,,,,,,,,,,45461,0,0
323048,73605907156580258,,0,1423,407.0,-1030,-300.0,-640.0,,,2,4,,,,,,,,,,,45461,0,0
323049,73605907198775100,,0,425,90.0,-1090,-210.0,-780.0,,,2,4,,,,,,,,,,,45458,0,0
323050,73605908169126050,,0,1423,466.0,-1140,-300.0,-750.0,,,2,4,,,,,,,,,,,45461,0,0
323051,73605908182444050,,0,1423,466.0,-1140,-300.0,,,,2,4,,,,,,,,,,,45433,0,0
323052,73605908414807215,,0,1423,406.0,-1030,-300.0,-640.0,,,2,4,,,,,,,,,,,45461,0,0
323053,73605908840895892,,0,1423,490.0,-930,-140.0,,,,2,4,,,,,,,,,,,45433,0,0
323054,73605908840895892,,0,1423,460.0,-1060,-290.0,,,,2,4,,,,,,,,,,,45433,0,0
323055,73605909414745190,,0,1423,95.0,-970,-220.0,,,,2,4,,,,,,,,,,,45433,0,0
323056,73605909401407190,,0,1423,273.0,-1010,-190.0,-670.0,,,2,4,,,,,,,,,,,45461,0,0
323057,73605909481848832,,0,1423,,-850,-80.0,-570.0,120.0,0.0,3,4,,,,,,,43211.0,44200.0,,23055629.0,0,0,0
323058,73605909512136025,,0,1423,356.0,-950,-190.0,-660.0,,,2,4,,,,,,,,,,,45461,0,0
323059,73605910369385432,,0,1423,124.0,-1070,-300.0,-680.0,,,2,4,,,,,,,,,,,45461,0,0
323060,73605911114446699,,0,1423,148.0,-1050,-300.0,-660.0,,,2,4,,,,,,,,,,,45461,0,0
323061,73605911726985422,,0,1423,323.0,-980,-300.0,-590.0,,,2,4,,,,,,,,,,,45461,0,0
323062,73605911825791222,,0,1423,496.0,-940,-200.0,-640.0,,,2,4,,,,,,,,,,,45461,0,0
323063,73605912359179651,,0,1423,406.0,-1040,-300.0,,,,2,4,,,,,,,,,,,45433,0,0
323064,73605912778528111,,0,1423,490.0,-930,-150.0,-630.0,,,2,4,,,,,,,,,,,45461,0,0
323065,73605912778528111,,0,1423,460.0,-990,-230.0,-670.0,,,2,4,,,,,,,,,,,45461,0,0
323066,73605913422825012,,0,1423,273.0,-900,-140.0,-670.0,,,2,4,,,,,,,,,,,45461,0,0
323067,73605913422825012,,0,1423,95.0,-1020,-220.0,-650.0,,,2,4,,,,,,,,,,,45461,0,0
323068,73605913584036879,,0,1423,407.0,-1060,-300.0,-670.0,,,2,4,,,,,,,,,,,45461,0,0
323069,73605913584036879,,0,1423,356.0,-950,-200.0,-660.0,,,2,4,,,,,,,,,,,45461,0,0
323070,73605913800015872,,0,1423,,-850,-80.0,-570.0,100.0,0.0,3,4,,,,,,,43211.0,44200.0,,23055629.0,0,0,0
323071,73605914302097240,,0,1423,124.0,-900,-190.0,,,,2,4,,,,,,,,,,,45433,0,0
323072,73605914603970843,,0,1423,489.0,-850,-110.0,-530.0,127.0,,1,4,274.0,9484.0,,,,,,,,,45459,0,0
323073,73605914649846357,,0,3300,460.0,-1080,-160.0,-820.0,,,2,4,,,,,,,,,,,45458,0,0
323074,73605914649846357,,0,3300,95.0,-1060,-140.0,-820.0,,,2,4,,,,,,,,,,,45458,0,0
323075,73605914616290636,,0,3300,490.0,-970,-70.0,-810.0,,,2,4,,,,,,,,,,,45458,0,0
323076,73605914695982867,,0,3300,489.0,-1000,-120.0,-790.0,,,2,4,,,,,,,,,,,45458,0,0
323077,73605916450625375,,0,1423,406.0,-1040,-300.0,-650.0,,,2,4,,,,,,,,,,,45461,0,0
323078,73605916793186671,,0,1423,460.0,-1060,-300.0,-670.0,,,2,4,,,,,,,,,,,45461,0,0
323079,73605916793186671,,0,1423,490.0,-930,-140.0,-640.0,,,2,4,,,,,,,,,,,45461,0,0
323080,73605916793186671,,0,1423,182.0,-930,-190.0,-650.0,,,2,4,,,,,,,,,,,45461,0,0
323081,73605916846844016,,0,1423,59.0,-1120,-240.0,,,,2,4,,,,,,,,,,,45433,0,0
323082,73605917427254770,,0,1423,273.0,-980,-300.0,-590.0,,,2,4,,,,,,,,,,,45461,0,0
323083,73605917571682090,,0,1423,95.0,-1030,-300.0,,,,2,4,,,,,,,,,,,45433,0,0
323084,73605917588364001,,0,1423,356.0,-970,-200.0,,,,2,4,,,,,,,,,,,45433,0,0
323085,73605917985865728,,0,1423,,-850,-80.0,-550.0,100.0,0.0,3,4,,,,,,,43211.0,44200.0,,23055629.0,0,0,0
323086,73605918152134020,,0,1423,93.0,-910,-150.0,-660.0,,,2,4,,,,,,,,,,,45461,0,0
323087,73605918279574607,,0,1423,407.0,-1060,-300.0,-670.0,,,2,4,,,,,,,,,,,45461,0,0
323088,73605918417726670,,0,1423,124.0,-1070,-300.0,-680.0,,,2,4,,,,,,,,,,,45461,0,0
323089,73605918969215841,,0,1423,496.0,-1000,-300.0,-610.0,,,2,4,,,,,,,,,,,45461,0,0
323090,73605919016451855,,0,1423,489.0,-850,-120.0,-530.0,130.0,,1,4,274.0,1517.0,,,,,,,,,45459,0,0
323091,73605919021750109,,0,450,489.0,-880,-60.0,-720.0,,,2,4,,,,,,,,,,,45458,0,0
323092,73605919212964521,,0,3102,489.0,-970,-120.0,-760.0,,,2,4,,,,,,,,,,,45458,0,0
323093,73605919227645660,,0,3102,490.0,-1030,-170.0,-760.0,,,2,4,,,,,,,,,,,45458,0,0
323094,73605919212964521,,0,3102,460.0,-1040,-180.0,-750.0,,,2,4,,,,,,,,,,,45458,0,0
323095,73605919680785425,,0,1423,148.0,-1000,-190.0,-680.0,,,2,4,,,,,,,,,,,45461,0,0
323096,73605920039220737,,0,425,90.0,-1130,-190.0,-850.0,,,2,4,,,,,,,,,,,45458,0,0
323097,73605920385575475,,0,1423,406.0,-1030,-300.0,,,,2,4,,,,,,,,,,,45433,0,0
323098,73605921006232356,,0,1423,490.0,-920,-140.0,-630.0,,,2,4,,,,,,,,,,,45461,0,0
323099,73605921019753356,,0,1423,460.0,-1060,-290.0,,,,2,4,,,,,,,,,,,45433,0,0
323100,73605921515156542,,0,1423,95.0,-960,-300.0,-570.0,,,2,4,,,,,,,,,,,45461,0,0
323101,73605921528683542,,0,1423,356.0,-970,-250.0,,,,2,4,,,,,,,,,,,45433,0,0
323102,73605922171191296,,0,1423,,-850,-80.0,-570.0,140.0,0.0,3,4,,,,,,,43211.0,44200.0,,23055629.0,0,0,0
323103,73605922372023430,,0,1423,273.0,-910,-160.0,-660.0,,,2,4,,,,,,,,,,,45458,0,0
323104,73605922441728705,,0,1423,124.0,-950,-190.0,-640.0,,,2,4,,,,,,,,,,,45461,0,0
323105,73605922442450101,,0,3102,95.0,-1160,-300.0,-770.0,,,2,4,,,,,,,,,,,45458,0,0
323106,73605922442450101,,0,3102,281.0,-1040,-160.0,-790.0,,,2,4,,,,,,,,,,,45458,0,0
323107,73605922812663825,,0,1423,407.0,-1030,-300.0,-640.0,,,2,4,,,,,,,,,,,45461,0,0
323108,73605922928730168,,0,1423,482.0,-1060,-300.0,-670.0,,,2,4,,,,,,,,,,,45461,0,0
323109,73605922928730168,,0,1423,289.0,-1070,-300.0,-680.0,,,2,4,,,,,,,,,,,45461,0,0
323110,73605922942282168,,0,1423,289.0,-1050,-240.0,,,,2,4,,,,,,,,,,,45433,0,0
323111,73605922945507398,,0,1423,289.0,-970,-200.0,-680.0,,,2,4,,,,,,,,,,,45461,0,0
323112,73605922959060398,,0,1423,289.0,-980,-220.0,,,,2,4,,,,,,,,,,,45433,0,0
323113,73605922962284324,,0,1423,289.0,-1030,-210.0,-670.0,,,2,4,,,,,,,,,,,45461,0,0
323114,73605922975838324,,0,1423,289.0,-1020,-220.0,,,,2,4,,,,,,,,,,,45433,0,0
323115,73605922979100845,,0,1423,289.0,-980,-210.0,-670.0,,,2,4,,,,,,,,,,,45461,0,0
323116,73605922992655845,,0,1423,289.0,-990,-210.0,,,,2,4,,,,,,,,,,,45433,0,0
323117,73605924334490223,,0,1423,406.0,-960,-220.0,-640.0,,,2,4,,,,,,,,,,,45461,0,0
323118,73605924334490223,,0,1423,148.0,-960,-220.0,-640.0,,,2,4,,,,,,,,,,,45461,0,0
323119,73605924947441728,,0,1423,490.0,-930,-150.0,,,,2,4,,,,,,,,,,,45433,0,0
323120,73605925019096730,,0,1423,496.0,-960,-190.0,-670.0,,,2,4,,,,,,,,,,,45461,0,0
323121,73605925019096730,,0,1423,460.0,-1060,-300.0,-670.0,,,2,4,,,,,,,,,,,45461,0,0
323122,73605925502230742,,0,1423,356.0,-1050,-300.0,-660.0,,,2,4,,,,,,,,,,,45461,0,0
323123,73605925502230742,,0,1423,95.0,-990,-300.0,-600.0,,,2,4,,,,,,,,,,,45461,0,0
323124,73605925798026464,,0,450,489.0,-880,-40.0,-740.0,,,2,4,,,,,,,,,,,45458,0,0
323125,73605925794395174,,0,1423,489.0,-850,-70.0,-570.0,97.0,,1,4,274.0,1133.0,,,,,,,,,45459,0,0
323126,73605926048204543,,0,3102,460.0,-1070,-200.0,-780.0,,,2,4,,,,,,,,,,,45458,0,0
323127,73605926048204543,,0,3102,489.0,-960,-90.0,-780.0,,,2,4,,,,,,,,,,,45458,0,0
323128,73605926087644654,,0,1423,323.0,-1060,-300.0,-670.0,,,2,4,,,,,,,,,,,45461,0,0
323129,73605926391578624,,0,1423,,-850,-80.0,-550.0,40.0,0.0,3,4,,,,,,,43211.0,44200.0,,23055629.0,0,0,0
323130,73605926405677837,,0,1423,124.0,-1030,-260.0,-680.0,,,2,4,,,,,,,,,,,45461,0,0
323131,73605927454457812,,0,1423,273.0,-1010,-300.0,-620.0,,,2,4,,,,,,,,,,,45461,0,0
323132,73605928526360945,,0,1423,406.0,-1030,-300.0,-640.0,,,2,4,,,,,,,,,,,45461,0,0
323133,73605928682919380,,0,1423,407.0,-1040,-300.0,-650.0,,,2,4,,,,,,,,,,,45461,0,0
323134,73605928955784670,,0,1423,460.0,-1030,-300.0,-640.0,,,2,4,,,,,,,,,,,45461,0,0
323135,73605928955784670,,0,1423,490.0,-910,-130.0,-620.0,,,2,4,,,,,,,,,,,45461,0,0
323136,73605929135411352,,0,1423,148.0,-980,-300.0,-590.0,,,2,4,,,,,,,,,,,45461,0,0
323137,73605929135411352,,0,1423,281.0,-1050,-300.0,-650.0,,,2,4,,,,,,,,,,,45461,0,0
323138,73605929445898930,,0,1423,356.0,-980,-260.0,,,,2,4,,,,,,,,,,,45433,0,0
323139,73605929445898930,,0,1423,95.0,-1010,-240.0,,,,2,4,,,,,,,,,,,45433,0,0
323140,73605929753819321,,0,1423,489.0,-850,-70.0,-580.0,153.0,,1,4,274.0,9708.0,,,,,,,,,45459,0,0
323141,73605929943174118,,0,3300,95.0,-1130,-220.0,-790.0,,,2,4,,,,,,,,,,,45458,0,0
323142,73605929943174118,,0,3300,460.0,-1170,-300.0,-780.0,,,2,4,,,,,,,,,,,45458,0,0
323143,73605929943174118,,0,3300,490.0,-970,-80.0,-790.0,,,2,4,,,,,,,,,,,45458,0,0
323144,73605929943174118,,0,3300,489.0,-1000,-120.0,-790.0,,,2,4,,,,,,,,,,,45458,0,0
323145,73605929970973164,,0,1423,354.0,-1060,-300.0,-670.0,,,2,4,,,,,,,,,,,45461,0,0
323146,73605930058487201,,0,1423,482.0,-1010,-210.0,,,,2,4,,,,,,,,,,,45433,0,0
323147,73605930075265240,,0,1423,323.0,-970,-250.0,,,,2,4,,,,,,,,,,,45433,0,0
323148,73605930028059669,,0,1423,309.0,-990,-190.0,-650.0,,,2,4,,,,,,,,,,,45461,0,0
323149,73605930041708669,,0,1423,309.0,-990,-190.0,,,,2,4,,,,,,,,,,,45433,0,0
323150,73605930044837201,,0,1423,309.0,-910,-160.0,-660.0,,,2,4,,,,,,,,,,,45461,0,0
323151,73605930058487201,,0,1423,309.0,-920,-180.0,,,,2,4,,,,,,,,,,,45433,0,0
323152,73605930061614240,,0,1423,309.0,-1010,-210.0,-650.0,,,2,4,,,,,,,,,,,45461,0,0
323153,73605930075265240,,0,1423,309.0,-990,-190.0,,,,2,4,,,,,,,,,,,45433,0,0
323154,73605930078391366,,0,1423,309.0,-1050,-300.0,-660.0,,,2,4,,,,,,,,,,,45461,0,0
323155,73605930092043366,,0,1423,309.0,-1040,-220.0,,,,2,4,,,,,,,,,,,45433,0,0
323156,73605930338788640,,0,1423,124.0,-1060,-290.0,,,,2,4,,,,,,,,,,,45433,0,0
323157,73605930684776448,,0,1423,,-850,-80.0,-570.0,110.0,0.0,3,4,,,,,,,43211.0,44200.0,,23055629.0,0,0,0
323158,73605931155634341,,0,1423,347.0,-1020,-300.0,-630.0,,,2,4,,,,,,,,,,,45461,0,0
323159,73605932264552912,,0,1423,273.0,-1060,-300.0,-670.0,,,2,4,,,,,,,,,,,45461,0,0
323160,73605932669211987,,0,1423,406.0,-1030,-300.0,-640.0,,,2,4,,,,,,,,,,,45461,0,0
323161,73605932714240179,,0,1423,407.0,-1030,-300.0,-640.0,,,2,4,,,,,,,,,,,45461,0,0
323162,73605932959076058,,0,1423,460.0,-990,-190.0,-650.0,,,2,4,,,,,,,,,,,45461,0,0
323163,73605932972764058,,0,1423,490.0,-930,-150.0,,,,2,4,,,,,,,,,,,45433,0,0
323164,73605932972764058,,0,1423,59.0,-1070,-260.0,,,,2,4,,,,,,,,,,,45433,0,0
323165,73605933016286276,,0,1423,449.0,-990,-230.0,-670.0,,,2,4,,,,,,,,,,,45461,0,0
323166,73605933029975276,,0,1423,449.0,-1000,-280.0,,,,2,4,,,,,,,,,,,45433,0,0
323167,73605933516169381,,0,1423,148.0,-1050,-230.0,-670.0,,,2,4,,,,,,,,,,,45461,0,0
323168,73605933516169381,,0,1423,356.0,-1060,-300.0,-670.0,,,2,4,,,,,,,,,,,45461,0,0
323169,73605933516169381,,0,1423,95.0,-1040,-300.0,-650.0,,,2,4,,,,,,,,,,,45461,0,0
323170,73605933663756559,,0,1423,417.0,-1050,-300.0,-660.0,,,2,4,,,,,,,,,,,45461,0,0
323171,73605933677456559,,0,1423,417.0,-1050,-300.0,,,,2,4,,,,,,,,,,,45433,0,0
323172,73605933680533685,,0,1423,417.0,-1050,-300.0,-660.0,,,2,4,,,,,,,,,,,45461,0,0
323173,73605933694234685,,0,1423,417.0,-1050,-300.0,,,,2,4,,,,,,,,,,,45433,0,0
323174,73605933697312122,,0,1423,417.0,-1040,-300.0,-650.0,,,2,4,,,,,,,,,,,45461,0,0
323175,73605933711014122,,0,1423,417.0,-1040,-300.0,,,,2,4,,,,,,,,,,,45433,0,0
323176,73605933714141820,,0,1423,417.0,-1050,-300.0,-660.0,,,2,4,,,,,,,,,,,45461,0,0
323177,73605933727844820,,0,1423,417.0,-1050,-300.0,,,,2,4,,,,,,,,,,,45433,0,0
323178,73605933726171210,,0,1423,417.0,-1040,-300.0,-650.0,,,2,4,,,,,,,,,,,45461,0,0
323179,73605933739875210,,0,1423,417.0,-1050,-300.0,,,,2,4,,,,,,,,,,,45433,0,0
323180,73605934234121512,,0,1423,281.0,-990,-230.0,-660.0,,,2,4,,,,,,,,,,,45461,0,0
323181,73605934317175932,,0,1423,489.0,-850,-80.0,-570.0,67.0,,1,4,274.0,2029.0,,,,,,,,,45459,0,0
323182,73605934320884718,,0,450,490.0,-990,-170.0,-730.0,,,2,4,,,,,,,,,,,45458,0,0
323183,73605934320884718,,0,450,489.0,-880,-50.0,-730.0,,,2,4,,,,,,,,,,,45458,0,0
323184,73605934559433739,,0,3102,489.0,-970,-100.0,-780.0,,,2,4,,,,,,,,,,,45458,0,0
323185,73605934559433739,,0,3102,460.0,-1030,-160.0,-780.0,,,2,4,,,,,,,,,,,45458,0,0
323186,73605934607723271,,0,3102,95.0,-1060,-180.0,-790.0,,,2,4,,,,,,,,,,,45458,0,0
323187,73605934598818292,,0,1423,124.0,-1070,-300.0,-670.0,,,2,4,,,,,,,,,,,45461,0,0
323188,73605934607723271,,0,3102,490.0,-1060,-150.0,-780.0,,,2,4,,,,,,,,,,,45458,0,0
323189,73605934607723271,,0,3102,406.0,-1180,-300.0,-790.0,,,2,4,,,,,,,,,,,45458,0,0
323190,73605934638925597,,0,1423,123.0,-1060,-300.0,-670.0,,,2,4,,,,,,,,,,,45461,0,0
323191,73605934652651597,,0,1423,123.0,-1060,-300.0,,,,2,4,,,,,,,,,,,45433,0,0
323192,73605934638925597,,0,1423,323.0,-1030,-210.0,-670.0,,,2,4,,,,,,,,,,,45461,0,0
323193,73605934657332905,,0,1423,123.0,-1010,-300.0,-620.0,,,2,4,,,,,,,,,,,45461,0,0
323194,73605934676873915,,0,425,90.0,-1220,-300.0,-830.0,,,2,4,,,,,,,,,,,45458,0,0
323195,73605934671059905,,0,1423,123.0,-1020,-300.0,,,,2,4,,,,,,,,,,,45433,0,0
323196,73605934811381760,,0,1423,,-850,-80.0,-570.0,90.0,0.0,3,4,,,,,,,43211.0,44200.0,,23055629.0,0,0,0
323197,73605934877368431,,0,1423,182.0,-1000,-270.0,,,,2,4,,,,,,,,,,,45433,0,0
323198,73605936389627372,,0,1423,273.0,-1040,-300.0,-650.0,,,2,4,,,,,,,,,,,45461,0,0
323199,73605936527929564,,0,1423,14.0,-1040,-300.0,-650.0,,,2,4,,,,,,,,,,,45461,0,0
323200,73605936541675564,,0,1423,14.0,-1040,-300.0,,,,2,4,,,,,,,,,,,45433,0,0
323201,73605937028162400,,0,1423,490.0,-910,-150.0,,,,2,4,,,,,,,,,,,45433,0,0
323202,73605937014410400,,0,1423,460.0,-960,-160.0,-640.0,,,2,4,,,,,,,,,,,45461,0,0
323203,73605937031351778,,0,1423,406.0,-1020,-220.0,-640.0,,,2,4,,,,,,,,,,,45461,0,0
323204,73605937484335869,,0,1423,95.0,-1040,-300.0,-650.0,,,2,4,,,,,,,,,,,45461,0,0
323205,73605937498093869,,0,1423,356.0,-1060,-300.0,,,,2,4,,,,,,,,,,,45433,0,0
323206,73605938276605969,,0,1423,489.0,-850,-70.0,-570.0,128.0,,1,4,274.0,9580.0,,,,,,,,,45459,0,0
323207,73605938360500735,,0,3300,490.0,-980,-80.0,-800.0,,,2,4,,,,,,,,,,,45458,0,0
323208,73605938324849476,,0,3300,489.0,-1000,-100.0,-800.0,,,2,4,,,,,,,,,,,45458,0,0
323209,73605938310169693,,0,3300,95.0,-1060,-150.0,-810.0,,,2,4,,,,,,,,,,,45458,0,0
323210,73605938388245878,,0,1423,407.0,-950,-220.0,,,,2,4,,,,,,,,,,,45433,0,0
323211,73605938310169693,,0,3300,460.0,-1090,-180.0,-810.0,,,2,4,,,,,,,,,,,45458,0,0
323212,73605938562624337,,0,1423,148.0,-1070,-300.0,,,,2,4,,,,,,,,,,,45433,0,0
323213,73605938716706202,,0,1423,281.0,-1020,-260.0,-670.0,,,2,4,,,,,,,,,,,45461,0,0
323214,73605939085705216,,0,1423,,-850,-80.0,-550.0,140.0,0.0,3,4,,,,,,,43211.0,44200.0,,23055629.0,0,0,0
323215,73605939928503018,,0,1423,124.0,-1070,-300.0,-680.0,,,2,4,,,,,,,,,,,45461,0,0
323216,73605940324184950,,0,1423,273.0,-1050,-300.0,,,,2,4,,,,,,,,,,,45433,0,0
323217,73605940998284156,,0,1423,490.0,-930,-130.0,-640.0,,,2,4,,,,,,,,,,,45461,0,0
323218,73605940998284156,,0,1423,460.0,-930,-190.0,-640.0,,,2,4,,,,,,,,,,,45461,0,0
323219,73605941010568684,,0,1423,406.0,-1020,-300.0,-630.0,,,2,4,,,,,,,,,,,45461,0,0
323220,73605941531853522,,0,1423,95.0,-1060,-300.0,-670.0,,,2,4,,,,,,,,,,,45461,0,0
323221,73605941770030290,,0,1423,356.0,-1040,-220.0,-670.0,,,2,4,,,,,,,,,,,45461,0,0
323222,73605942508067734,,0,450,489.0,-880,-40.0,-740.0,,,2,4,,,,,,,,,,,45458,0,0
323223,73605942504397845,,0,1423,489.0,-850,-80.0,-560.0,84.0,,1,4,274.0,1261.0,,,,,,,,,45459,0,0
323224,73605942572232387,,0,3102,460.0,-1040,-160.0,-780.0,,,2,4,,,,,,,,,,,45458,0,0
323225,73605942572232387,,0,3102,490.0,-1040,-150.0,-790.0,,,2,4,,,,,,,,,,,45458,0,0
323226,73605942572232387,,0,3102,59.0,-1100,-190.0,-820.0,,,2,4,,,,,,,,,,,45458,0,0
323227,73605942572232387,,0,3102,95.0,-1070,-180.0,-790.0,,,2,4,,,,,,,,,,,45458,0,0
323228,73605942572232387,,0,3102,489.0,-970,-90.0,-790.0,,,2,4,,,,,,,,,,,45458,0,0
323229,73605942781767967,,0,1423,93.0,-1040,-300.0,,,,2,4,,,,,,,,,,,45433,0,0
323230,73605942776801283,,0,3300,95.0,-1090,-180.0,-810.0,,,2,4,,,,,,,,,,,45458,0,0
323231,73605942776801283,,0,3300,460.0,-1100,-180.0,-820.0,,,2,4,,,,,,,,,,,45458,0,0
323232,73605942776801283,,0,3300,490.0,-970,-80.0,-800.0,,,2,4,,,,,,,,,,,45458,0,0
323233,73605942776801283,,0,3300,489.0,-1000,-90.0,-800.0,,,2,4,,,,,,,,,,,45458,0,0
323234,73605942814783046,,0,1423,407.0,-1060,-300.0,-670.0,,,2,4,,,,,,,,,,,45461,0,0
323235,73605942814783046,,0,1423,148.0,-1070,-300.0,-680.0,,,2,4,,,,,,,,,,,45461,0,0
323236,73605942839107499,,0,1423,323.0,-910,-220.0,-600.0,,,2,4,,,,,,,,,,,45461,0,0
323237,73605943225679872,,0,1423,,-850,-90.0,-530.0,110.0,0.0,3,4,,,,,,,43211.0,44200.0,,23055629.0,0,0,0
323238,73605944341504902,,0,1423,124.0,-1060,-300.0,-670.0,,,2,4,,,,,,,,,,,45461,0,0
323239,73605944563578274,,0,1423,273.0,-1030,-300.0,-640.0,,,2,4,,,,,,,,,,,45461,0,0
323240,73605945403797888,,0,1423,490.0,-910,-130.0,-630.0,,,2,4,,,,,,,,,,,45461,0,0
323241,73605945403797888,,0,1423,406.0,-1060,-300.0,-670.0,,,2,4,,,,,,,,,,,45461,0,0
323242,73605945403797888,,0,1423,460.0,-1060,-300.0,-670.0,,,2,4,,,,,,,,,,,45461,0,0
323243,73605945558201351,,0,1423,59.0,-1050,-220.0,-730.0,,,2,4,,,,,,,,,,,45461,0,0
323244,73605945558201351,,0,1423,95.0,-1030,-300.0,-640.0,,,2,4,,,,,,,,,,,45461,0,0
323245,73605945655508944,,0,1423,496.0,-920,-220.0,-610.0,,,2,4,,,,,,,,,,,45461,0,0
323246,73605945702940950,,0,1423,356.0,-1050,-300.0,,,,2,4,,,,,,,,,,,45433,0,0
323247,73605945841306201,,0,3300,281.0,-1120,-200.0,-820.0,,,2,4,,,,,,,,,,,45458,0,0
323248,73605946064861377,,0,450,490.0,-970,-140.0,-730.0,,,2,4,,,,,,,,,,,45458,0,0
323249,73605946239729704,,0,1423,281.0,-1050,-300.0,,,,2,4,,,,,,,,,,,45433,0,0
323250,73605946740605361,,0,3102,489.0,-960,-100.0,-770.0,,,2,4,,,,,,,,,,,45458,0,0
323251,73605946755286238,,0,3102,460.0,-1050,-180.0,-760.0,,,2,4,,,,,,,,,,,45458,0,0
323252,73605946774214747,,0,3102,490.0,-1050,-130.0,-780.0,,,2,4,,,,,,,,,,,45458,0,0
323253,73605946774214747,,0,3102,95.0,-1090,-210.0,-790.0,,,2,4,,,,,,,,,,,45458,0,0
323254,73605946793089193,,0,3102,406.0,-1050,-180.0,-780.0,,,2,4,,,,,,,,,,,45458,0,0
323255,73605946727926764,,0,1423,489.0,-850,-70.0,-570.0,125.0,,1,4,274.0,9316.0,,,,,,,,,45459,0,0
323256,73605947294249184,,0,425,90.0,-1230,-300.0,-840.0,,,2,4,,,,,,,,,,,45458,0,0
323257,73605947500396544,,0,1423,,-850,-80.0,-570.0,120.0,0.0,3,4,,,,,,,43211.0,44200.0,,23055629.0,0,0,0
323258,73605948286263571,,0,1423,407.0,-1040,-230.0,-670.0,,,2,4,,,,,,,,,,,45461,0,0
323259,73605948541268905,,0,1423,273.0,-1060,-300.0,-670.0,,,2,4,,,,,,,,,,,45461,0,0
323260,73605948558107301,,0,1423,124.0,-1060,-300.0,-670.0,,,2,4,,,,,,,,,,,45461,0,0
323261,73605948964049288,,0,1423,285.0,-930,-170.0,-670.0,,,2,4,,,,,,,,,,,45461,0,0
323262,73605949347038136,,0,1423,490.0,-930,-140.0,,,,2,4,,,,,,,,,,,45433,0,0
323263,73605949347038136,,0,1423,460.0,-1050,-260.0,,,,2,4,,,,,,,,,,,45433,0,0
323264,73605949487548587,,0,1423,406.0,-1060,-300.0,-670.0,,,2,4,,,,,,,,,,,45461,0,0
323265,73605949501498587,,0,1423,95.0,-1040,-290.0,,,,2,4,,,,,,,,,,,45433,0,0
323266,73605949688820786,,0,1423,356.0,-1060,-300.0,-670.0,,,2,4,,,,,,,,,,,45461,0,0
323267,73605950333220766,,0,1423,148.0,-1060,-300.0,-670.0,,,2,4,,,,,,,,,,,45461,0,0
323268,73605950433883505,,0,1423,496.0,-1060,-300.0,-670.0,,,2,4,,,,,,,,,,,45461,0,0
323269,73605951027162018,,0,1423,489.0,-850,-80.0,-570.0,101.0,,1,4,274.0,1133.0,,,,,,,,,45459,0,0
323270,73605951032460614,,0,450,489.0,-880,-60.0,-720.0,,,2,4,,,,,,,,,,,45458,0,0
323271,73605951303664442,,0,3102,489.0,-970,-90.0,-780.0,,,2,4,,,,,,,,,,,45458,0,0
323272,73605951387496643,,0,3102,460.0,-1070,-180.0,-790.0,,,2,4,,,,,,,,,,,45458,0,0
323273,73605951387496643,,0,3102,490.0,-1060,-170.0,-790.0,,,2,4,,,,,,,,,,,45458,0,0
323274,73605951427983633,,0,1423,281.0,-990,-230.0,-670.0,,,2,4,,,,,,,,,,,45461,0,0
323275,73605951303664442,,0,3102,95.0,-1040,-160.0,-790.0,,,2,4,,,,,,,,,,,45458,0,0
323276,73605951773474816,,0,1423,,-850,-80.0,-570.0,130.0,0.0,3,4,,,,,,,43211.0,44200.0,,23055629.0,0,0,0
323277,73605952541867207,,0,1423,407.0,-1060,-300.0,-670.0,,,2,4,,,,,,,,,,,45461,0,0
323278,73605952541867207,,0,1423,273.0,-1040,-300.0,-650.0,,,2,4,,,,,,,,,,,45461,0,0
323279,73605952620943799,,0,1423,124.0,-1060,-300.0,-670.0,,,2,4,,,,,,,,,,,45461,0,0
323280,73605953280679392,,0,1423,460.0,-1000,-260.0,,,,2,4,,,,,,,,,,,45433,0,0
323281,73605953280679392,,0,1423,490.0,-920,-150.0,,,,2,4,,,,,,,,,,,45433,0,0
323282,73605953537134664,,0,1423,95.0,-1040,-300.0,-650.0,,,2,4,,,,,,,,,,,45461,0,0
323283,73605953537134664,,0,1423,406.0,-1040,-300.0,-650.0,,,2,4,,,,,,,,,,,45461,0,0
323284,73605953886306725,,0,1423,110.0,-1040,-300.0,-650.0,,,2,4,,,,,,,,,,,45461,0,0
323285,73605953886306725,,0,1423,323.0,-1060,-300.0,-670.0,,,2,4,,,,,,,,,,,45461,0,0
323286,73605953900337725,,0,1423,356.0,-1050,-290.0,,,,2,4,,,,,,,,,,,45433,0,0
323287,73605953900337725,,0,1423,110.0,-1040,-300.0,,,,2,4,,,,,,,,,,,45433,0,0
323288,73605954280040787,,0,1423,148.0,-1000,-300.0,-610.0,,,2,4,,,,,,,,,,,45461,0,0
323289,73605955219598081,,0,1423,59.0,-1040,-240.0,-650.0,,,2,4,,,,,,,,,,,45461,0,0
323290,73605955590713906,,0,1423,489.0,-850,-80.0,-560.0,149.0,,1,4,274.0,9836.0,,,,,,,,,45459,0,0
323291,73605955705137007,,0,3300,490.0,-970,-70.0,-800.0,,,2,4,,,,,,,,,,,45458,0,0
323292,73605955705137007,,0,3300,489.0,-1010,-100.0,-800.0,,,2,4,,,,,,,,,,,45458,0,0
323293,73605955705137007,,0,3300,95.0,-1040,-170.0,-770.0,,,2,4,,,,,,,,,,,45458,0,0
323294,73605955705137007,,0,3300,460.0,-1080,-200.0,-790.0,,,2,4,,,,,,,,,,,45458,0,0
323295,73605955928064000,,0,1423,,-850,-80.0,-570.0,120.0,0.0,3,4,,,,,,,43211.0,44200.0,,23055629.0,0,0,0
323296,73605956009696462,,0,1423,93.0,-910,-150.0,-660.0,,,2,4,,,,,,,,,,,45461,0,0
323297,73605956043307455,,0,1423,141.0,-1070,-300.0,-680.0,,,2,4,,,,,,,,,,,45461,0,0
323298,73605956057383455,,0,1423,141.0,-1070,-300.0,,,,2,4,,,,,,,,,,,45433,0,0
323299,73605956060084350,,0,1423,141.0,-1070,-300.0,-680.0,,,2,4,,,,,,,,,,,45461,0,0
323300,73605956074161350,,0,1423,141.0,-1070,-300.0,,,,2,4,,,,,,,,,,,45433,0,0
323301,73605956087340102,,0,3102,489.0,-980,-90.0,-790.0,,,2,4,,,,,,,,,,,45458,0,0
323302,73605956087340102,,0,3102,490.0,-1030,-140.0,-790.0,,,2,4,,,,,,,,,,,45458,0,0
323303,73605956087340102,,0,3102,460.0,-1040,-150.0,-800.0,,,2,4,,,,,,,,,,,45458,0,0
323304,73605956317921217,,0,1423,354.0,-1060,-300.0,-670.0,,,2,4,,,,,,,,,,,45461,0,0
323305,73605956537128492,,0,1423,407.0,-1060,-300.0,-670.0,,,2,4,,,,,,,,,,,45461,0,0
323306,73605956537128492,,0,1423,273.0,-920,-190.0,-630.0,,,2,4,,,,,,,,,,,45461,0,0
323307,73605956699921939,,0,1423,124.0,-1060,-300.0,-670.0,,,2,4,,,,,,,,,,,45461,0,0
323308,73605957328964760,,0,1423,460.0,-910,-170.0,-640.0,,,2,4,,,,,,,,,,,45461,0,0
323309,73605957328964760,,0,1423,490.0,-950,-180.0,-620.0,,,2,4,,,,,,,,,,,45461,0,0
323310,73605957543698695,,0,1423,406.0,-1010,-300.0,-620.0,,,2,4,,,,,,,,,,,45461,0,0
323311,73605957543698695,,0,1423,95.0,-910,-180.0,-600.0,,,2,4,,,,,,,,,,,45461,0,0
323312,73605958251750526,,0,1423,148.0,-960,-220.0,-640.0,,,2,4,,,,,,,,,,,45461,0,0
323313,73605958408155255,,0,1423,356.0,-980,-220.0,-610.0,,,2,4,,,,,,,,,,,45461,0,0
323314,73605959244909528,,0,1423,59.0,-970,-170.0,-710.0,,,2,4,,,,,,,,,,,45461,0,0
323315,73605959764944258,,0,1423,281.0,-1020,-270.0,-660.0,,,2,4,,,,,,,,,,,45461,0,0
323316,73605960103297024,,0,1423,,-850,-90.0,-510.0,100.0,0.0,3,4,,,,,,,43211.0,44200.0,,23055629.0,0,0,0
323317,73605960422337113,,0,1423,489.0,-850,-70.0,-560.0,119.0,,1,4,274.0,1645.0,,,,,,,,,45459,0,0
323318,73605960426007053,,0,450,489.0,-880,-40.0,-750.0,,,2,4,,,,,,,,,,,45458,0,0
323319,73605960489591338,,0,1423,273.0,-930,-170.0,-660.0,,,2,4,,,,,,,,,,,45458,0,0
323320,73605960817012532,,0,3300,489.0,-1000,-120.0,-790.0,,,2,4,,,,,,,,,,,45458,0,0
323321,73605960840612500,,0,1423,124.0,-1070,-250.0,-680.0,,,2,4,,,,,,,,,,,45461,0,0
323322,73605960777113773,,0,3300,460.0,-1090,-190.0,-780.0,,,2,4,,,,,,,,,,,45458,0,0
323323,73605960777113773,,0,3300,490.0,-980,-90.0,-790.0,,,2,4,,,,,,,,,,,45458,0,0
323324,73605960852662643,,0,3300,59.0,-1220,-300.0,-830.0,,,2,4,,,,,,,,,,,45458,0,0
323325,73605960863149642,,0,3300,281.0,-1140,-210.0,-830.0,,,2,4,,,,,,,,,,,45458,0,0
323326,73605960863149642,,0,3300,95.0,-1100,-180.0,-810.0,,,2,4,,,,,,,,,,,45458,0,0
323327,73605961192935150,,0,1423,407.0,-1050,-230.0,-670.0,,,2,4,,,,,,,,,,,45461,0,0
323328,73605961578805945,,0,1423,490.0,-900,-160.0,-580.0,,,2,4,,,,,,,,,,,45461,0,0
323329,73605961578805945,,0,1423,406.0,-990,-300.0,-600.0,,,2,4,,,,,,,,,,,45461,0,0
323330,73605961578805945,,0,1423,95.0,-1030,-220.0,-660.0,,,2,4,,,,,,,,,,,45461,0,0
323331,73605961578805945,,0,1423,460.0,-1070,-300.0,-680.0,,,2,4,,,,,,,,,,,45461,0,0
323332,73605962223061499,,0,1423,148.0,-950,-220.0,-640.0,,,2,4,,,,,,,,,,,45461,0,0
323333,73605962733783911,,0,1423,14.0,-1040,-300.0,,,,2,4,,,,,,,,,,,45433,0,0
323334,73605962719593911,,0,1423,14.0,-1040,-300.0,-650.0,,,2,4,,,,,,,,,,,45461,0,0
323335,73605962736371299,,0,1423,14.0,-1020,-210.0,-650.0,,,2,4,,,,,,,,,,,45461,0,0
323336,73605962750562299,,0,1423,14.0,-1020,-270.0,,,,2,4,,,,,,,,,,,45433,0,0
323337,73605962947827649,,0,1423,323.0,-1060,-300.0,-670.0,,,2,4,,,,,,,,,,,45461,0,0
323338,73605963055964522,,0,1423,93.0,-920,-190.0,,,,2,4,,,,,,,,,,,45433,0,0
323339,73605963222964729,,0,1423,261.0,-1050,-300.0,-660.0,,,2,4,,,,,,,,,,,45461,0,0
323340,73605963237166729,,0,1423,261.0,-1050,-290.0,,,,2,4,,,,,,,,,,,45433,0,0
323341,73605964397084672,,0,1423,,-850,-80.0,-550.0,50.0,0.0,3,4,,,,,,,43211.0,44200.0,,23055629.0,0,0,0
323342,73605964522360286,,0,1423,273.0,-960,-260.0,,,,2,4,,,,,,,,,,,45433,0,0
323343,73605964784096058,,0,1423,124.0,-980,-270.0,,,,2,4,,,,,,,,,,,45433,0,0
323344,73605964907386924,,0,1423,59.0,-1120,-300.0,-730.0,,,2,4,,,,,,,,,,,45461,0,0
323345,73605964922372277,,0,450,490.0,-950,-170.0,-680.0,,,2,4,,,,,,,,,,,45458,0,0
323346,73605964922372277,,0,450,460.0,-980,-190.0,-700.0,,,2,4,,,,,,,,,,,45458,0,0
323347,73605964918591763,,0,1423,489.0,-850,-80.0,-560.0,46.0,,1,4,274.0,2029.0,,,,,,,,,45459,0,0
323348,73605964922372277,,0,450,489.0,-880,-100.0,-680.0,,,2,4,,,,,,,,,,,45458,0,0
323349,73605965177529984,,0,3300,95.0,-1070,-160.0,-810.0,,,2,4,,,,,,,,,,,45458,0,0
323350,73605965177529984,,0,3300,460.0,-1080,-180.0,-810.0,,,2,4,,,,,,,,,,,45458,0,0
323351,73605965177529984,,0,3300,490.0,-980,-90.0,-790.0,,,2,4,,,,,,,,,,,45458,0,0
323352,73605965177529984,,0,3300,489.0,-1010,-120.0,-790.0,,,2,4,,,,,,,,,,,45458,0,0
323353,73605965419289470,,0,1423,407.0,-1060,-300.0,-670.0,,,2,4,,,,,,,,,,,45461,0,0
323354,73605965592624270,,0,1423,95.0,-1040,-300.0,-650.0,,,2,4,,,,,,,,,,,45461,0,0
323355,73605965606878270,,0,1423,490.0,-930,-150.0,,,,2,4,,,,,,,,,,,45433,0,0
323356,73605965592624270,,0,1423,460.0,-1040,-300.0,-650.0,,,2,4,,,,,,,,,,,45461,0,0
323357,73605965680907084,,0,1423,406.0,-920,-180.0,-640.0,,,2,4,,,,,,,,,,,45461,0,0
323358,73605966976995015,,0,1423,148.0,-1020,-290.0,,,,2,4,,,,,,,,,,,45433,0,0
323359,73605967523097898,,0,1423,281.0,-1010,-200.0,-660.0,,,2,4,,,,,,,,,,,45461,0,0
323360,73605967880697799,,0,1423,300.0,-1010,-300.0,-610.0,,,2,4,,,,,,,,,,,45461,0,0
323361,73605967969302019,,0,1423,356.0,-970,-200.0,-660.0,,,2,4,,,,,,,,,,,45461,0,0
323362,73605968338446353,,0,3300,281.0,-1110,-180.0,-820.0,,,2,4,,,,,,,,,,,45458,0,0
323363,73605968622977024,,0,1423,,-850,-80.0,-570.0,140.0,0.0,3,4,,,,,,,43211.0,44200.0,,23055629.0,0,0,0
323364,73605968762509634,,0,1423,273.0,-1060,-300.0,-670.0,,,2,4,,,,,,,,,,,45461,0,0
323365,73605968762509634,,0,1423,124.0,-1050,-220.0,-670.0,,,2,4,,,,,,,,,,,45461,0,0
323366,73605969394737689,,0,1423,389.0,-1000,-230.0,-670.0,,,2,4,,,,,,,,,,,45461,0,0
323367,73605969394737689,,0,1423,407.0,-1040,-300.0,-650.0,,,2,4,,,,,,,,,,,45461,0,0
323368,73605969409038689,,0,1423,389.0,-1000,-230.0,,,,2,4,,,,,,,,,,,45433,0,0
323369,73605969532195116,,0,1423,460.0,-950,-190.0,-640.0,,,2,4,,,,,,,,,,,45461,0,0
323370,73605969546497116,,0,1423,490.0,-930,-150.0,,,,2,4,,,,,,,,,,,45433,0,0
323371,73605969532195116,,0,1423,95.0,-1000,-210.0,-660.0,,,2,4,,,,,,,,,,,45461,0,0
323372,73605970109342088,,0,1423,406.0,-960,-210.0,-650.0,,,2,4,,,,,,,,,,,45461,0,0
323373,73605970734386373,,0,1423,229.0,-1030,-270.0,,,,2,4,,,,,,,,,,,45433,0,0
323374,73605970720076373,,0,1423,229.0,-1020,-200.0,-670.0,,,2,4,,,,,,,,,,,45461,0,0
323375,73605970975027926,,0,1423,93.0,-1050,-300.0,-660.0,,,2,4,,,,,,,,,,,45461,0,0
323376,73605971179817667,,0,1423,496.0,-1040,-300.0,-650.0,,,2,4,,,,,,,,,,,45461,0,0
323377,73605971179817667,,0,1423,59.0,-1080,-300.0,-680.0,,,2,4,,,,,,,,,,,45461,0,0
323378,73605971360078411,,0,1423,148.0,-1020,-280.0,,,,2,4,,,,,,,,,,,45433,0,0
323379,73605971614345075,,0,1423,323.0,-1060,-300.0,-670.0,,,2,4,,,,,,,,,,,45461,0,0
323380,73605972099374556,,0,1423,489.0,-850,-70.0,-570.0,116.0,,1,4,274.0,9580.0,,,,,,,,,45459,0,0
323381,73605972599931286,,0,3300,95.0,-1070,-160.0,-820.0,,,2,4,,,,,,,,,,,45458,0,0
323382,73605972503407848,,0,3300,490.0,-970,-80.0,-790.0,,,2,4,,,,,,,,,,,45458,0,0
323383,73605972503407848,,0,3300,489.0,-1000,-120.0,-790.0,,,2,4,,,,,,,,,,,45458,0,0
323384,73605972543308305,,0,3300,460.0,-1070,-190.0,-790.0,,,2,4,,,,,,,,,,,45458,0,0
323385,73605972876591104,,0,1423,,-850,-80.0,-570.0,100.0,0.0,3,4,,,,,,,43211.0,44200.0,,23055629.0,0,0,0
323386,73605972855490141,,0,1423,273.0,-1010,-190.0,-670.0,,,2,4,,,,,,,,,,,45461,0,0
323387,73605972872209470,,0,1423,124.0,-1060,-300.0,-670.0,,,2,4,,,,,,,,,,,45461,0,0
323388,73605973516389203,,0,1423,490.0,-930,-140.0,-640.0,,,2,4,,,,,,,,,,,45461,0,0
323389,73605973516389203,,0,1423,460.0,-970,-190.0,-670.0,,,2,4,,,,,,,,,,,45461,0,0
323390,73605973516389203,,0,1423,95.0,-980,-230.0,-660.0,,,2,4,,,,,,,,,,,45461,0,0
323391,73605974439187870,,0,1423,406.0,-930,-180.0,-640.0,,,2,4,,,,,,,,,,,45461,0,0
323392,73605974489576111,,0,1423,407.0,-1050,-230.0,-670.0,,,2,4,,,,,,,,,,,45461,0,0
323393,73605975308286825,,0,1423,148.0,-980,-200.0,-620.0,,,2,4,,,,,,,,,,,45461,0,0
323394,73605975391227829,,0,450,490.0,-980,-150.0,-740.0,,,2,4,,,,,,,,,,,45458,0,0
323395,73605975391227829,,0,450,489.0,-880,-60.0,-720.0,,,2,4,,,,,,,,,,,45458,0,0
323396,73605976996856900,,0,1423,273.0,-900,-150.0,-660.0,,,2,4,,,,,,,,,,,45461,0,0
323397,73605977054013170,,0,1423,124.0,-1010,-200.0,-670.0,,,2,4,,,,,,,,,,,45461,0,0
323398,73605977164685454,,0,1423,323.0,-1000,-190.0,-670.0,,,2,4,,,,,,,,,,,45461,0,0
323399,73605977164685454,,0,1423,496.0,-870,-180.0,-590.0,,,2,4,,,,,,,,,,,45461,0,0
323400,73605977284673536,,0,1423,,-850,-80.0,-550.0,40.0,0.0,3,4,,,,,,,43211.0,44200.0,,23055629.0,0,0,0
323401,73605978264939529,,0,1423,95.0,-990,-250.0,-640.0,,,2,4,,,,,,,,,,,45461,0,0
323402,73605978264939529,,0,1423,460.0,-1060,-300.0,-670.0,,,2,4,,,,,,,,,,,45461,0,0
323403,73605978264939529,,0,1423,490.0,-920,-130.0,-630.0,,,2,4,,,,,,,,,,,45461,0,0
323404,73605978362624742,,0,1423,281.0,-1020,-210.0,-660.0,,,2,4,,,,,,,,,,,45461,0,0
323405,73605978377044742,,0,1423,406.0,-1030,-300.0,,,,2,4,,,,,,,,,,,45433,0,0
323406,73605979105061565,,0,1423,407.0,-1060,-300.0,,,,2,4,,,,,,,,,,,45433,0,0
323407,73605979328877544,,0,1423,148.0,-950,-210.0,-640.0,,,2,4,,,,,,,,,,,45461,0,0
323408,73605980249032117,,0,3300,460.0,-1120,-200.0,-780.0,,,2,4,,,,,,,,,,,45458,0,0
323409,73605980249032117,,0,3300,489.0,-1000,-110.0,-790.0,,,2,4,,,,,,,,,,,45458,0,0
323410,73605980249032117,,0,3300,490.0,-970,-80.0,-790.0,,,2,4,,,,,,,,,,,45458,0,0
323411,73605980249032117,,0,3300,281.0,-1080,-180.0,-790.0,,,2,4,,,,,,,,,,,45458,0,0
323412,73605980559004902,,0,1423,126.0,-1130,-300.0,-740.0,,,2,4,,,,,,,,,,,45461,0,0
323413,73605980573468902,,0,1423,126.0,-1130,-300.0,,,,2,4,,,,,,,,,,,45433,0,0
323414,73605981213262963,,0,1423,273.0,-1060,-300.0,-670.0,,,2,4,,,,,,,,,,,45461,0,0
323415,73605981278471986,,0,1423,124.0,-1010,-240.0,-640.0,,,2,4,,,,,,,,,,,45461,0,0
323416,73605981471244288,,0,1423,,-850,-80.0,-560.0,100.0,0.0,3,4,,,,,,,43211.0,44200.0,,23055629.0,0,0,0
323417,73605981422761548,,0,1423,59.0,-970,-170.0,-700.0,,,2,4,,,,,,,,,,,45461,0,0
323418,73605981679606219,,0,1423,323.0,-1050,-300.0,-660.0,,,2,4,,,,,,,,,,,45461,0,0
323419,73605982513163402,,0,1423,406.0,-910,-220.0,-600.0,,,2,4,,,,,,,,,,,45461,0,0
323420,73605982513163402,,0,1423,460.0,-1060,-300.0,-670.0,,,2,4,,,,,,,,,,,45461,0,0
323421,73605982527651402,,0,1423,490.0,-930,-140.0,,,,2,4,,,,,,,,,,,45433,0,0
323422,73605982513163402,,0,1423,95.0,-1050,-300.0,-660.0,,,2,4,,,,,,,,,,,45461,0,0
323423,73605983053495284,,0,1423,407.0,-960,-210.0,-650.0,,,2,4,,,,,,,,,,,45461,0,0
323424,73605983342003893,,0,1423,148.0,-1040,-230.0,-660.0,,,2,4,,,,,,,,,,,45461,0,0
323425,73605983776049149,,0,1423,489.0,-850,-80.0,-560.0,125.0,,1,4,274.0,1133.0,,,,,,,,,45459,0,0
323426,73605983779774403,,0,450,490.0,-990,-150.0,-750.0,,,2,4,,,,,,,,,,,45458,0,0
323427,73605983779774403,,0,450,489.0,-880,-40.0,-750.0,,,2,4,,,,,,,,,,,45458,0,0
323428,73605983935598458,,0,3102,490.0,-1030,-160.0,-780.0,,,2,4,,,,,,,,,,,45458,0,0
323429,73605983935598458,,0,3102,460.0,-1170,-300.0,-780.0,,,2,4,,,,,,,,,,,45458,0,0
323430,73605983935598458,,0,3102,489.0,-970,-90.0,-780.0,,,2,4,,,,,,,,,,,45458,0,0
323431,73605985281280775,,0,1423,496.0,-1030,-300.0,-640.0,,,2,4,,,,,,,,,,,45461,0,0
323432,73605985281280775,,0,1423,273.0,-1060,-300.0,-670.0,,,2,4,,,,,,,,,,,45461,0,0
323433,73605985281280775,,0,1423,124.0,-970,-200.0,-660.0,,,2,4,,,,,,,,,,,45461,0,0
323434,73605985685012480,,0,1423,,-850,-90.0,-560.0,120.0,0.0,3,4,,,,,,,43211.0,44200.0,,23055629.0,0,0,0
323435,73605986348313941,,0,1423,123.0,-940,-170.0,-670.0,,,2,4,,,,,,,,,,,45461,0,0
323436,73605986348313941,,0,1423,356.0,-930,-200.0,-630.0,,,2,4,,,,,,,,,,,45461,0,0
323437,73605986362858941,,0,1423,123.0,-940,-170.0,,,,2,4,,,,,,,,,,,45433,0,0
323438,73605986677079594,,0,1423,406.0,-1060,-300.0,-670.0,,,2,4,,,,,,,,,,,45461,0,0
323439,73605986691625594,,0,1423,460.0,-950,-260.0,,,,2,4,,,,,,,,,,,45433,0,0
323440,73605986677079594,,0,1423,490.0,-920,-130.0,-640.0,,,2,4,,,,,,,,,,,45461,0,0
323441,73605986677079594,,0,1423,95.0,-1050,-300.0,-660.0,,,2,4,,,,,,,,,,,45461,0,0
323442,73605987106576098,,0,1423,407.0,-980,-210.0,-670.0,,,2,4,,,,,,,,,,,45461,0,0
323443,73605987274347412,,0,1423,148.0,-1030,-300.0,-640.0,,,2,4,,,,,,,,,,,45461,0,0
323444,73605988395006768,,0,1423,323.0,-1040,-300.0,-650.0,,,2,4,,,,,,,,,,,45461,0,0
323445,73605988410205738,,0,450,489.0,-870,-60.0,-720.0,,,2,4,,,,,,,,,,,45458,0,0
323446,73605988473673737,,0,1423,489.0,-850,-70.0,-570.0,129.0,,1,4,274.0,10092.0,,,,,,,,,45459,0,0
323447,73605988710772778,,0,3102,489.0,-970,-110.0,-770.0,,,2,4,,,,,,,,,,,45458,0,0
323448,73605988710772778,,0,3102,95.0,-1040,-160.0,-780.0,,,2,4,,,,,,,,,,,45458,0,0
323449,73605988710772778,,0,3102,490.0,-1070,-190.0,-770.0,,,2,4,,,,,,,,,,,45458,0,0
323450,73605988710772778,,0,3102,460.0,-1020,-150.0,-770.0,,,2,4,,,,,,,,,,,45458,0,0
323451,73605988895011759,,0,1423,59.0,-960,-200.0,-590.0,,,2,4,,,,,,,,,,,45461,0,0
323452,73605989906382848,,0,1423,,-850,-80.0,-570.0,130.0,0.0,3,4,,,,,,,43211.0,44200.0,,23055629.0,0,0,0
323453,73605990136282763,,0,1423,273.0,-1050,-300.0,,,,2,4,,,,,,,,,,,45433,0,0
323454,73605990297943047,,0,1423,351.0,-1020,-300.0,-630.0,,,2,4,,,,,,,,,,,45461,0,0
323455,73605990297943047,,0,1423,124.0,-1060,-300.0,-670.0,,,2,4,,,,,,,,,,,45461,0,0
323456,73605990312541047,,0,1423,351.0,-1030,-300.0,,,,2,4,,,,,,,,,,,45433,0,0
323457,73605990342384915,,0,1423,482.0,-1060,-240.0,,,,2,4,,,,,,,,,,,45433,0,0
323458,73605990610762789,,0,1423,406.0,-1020,-290.0,,,,2,4,,,,,,,,,,,45433,0,0
323459,73605990610762789,,0,1423,490.0,-940,-170.0,,,,2,4,,,,,,,,,,,45433,0,0
323460,73605990610762789,,0,1423,95.0,-1020,-300.0,,,,2,4,,,,,,,,,,,45433,0,0
323461,73605990996527545,,0,1423,460.0,-990,-300.0,,,,2,4,,,,,,,,,,,45433,0,0
323462,73605991243867219,,0,1423,148.0,-910,-170.0,-640.0,,,2,4,,,,,,,,,,,45461,0,0
323463,73605991655167339,,0,1423,407.0,-1040,-300.0,-650.0,,,2,4,,,,,,,,,,,45461,0,0
323464,73605992872391634,,0,1423,59.0,-1080,-210.0,,,,2,4,,,,,,,,,,,45433,0,0
323465,73605993238379474,,0,1423,489.0,-850,-70.0,-570.0,116.0,,1,4,274.0,9964.0,,,,,,,,,45459,0,0
323466,73605993431958066,,0,3300,490.0,-980,-70.0,-810.0,,,2,4,,,,,,,,,,,45458,0,0
323467,73605993392112405,,0,3300,460.0,-1060,-170.0,-790.0,,,2,4,,,,,,,,,,,45458,0,0
323468,73605993392112405,,0,3300,95.0,-1050,-150.0,-810.0,,,2,4,,,,,,,,,,,45458,0,0
323469,73605993467609445,,0,3300,489.0,-1000,-100.0,-800.0,,,2,4,,,,,,,,,,,45458,0,0
323470,73605993754180089,,0,1423,272.0,-1060,-300.0,-670.0,,,2,4,,,,,,,,,,,45461,0,0
323471,73605993768835089,,0,1423,272.0,-1050,-300.0,,,,2,4,,,,,,,,,,,45433,0,0
323472,73605993785613116,,0,1423,272.0,-1020,-270.0,,,,2,4,,,,,,,,,,,45433,0,0
323473,73605993770957116,,0,1423,272.0,-1020,-210.0,-660.0,,,2,4,,,,,,,,,,,45461,0,0
323474,73605993787753872,,0,1423,272.0,-980,-200.0,-660.0,,,2,4,,,,,,,,,,,45461,0,0
323475,73605993802410872,,0,1423,272.0,-980,-250.0,,,,2,4,,,,,,,,,,,45433,0,0
323476,73605993985610452,,0,1423,355.0,-910,-220.0,-590.0,,,2,4,,,,,,,,,,,45461,0,0
323477,73605994000268452,,0,1423,355.0,-940,-260.0,,,,2,4,,,,,,,,,,,45433,0,0
323478,73605994002387821,,0,1423,355.0,-980,-190.0,-700.0,,,2,4,,,,,,,,,,,45461,0,0
323479,73605994017046821,,0,1423,355.0,-980,-240.0,,,,2,4,,,,,,,,,,,45433,0,0
323480,73605994033824781,,0,1423,355.0,-1030,-260.0,,,,2,4,,,,,,,,,,,45433,0,0
323481,73605994019164781,,0,1423,355.0,-1040,-300.0,-640.0,,,2,4,,,,,,,,,,,45461,0,0
323482,73605994108813312,,0,1423,,-850,-80.0,-560.0,60.0,0.0,3,4,,,,,,,43211.0,44200.0,,23055629.0,0,0,0
323483,73605994401727415,,0,1423,273.0,-930,-160.0,-660.0,,,2,4,,,,,,,,,,,45461,0,0
323484,73605994401727415,,0,1423,124.0,-1060,-250.0,-670.0,,,2,4,,,,,,,,,,,45461,0,0
323485,73605994582868978,,0,1423,490.0,-920,-140.0,-620.0,,,2,4,,,,,,,,,,,45461,0,0
323486,73605994582868978,,0,1423,406.0,-1030,-300.0,-640.0,,,2,4,,,,,,,,,,,45461,0,0
323487,73605994582868978,,0,1423,95.0,-1040,-300.0,-650.0,,,2,4,,,,,,,,,,,45461,0,0
323488,73605994974154605,,0,1423,460.0,-1020,-300.0,-630.0,,,2,4,,,,,,,,,,,45461,0,0
323489,73605995267376440,,0,1423,148.0,-1000,-230.0,-680.0,,,2,4,,,,,,,,,,,45461,0,0
323490,73605995412287315,,0,1423,93.0,-920,-160.0,-660.0,,,2,4,,,,,,,,,,,45461,0,0
323491,73605995619847193,,0,1423,407.0,-940,-220.0,-560.0,,,2,4,,,,,,,,,,,45461,0,0
323492,73605995720415003,,0,1423,221.0,-1060,-300.0,-670.0,,,2,4,,,,,,,,,,,45461,0,0
323493,73605995735093003,,0,1423,221.0,-1060,-300.0,,,,2,4,,,,,,,,,,,45433,0,0
323494,73605997461867367,,0,1423,59.0,-1060,-200.0,-730.0,,,2,4,,,,,,,,,,,45461,0,0
323495,73605997872583797,,0,450,460.0,-1050,-180.0,-770.0,,,2,4,,,,,,,,,,,45458,0,0
323496,73605997872583797,,0,450,490.0,-1000,-180.0,-720.0,,,2,4,,,,,,,,,,,45458,0,0
323497,73605997868818828,,0,1423,489.0,-850,-80.0,-570.0,93.0,,1,4,274.0,1389.0,,,,,,,,,45459,0,0
323498,73605997872583797,,0,450,489.0,-870,-60.0,-720.0,,,2,4,,,,,,,,,,,45458,0,0
323499,73605998205711660,,0,3300,490.0,-980,-80.0,-780.0,,,2,4,,,,,,,,,,,45458,0,0
323500,73605998205711660,,0,3300,460.0,-1170,-300.0,-780.0,,,2,4,,,,,,,,,,,45458,0,0
323501,73605998205711660,,0,3300,489.0,-990,-110.0,-780.0,,,2,4,,,,,,,,,,,45458,0,0
323502,73605998205711660,,0,3300,95.0,-1060,-190.0,-780.0,,,2,4,,,,,,,,,,,45458,0,0
323503,73605998264431551,,0,3300,281.0,-1100,-180.0,-830.0,,,2,4,,,,,,,,,,,45458,0,0
323504,73605998439104512,,0,1423,,-850,-90.0,-540.0,70.0,0.0,3,4,,,,,,,43211.0,44200.0,,23055629.0,0,0,0
323505,73605998395301432,,0,1423,124.0,-1060,-300.0,-670.0,,,2,4,,,,,,,,,,,45461,0,0
323506,73605998657031290,,0,1423,406.0,-950,-210.0,-640.0,,,2,4,,,,,,,,,,,45461,0,0
323507,73605998529574372,,0,1423,95.0,-1040,-300.0,-650.0,,,2,4,,,,,,,,,,,45461,0,0
323508,73605998529574372,,0,1423,273.0,-900,-150.0,-650.0,,,2,4,,,,,,,,,,,45461,0,0
323509,73605998544322372,,0,1423,490.0,-930,-150.0,,,,2,4,,,,,,,,,,,45433,0,0
323510,73605998839794836,,0,3102,489.0,-960,-110.0,-760.0,,,2,4,,,,,,,,,,,45458,0,0
323511,73605998839794836,,0,3102,460.0,-1020,-170.0,-760.0,,,2,4,,,,,,,,,,,45458,0,0
323512,73605998839794836,,0,3102,95.0,-1060,-190.0,-760.0,,,2,4,,,,,,,,,,,45458,0,0
323513,73605999063765959,,0,1423,460.0,-1040,-300.0,-650.0,,,2,4,,,,,,,,,,,45461,0,0
323514,73605999969842103,,0,1423,148.0,-970,-210.0,-670.0,,,2,4,,,,,,,,,,,45461,0,0
323515,73606001553711520,,0,1423,356.0,-1020,-200.0,-670.0,,,2,4,,,,,,,,,,,45461,0,0
323516,73606001624119223,,0,1423,407.0,-890,-160.0,-640.0,,,2,4,,,,,,,,,,,45461,0,0
323517,73606002226784472,,0,1423,323.0,-1060,-300.0,-670.0,,,2,4,,,,,,,,,,,45461,0,0
323518,73606002268349056,,0,1423,496.0,-1040,-300.0,-650.0,,,2,4,,,,,,,,,,,45461,0,0
323519,73606002341976110,,0,1423,124.0,-1050,-280.0,-670.0,,,2,4,,,,,,,,,,,45461,0,0
323520,73606002493003949,,0,1423,273.0,-910,-170.0,-650.0,,,2,4,,,,,,,,,,,45461,0,0
323521,73606002507806949,,0,1423,490.0,-930,-160.0,,,,2,4,,,,,,,,,,,45433,0,0
323522,73606002664800256,,0,1423,,-850,-80.0,-570.0,100.0,0.0,3,4,,,,,,,43211.0,44200.0,,23055629.0,0,0,0
323523,73606002623979836,,0,1423,406.0,-1030,-300.0,-640.0,,,2,4,,,,,,,,,,,45461,0,0
323524,73606002623979836,,0,1423,95.0,-970,-300.0,-580.0,,,2,4,,,,,,,,,,,45461,0,0
323525,73606002638785836,,0,1423,59.0,-1120,-300.0,,,,2,4,,,,,,,,,,,45433,0,0
323526,73606002838557643,,0,450,489.0,-870,-70.0,-710.0,,,2,4,,,,,,,,,,,45458,0,0
323527,73606002838557643,,0,450,490.0,-1000,-170.0,-740.0,,,2,4,,,,,,,,,,,45458,0,0
323528,73606002834832440,,0,1423,489.0,-850,-90.0,-560.0,61.0,,1,4,274.0,1645.0,,,,,,,,,45459,0,0
323529,73606003121615271,,0,3102,489.0,-970,-120.0,-750.0,,,2,4,,,,,,,,,,,45458,0,0
323530,73606003121615271,,0,3102,95.0,-1040,-190.0,-760.0,,,2,4,,,,,,,,,,,45458,0,0
323531,73606003222170012,,0,1423,460.0,-950,-260.0,,,,2,4,,,,,,,,,,,45433,0,0
323532,73606003190625096,,0,1423,482.0,-950,-220.0,-580.0,,,2,4,,,,,,,,,,,45461,0,0
323533,73606003901927707,,0,1423,281.0,-1010,-200.0,-660.0,,,2,4,,,,,,,,,,,45461,0,0
323534,73606003963312176,,0,1423,148.0,-1050,-300.0,-660.0,,,2,4,,,,,,,,,,,45461,0,0
323535,73606005846596998,,0,1423,407.0,-1040,-300.0,-650.0,,,2,4,,,,,,,,,,,45461,0,0
323536,73606006435200453,,0,1423,356.0,-960,-210.0,-660.0,,,2,4,,,,,,,,,,,45461,0,0
323537,73606006450070453,,0,1423,490.0,-930,-150.0,,,,2,4,,,,,,,,,,,45433,0,0
323538,73606006435200453,,0,1423,124.0,-1040,-270.0,-670.0,,,2,4,,,,,,,,,,,45461,0,0
323539,73606006482236456,,0,1423,258.0,-900,-160.0,-650.0,,,2,4,,,,,,,,,,,45461,0,0
323540,73606006497108456,,0,1423,258.0,-900,-160.0,,,,2,4,,,,,,,,,,,45433,0,0
323541,73606006482236456,,0,1423,273.0,-1040,-300.0,-650.0,,,2,4,,,,,,,,,,,45461,0,0
323542,73606006509224432,,0,1423,258.0,-990,-200.0,,,,2,4,,,,,,,,,,,45433,0,0
323543,73606006494351432,,0,1423,258.0,-1020,-300.0,-630.0,,,2,4,,,,,,,,,,,45461,0,0
323544,73606006542583092,,0,1423,496.0,-990,-220.0,-610.0,,,2,4,,,,,,,,,,,45461,0,0
323545,73606006557457092,,0,1423,406.0,-1000,-260.0,,,,2,4,,,,,,,,,,,45433,0,0
323546,73606006557457092,,0,1423,95.0,-930,-260.0,,,,2,4,,,,,,,,,,,45433,0,0
323547,73606006852222976,,0,1423,,-850,-80.0,-580.0,130.0,0.0,3,4,,,,,,,43211.0,44200.0,,23055629.0,0,0,0
323548,73606006921794098,,0,1423,59.0,-1080,-300.0,-690.0,,,2,4,,,,,,,,,,,45461,0,0
323549,73606007180059489,,0,1423,460.0,-940,-180.0,-650.0,,,2,4,,,,,,,,,,,45461,0,0
323550,73606007666669882,,0,1423,489.0,-850,-70.0,-580.0,140.0,,1,4,274.0,9836.0,,,,,,,,,45459,0,0
323551,73606007603245696,,0,450,489.0,-880,-40.0,-740.0,,,2,4,,,,,,,,,,,45458,0,0
323552,73606007603245696,,0,450,490.0,-990,-150.0,-740.0,,,2,4,,,,,,,,,,,45458,0,0
323553,73606008024300645,,0,3300,490.0,-970,-80.0,-790.0,,,2,4,,,,,,,,,,,45458,0,0
323554,73606008024300645,,0,3300,460.0,-1090,-190.0,-800.0,,,2,4,,,,,,,,,,,45458,0,0
323555,73606008024300645,,0,3300,95.0,-1070,-160.0,-810.0,,,2,4,,,,,,,,,,,45458,0,0
323556,73606008024300645,,0,3300,489.0,-990,-110.0,-790.0,,,2,4,,,,,,,,,,,45458,0,0
323557,73606008057855403,,0,3300,406.0,-1030,-160.0,-780.0,,,2,4,,,,,,,,,,,45458,0,0
323558,73606009172120528,,0,1423,148.0,-1050,-300.0,,,,2,4,,,,,,,,,,,45433,0,0
323559,73606010216253088,,0,1423,407.0,-1030,-300.0,-640.0,,,2,4,,,,,,,,,,,45461,0,0
323560,73606010393441295,,0,1423,490.0,-910,-150.0,,,,2,4,,,,,,,,,,,45433,0,0
323561,73606010475866172,,0,1423,124.0,-1000,-210.0,-660.0,,,2,4,,,,,,,,,,,45461,0,0
323562,73606010490809172,,0,1423,406.0,-990,-260.0,,,,2,4,,,,,,,,,,,45433,0,0
323563,73606010490809172,,0,1423,95.0,-1040,-290.0,,,,2,4,,,,,,,,,,,45433,0,0
323564,73606010771149681,,0,1423,273.0,-1060,-300.0,-670.0,,,2,4,,,,,,,,,,,45461,0,0
323565,73606011042880820,,0,1423,59.0,-910,-150.0,-660.0,,,2,4,,,,,,,,,,,45461,0,0
323566,73606011164688384,,0,1423,,-850,-100.0,-540.0,120.0,0.0,3,4,,,,,,,43211.0,44200.0,,23055629.0,0,0,0
323567,73606011631608185,,0,1423,460.0,-1040,-280.0,,,,2,4,,,,,,,,,,,45433,0,0
323568,73606012498441491,,0,1423,489.0,-850,-70.0,-570.0,145.0,,1,4,274.0,1645.0,,,,,,,,,45459,0,0
323569,73606012502111476,,0,450,489.0,-880,-40.0,-750.0,,,2,4,,,,,,,,,,,45458,0,0
323570,73606013005687399,,0,3102,489.0,-970,-100.0,-780.0,,,2,4,,,,,,,,,,,45458,0,0
323571,73606013005687399,,0,3102,460.0,-1030,-140.0,-790.0,,,2,4,,,,,,,,,,,45458,0,0
323572,73606013005687399,,0,3102,490.0,-1050,-160.0,-780.0,,,2,4,,,,,,,,,,,45458,0,0
323573,73606013293433094,,0,1423,354.0,-1060,-300.0,,,,2,4,,,,,,,,,,,45433,0,0
323574,73606013318635369,,0,1423,148.0,-990,-210.0,-620.0,,,2,4,,,,,,,,,,,45461,0,0
323575,73606014415869787,,0,1423,124.0,-1030,-240.0,-650.0,,,2,4,,,,,,,,,,,45461,0,0
323576,73606014415869787,,0,1423,490.0,-920,-140.0,-640.0,,,2,4,,,,,,,,,,,45461,0,0
323577,73606014430880787,,0,1423,95.0,-980,-270.0,,,,2,4,,,,,,,,,,,45433,0,0
323578,73606014430880787,,0,1423,406.0,-960,-250.0,,,,2,4,,,,,,,,,,,45433,0,0
323579,73606014674382363,,0,1423,356.0,-960,-200.0,-660.0,,,2,4,,,,,,,,,,,45461,0,0
323580,73606014706146063,,0,1423,273.0,-960,-190.0,,,,2,4,,,,,,,,,,,45433,0,0
323581,73606014979688574,,0,1423,407.0,-990,-180.0,-670.0,,,2,4,,,,,,,,,,,45461,0,0
323582,73606015267241984,,0,1423,,-850,-90.0,-570.0,90.0,0.0,3,4,,,,,,,43211.0,44200.0,,23055629.0,0,0,0
323583,73606015687677109,,0,1423,460.0,-1050,-300.0,-660.0,,,2,4,,,,,,,,,,,45461,0,0
323584,73606016560086797,,0,1423,116.0,-960,-220.0,-640.0,,,2,4,,,,,,,,,,,45461,0,0
323585,73606016575120797,,0,1423,116.0,-960,-220.0,,,,2,4,,,,,,,,,,,45433,0,0
323586,73606016576864007,,0,1423,116.0,-1030,-240.0,-640.0,,,2,4,,,,,,,,,,,45461,0,0
323587,73606016591899007,,0,1423,116.0,-1020,-230.0,,,,2,4,,,,,,,,,,,45433,0,0
323588,73606016593641049,,0,1423,116.0,-1040,-300.0,-650.0,,,2,4,,,,,,,,,,,45461,0,0
323589,73606016608677049,,0,1423,116.0,-1030,-250.0,,,,2,4,,,,,,,,,,,45433,0,0
323590,73606016610421335,,0,1423,116.0,-1030,-300.0,-640.0,,,2,4,,,,,,,,,,,45461,0,0
323591,73606016625458335,,0,1423,116.0,-1030,-260.0,,,,2,4,,,,,,,,,,,45433,0,0
323592,73606016627195112,,0,1423,116.0,-970,-240.0,-640.0,,,2,4,,,,,,,,,,,45461,0,0
323593,73606016659011496,,0,1423,116.0,-960,-250.0,,,,2,4,,,,,,,,,,,45433,0,0
323594,73606016841832621,,0,1423,416.0,-1040,-300.0,-650.0,,,2,4,,,,,,,,,,,45461,0,0
323595,73606016856877621,,0,1423,416.0,-1030,-300.0,,,,2,4,,,,,,,,,,,45433,0,0
323596,73606017254653244,,0,1423,93.0,-980,-180.0,-650.0,,,2,4,,,,,,,,,,,45461,0,0
323597,73606017380384950,,0,1423,148.0,-1050,-300.0,,,,2,4,,,,,,,,,,,45433,0,0
323598,73606017531609687,,0,1423,489.0,-850,-80.0,-560.0,100.0,,1,4,274.0,10220.0,,,,,,,,,45459,0,0
323599,73606017468180300,,0,450,489.0,-880,-50.0,-730.0,,,2,4,,,,,,,,,,,45458,0,0
323600,73606017952095419,,0,3300,490.0,-970,-80.0,-790.0,,,2,4,,,,,,,,,,,45458,0,0
323601,73606017952095419,,0,3300,59.0,-1120,-200.0,-830.0,,,2,4,,,,,,,,,,,45458,0,0
323602,73606017952095419,,0,3300,489.0,-990,-100.0,-790.0,,,2,4,,,,,,,,,,,45458,0,0
323603,73606017952095419,,0,3300,460.0,-1070,-170.0,-800.0,,,2,4,,,,,,,,,,,45458,0,0
323604,73606018029688364,,0,3300,95.0,-1190,-300.0,-800.0,,,2,4,,,,,,,,,,,45458,0,0
323605,73606018168536208,,0,1423,59.0,-1040,-200.0,-740.0,,,2,4,,,,,,,,,,,45461,0,0
323606,73606018326402485,,0,1423,496.0,-1040,-300.0,-650.0,,,2,4,,,,,,,,,,,45461,0,0
323607,73606018359958942,,0,1423,124.0,-1060,-240.0,-670.0,,,2,4,,,,,,,,,,,45461,0,0
323608,73606018358255558,,0,1423,490.0,-920,-150.0,,,,2,4,,,,,,,,,,,45433,0,0
323609,73606018375035942,,0,1423,95.0,-990,-250.0,,,,2,4,,,,,,,,,,,45433,0,0
323610,73606018375035942,,0,1423,406.0,-940,-230.0,,,,2,4,,,,,,,,,,,45433,0,0
323611,73606018900124267,,0,1423,273.0,-930,-170.0,-670.0,,,2,4,,,,,,,,,,,45461,0,0
323612,73606019592421376,,0,1423,,-850,-90.0,-540.0,40.0,0.0,3,4,,,,,,,43211.0,44200.0,,23055629.0,0,0,0
323613,73606019829623246,,0,1423,460.0,-1070,-300.0,-680.0,,,2,4,,,,,,,,,,,45461,0,0
323614,73606021488885877,,0,1423,148.0,-1040,-270.0,,,,2,4,,,,,,,,,,,45433,0,0
323615,73606021530817393,,0,1423,323.0,-990,-200.0,-670.0,,,2,4,,,,,,,,,,,45461,0,0
323616,73606021953502774,,0,1423,93.0,-1010,-300.0,-620.0,,,2,4,,,,,,,,,,,45461,0,0
323617,73606022157912345,,0,3102,460.0,-1050,-170.0,-780.0,,,2,4,,,,,,,,,,,45458,0,0
323618,73606022157912345,,0,3102,489.0,-970,-90.0,-780.0,,,2,4,,,,,,,,,,,45458,0,0
323619,73606022157912345,,0,3102,95.0,-1060,-170.0,-790.0,,,2,4,,,,,,,,,,,45458,0,0
323620,73606022223082116,,0,1423,407.0,-990,-220.0,-670.0,,,2,4,,,,,,,,,,,45461,0,0
323621,73606022250240607,,0,3102,406.0,-1060,-150.0,-780.0,,,2,4,,,,,,,,,,,45458,0,0
323622,73606022250240607,,0,3102,490.0,-1040,-170.0,-780.0,,,2,4,,,,,,,,,,,45458,0,0
323623,73606022295271031,,0,1423,490.0,-920,-140.0,,,,2,4,,,,,,,,,,,45433,0,0
323624,73606022295271031,,0,1423,124.0,-1060,-280.0,,,,2,4,,,,,,,,,,,45433,0,0
323625,73606022311991542,,0,1423,95.0,-1040,-300.0,,,,2,4,,,,,,,,,,,45433,0,0
323626,73606022439246621,,0,1423,489.0,-850,-70.0,-570.0,124.0,,1,4,274.0,8317.0,,,,,,,,,45459,0,0
323627,73606022451605116,,0,3300,59.0,-1100,-190.0,-810.0,,,2,4,,,,,,,,,,,45458,0,0
323628,73606022451605116,,0,3300,490.0,-970,-80.0,-790.0,,,2,4,,,,,,,,,,,45458,0,0
323629,73606022451605116,,0,3300,489.0,-1000,-100.0,-790.0,,,2,4,,,,,,,,,,,45458,0,0
323630,73606022451605116,,0,3300,95.0,-1070,-170.0,-780.0,,,2,4,,,,,,,,,,,45458,0,0
323631,73606022485159529,,0,3300,460.0,-1070,-170.0,-800.0,,,2,4,,,,,,,,,,,45458,0,0
323632,73606022684038403,,0,1423,59.0,-1130,-300.0,-740.0,,,2,4,,,,,,,,,,,45461,0,0
323633,73606022716023032,,0,1423,406.0,-970,-190.0,,,,2,4,,,,,,,,,,,45433,0,0
323634,73606022921176800,,0,1423,273.0,-1020,-300.0,,,,2,4,,,,,,,,,,,45433,0,0
323635,73606023607353344,,0,1423,,-850,-80.0,-570.0,90.0,0.0,3,4,,,,,,,43211.0,44200.0,,23055629.0,0,0,0
323636,73606024283992788,,0,1423,460.0,-1040,-300.0,-650.0,,,2,4,,,,,,,,,,,45461,0,0
323637,73606025475803987,,0,1423,356.0,-1050,-300.0,-660.0,,,2,4,,,,,,,,,,,45461,0,0
323638,73606026051629978,,0,1423,148.0,-1000,-300.0,-610.0,,,2,4,,,,,,,,,,,45461,0,0
323639,73606026229183541,,0,1423,490.0,-920,-150.0,,,,2,4,,,,,,,,,,,45433,0,0
323640,73606026229183541,,0,1423,124.0,-1010,-250.0,,,,2,4,,,,,,,,,,,45433,0,0
323641,73606026245962408,,0,1423,95.0,-1030,-280.0,,,,2,4,,,,,,,,,,,45433,0,0
323642,73606026393595940,,0,450,490.0,-1080,-300.0,-690.0,,,2,4,,,,,,,,,,,45458,0,0
323643,73606026393595940,,0,450,489.0,-880,-60.0,-720.0,,,2,4,,,,,,,,,,,45458,0,0
323644,73606026389887009,,0,1423,489.0,-850,-100.0,-540.0,135.0,,1,4,274.0,1517.0,,,,,,,,,45459,0,0
323645,73606026855133590,,0,3102,489.0,-990,-140.0,-750.0,,,2,4,,,,,,,,,,,45458,0,0
323646,73606026855133590,,0,3102,490.0,-1030,-180.0,-750.0,,,2,4,,,,,,,,,,,45458,0,0
323647,73606026918261396,,0,1423,406.0,-990,-200.0,-640.0,,,2,4,,,,,,,,,,,45461,0,0
323648,73606026933467396,,0,1423,273.0,-920,-240.0,,,,2,4,,,,,,,,,,,45433,0,0
323649,73606026933467396,,0,1423,407.0,-1030,-290.0,,,,2,4,,,,,,,,,,,45433,0,0
323650,73606026903368596,,0,3102,460.0,-1090,-200.0,-770.0,,,2,4,,,,,,,,,,,45458,0,0
323651,73606026991446903,,0,425,90.0,-1140,-220.0,-830.0,,,2,4,,,,,,,,,,,45458,0,0
323652,73606027807358976,,0,1423,,-850,-90.0,-570.0,120.0,0.0,3,4,,,,,,,43211.0,44200.0,,23055629.0,0,0,0
323653,73606027793928594,,0,1423,59.0,-1000,-210.0,-690.0,,,2,4,,,,,,,,,,,45461,0,0
323654,73606028239392436,,0,1423,460.0,-990,-290.0,,,,2,4,,,,,,,,,,,45433,0,0
323655,73606029577353934,,0,1423,323.0,-980,-210.0,,,,2,4,,,,,,,,,,,45433,0,0
323656,73606030207789681,,0,1423,490.0,-940,-160.0,,,,2,4,,,,,,,,,,,45433,0,0
323657,73606030204306183,,0,3300,460.0,-1170,-300.0,-780.0,,,2,4,,,,,,,,,,,45458,0,0
323658,73606030204306183,,0,3300,59.0,-1120,-210.0,-780.0,,,2,4,,,,,,,,,,,45458,0,0
323659,73606030218986204,,0,3300,490.0,-970,-80.0,-780.0,,,2,4,,,,,,,,,,,45458,0,0
323660,73606030218986204,,0,3300,489.0,-1000,-130.0,-780.0,,,2,4,,,,,,,,,,,45458,0,0
323661,73606030240286287,,0,1423,95.0,-960,-220.0,-650.0,,,2,4,,,,,,,,,,,45461,0,0
323662,73606030240286287,,0,1423,148.0,-990,-230.0,-660.0,,,2,4,,,,,,,,,,,45461,0,0
323663,73606030445334761,,0,1423,124.0,-1060,-300.0,,,,2,4,,,,,,,,,,,45433,0,0
323664,73606030927764092,,0,425,90.0,-1110,-190.0,-830.0,,,2,4,,,,,,,,,,,45458,0,0
323665,73606031309100147,,0,1423,406.0,-1010,-300.0,-620.0,,,2,4,,,,,,,,,,,45461,0,0
323666,73606032148107777,,0,1423,273.0,-1020,-240.0,,,,2,4,,,,,,,,,,,45433,0,0
323667,73606032132839777,,0,1423,59.0,-980,-210.0,-610.0,,,2,4,,,,,,,,,,,45461,0,0
323668,73606032181835463,,0,1423,460.0,-1020,-290.0,,,,2,4,,,,,,,,,,,45433,0,0
323669,73606032208338050,,0,1423,407.0,-1030,-220.0,-660.0,,,2,4,,,,,,,,,,,45461,0,0
323670,73606032517201673,,0,1423,347.0,-930,-210.0,-620.0,,,2,4,,,,,,,,,,,45461,0,0
323671,73606034154484722,,0,1423,490.0,-910,-140.0,-620.0,,,2,4,,,,,,,,,,,45461,0,0
323672,73606034186617787,,0,1423,95.0,-1050,-280.0,,,,2,4,,,,,,,,,,,45433,0,0
323673,73606034375783845,,0,1423,489.0,-850,-70.0,-570.0,115.0,,1,4,274.0,1389.0,,,,,,,,,45459,0,0
323674,73606034381081824,,0,450,489.0,-880,-100.0,-680.0,,,2,4,,,,,,,,,,,45458,0,0
323675,73606034596132125,,0,3102,489.0,-970,-80.0,-800.0,,,2,4,,,,,,,,,,,45458,0,0
323676,73606034596132125,,0,3102,95.0,-1070,-180.0,-800.0,,,2,4,,,,,,,,,,,45458,0,0
323677,73606034596132125,,0,3102,490.0,-1050,-160.0,-800.0,,,2,4,,,,,,,,,,,45458,0,0
323678,73606034596132125,,0,3102,460.0,-1070,-180.0,-790.0,,,2,4,,,,,,,,,,,45458,0,0
323679,73606034669657210,,0,1423,124.0,-1060,-300.0,-670.0,,,2,4,,,,,,,,,,,45461,0,0
323680,73606034673726692,,0,3102,406.0,-1090,-170.0,-790.0,,,2,4,,,,,,,,,,,45458,0,0
323681,73606034820646907,,0,1423,148.0,-980,-210.0,-670.0,,,2,4,,,,,,,,,,,45461,0,0
323682,73606035753404343,,0,1423,406.0,-970,-170.0,-640.0,,,2,4,,,,,,,,,,,45461,0,0
323683,73606036236573078,,0,1423,59.0,-1130,-300.0,-740.0,,,2,4,,,,,,,,,,,45461,0,0
323684,73606036236573078,,0,1423,273.0,-930,-170.0,-670.0,,,2,4,,,,,,,,,,,45461,0,0
323685,73606036236573627,,0,1423,460.0,-1040,-270.0,,,,2,4,,,,,,,,,,,45433,0,0
323686,73606036332367824,,0,1423,407.0,-970,-230.0,-640.0,,,2,4,,,,,,,,,,,45461,0,0
323687,73606037625835371,,0,1423,356.0,-1060,-300.0,-670.0,,,2,4,,,,,,,,,,,45461,0,0
323688,73606037900977573,,0,1423,347.0,-980,-270.0,-620.0,,,2,4,,,,,,,,,,,45461,0,0
323689,73606038108966177,,0,1423,490.0,-930,-140.0,-640.0,,,2,4,,,,,,,,,,,45461,0,0
323690,73606038124313177,,0,1423,95.0,-970,-260.0,,,,2,4,,,,,,,,,,,45433,0,0
323691,73606038721460350,,0,1423,124.0,-1030,-280.0,,,,2,4,,,,,,,,,,,45433,0,0
323692,73606038771908169,,0,1423,148.0,-1050,-220.0,,,,2,4,,,,,,,,,,,45433,0,0
323693,73606038942815607,,0,450,489.0,-870,-40.0,-740.0,,,2,4,,,,,,,,,,,45458,0,0
323694,73606038939147607,,0,1423,489.0,-850,-80.0,-560.0,88.0,,1,4,274.0,1901.0,,,,,,,,,45459,0,0
323695,73606039254970107,,0,3102,489.0,-970,-90.0,-780.0,,,2,4,,,,,,,,,,,45458,0,0
323696,73606039254970107,,0,3102,490.0,-1050,-150.0,-780.0,,,2,4,,,,,,,,,,,45458,0,0
323697,73606039254970107,,0,3102,95.0,-1080,-190.0,-790.0,,,2,4,,,,,,,,,,,45458,0,0
323698,73606039254970107,,0,3102,460.0,-1180,-300.0,-790.0,,,2,4,,,,,,,,,,,45458,0,0
323699,73606039725922324,,0,1423,406.0,-1010,-290.0,,,,2,4,,,,,,,,,,,45433,0,0
323700,73606040264187511,,0,1423,273.0,-900,-140.0,-660.0,,,2,4,,,,,,,,,,,45461,0,0
323701,73606040264187511,,0,1423,460.0,-1070,-300.0,-680.0,,,2,4,,,,,,,,,,,45461,0,0
323702,73606040279715247,,0,1423,407.0,-1020,-300.0,-630.0,,,2,4,,,,,,,,,,,45461,0,0
323703,73606040385096219,,0,1423,59.0,-1020,-180.0,-680.0,,,2,4,,,,,,,,,,,45461,0,0
323704,73606040478744576,,0,1423,,-850,-80.0,-560.0,120.0,0.0,3,4,,,,,,,43211.0,44200.0,,23055629.0,0,0,0
323705,73606041964009241,,0,1423,347.0,-1020,-300.0,,,,2,4,,,,,,,,,,,45433,0,0
323706,73606042054657954,,0,1423,490.0,-920,-150.0,,,,2,4,,,,,,,,,,,45433,0,0
323707,73606042071435654,,0,1423,95.0,-1050,-250.0,,,,2,4,,,,,,,,,,,45433,0,0
323708,73606042200261084,,0,1423,356.0,-880,-160.0,-610.0,,,2,4,,,,,,,,,,,45461,0,0
323709,73606042238415010,,0,3300,460.0,-1080,-170.0,-770.0,,,2,4,,,,,,,,,,,45458,0,0
323710,73606042238415010,,0,3300,490.0,-970,-70.0,-780.0,,,2,4,,,,,,,,,,,45458,0,0
323711,73606042238415010,,0,3300,489.0,-1000,-130.0,-780.0,,,2,4,,,,,,,,,,,45458,0,0
323712,73606042238415010,,0,3300,95.0,-1060,-190.0,-770.0,,,2,4,,,,,,,,,,,45458,0,0
323713,73606042280358327,,0,3300,281.0,-1100,-170.0,-830.0,,,2,4,,,,,,,,,,,45458,0,0
323714,73606042328592428,,0,3300,59.0,-1140,-190.0,-830.0,,,2,4,,,,,,,,,,,45458,0,0
323715,73606042548386376,,0,1423,93.0,-1010,-300.0,-620.0,,,2,4,,,,,,,,,,,45461,0,0
323716,73606044570704430,,0,1423,406.0,-980,-300.0,-590.0,,,2,4,,,,,,,,,,,45461,0,0
323717,73606044728557568,,0,1423,,-850,-110.0,-540.0,100.0,0.0,3,4,,,,,,,43211.0,44200.0,,23055629.0,0,0,0
323718,73606045123035434,,0,1423,460.0,-980,-300.0,,,,2,4,,,,,,,,,,,45433,0,0
323719,73606045720775150,,0,450,489.0,-880,-40.0,-740.0,,,2,4,,,,,,,,,,,45458,0,0
323720,73606045717105849,,0,1423,489.0,-850,-100.0,-540.0,121.0,,1,4,274.0,1517.0,,,,,,,,,45459,0,0
323721,73606045859398692,,0,1423,124.0,-980,-300.0,-590.0,,,2,4,,,,,,,,,,,45461,0,0
323722,73606046003125626,,0,1423,490.0,-930,-170.0,,,,2,4,,,,,,,,,,,45433,0,0
323723,73606047873277422,,0,1423,273.0,-870,-180.0,-590.0,,,2,4,,,,,,,,,,,45461,0,0
323724,73606047873277422,,0,1423,148.0,-900,-220.0,-590.0,,,2,4,,,,,,,,,,,45461,0,0
323725,73606048882088211,,0,1423,406.0,-980,-300.0,,,,2,4,,,,,,,,,,,45433,0,0
323726,73606048940556288,,0,1423,,-850,-110.0,-530.0,90.0,0.0,3,4,,,,,,,43211.0,44200.0,,23055629.0,0,0,0
323727,73606049071169746,,0,1423,460.0,-850,-170.0,-590.0,,,2,4,,,,,,,,,,,45461,0,0
323728,73606049610280697,,0,1423,95.0,-980,-300.0,,,,2,4,,,,,,,,,,,45433,0,0
323729,73606049814377747,,0,450,489.0,-880,-40.0,-740.0,,,2,4,,,,,,,,,,,45458,0,0
323730,73606049810708118,,0,1423,489.0,-850,-110.0,-540.0,119.0,,1,4,274.0,1133.0,,,,,,,,,45459,0,0
323731,73606049945068930,,0,1423,490.0,-890,-160.0,-580.0,,,2,4,,,,,,,,,,,45458,0,0
323732,73606050002016007,,0,3300,490.0,-980,-90.0,-790.0,,,2,4,,,,,,,,,,,45458,0,0
323733,73606050002016007,,0,3300,460.0,-1190,-300.0,-800.0,,,2,4,,,,,,,,,,,45458,0,0
323734,73606050002016007,,0,3300,489.0,-1010,-110.0,-790.0,,,2,4,,,,,,,,,,,45458,0,0
323735,73606050043959043,,0,3300,95.0,-1110,-190.0,-820.0,,,2,4,,,,,,,,,,,45458,0,0
323736,73606050078599769,,0,1423,124.0,-930,-270.0,,,,2,4,,,,,,,,,,,45433,0,0
323737,73606050064984179,,0,3300,281.0,-1080,-190.0,-780.0,,,2,4,,,,,,,,,,,45458,0,0
323738,73606052020949744,,0,1423,59.0,-1050,-190.0,-740.0,,,2,4,,,,,,,,,,,45461,0,0
323739,73606052036496744,,0,1423,407.0,-870,-170.0,,,,2,4,,,,,,,,,,,45433,0,0
323740,73606052020949744,,0,1423,273.0,-1010,-200.0,-660.0,,,2,4,,,,,,,,,,,45461,0,0
323741,73606052020949744,,0,1423,148.0,-910,-190.0,-630.0,,,2,4,,,,,,,,,,,45461,0,0
323742,73606052667172617,,0,1423,356.0,-1060,-300.0,-670.0,,,2,4,,,,,,,,,,,45461,0,0
323743,73606052970525078,,0,1423,406.0,-1030,-300.0,-640.0,,,2,4,,,,,,,,,,,45461,0,0
323744,73606053004079453,,0,1423,460.0,-1000,-220.0,-680.0,,,2,4,,,,,,,,,,,45461,0,0
323745,73606053099077632,,0,1423,,-850,-80.0,-570.0,130.0,0.0,3,4,,,,,,,43211.0,44200.0,,23055629.0,0,0,0
323746,73606053343701097,,0,3102,460.0,-1100,-190.0,-790.0,,,2,4,,,,,,,,,,,45458,0,0
323747,73606053343701097,,0,3102,489.0,-970,-100.0,-770.0,,,2,4,,,,,,,,,,,45458,0,0
323748,73606053343701097,,0,3102,490.0,-1060,-160.0,-770.0,,,2,4,,,,,,,,,,,45458,0,0
323749,73606053385696187,,0,3102,59.0,-1110,-210.0,-800.0,,,2,4,,,,,,,,,,,45458,0,0
323750,73606053385696187,,0,3102,95.0,-1080,-190.0,-800.0,,,2,4,,,,,,,,,,,45458,0,0
323751,73606053555153770,,0,1423,95.0,-970,-270.0,,,,2,4,,,,,,,,,,,45433,0,0
323752,73606053996026619,,0,1423,490.0,-930,-160.0,-630.0,,,2,4,,,,,,,,,,,45461,0,0
323753,73606054023726102,,0,1423,124.0,-1060,-300.0,,,,2,4,,,,,,,,,,,45433,0,0
323754,73606055975784627,,0,1423,273.0,-1060,-300.0,-670.0,,,2,4,,,,,,,,,,,45461,0,0
323755,73606056311327296,,0,1423,407.0,-1000,-210.0,-680.0,,,2,4,,,,,,,,,,,45461,0,0
323756,73606056529434258,,0,1423,30.0,-960,-160.0,-650.0,,,2,4,,,,,,,,,,,45461,0,0
323757,73606056545040258,,0,1423,30.0,-960,-160.0,,,,2,4,,,,,,,,,,,45433,0,0
323758,73606056927860227,,0,450,489.0,-880,-50.0,-740.0,,,2,4,,,,,,,,,,,45458,0,0
323759,73606056924193100,,0,1423,489.0,-850,-80.0,-560.0,93.0,,1,4,274.0,1389.0,,,,,,,,,45459,0,0
323760,73606056991463695,,0,1423,460.0,-1010,-190.0,-670.0,,,2,4,,,,,,,,,,,45458,0,0
323761,73606057340370944,,0,1423,,-850,-80.0,-570.0,120.0,0.0,3,4,,,,,,,43211.0,44200.0,,23055629.0,0,0,0
323762,73606057345827734,,0,425,90.0,-1220,-300.0,-830.0,,,2,4,,,,,,,,,,,45458,0,0
323763,73606057393491920,,0,1423,59.0,-1120,-300.0,-730.0,,,2,4,,,,,,,,,,,45461,0,0
323764,73606057462957145,,0,1423,406.0,-1060,-230.0,-680.0,,,2,4,,,,,,,,,,,45461,0,0
323765,73606057495366690,,0,1423,95.0,-1050,-290.0,,,,2,4,,,,,,,,,,,45433,0,0
323766,73606057972935996,,0,1423,490.0,-930,-150.0,-630.0,,,2,4,,,,,,,,,,,45461,0,0
323767,73606057972935996,,0,1423,124.0,-1000,-300.0,-610.0,,,2,4,,,,,,,,,,,45461,0,0
323768,73606058308575093,,0,1423,498.0,-1170,-300.0,-780.0,,,2,4,,,,,,,,,,,45461,0,0
323769,73606058324215093,,0,1423,498.0,-1170,-300.0,,,,2,4,,,,,,,,,,,45433,0,0
323770,73606059291721266,,0,1423,148.0,-950,-180.0,-630.0,,,2,4,,,,,,,,,,,45461,0,0
323771,73606060023102354,,0,1423,273.0,-1060,-300.0,-670.0,,,2,4,,,,,,,,,,,45461,0,0
323772,73606060294996722,,0,1423,407.0,-920,-160.0,-660.0,,,2,4,,,,,,,,,,,45461,0,0
323773,73606060938803070,,0,1423,460.0,-1010,-300.0,,,,2,4,,,,,,,,,,,45433,0,0
323774,73606061309407468,,0,425,90.0,-1160,-230.0,-830.0,,,2,4,,,,,,,,,,,45458,0,0
323775,73606061437981985,,0,1423,95.0,-1040,-260.0,,,,2,4,,,,,,,,,,,45433,0,0
323776,73606061450416932,,0,1423,406.0,-1040,-300.0,,,,2,4,,,,,,,,,,,45433,0,0
323777,73606061549223936,,0,1423,,-850,-70.0,-570.0,90.0,0.0,3,4,,,,,,,43211.0,44200.0,,23055629.0,0,0,0
323778,73606061482747546,,0,1423,59.0,-1060,-220.0,-740.0,,,2,4,,,,,,,,,,,45461,0,0
323779,73606061694139251,,0,450,489.0,-880,-80.0,-700.0,,,2,4,,,,,,,,,,,45458,0,0
323780,73606061688896806,,0,1423,489.0,-850,-80.0,-570.0,107.0,,1,4,274.0,1261.0,,,,,,,,,45459,0,0
323781,73606061957475841,,0,1423,490.0,-920,-140.0,-630.0,,,2,4,,,,,,,,,,,45458,0,0
323782,73606062222768067,,0,3300,460.0,-1090,-200.0,-790.0,,,2,4,,,,,,,,,,,45458,0,0
323783,73606062222768067,,0,3300,490.0,-970,-80.0,-800.0,,,2,4,,,,,,,,,,,45458,0,0
323784,73606062222768067,,0,3300,95.0,-1070,-160.0,-800.0,,,2,4,,,,,,,,,,,45458,0,0
323785,73606062222768067,,0,3300,489.0,-990,-100.0,-800.0,,,2,4,,,,,,,,,,,45458,0,0
323786,73606062264043988,,0,1423,124.0,-1060,-300.0,-670.0,,,2,4,,,,,,,,,,,45461,0,0
323787,73606062451592365,,0,1423,356.0,-950,-180.0,-650.0,,,2,4,,,,,,,,,,,45461,0,0
323788,73606062898519316,,0,1423,374.0,-1040,-300.0,,,,2,4,,,,,,,,,,,45433,0,0
323789,73606062882798316,,0,1423,374.0,-1040,-300.0,-650.0,,,2,4,,,,,,,,,,,45461,0,0
323790,73606062907811890,,0,1423,374.0,-1060,-250.0,-670.0,,,2,4,,,,,,,,,,,45461,0,0
323791,73606062923533890,,0,1423,374.0,-1060,-280.0,,,,2,4,,,,,,,,,,,45433,0,0
323792,73606062919872974,,0,1423,374.0,-1050,-300.0,-660.0,,,2,4,,,,,,,,,,,45461,0,0
323793,73606062970457311,,0,1423,496.0,-940,-270.0,,,,2,4,,,,,,,,,,,45433,0,0
323794,73606062935595974,,0,1423,374.0,-1050,-290.0,,,,2,4,,,,,,,,,,,45433,0,0
323795,73606063292321111,,0,1423,148.0,-1030,-300.0,-640.0,,,2,4,,,,,,,,,,,45461,0,0
323796,73606063790333498,,0,1423,93.0,-1020,-210.0,-650.0,,,2,4,,,,,,,,,,,45461,0,0
323797,73606064484805000,,0,1423,273.0,-920,-220.0,-600.0,,,2,4,,,,,,,,,,,45461,0,0
323798,73606065214927658,,0,1423,460.0,-1020,-300.0,-630.0,,,2,4,,,,,,,,,,,45461,0,0
323799,73606065378412337,,0,1423,95.0,-1030,-290.0,,,,2,4,,,,,,,,,,,45433,0,0
323800,73606065426699527,,0,1423,406.0,-1060,-300.0,,,,2,4,,,,,,,,,,,45433,0,0
323801,73606065741692928,,0,1423,,-850,-80.0,-570.0,120.0,0.0,3,4,,,,,,,43211.0,44200.0,,23055629.0,0,0,0
323802,73606065850399890,,0,1423,407.0,-1000,-210.0,-640.0,,,2,4,,,,,,,,,,,45461,0,0
323803,73606065899704943,,0,1423,490.0,-940,-150.0,,,,2,4,,,,,,,,,,,45433,0,0
323804,73606066124693473,,0,1423,323.0,-1060,-280.0,,,,2,4,,,,,,,,,,,45433,0,0
323805,73606066208587471,,0,1423,124.0,-1030,-220.0,,,,2,4,,,,,,,,,,,45433,0,0
323806,73606066330345721,,0,1423,59.0,-1030,-300.0,-640.0,,,2,4,,,,,,,,,,,45461,0,0
323807,73606066407564807,,0,1423,10.0,-990,-240.0,-660.0,,,2,4,,,,,,,,,,,45461,0,0
323808,73606066423337807,,0,1423,10.0,-1000,-280.0,,,,2,4,,,,,,,,,,,45433,0,0
323809,73606066424342049,,0,1423,10.0,-1050,-300.0,-660.0,,,2,4,,,,,,,,,,,45461,0,0
323810,73606066440116049,,0,1423,10.0,-1040,-280.0,,,,2,4,,,,,,,,,,,45433,0,0
323811,73606066441120058,,0,1423,10.0,-1030,-300.0,-640.0,,,2,4,,,,,,,,,,,45461,0,0
323812,73606066456895058,,0,1423,10.0,-1040,-290.0,,,,2,4,,,,,,,,,,,45433,0,0
323813,73606066457896551,,0,1423,10.0,-1050,-300.0,-660.0,,,2,4,,,,,,,,,,,45461,0,0
323814,73606066473672551,,0,1423,10.0,-1050,-290.0,,,,2,4,,,,,,,,,,,45433,0,0
323815,73606066520694049,,0,1423,489.0,-850,-70.0,-550.0,125.0,,1,4,274.0,1261.0,,,,,,,,,45459,0,0
323816,73606066524363080,,0,450,489.0,-880,-40.0,-740.0,,,2,4,,,,,,,,,,,45458,0,0
323817,73606066807157247,,0,3102,490.0,-1040,-150.0,-790.0,,,2,4,,,,,,,,,,,45458,0,0
323818,73606066807157247,,0,3102,95.0,-1070,-170.0,-800.0,,,2,4,,,,,,,,,,,45458,0,0
323819,73606066807157247,,0,3102,460.0,-1100,-220.0,-790.0,,,2,4,,,,,,,,,,,45458,0,0
323820,73606066807157247,,0,3102,489.0,-970,-90.0,-790.0,,,2,4,,,,,,,,,,,45458,0,0
323821,73606067129044120,,0,1423,356.0,-940,-180.0,-660.0,,,2,4,,,,,,,,,,,45461,0,0
323822,73606067232022570,,0,1423,148.0,-970,-270.0,,,,2,4,,,,,,,,,,,45433,0,0
323823,73606068195901314,,0,1423,281.0,-1050,-300.0,-660.0,,,2,4,,,,,,,,,,,45461,0,0
323824,73606069065000072,,0,1423,273.0,-970,-300.0,-580.0,,,2,4,,,,,,,,,,,45461,0,0
323825,73606069081836614,,0,1423,422.0,-1030,-260.0,-640.0,,,2,4,,,,,,,,,,,45461,0,0
323826,73606069097656614,,0,1423,422.0,-1030,-260.0,,,,2,4,,,,,,,,,,,45433,0,0
323827,73606069189104108,,0,1423,460.0,-1040,-300.0,-650.0,,,2,4,,,,,,,,,,,45461,0,0
323828,73606069375807524,,0,1423,95.0,-970,-300.0,-580.0,,,2,4,,,,,,,,,,,45461,0,0
323829,73606069749509629,,0,1423,406.0,-930,-190.0,-640.0,,,2,4,,,,,,,,,,,45461,0,0
323830,73606070034104320,,0,1423,,-850,-90.0,-570.0,120.0,0.0,3,4,,,,,,,43211.0,44200.0,,23055629.0,0,0,0
323831,73606070115201592,,0,1423,490.0,-910,-130.0,-630.0,,,2,4,,,,,,,,,,,45461,0,0
323832,73606070147858265,,0,1423,124.0,-1040,-230.0,,,,2,4,,,,,,,,,,,45433,0,0
323833,73606070480116880,,0,1423,489.0,-850,-120.0,-510.0,136.0,,1,4,274.0,9836.0,,,,,,,,,45459,0,0
323834,73606070743228609,,0,3300,59.0,-1170,-210.0,-850.0,,,2,4,,,,,,,,,,,45458,0,0
323835,73606070743228609,,0,3300,460.0,-1080,-170.0,-810.0,,,2,4,,,,,,,,,,,45458,0,0
323836,73606070743228609,,0,3300,281.0,-1110,-190.0,-820.0,,,2,4,,,,,,,,,,,45458,0,0
323837,73606070743228609,,0,3300,490.0,-970,-80.0,-800.0,,,2,4,,,,,,,,,,,45458,0,0
323838,73606070999557981,,0,1423,59.0,-1000,-170.0,-740.0,,,2,4,,,,,,,,,,,45461,0,0
323839,73606071650569481,,0,1423,407.0,-1060,-300.0,-660.0,,,2,4,,,,,,,,,,,45461,0,0
323840,73606073163754423,,0,1423,460.0,-1030,-210.0,-680.0,,,2,4,,,,,,,,,,,45461,0,0
323841,73606073179624423,,0,1423,273.0,-930,-160.0,,,,2,4,,,,,,,,,,,45433,0,0
323842,73606073230914993,,0,1423,148.0,-890,-190.0,-600.0,,,2,4,,,,,,,,,,,45461,0,0
323843,73606073502644378,,0,1423,95.0,-980,-230.0,-660.0,,,2,4,,,,,,,,,,,45461,0,0
323844,73606073687154068,,0,1423,406.0,-950,-200.0,-590.0,,,2,4,,,,,,,,,,,45461,0,0
323845,73606074062209824,,0,1423,490.0,-910,-150.0,,,,2,4,,,,,,,,,,,45433,0,0
323846,73606074282868736,,0,1423,,-850,-90.0,-550.0,110.0,0.0,3,4,,,,,,,43211.0,44200.0,,23055629.0,0,0,0
323847,73606074230781772,,0,1423,124.0,-1050,-280.0,-670.0,,,2,4,,,,,,,,,,,45461,0,0
323848,73606074532920923,,0,1423,93.0,-1040,-300.0,-650.0,,,2,4,,,,,,,,,,,45461,0,0
323849,73606074711640585,,0,450,490.0,-980,-160.0,-730.0,,,2,4,,,,,,,,,,,45458,0,0
323850,73606074707916289,,0,1423,489.0,-850,-90.0,-560.0,101.0,,1,4,274.0,1517.0,,,,,,,,,45459,0,0
323851,73606074711640585,,0,450,489.0,-870,-50.0,-730.0,,,2,4,,,,,,,,,,,45458,0,0
323852,73606075001624173,,0,3300,95.0,-1090,-190.0,-810.0,,,2,4,,,,,,,,,,,45458,0,0
323853,73606075001624173,,0,3300,489.0,-1010,-110.0,-790.0,,,2,4,,,,,,,,,,,45458,0,0
323854,73606075001624173,,0,3300,490.0,-980,-90.0,-790.0,,,2,4,,,,,,,,,,,45458,0,0
323855,73606075001624173,,0,3300,460.0,-1100,-190.0,-810.0,,,2,4,,,,,,,,,,,45458,0,0
323856,73606075064231984,,0,1423,323.0,-990,-220.0,-670.0,,,2,4,,,,,,,,,,,45461,0,0
323857,73606075755403396,,0,1423,59.0,-1030,-210.0,-730.0,,,2,4,,,,,,,,,,,45461,0,0
323858,73606077342568103,,0,1423,148.0,-1040,-220.0,-670.0,,,2,4,,,,,,,,,,,45461,0,0
323859,73606077342568103,,0,1423,460.0,-1060,-300.0,-670.0,,,2,4,,,,,,,,,,,45461,0,0
323860,73606077342568103,,0,1423,273.0,-920,-150.0,-670.0,,,2,4,,,,,,,,,,,45461,0,0
323861,73606077604334668,,0,1423,407.0,-910,-210.0,-600.0,,,2,4,,,,,,,,,,,45461,0,0
323862,73606077604334668,,0,1423,496.0,-1040,-220.0,-680.0,,,2,4,,,,,,,,,,,45461,0,0
323863,73606077604334668,,0,1423,95.0,-970,-210.0,-660.0,,,2,4,,,,,,,,,,,45461,0,0
323864,73606077620274668,,0,1423,406.0,-1040,-270.0,,,,2,4,,,,,,,,,,,45433,0,0
323865,73606078016174214,,0,1423,490.0,-920,-140.0,,,,2,4,,,,,,,,,,,45433,0,0
323866,73606078177250306,,0,1423,124.0,-900,-250.0,,,,2,4,,,,,,,,,,,45433,0,0
323867,73606078510661632,,0,1423,,-850,-80.0,-570.0,140.0,0.0,3,4,,,,,,,43211.0,44200.0,,23055629.0,0,0,0
323868,73606078667363656,,0,1423,489.0,-850,-90.0,-560.0,124.0,,1,4,274.0,10092.0,,,,,,,,,45459,0,0
323869,73606078699766375,,0,3102,489.0,-970,-100.0,-770.0,,,2,4,,,,,,,,,,,45458,0,0
323870,73606078699766375,,0,3102,490.0,-1040,-150.0,-770.0,,,2,4,,,,,,,,,,,45458,0,0
323871,73606078727083596,,0,3102,460.0,-1060,-180.0,-780.0,,,2,4,,,,,,,,,,,45458,0,0
323872,73606078727083596,,0,3102,95.0,-1070,-190.0,-790.0,,,2,4,,,,,,,,,,,45458,0,0
323873,73606081352341658,,0,1423,460.0,-1050,-300.0,-660.0,,,2,4,,,,,,,,,,,45461,0,0
323874,73606081654232106,,0,1423,95.0,-1060,-250.0,-660.0,,,2,4,,,,,,,,,,,45461,0,0
323875,73606081861543668,,0,1423,59.0,-1030,-270.0,,,,2,4,,,,,,,,,,,45433,0,0
323876,73606081687824970,,0,1423,407.0,-990,-220.0,-680.0,,,2,4,,,,,,,,,,,45461,0,0
323877,73606081687824970,,0,1423,406.0,-990,-170.0,-680.0,,,2,4,,,,,,,,,,,45461,0,0
323878,73606082841313413,,0,1423,273.0,-1050,-280.0,,,,2,4,,,,,,,,,,,45433,0,0
323879,73606082855301187,,0,1423,490.0,-920,-150.0,-620.0,,,2,4,,,,,,,,,,,45461,0,0
323880,73606081745028777,,0,1423,148.0,-1070,-300.0,-680.0,,,2,4,,,,,,,,,,,45461,0,0
323881,73606086268445273,,0,1423,406.0,-950,-220.0,,,,2,4,,,,,,,,,,,45433,0,0
323882,73606086299758722,,0,1423,460.0,-1030,-210.0,-680.0,,,2,4,,,,,,,,,,,45461,0,0
323883,73606086299758722,,0,1423,95.0,-1040,-300.0,-650.0,,,2,4,,,,,,,,,,,45461,0,0
323884,73606081899223291,,0,1423,453.0,-1030,-300.0,-640.0,,,2,4,,,,,,,,,,,45461,0,0
323885,73606081915227291,,0,1423,453.0,-1030,-300.0,,,,2,4,,,,,,,,,,,45433,0,0
323886,73606081922872437,,0,1423,453.0,-1020,-300.0,-630.0,,,2,4,,,,,,,,,,,45461,0,0
323887,73606081938877437,,0,1423,453.0,-1030,-300.0,,,,2,4,,,,,,,,,,,45433,0,0
323888,73606082313138947,,0,3300,489.0,-1010,-100.0,-800.0,,,2,4,,,,,,,,,,,45458,0,0
323889,73606082313138947,,0,3300,460.0,-1080,-170.0,-810.0,,,2,4,,,,,,,,,,,45458,0,0
323890,73606136843052682,,0,1423,124.0,-1020,-250.0,,,,2,4,,,,,,,,,,,45433,0,0
323891,73606082850215251,,0,3102,460.0,-1040,-150.0,-790.0,,,2,4,,,,,,,,,,,45458,0,0
323892,73606082850215251,,0,3102,489.0,-960,-80.0,-790.0,,,2,4,,,,,,,,,,,45458,0,0
323893,73606082850215251,,0,3102,490.0,-1070,-150.0,-790.0,,,2,4,,,,,,,,,,,45458,0,0
323894,73606083438726388,,0,3102,95.0,-1070,-220.0,-760.0,,,2,4,,,,,,,,,,,45458,0,0
323895,73606084488924349,,0,1423,489.0,-850,-70.0,-580.0,128.0,,1,4,274.0,717.0,,,,,,,,,45459,0,0
323896,73606085660327257,,0,3102,406.0,-1090,-180.0,-780.0,,,2,4,,,,,,,,,,,45458,0,0
323897,73606086049494004,,0,1423,407.0,-950,-260.0,,,,2,4,,,,,,,,,,,45433,0,0
323898,73606086299758722,,0,1423,59.0,-1000,-190.0,-710.0,,,2,4,,,,,,,,,,,45461,0,0
323899,73606086546797413,,0,1423,116.0,-990,-280.0,,,,2,4,,,,,,,,,,,45433,0,0
323900,73606086684144972,,0,3102,281.0,-1050,-150.0,-800.0,,,2,4,,,,,,,,,,,45458,0,0
323901,73606137442422080,,0,1423,490.0,-920,-150.0,,,,2,4,,,,,,,,,,,45433,0,0
323902,73606137454275151,,0,1423,406.0,-1020,-280.0,,,,2,4,,,,,,,,,,,45433,0,0
323903,73606086787493332,,0,1423,68.0,-980,-220.0,-660.0,,,2,4,,,,,,,,,,,45461,0,0
323904,73606086786873633,,0,1423,148.0,-1020,-300.0,,,,2,4,,,,,,,,,,,45433,0,0
323905,73606086787493332,,0,1423,273.0,-1060,-300.0,-670.0,,,2,4,,,,,,,,,,,45461,0,0
323906,73606086803706332,,0,1423,68.0,-980,-220.0,,,,2,4,,,,,,,,,,,45433,0,0
323907,73606086814343392,,0,1423,68.0,-1060,-300.0,-670.0,,,2,4,,,,,,,,,,,45461,0,0
323908,73606086830557392,,0,1423,68.0,-1050,-250.0,,,,2,4,,,,,,,,,,,45433,0,0
323909,73606081845541668,,0,1423,142.0,-920,-180.0,-650.0,,,2,4,,,,,,,,,,,45461,0,0
323910,73606081861543668,,0,1423,142.0,-940,-250.0,,,,2,4,,,,,,,,,,,45433,0,0
323911,73606081882394129,,0,1423,453.0,-1030,-300.0,-640.0,,,2,4,,,,,,,,,,,45461,0,0
323912,73606081898397129,,0,1423,453.0,-1040,-300.0,,,,2,4,,,,,,,,,,,45433,0,0
323913,73606082313138947,,0,3300,281.0,-1040,-150.0,-790.0,,,2,4,,,,,,,,,,,45458,0,0
323914,73606082341876065,,0,1423,272.0,-1040,-300.0,-650.0,,,2,4,,,,,,,,,,,45461,0,0
323915,73606082357900065,,0,1423,272.0,-1040,-300.0,,,,2,4,,,,,,,,,,,45433,0,0
323916,73606082313138947,,0,3300,490.0,-980,-80.0,-800.0,,,2,4,,,,,,,,,,,45458,0,0
323917,73606082361373961,,0,3300,95.0,-1060,-160.0,-800.0,,,2,4,,,,,,,,,,,45458,0,0
323918,73606082654348119,,0,1423,415.0,-1010,-250.0,-670.0,,,2,4,,,,,,,,,,,45461,0,0
323919,73606082670383119,,0,1423,415.0,-1010,-250.0,,,,2,4,,,,,,,,,,,45433,0,0
323920,73606082671088274,,0,1423,415.0,-1000,-200.0,-640.0,,,2,4,,,,,,,,,,,45461,0,0
323921,73606082687124274,,0,1423,415.0,-1000,-230.0,,,,2,4,,,,,,,,,,,45433,0,0
323922,73606082688367991,,0,1423,415.0,-1000,-300.0,-610.0,,,2,4,,,,,,,,,,,45461,0,0
323923,73606082704404991,,0,1423,415.0,-1000,-260.0,,,,2,4,,,,,,,,,,,45433,0,0
323924,73606082704682247,,0,1423,415.0,-1010,-240.0,-670.0,,,2,4,,,,,,,,,,,45461,0,0
323925,73606082720720247,,0,1423,415.0,-1010,-260.0,,,,2,4,,,,,,,,,,,45433,0,0
323926,73606082721303080,,0,1423,415.0,-940,-180.0,-650.0,,,2,4,,,,,,,,,,,45461,0,0
323927,73606082737342080,,0,1423,415.0,-950,-230.0,,,,2,4,,,,,,,,,,,45433,0,0
323928,73606082975414594,,0,1423,496.0,-1070,-300.0,-680.0,,,2,4,,,,,,,,,,,45461,0,0
323929,73606083059300105,,0,1423,457.0,-920,-200.0,-630.0,,,2,4,,,,,,,,,,,45461,0,0
323930,73606083075359105,,0,1423,457.0,-920,-200.0,,,,2,4,,,,,,,,,,,45433,0,0
323931,73606083076077929,,0,1423,457.0,-940,-210.0,-630.0,,,2,4,,,,,,,,,,,45461,0,0
323932,73606083092137929,,0,1423,457.0,-930,-200.0,,,,2,4,,,,,,,,,,,45433,0,0
323933,73606083133329822,,0,425,90.0,-1220,-300.0,-830.0,,,2,4,,,,,,,,,,,45458,0,0
323934,73606083370195326,,0,450,489.0,-870,-60.0,-720.0,,,2,4,,,,,,,,,,,45458,0,0
323935,73606083947664422,,0,1423,281.0,-1020,-200.0,-670.0,,,2,4,,,,,,,,,,,45461,0,0
323936,73606136772165632,,0,1423,,-850,-90.0,-550.0,40.0,0.0,3,4,,,,,,,43211.0,44200.0,,23055629.0,0,0,0
323937,73606084501339245,,0,3300,59.0,-1150,-210.0,-850.0,,,2,4,,,,,,,,,,,45458,0,0
323938,73606085022809885,,0,1423,323.0,-1000,-230.0,-670.0,,,2,4,,,,,,,,,,,45461,0,0
323939,73606085697709571,,0,1423,356.0,-950,-200.0,-590.0,,,2,4,,,,,,,,,,,45461,0,0
323940,73606137337253860,,0,3102,460.0,-1040,-170.0,-780.0,,,2,4,,,,,,,,,,,45458,0,0
323941,73606086648493427,,0,3102,281.0,-1060,-160.0,-800.0,,,2,4,,,,,,,,,,,45458,0,0
323942,73606137426180080,,0,1423,95.0,-980,-200.0,-660.0,,,2,4,,,,,,,,,,,45461,0,0
323943,73606086831065920,,0,1423,68.0,-1050,-300.0,-660.0,,,2,4,,,,,,,,,,,45461,0,0
323944,73606086847280920,,0,1423,68.0,-1050,-270.0,,,,2,4,,,,,,,,,,,45433,0,0
323945,73606087026046774,,0,1423,17.0,-1600,-280.0,-610.0,,,2,4,,,,,,,,,,,45461,0,0
323946,73606136675926777,,0,1423,460.0,-1040,-300.0,-650.0,,,2,4,,,,,,,,,,,45461,0,0
323947,73606136677903987,,0,3300,490.0,-970,-110.0,-770.0,,,2,4,,,,,,,,,,,45458,0,0
323948,73606136677903987,,0,3300,460.0,-1060,-180.0,-780.0,,,2,4,,,,,,,,,,,45458,0,0
323949,73606136678487041,,0,1423,489.0,-850,-70.0,-570.0,78.0,,1,4,274.0,4005.0,,,,,,,,,45459,0,0
323950,73606136677903987,,0,3300,489.0,-1000,-120.0,-770.0,,,2,4,,,,,,,,,,,45458,0,0
323951,73606136677903987,,0,3300,95.0,-1050,-180.0,-780.0,,,2,4,,,,,,,,,,,45458,0,0
323952,73606137337253860,,0,3102,489.0,-960,-90.0,-780.0,,,2,4,,,,,,,,,,,45458,0,0
323953,73606137597308103,,0,1423,163.0,-890,-220.0,-570.0,,,2,4,,,,,,,,,,,45461,0,0
323954,73606137613552103,,0,1423,163.0,-920,-270.0,,,,2,4,,,,,,,,,,,45433,0,0
323955,73606137614085309,,0,1423,163.0,-950,-190.0,-610.0,,,2,4,,,,,,,,,,,45461,0,0
323956,73606137630330309,,0,1423,163.0,-940,-250.0,,,,2,4,,,,,,,,,,,45433,0,0
323957,73606137768483337,,0,1423,273.0,-940,-190.0,-650.0,,,2,4,,,,,,,,,,,45461,0,0
323958,73606140112067663,,0,1423,323.0,-1020,-290.0,,,,2,4,,,,,,,,,,,45433,0,0
323959,73606139238222392,,0,1423,148.0,-1040,-300.0,-650.0,,,2,4,,,,,,,,,,,45461,0,0
323960,73606139271843595,,0,1423,347.0,-1010,-300.0,-620.0,,,2,4,,,,,,,,,,,45461,0,0
323961,73606140627357021,,0,1423,460.0,-980,-200.0,-660.0,,,2,4,,,,,,,,,,,45461,0,0
323962,73606140627357021,,0,1423,407.0,-1050,-300.0,-660.0,,,2,4,,,,,,,,,,,45461,0,0
323963,73606140944711680,,0,1423,,-850,-80.0,-550.0,110.0,0.0,3,4,,,,,,,43211.0,44200.0,,23055629.0,0,0,0
323964,73606141097174721,,0,1423,124.0,-1020,-240.0,-660.0,,,2,4,,,,,,,,,,,45461,0,0
323965,73606141212398527,,0,1423,489.0,-850,-80.0,-550.0,119.0,,1,4,274.0,1389.0,,,,,,,,,45459,0,0
323966,73606141413885418,,0,1423,490.0,-920,-150.0,-630.0,,,2,4,,,,,,,,,,,45458,0,0
323967,73606141519835079,,0,3102,489.0,-970,-80.0,-790.0,,,2,4,,,,,,,,,,,45458,0,0
323968,73606141519835079,,0,3102,490.0,-1040,-150.0,-790.0,,,2,4,,,,,,,,,,,45458,0,0
323969,73606141561832535,,0,3102,95.0,-1050,-160.0,-790.0,,,2,4,,,,,,,,,,,45458,0,0
323970,73606141561832535,,0,3102,460.0,-1040,-150.0,-790.0,,,2,4,,,,,,,,,,,45458,0,0
323971,73606141584555601,,0,1423,406.0,-920,-180.0,-650.0,,,2,4,,,,,,,,,,,45461,0,0
323972,73606141584555601,,0,1423,95.0,-1010,-200.0,-650.0,,,2,4,,,,,,,,,,,45461,0,0
323973,73606142618070807,,0,1423,273.0,-1040,-300.0,-650.0,,,2,4,,,,,,,,,,,45461,0,0
323974,73606143399930100,,0,1423,148.0,-1060,-300.0,-670.0,,,2,4,,,,,,,,,,,45461,0,0
323975,73606143497034013,,0,1423,59.0,-1020,-300.0,-630.0,,,2,4,,,,,,,,,,,45461,0,0
323976,73606144184672819,,0,1423,130.0,-1030,-300.0,,,,2,4,,,,,,,,,,,45433,0,0
323977,73606144168328819,,0,1423,130.0,-1030,-300.0,-640.0,,,2,4,,,,,,,,,,,45461,0,0
323978,73606144185108423,,0,1423,130.0,-1050,-300.0,-660.0,,,2,4,,,,,,,,,,,45461,0,0
323979,73606144201453423,,0,1423,130.0,-1050,-300.0,,,,2,4,,,,,,,,,,,45433,0,0
323980,73606144858547489,,0,1423,407.0,-1030,-300.0,-640.0,,,2,4,,,,,,,,,,,45461,0,0
323981,73606144874907489,,0,1423,460.0,-1040,-300.0,,,,2,4,,,,,,,,,,,45433,0,0
323982,73606144888519161,,0,3300,490.0,-970,-80.0,-800.0,,,2,4,,,,,,,,,,,45458,0,0
323983,73606144888519161,,0,3300,489.0,-1000,-90.0,-800.0,,,2,4,,,,,,,,,,,45458,0,0
323984,73606144888519161,,0,3300,281.0,-1100,-170.0,-830.0,,,2,4,,,,,,,,,,,45458,0,0
323985,73606144888519161,,0,3300,460.0,-1100,-190.0,-820.0,,,2,4,,,,,,,,,,,45458,0,0
323986,73606144817216244,,0,3300,95.0,-1080,-180.0,-800.0,,,2,4,,,,,,,,,,,45458,0,0
323987,73606145116386849,,0,1423,496.0,-1040,-210.0,-680.0,,,2,4,,,,,,,,,,,45461,0,0
323988,73606145116386849,,0,1423,124.0,-1050,-230.0,-670.0,,,2,4,,,,,,,,,,,45461,0,0
323989,73606145207500800,,0,1423,,-850,-80.0,-560.0,40.0,0.0,3,4,,,,,,,43211.0,44200.0,,23055629.0,0,0,0
323990,73606145270752924,,0,1423,347.0,-1000,-300.0,-610.0,,,2,4,,,,,,,,,,,45461,0,0
323991,73606145384779416,,0,1423,490.0,-920,-150.0,-630.0,,,2,4,,,,,,,,,,,45461,0,0
323992,73606145998812687,,0,1423,406.0,-1070,-300.0,-680.0,,,2,4,,,,,,,,,,,45461,0,0
323993,73606145998812687,,0,1423,95.0,-1030,-230.0,-650.0,,,2,4,,,,,,,,,,,45461,0,0
323994,73606147830437579,,0,1423,273.0,-900,-150.0,,,,2,4,,,,,,,,,,,45433,0,0
323995,73606148048975430,,0,1423,148.0,-940,-220.0,-630.0,,,2,4,,,,,,,,,,,45461,0,0
323996,73606148262464933,,0,450,489.0,-880,-40.0,-740.0,,,2,4,,,,,,,,,,,45458,0,0
323997,73606148258795195,,0,1423,489.0,-850,-70.0,-560.0,78.0,,1,4,274.0,1517.0,,,,,,,,,45459,0,0
323998,73606148428661404,,0,3300,59.0,-1130,-200.0,-840.0,,,2,4,,,,,,,,,,,45458,0,0
323999,73606148916929612,,0,1423,407.0,-1030,-300.0,-640.0,,,2,4,,,,,,,,,,,45461,0,0
324000,73606149289283757,,0,1423,460.0,-960,-210.0,-600.0,,,2,4,,,,,,,,,,,45461,0,0
324001,73606149328003503,,0,1423,490.0,-900,-160.0,,,,2,4,,,,,,,,,,,45433,0,0
324002,73606149416893346,,0,1423,124.0,-1010,-230.0,-660.0,,,2,4,,,,,,,,,,,45461,0,0
324003,73606149416893346,,0,1423,209.0,-910,-180.0,-630.0,,,2,4,,,,,,,,,,,45461,0,0
324004,73606149433325346,,0,1423,209.0,-930,-260.0,,,,2,4,,,,,,,,,,,45433,0,0
324005,73606149482086400,,0,1423,,-850,-90.0,-540.0,90.0,0.0,3,4,,,,,,,43211.0,44200.0,,23055629.0,0,0,0
324006,73606150104755518,,0,1423,406.0,-1040,-300.0,-650.0,,,2,4,,,,,,,,,,,45461,0,0
324007,73606150855979231,,0,1423,95.0,-970,-190.0,,,,2,4,,,,,,,,,,,45433,0,0
324008,73606151876408782,,0,1423,273.0,-990,-200.0,-650.0,,,2,4,,,,,,,,,,,45461,0,0
324009,73606152087689542,,0,450,490.0,-990,-180.0,-720.0,,,2,4,,,,,,,,,,,45458,0,0
324010,73606152218223705,,0,1423,489.0,-850,-90.0,-550.0,37.0,,1,4,274.0,10092.0,,,,,,,,,45459,0,0
324011,73606152346161136,,0,3300,95.0,-1070,-170.0,-810.0,,,2,4,,,,,,,,,,,45458,0,0
324012,73606152331481113,,0,3300,460.0,-1070,-180.0,-800.0,,,2,4,,,,,,,,,,,45458,0,0
324013,73606152331481113,,0,3300,489.0,-1000,-120.0,-780.0,,,2,4,,,,,,,,,,,45458,0,0
324014,73606152331481113,,0,3300,490.0,-980,-100.0,-780.0,,,2,4,,,,,,,,,,,45458,0,0
324015,73606152421658377,,0,3300,59.0,-1110,-170.0,-820.0,,,2,4,,,,,,,,,,,45458,0,0
324016,73606152894564791,,0,450,489.0,-880,-70.0,-700.0,,,2,4,,,,,,,,,,,45458,0,0
324017,73606152950027316,,0,3102,489.0,-960,-110.0,-760.0,,,2,4,,,,,,,,,,,45458,0,0
324018,73606152950027316,,0,3102,95.0,-1030,-200.0,-740.0,,,2,4,,,,,,,,,,,45458,0,0
324019,73606153632153600,,0,1423,,-850,-100.0,-560.0,40.0,0.0,3,4,,,,,,,43211.0,44200.0,,23055629.0,0,0,0
324020,73606153585293711,,0,1423,490.0,-920,-160.0,,,,2,4,,,,,,,,,,,45433,0,0
324021,73606153585467757,,0,1423,39.0,-890,-200.0,-580.0,,,2,4,,,,,,,,,,,45461,0,0
324022,73606153601961757,,0,1423,460.0,-1020,-300.0,,,,2,4,,,,,,,,,,,45433,0,0
324023,73606153601961757,,0,1423,39.0,-890,-200.0,,,,2,4,,,,,,,,,,,45433,0,0
324024,73606153618739709,,0,1423,39.0,-870,-180.0,,,,2,4,,,,,,,,,,,45433,0,0
324025,73606153602244709,,0,1423,39.0,-870,-130.0,-650.0,,,2,4,,,,,,,,,,,45461,0,0
324026,73606153704201638,,0,1423,124.0,-990,-200.0,,,,2,4,,,,,,,,,,,45433,0,0
324027,73606153687704638,,0,1423,148.0,-910,-180.0,-640.0,,,2,4,,,,,,,,,,,45461,0,0
324028,73606154149003570,,0,1423,406.0,-1010,-300.0,,,,2,4,,,,,,,,,,,45433,0,0
324029,73606154612224767,,0,1423,407.0,-1000,-190.0,-660.0,,,2,4,,,,,,,,,,,45461,0,0
324030,73606154806693142,,0,1423,95.0,-950,-210.0,,,,2,4,,,,,,,,,,,45433,0,0
324031,73606155521562340,,0,1423,441.0,-900,-230.0,-580.0,,,2,4,,,,,,,,,,,45461,0,0
324032,73606155538088340,,0,1423,441.0,-910,-210.0,,,,2,4,,,,,,,,,,,45433,0,0
324033,73606156203370455,,0,1423,273.0,-1000,-300.0,,,,2,4,,,,,,,,,,,45433,0,0
324034,73606156337814791,,0,1423,311.0,-1010,-300.0,-620.0,,,2,4,,,,,,,,,,,45461,0,0
324035,73606156348236543,,0,3300,489.0,-1020,-150.0,-780.0,,,2,4,,,,,,,,,,,45458,0,0
324036,73606156495036767,,0,3300,460.0,-1080,-150.0,-830.0,,,2,4,,,,,,,,,,,45458,0,0
324037,73606156348236543,,0,3300,490.0,-970,-100.0,-780.0,,,2,4,,,,,,,,,,,45458,0,0
324038,73606156415345444,,0,3300,95.0,-1080,-170.0,-810.0,,,2,4,,,,,,,,,,,45458,0,0
324039,73606156559625829,,0,1423,489.0,-850,-70.0,-560.0,134.0,,1,4,274.0,9157.0,,,,,,,,,45459,0,0
324040,73606157784695534,,0,1423,460.0,-1000,-290.0,,,,2,4,,,,,,,,,,,45433,0,0
324041,73606157768131534,,0,1423,347.0,-990,-300.0,-600.0,,,2,4,,,,,,,,,,,45461,0,0
324042,73606157768131534,,0,1423,490.0,-920,-170.0,-600.0,,,2,4,,,,,,,,,,,45461,0,0
324043,73606157799263468,,0,1423,124.0,-990,-240.0,-650.0,,,2,4,,,,,,,,,,,45461,0,0
324044,73606158041874432,,0,1423,,-850,-90.0,-540.0,50.0,0.0,3,4,,,,,,,43211.0,44200.0,,23055629.0,0,0,0
324045,73606158201854989,,0,1423,406.0,-930,-260.0,,,,2,4,,,,,,,,,,,45433,0,0
324046,73606159044325620,,0,1423,95.0,-1010,-220.0,-660.0,,,2,4,,,,,,,,,,,45461,0,0
324047,73606159044325620,,0,1423,315.0,-970,-190.0,-680.0,,,2,4,,,,,,,,,,,45461,0,0
324048,73606159060898620,,0,1423,315.0,-980,-260.0,,,,2,4,,,,,,,,,,,45433,0,0
324049,73606159061102777,,0,1423,315.0,-970,-170.0,-700.0,,,2,4,,,,,,,,,,,45461,0,0
324050,73606159077676777,,0,1423,315.0,-970,-240.0,,,,2,4,,,,,,,,,,,45433,0,0
324051,73606159077882330,,0,1423,315.0,-960,-190.0,-680.0,,,2,4,,,,,,,,,,,45461,0,0
324052,73606159094457330,,0,1423,315.0,-960,-220.0,,,,2,4,,,,,,,,,,,45433,0,0
324053,73606159094656994,,0,1423,315.0,-1010,-220.0,-670.0,,,2,4,,,,,,,,,,,45461,0,0
324054,73606159111232994,,0,1423,315.0,-1000,-220.0,,,,2,4,,,,,,,,,,,45433,0,0
324055,73606159268230763,,0,450,489.0,-870,-40.0,-740.0,,,2,4,,,,,,,,,,,45458,0,0
324056,73606159487602252,,0,3300,59.0,-1240,-300.0,-850.0,,,2,4,,,,,,,,,,,45458,0,0
324057,73606160588584666,,0,3300,489.0,-1010,-110.0,-780.0,,,2,4,,,,,,,,,,,45458,0,0
324058,73606160588584666,,0,3300,95.0,-1090,-200.0,-800.0,,,2,4,,,,,,,,,,,45458,0,0
324059,73606160588584666,,0,3300,490.0,-970,-90.0,-780.0,,,2,4,,,,,,,,,,,45458,0,0
324060,73606160588584666,,0,3300,460.0,-1080,-190.0,-790.0,,,2,4,,,,,,,,,,,45458,0,0
324061,73606161057786856,,0,1423,273.0,-1010,-300.0,-620.0,,,2,4,,,,,,,,,,,45461,0,0
324062,73606162089377792,,0,1423,,-850,-80.0,-580.0,120.0,0.0,3,4,,,,,,,43211.0,44200.0,,23055629.0,0,0,0
324063,73606162337254266,,0,1423,490.0,-920,-150.0,-630.0,,,2,4,,,,,,,,,,,45461,0,0
324064,73606162337254266,,0,1423,406.0,-1010,-300.0,-620.0,,,2,4,,,,,,,,,,,45461,0,0
324065,73606162337254266,,0,1423,460.0,-1000,-230.0,-620.0,,,2,4,,,,,,,,,,,45461,0,0
324066,73606162337254266,,0,1423,407.0,-1060,-300.0,-670.0,,,2,4,,,,,,,,,,,45461,0,0
324067,73606162444514947,,0,1423,124.0,-1000,-280.0,,,,2,4,,,,,,,,,,,45433,0,0
324068,73606162991562140,,0,1423,95.0,-890,-200.0,-590.0,,,2,4,,,,,,,,,,,45461,0,0
324069,73606163223962008,,0,1423,489.0,-850,-80.0,-560.0,80.0,,1,4,274.0,1389.0,,,,,,,,,45459,0,0
324070,73606163628377312,,0,1423,93.0,-1030,-300.0,,,,2,4,,,,,,,,,,,45433,0,0
324071,73606163526060289,,0,3300,492.0,-1090,-190.0,-810.0,,,2,4,,,,,,,,,,,45458,0,0
324072,73606163526060289,,0,3300,281.0,-1090,-170.0,-820.0,,,2,4,,,,,,,,,,,45458,0,0
324073,73606163816298069,,0,1423,356.0,-950,-200.0,-650.0,,,2,4,,,,,,,,,,,45461,0,0
324074,73606164610265617,,0,3300,460.0,-1090,-180.0,-810.0,,,2,4,,,,,,,,,,,45458,0,0
324075,73606164610265617,,0,3300,95.0,-1090,-170.0,-810.0,,,2,4,,,,,,,,,,,45458,0,0
324076,73606164610265617,,0,3300,489.0,-1010,-130.0,-790.0,,,2,4,,,,,,,,,,,45458,0,0
324077,73606164610265617,,0,3300,490.0,-980,-90.0,-790.0,,,2,4,,,,,,,,,,,45458,0,0
324078,73606164966779741,,0,3300,406.0,-1070,-170.0,-800.0,,,2,4,,,,,,,,,,,45458,0,0
324079,73606165188553263,,0,1423,273.0,-920,-250.0,,,,2,4,,,,,,,,,,,45433,0,0
324080,73606165251156644,,0,1423,148.0,-980,-270.0,,,,2,4,,,,,,,,,,,45433,0,0
324081,73606166282895360,,0,1423,,-850,-100.0,-550.0,60.0,0.0,3,4,,,,,,,43211.0,44200.0,,23055629.0,0,0,0
324082,73606166343818728,,0,1423,460.0,-1040,-300.0,-650.0,,,2,4,,,,,,,,,,,45461,0,0
324083,73606166343818728,,0,1423,490.0,-910,-130.0,-630.0,,,2,4,,,,,,,,,,,45461,0,0
324084,73606166402655728,,0,1423,124.0,-980,-300.0,-590.0,,,2,4,,,,,,,,,,,45461,0,0
324085,73606166587204342,,0,1423,406.0,-990,-300.0,-600.0,,,2,4,,,,,,,,,,,45461,0,0
324086,73606166993740862,,0,1423,95.0,-1030,-300.0,,,,2,4,,,,,,,,,,,45433,0,0
324087,73606167089087110,,0,3300,59.0,-1150,-210.0,-850.0,,,2,4,,,,,,,,,,,45458,0,0
324088,73606167220484590,,0,1423,407.0,-1030,-300.0,-640.0,,,2,4,,,,,,,,,,,45461,0,0
324089,73606167384689798,,0,1423,489.0,-850,-80.0,-560.0,121.0,,1,4,274.0,1133.0,,,,,,,,,45459,0,0
324090,73606167761014205,,0,3102,489.0,-960,-100.0,-770.0,,,2,4,,,,,,,,,,,45458,0,0
324091,73606167809248582,,0,3102,460.0,-1080,-210.0,-770.0,,,2,4,,,,,,,,,,,45458,0,0
324092,73606167840706542,,0,3102,95.0,-1150,-300.0,-760.0,,,2,4,,,,,,,,,,,45458,0,0
324093,73606168244459826,,0,3300,281.0,-1060,-160.0,-810.0,,,2,4,,,,,,,,,,,45458,0,0
324094,73606170340980069,,0,1423,460.0,-960,-300.0,-560.0,,,2,4,,,,,,,,,,,45461,0,0
324095,73606170550599680,,0,1423,,-850,-110.0,-510.0,100.0,0.0,3,4,,,,,,,43211.0,44200.0,,23055629.0,0,0,0
324096,73606170750646297,,0,1423,406.0,-1040,-300.0,-650.0,,,2,4,,,,,,,,,,,45461,0,0
324097,73606170750646297,,0,1423,490.0,-910,-130.0,-630.0,,,2,4,,,,,,,,,,,45461,0,0
324098,73606170767272920,,0,1423,124.0,-920,-190.0,-640.0,,,2,4,,,,,,,,,,,45461,0,0
324099,73606170801445909,,0,1423,356.0,-1050,-300.0,-660.0,,,2,4,,,,,,,,,,,45461,0,0
324100,73606170818186909,,0,1423,273.0,-1050,-300.0,,,,2,4,,,,,,,,,,,45433,0,0
324101,73606170946722710,,0,450,489.0,-870,-40.0,-740.0,,,2,4,,,,,,,,,,,45458,0,0
324102,73606171165412166,,0,1423,148.0,-980,-300.0,-590.0,,,2,4,,,,,,,,,,,45461,0,0
324103,73606171157690219,,0,3102,490.0,-1060,-140.0,-790.0,,,2,4,,,,,,,,,,,45458,0,0
324104,73606171342620071,,0,1423,95.0,-880,-190.0,-590.0,,,2,4,,,,,,,,,,,45461,0,0
324105,73606171416530985,,0,1423,323.0,-940,-250.0,,,,2,4,,,,,,,,,,,45433,0,0
324106,73606172161504969,,0,1423,407.0,-1060,-300.0,-670.0,,,2,4,,,,,,,,,,,45461,0,0
324107,73606174506834322,,0,1423,460.0,-1040,-300.0,-640.0,,,2,4,,,,,,,,,,,45461,0,0
324108,73606174714861800,,0,1423,490.0,-920,-140.0,-640.0,,,2,4,,,,,,,,,,,45461,0,0
324109,73606174731646800,,0,1423,347.0,-980,-270.0,,,,2,4,,,,,,,,,,,45433,0,0
324110,73606174731646800,,0,1423,406.0,-1010,-270.0,,,,2,4,,,,,,,,,,,45433,0,0
324111,73606174801788928,,0,1423,,-850,-90.0,-530.0,50.0,0.0,3,4,,,,,,,43211.0,44200.0,,23055629.0,0,0,0
324112,73606174900826916,,0,1423,489.0,-850,-110.0,-530.0,54.0,,1,4,274.0,1133.0,,,,,,,,,45459,0,0
324113,73606174904553247,,0,450,490.0,-1070,-300.0,-680.0,,,2,4,,,,,,,,,,,45458,0,0
324114,73606174904553247,,0,450,489.0,-880,-90.0,-680.0,,,2,4,,,,,,,,,,,45458,0,0
324115,73606175171450713,,0,3300,489.0,-1000,-120.0,-780.0,,,2,4,,,,,,,,,,,45458,0,0
324116,73606175171450713,,0,3300,460.0,-1040,-150.0,-780.0,,,2,4,,,,,,,,,,,45458,0,0
324117,73606175171450713,,0,3300,490.0,-970,-90.0,-780.0,,,2,4,,,,,,,,,,,45458,0,0
324118,73606175171450713,,0,3300,95.0,-1070,-200.0,-780.0,,,2,4,,,,,,,,,,,45458,0,0
324119,73606175210780482,,0,1423,124.0,-990,-300.0,-600.0,,,2,4,,,,,,,,,,,45461,0,0
324120,73606175337616790,,0,1423,273.0,-990,-300.0,-590.0,,,2,4,,,,,,,,,,,45461,0,0
324121,73606175609440730,,0,1423,95.0,-990,-220.0,,,,2,4,,,,,,,,,,,45433,0,0
324122,73606176100428897,,0,425,90.0,-1100,-180.0,-820.0,,,2,4,,,,,,,,,,,45458,0,0
324123,73606176342756585,,0,1423,407.0,-1010,-300.0,,,,2,4,,,,,,,,,,,45433,0,0
324124,73606176958278302,,0,1423,323.0,-1010,-230.0,-630.0,,,2,4,,,,,,,,,,,45461,0,0
324125,73606177267778084,,0,1423,93.0,-1050,-300.0,-660.0,,,2,4,,,,,,,,,,,45461,0,0
324126,73606177683158373,,0,1423,356.0,-880,-190.0,-600.0,,,2,4,,,,,,,,,,,45461,0,0
324127,73606178199729548,,0,1423,148.0,-980,-300.0,-590.0,,,2,4,,,,,,,,,,,45461,0,0
324128,73606178276912102,,0,1423,59.0,-930,-190.0,-590.0,,,2,4,,,,,,,,,,,45461,0,0
324129,73606178725606663,,0,1423,490.0,-920,-180.0,,,,2,4,,,,,,,,,,,45433,0,0
324130,73606178708756663,,0,1423,460.0,-970,-300.0,-580.0,,,2,4,,,,,,,,,,,45461,0,0
324131,73606179099115520,,0,1423,,-850,-100.0,-530.0,40.0,0.0,3,4,,,,,,,43211.0,44200.0,,23055629.0,0,0,0
324132,73606179139383628,,0,1423,406.0,-990,-200.0,,,,2,4,,,,,,,,,,,45433,0,0
324133,73606179156162032,,0,1423,124.0,-1050,-280.0,,,,2,4,,,,,,,,,,,45433,0,0
324134,73606179273611568,,0,1423,273.0,-900,-160.0,,,,2,4,,,,,,,,,,,45433,0,0
324135,73606179329972008,,0,1423,489.0,-850,-100.0,-540.0,49.0,,1,4,274.0,1389.0,,,,,,,,,45459,0,0
324136,73606179665775387,,0,3102,489.0,-970,-80.0,-790.0,,,2,4,,,,,,,,,,,45458,0,0
324137,73606179665775387,,0,3102,490.0,-1030,-150.0,-790.0,,,2,4,,,,,,,,,,,45458,0,0
324138,73606179732884939,,0,3102,460.0,-1030,-150.0,-780.0,,,2,4,,,,,,,,,,,45458,0,0
324139,73606180147392808,,0,1423,95.0,-990,-300.0,-590.0,,,2,4,,,,,,,,,,,45461,0,0
324140,73606181076800533,,0,1423,415.0,-830,-160.0,-580.0,,,2,4,,,,,,,,,,,45461,0,0
324141,73606182690795545,,0,1423,490.0,-970,-300.0,-580.0,,,2,4,,,,,,,,,,,45461,0,0
324142,73606182690795545,,0,1423,460.0,-960,-300.0,-570.0,,,2,4,,,,,,,,,,,45461,0,0
324143,73606183175986844,,0,1423,406.0,-980,-300.0,-590.0,,,2,4,,,,,,,,,,,45461,0,0
324144,73606183251214336,,0,1423,,-850,-100.0,-530.0,40.0,0.0,3,4,,,,,,,43211.0,44200.0,,23055629.0,0,0,0
324145,73606183674018458,,0,1423,148.0,-940,-250.0,,,,2,4,,,,,,,,,,,45433,0,0
324146,73606184177145158,,0,1423,95.0,-1010,-230.0,-650.0,,,2,4,,,,,,,,,,,45461,0,0
324147,73606184430247898,,0,1423,489.0,-850,-90.0,-550.0,107.0,,1,4,274.0,10092.0,,,,,,,,,45459,0,0
324148,73606184907468340,,0,3102,460.0,-1100,-190.0,-790.0,,,2,4,,,,,,,,,,,45458,0,0
324149,73606184907468340,,0,3102,489.0,-960,-90.0,-780.0,,,2,4,,,,,,,,,,,45458,0,0
324150,73606184907468340,,0,3102,490.0,-1050,-160.0,-780.0,,,2,4,,,,,,,,,,,45458,0,0
324151,73606184946907516,,0,1423,347.0,-1020,-300.0,-630.0,,,2,4,,,,,,,,,,,45461,0,0
324152,73606184946907516,,0,1423,407.0,-1040,-300.0,-650.0,,,2,4,,,,,,,,,,,45461,0,0
324153,73606184963846516,,0,1423,124.0,-1020,-300.0,,,,2,4,,,,,,,,,,,45433,0,0
324154,73606185148135425,,0,1423,273.0,-1030,-270.0,,,,2,4,,,,,,,,,,,45433,0,0
324155,73606186711428291,,0,1423,490.0,-910,-150.0,-630.0,,,2,4,,,,,,,,,,,45461,0,0
324156,73606186711428291,,0,1423,396.0,-920,-180.0,-650.0,,,2,4,,,,,,,,,,,45461,0,0
324157,73606186711428291,,0,1423,460.0,-1050,-300.0,-660.0,,,2,4,,,,,,,,,,,45461,0,0
324158,73606186728379291,,0,1423,396.0,-940,-260.0,,,,2,4,,,,,,,,,,,45433,0,0
324159,73606186728207416,,0,1423,396.0,-960,-180.0,-650.0,,,2,4,,,,,,,,,,,45461,0,0
324160,73606186745159416,,0,1423,396.0,-960,-240.0,,,,2,4,,,,,,,,,,,45433,0,0
324161,73606187385975970,,0,1423,406.0,-930,-220.0,-620.0,,,2,4,,,,,,,,,,,45461,0,0
324162,73606187645861888,,0,1423,,-850,-100.0,-510.0,40.0,0.0,3,4,,,,,,,43211.0,44200.0,,23055629.0,0,0,0
324163,73606187923569640,,0,450,489.0,-880,-60.0,-720.0,,,2,4,,,,,,,,,,,45458,0,0
324164,73606187923569640,,0,450,460.0,-1040,-200.0,-750.0,,,2,4,,,,,,,,,,,45458,0,0
324165,73606188037659212,,0,3102,95.0,-1040,-150.0,-790.0,,,2,4,,,,,,,,,,,45458,0,0
324166,73606188146769820,,0,1423,95.0,-980,-300.0,-580.0,,,2,4,,,,,,,,,,,45461,0,0
324167,73606188259168216,,0,450,490.0,-990,-150.0,-740.0,,,2,4,,,,,,,,,,,45458,0,0
324168,73606188259168216,,0,450,460.0,-1050,-220.0,-740.0,,,2,4,,,,,,,,,,,45458,0,0
324169,73606188290362762,,0,3300,460.0,-1170,-300.0,-770.0,,,2,4,,,,,,,,,,,45458,0,0
324170,73606188290362762,,0,3300,489.0,-1010,-140.0,-780.0,,,2,4,,,,,,,,,,,45458,0,0
324171,73606188290362762,,0,3300,490.0,-970,-80.0,-780.0,,,2,4,,,,,,,,,,,45458,0,0
324172,73606188290362762,,0,3300,95.0,-1170,-300.0,-780.0,,,2,4,,,,,,,,,,,45458,0,0
324173,73606188353279222,,0,3300,281.0,-1120,-200.0,-820.0,,,2,4,,,,,,,,,,,45458,0,0
324174,73606190142431053,,0,1423,124.0,-980,-300.0,,,,2,4,,,,,,,,,,,45433,0,0
324175,73606190380321737,,0,1423,407.0,-890,-180.0,-610.0,,,2,4,,,,,,,,,,,45461,0,0
324176,73606190397152808,,0,1423,273.0,-940,-190.0,-660.0,,,2,4,,,,,,,,,,,45461,0,0
324177,73606190537076356,,0,1423,489.0,-850,-90.0,-560.0,62.0,,1,4,274.0,1261.0,,,,,,,,,45459,0,0
324178,73606190671437092,,0,1423,490.0,-930,-180.0,-590.0,,,2,4,,,,,,,,,,,45458,0,0
324179,73606190743117962,,0,3300,59.0,-1130,-210.0,-810.0,,,2,4,,,,,,,,,,,45458,0,0
324180,73606190903826711,,0,1423,460.0,-980,-300.0,-590.0,,,2,4,,,,,,,,,,,45461,0,0
324181,73606191879094272,,0,1423,,-850,-100.0,-510.0,40.0,0.0,3,4,,,,,,,43211.0,44200.0,,23055629.0,0,0,0
324182,73606192529102595,,0,1423,95.0,-1000,-300.0,-610.0,,,2,4,,,,,,,,,,,45461,0,0
324183,73606192562923934,,0,1423,406.0,-1040,-300.0,,,,2,4,,,,,,,,,,,45433,0,0
324184,73606193560684373,,0,450,489.0,-880,-60.0,-730.0,,,2,4,,,,,,,,,,,45458,0,0
324185,73606193560684373,,0,450,490.0,-990,-170.0,-730.0,,,2,4,,,,,,,,,,,45458,0,0
324186,73606193702336767,,0,3300,489.0,-1020,-150.0,-780.0,,,2,4,,,,,,,,,,,45458,0,0
324187,73606193702336767,,0,3300,490.0,-990,-100.0,-780.0,,,2,4,,,,,,,,,,,45458,0,0
324188,73606193921810818,,0,1423,148.0,-1050,-300.0,-660.0,,,2,4,,,,,,,,,,,45461,0,0
324189,73606194027775624,,0,1423,93.0,-1040,-300.0,-650.0,,,2,4,,,,,,,,,,,45461,0,0
324190,73606194640063345,,0,1423,490.0,-920,-150.0,,,,2,4,,,,,,,,,,,45433,0,0
324191,73606194750653203,,0,1423,273.0,-930,-160.0,-670.0,,,2,4,,,,,,,,,,,45461,0,0
324192,73606194750653203,,0,1423,124.0,-1060,-300.0,-670.0,,,2,4,,,,,,,,,,,45461,0,0
324193,73606194838149914,,0,1423,460.0,-1000,-280.0,,,,2,4,,,,,,,,,,,45433,0,0
324194,73606196210424903,,0,1423,425.0,-950,-270.0,,,,2,4,,,,,,,,,,,45433,0,0
324195,73606196333182976,,0,1423,,-850,-90.0,-560.0,50.0,0.0,3,4,,,,,,,43211.0,44200.0,,23055629.0,0,0,0
324196,73606196723591015,,0,1423,406.0,-1010,-300.0,-620.0,,,2,4,,,,,,,,,,,45461,0,0
324197,73606197082504281,,0,1423,95.0,-890,-190.0,-600.0,,,2,4,,,,,,,,,,,45461,0,0
324198,73606197922777033,,0,450,460.0,-1020,-180.0,-730.0,,,2,4,,,,,,,,,,,45458,0,0
324199,73606197922777033,,0,450,490.0,-980,-160.0,-730.0,,,2,4,,,,,,,,,,,45458,0,0
324200,73606197918995686,,0,1423,489.0,-850,-90.0,-560.0,40.0,,1,4,274.0,2029.0,,,,,,,,,45459,0,0
324201,73606197922777033,,0,450,489.0,-880,-60.0,-730.0,,,2,4,,,,,,,,,,,45458,0,0
324202,73606198131648382,,0,3102,95.0,-1060,-180.0,-780.0,,,2,4,,,,,,,,,,,45458,0,0
324203,73606198131648382,,0,3102,489.0,-970,-100.0,-770.0,,,2,4,,,,,,,,,,,45458,0,0
324204,73606198146329101,,0,3102,490.0,-1070,-170.0,-770.0,,,2,4,,,,,,,,,,,45458,0,0
324205,73606198185026084,,0,1423,148.0,-1030,-300.0,,,,2,4,,,,,,,,,,,45433,0,0
324206,73606198378330154,,0,1423,407.0,-940,-270.0,,,,2,4,,,,,,,,,,,45433,0,0
324207,73606198437829139,,0,425,90.0,-1100,-210.0,-800.0,,,2,4,,,,,,,,,,,45458,0,0
324208,73606198582963161,,0,1423,490.0,-920,-160.0,,,,2,4,,,,,,,,,,,45433,0,0
324209,73606198854328384,,0,1423,460.0,-1000,-300.0,-610.0,,,2,4,,,,,,,,,,,45461,0,0
324210,73606200283788915,,0,1423,496.0,-940,-200.0,-650.0,,,2,4,,,,,,,,,,,45461,0,0
324211,73606200565301248,,0,1423,,-850,-100.0,-550.0,40.0,0.0,3,4,,,,,,,43211.0,44200.0,,23055629.0,0,0,0
324212,73606200897877017,,0,1423,406.0,-950,-200.0,-650.0,,,2,4,,,,,,,,,,,45461,0,0
324213,73606201032095136,,0,1423,124.0,-1060,-300.0,-670.0,,,2,4,,,,,,,,,,,45461,0,0
324214,73606201049265136,,0,1423,273.0,-1050,-300.0,,,,2,4,,,,,,,,,,,45433,0,0
324215,73606201065610065,,0,1423,95.0,-990,-230.0,-620.0,,,2,4,,,,,,,,,,,45461,0,0
324216,73606202392029861,,0,1423,489.0,-850,-80.0,-560.0,44.0,,1,4,274.0,8512.0,,,,,,,,,45459,0,0
324217,73606202405301925,,0,3300,95.0,-1080,-190.0,-780.0,,,2,4,,,,,,,,,,,45458,0,0
324218,73606202405301925,,0,3300,460.0,-1110,-220.0,-780.0,,,2,4,,,,,,,,,,,45458,0,0
324219,73606202405301925,,0,3300,489.0,-1000,-120.0,-790.0,,,2,4,,,,,,,,,,,45458,0,0
324220,73606202419982161,,0,3300,490.0,-970,-90.0,-790.0,,,2,4,,,,,,,,,,,45458,0,0
324221,73606202453536922,,0,3300,281.0,-1190,-300.0,-800.0,,,2,4,,,,,,,,,,,45458,0,0
324222,73606202635526540,,0,1423,490.0,-930,-150.0,-630.0,,,2,4,,,,,,,,,,,45461,0,0
324223,73606202786976447,,0,1423,460.0,-980,-250.0,,,,2,4,,,,,,,,,,,45433,0,0
324224,73606203471504704,,0,1423,407.0,-1010,-210.0,-640.0,,,2,4,,,,,,,,,,,45461,0,0
324225,73606204753117184,,0,1423,,-850,-90.0,-560.0,40.0,0.0,3,4,,,,,,,43211.0,44200.0,,23055629.0,0,0,0
324226,73606205082484754,,0,1423,406.0,-930,-260.0,,,,2,4,,,,,,,,,,,45433,0,0
324227,73606205065270754,,0,1423,124.0,-910,-210.0,-600.0,,,2,4,,,,,,,,,,,45461,0,0
324228,73606205065270754,,0,1423,95.0,-950,-220.0,-630.0,,,2,4,,,,,,,,,,,45461,0,0
324229,73606205065270754,,0,1423,281.0,-1060,-300.0,-670.0,,,2,4,,,,,,,,,,,45461,0,0
324230,73606205115703000,,0,1423,273.0,-930,-190.0,-640.0,,,2,4,,,,,,,,,,,45461,0,0
324231,73606205115703000,,0,1423,148.0,-1070,-300.0,-680.0,,,2,4,,,,,,,,,,,45461,0,0
324232,73606205558964202,,0,1423,323.0,-980,-220.0,,,,2,4,,,,,,,,,,,45433,0,0
324233,73606205640127546,,0,450,489.0,-880,-50.0,-730.0,,,2,4,,,,,,,,,,,45458,0,0
324234,73606205855983154,,0,3102,489.0,-970,-130.0,-750.0,,,2,4,,,,,,,,,,,45458,0,0
324235,73606205855983154,,0,3102,95.0,-1140,-230.0,-760.0,,,2,4,,,,,,,,,,,45458,0,0
324236,73606206140041858,,0,1423,59.0,-940,-230.0,,,,2,4,,,,,,,,,,,45433,0,0
324237,73606207025251601,,0,1423,460.0,-920,-270.0,,,,2,4,,,,,,,,,,,45433,0,0
324238,73606207007993601,,0,1423,490.0,-850,-180.0,-580.0,,,2,4,,,,,,,,,,,45461,0,0
324239,73606207708664933,,0,1423,407.0,-1040,-300.0,-650.0,,,2,4,,,,,,,,,,,45461,0,0
324240,73606208937328640,,0,1423,,-850,-100.0,-570.0,110.0,0.0,3,4,,,,,,,43211.0,44200.0,,23055629.0,0,0,0
324241,73606209007937649,,0,1423,95.0,-900,-220.0,-590.0,,,2,4,,,,,,,,,,,45461,0,0
324242,73606209025217649,,0,1423,406.0,-990,-300.0,,,,2,4,,,,,,,,,,,45433,0,0
324243,73606209179002471,,0,1423,273.0,-990,-220.0,-610.0,,,2,4,,,,,,,,,,,45461,0,0
324244,73606209630259525,,0,1423,496.0,-1050,-300.0,,,,2,4,,,,,,,,,,,45433,0,0
324245,73606209998706584,,0,1423,489.0,-850,-80.0,-570.0,109.0,,1,4,274.0,9708.0,,,,,,,,,45459,0,0
324246,73606210102054712,,0,3300,460.0,-1120,-200.0,-810.0,,,2,4,,,,,,,,,,,45458,0,0
324247,73606210102054712,,0,3300,95.0,-1090,-180.0,-810.0,,,2,4,,,,,,,,,,,45458,0,0
324248,73606210102054712,,0,3300,490.0,-970,-70.0,-800.0,,,2,4,,,,,,,,,,,45458,0,0
324249,73606210102054712,,0,3300,489.0,-1010,-110.0,-800.0,,,2,4,,,,,,,,,,,45458,0,0
324250,73606210258098508,,0,1423,124.0,-1040,-300.0,-650.0,,,2,4,,,,,,,,,,,45461,0,0
324251,73606210296367727,,0,1423,148.0,-960,-300.0,-570.0,,,2,4,,,,,,,,,,,45461,0,0
324252,73606211031095764,,0,1423,490.0,-910,-130.0,-630.0,,,2,4,,,,,,,,,,,45461,0,0
324253,73606211031095764,,0,1423,460.0,-1040,-300.0,-650.0,,,2,4,,,,,,,,,,,45461,0,0
324254,73606212232993436,,0,1423,356.0,-970,-220.0,,,,2,4,,,,,,,,,,,45433,0,0
324255,73606212232993436,,0,1423,59.0,-910,-210.0,,,,2,4,,,,,,,,,,,45433,0,0
324256,73606212350978528,,0,450,489.0,-870,-50.0,-730.0,,,2,4,,,,,,,,,,,45458,0,0
324257,73606212379964753,,0,3102,489.0,-960,-100.0,-770.0,,,2,4,,,,,,,,,,,45458,0,0
324258,73606212379964753,,0,3102,460.0,-1080,-180.0,-790.0,,,2,4,,,,,,,,,,,45458,0,0
324259,73606212379964753,,0,3102,490.0,-1030,-160.0,-770.0,,,2,4,,,,,,,,,,,45458,0,0
324260,73606213205360640,,0,1423,,-850,-100.0,-570.0,110.0,0.0,3,4,,,,,,,43211.0,44200.0,,23055629.0,0,0,0
324261,73606213397765938,,0,1423,406.0,-1020,-290.0,,,,2,4,,,,,,,,,,,45433,0,0
324262,73606213380417938,,0,1423,407.0,-1050,-300.0,-660.0,,,2,4,,,,,,,,,,,45461,0,0
324263,73606213380417938,,0,1423,95.0,-1030,-300.0,-640.0,,,2,4,,,,,,,,,,,45461,0,0
324264,73606213380417938,,0,1423,273.0,-1050,-300.0,-660.0,,,2,4,,,,,,,,,,,45461,0,0
324265,73606214192946010,,0,1423,124.0,-990,-250.0,,,,2,4,,,,,,,,,,,45433,0,0
324266,73606214256816836,,0,1423,323.0,-970,-210.0,,,,2,4,,,,,,,,,,,45433,0,0
324267,73606214561873659,,0,1423,489.0,-850,-80.0,-560.0,97.0,,1,4,274.0,2029.0,,,,,,,,,45459,0,0
324268,73606214565654303,,0,450,460.0,-1080,-210.0,-770.0,,,2,4,,,,,,,,,,,45458,0,0
324269,73606214565654303,,0,450,490.0,-980,-170.0,-720.0,,,2,4,,,,,,,,,,,45458,0,0
324270,73606214765394028,,0,10838,472.0,-760,-80.0,-760.0,,,4,3,,,,,,,,,,,16687,0,0
324271,73606214850052096,,0,10838,,0,0.0,0.0,,,3,3,,,,,,,43211.0,34200.0,,2697489.0,0,0,0
324272,73606214884856912,,0,10838,225.0,-770,-100.0,-770.0,,,5,3,,,,,,,,,,,16687,0,0
324273,73606214765394028,,0,10838,225.0,-760,-95.0,-760.0,,,5,3,,,,,,,,,,,16687,0,0
324274,73606214765394028,,0,10838,354.0,-790,-120.0,-790.0,,,5,3,,,,,,,,,,,16687,0,0
324275,73606214884856912,,0,10838,354.0,-790,-120.0,-790.0,,,5,3,,,,,,,,,,,16687,0,0
324276,73606214884856912,,0,10838,472.0,-760,-90.0,-760.0,,,4,3,,,,,,,,,,,16687,0,0
324277,73606215104284915,,0,10838,354.0,-790,-115.0,-790.0,,,5,3,,,,,,,,,,,16687,0,0
324278,73606215108639586,,0,10838,472.0,-760,-80.0,-760.0,,,4,3,,,,,,,,,,,16687,0,0
324279,73606215104284915,,0,10838,472.0,-760,-85.0,-760.0,,,4,3,,,,,,,,,,,16687,0,0
324280,73606215108639586,,0,10838,354.0,-790,-115.0,-790.0,,,5,3,,,,,,,,,,,16687,0,0
324281,73606215108639586,,0,10838,225.0,-770,-95.0,-770.0,,,5,3,,,,,,,,,,,16687,0,0
324282,73606215104284915,,0,10838,225.0,-780,-100.0,-780.0,,,5,3,,,,,,,,,,,16687,0,0
324283,73606215221981395,,0,10838,354.0,-780,-120.0,-780.0,,,5,3,,,,,,,,,,,16687,0,0
324284,73606215221981395,,0,10838,225.0,-770,-105.0,-770.0,,,5,3,,,,,,,,,,,16687,0,0
324285,73606215221981395,,0,10838,472.0,-700,-45.0,-700.0,,,4,3,,,,,,,,,,,16687,0,0
324286,73606215411826688,,0,10838,,-730,-30.0,-730.0,,,3,3,,,,,,,43211.0,34200.0,,2697489.0,0,0,0
324287,73606215851048960,,0,10838,,-740,-30.0,-740.0,,,3,3,,,,,,,43211.0,34200.0,,2697489.0,0,0,0
324288,73606216054673415,,0,10838,225.0,-780,-135.0,-780.0,,,5,3,,,,,,,,,,,16687,0,0
324289,73606216054673415,,0,10838,472.0,-700,-60.0,-700.0,,,4,3,,,,,,,,,,,16687,0,0
324290,73606216340865024,,0,10838,,-720,-50.0,-720.0,,,3,3,,,,,,,43211.0,34200.0,,2697489.0,0,0,0
324291,73606216489649221,,0,10838,472.0,-700,-95.0,-700.0,,,4,3,,,,,,,,,,,16687,0,0
324292,73606216489649221,,0,10838,225.0,-750,-125.0,-750.0,,,5,3,,,,,,,,,,,16687,0,0
324293,73606216489649221,,0,10838,354.0,-770,-165.0,-770.0,,,5,3,,,,,,,,,,,16687,0,0
324294,73606216489649221,,0,10838,501.0,-870,-225.0,-870.0,,,5,3,,,,,,,,,,,16687,0,0
324295,73606216695097549,,0,10838,472.0,-700,-80.0,-700.0,,,4,3,,,,,,,,,,,16687,0,0
324296,73606216695097549,,0,10838,225.0,-780,-160.0,-780.0,,,5,3,,,,,,,,,,,16687,0,0
324297,73606216927150080,,0,10838,,-730,-60.0,-730.0,,,3,3,,,,,,,43211.0,34200.0,,2697489.0,0,0,0
324298,73606217066263697,,0,10838,472.0,-710,-65.0,-710.0,,,4,3,,,,,,,,,,,16687,0,0
324299,73606217066263697,,0,10838,225.0,-740,-90.0,-740.0,,,5,3,,,,,,,,,,,16687,0,0
324300,73606217066263697,,0,10838,501.0,-850,-210.0,-850.0,,,5,3,,,,,,,,,,,16687,0,0
324301,73606217066263697,,0,10838,354.0,-770,-120.0,-770.0,,,5,3,,,,,,,,,,,16687,0,0
324302,73606217405693952,,0,10838,,-740,-30.0,-740.0,,,3,3,,,,,,,43211.0,34200.0,,2697489.0,0,0,0
324303,73606217956196352,,0,10838,,-740,-30.0,-740.0,,,3,3,,,,,,,43211.0,34200.0,,2697489.0,0,0,0
324304,73606217948820772,,0,3102,460.0,-1060,-210.0,-770.0,,,2,4,,,,,,,,,,,45461,0,0
324305,73606217966207772,,0,3102,490.0,-1070,-180.0,,,,2,4,,,,,,,,,,,45433,0,0
324306,73606217946768672,,0,3102,489.0,-970,-130.0,-670.0,-20.0,,1,4,274.0,3077.0,,,,,,,,,45459,0,0
324307,73606218555850752,,0,3102,,-990,-150.0,-630.0,-30.0,0.0,3,4,,,,,,,43211.0,44200.0,,23055669.0,0,0,0
324308,73606219027644416,,0,3102,,-990,-140.0,-630.0,-50.0,0.0,3,4,,,,,,,43211.0,44200.0,,23055669.0,0,0,0
324309,73606219499700224,,0,3102,,-990,-140.0,-650.0,-20.0,0.0,3,4,,,,,,,43211.0,44200.0,,23055669.0,0,0,0
324310,73606219702119675,,0,3102,281.0,-1050,-180.0,-780.0,,,2,4,,,,,,,,,,,45461,0,0
324311,73606219719510675,,0,3102,281.0,-1050,-180.0,,,,2,4,,,,,,,,,,,45433,0,0
324312,73606219796077812,,0,3102,95.0,-1050,-170.0,-780.0,,,2,4,,,,,,,,,,,45461,0,0
324313,73606219847809496,,0,3102,489.0,-990,-120.0,-700.0,25.0,,1,4,274.0,3919.0,,,,,,,,,45459,0,0
324314,73606219862770666,,0,3300,460.0,-1130,-210.0,-830.0,,,2,4,,,,,,,,,,,45458,0,0
324315,73606219862770666,,0,3300,95.0,-1210,-300.0,-820.0,,,2,4,,,,,,,,,,,45458,0,0
324316,73606219862770666,,0,3300,490.0,-980,-80.0,-800.0,,,2,4,,,,,,,,,,,45458,0,0
324317,73606219877432456,,0,3300,281.0,-1110,-170.0,-830.0,,,2,4,,,,,,,,,,,45458,0,0
324318,73606219862770666,,0,3300,489.0,-1000,-90.0,-800.0,,,2,4,,,,,,,,,,,45458,0,0
324319,73606220051972096,,0,3102,,-990,-130.0,-660.0,10.0,0.0,3,4,,,,,,,43211.0,44200.0,,23055669.0,0,0,0
324320,73606220048935247,,0,3102,59.0,-1040,-190.0,-760.0,,,2,4,,,,,,,,,,,45461,0,0
324321,73606220066331247,,0,3102,59.0,-1060,-260.0,,,,2,4,,,,,,,,,,,45433,0,0
324322,73606220479112885,,0,3102,59.0,-1190,-300.0,-800.0,,,2,4,,,,,,,,,,,45461,0,0
324323,73606220496511885,,0,3102,59.0,-1160,-220.0,,,,2,4,,,,,,,,,,,45433,0,0
324324,73606220602605568,,0,3102,,-990,-130.0,-660.0,10.0,0.0,3,4,,,,,,,43211.0,44200.0,,23055669.0,0,0,0
324325,73606221074595840,,0,3102,,-990,-130.0,-660.0,10.0,0.0,3,4,,,,,,,43211.0,44200.0,,23055669.0,0,0,0
324326,73606221625425920,,0,3102,,-990,-130.0,-640.0,-20.0,0.0,3,4,,,,,,,43211.0,44200.0,,23055669.0,0,0,0
324327,73606222028745632,,0,3102,460.0,-1010,-150.0,-760.0,,,2,4,,,,,,,,,,,45461,0,0
324328,73606222028745632,,0,3102,59.0,-1170,-300.0,-780.0,,,2,4,,,,,,,,,,,45461,0,0
324329,73606222046145632,,0,3102,490.0,-1050,-180.0,,,,2,4,,,,,,,,,,,45433,0,0
324330,73606222046145632,,0,3102,59.0,-1170,-300.0,,,,2,4,,,,,,,,,,,45433,0,0
324331,73606222175993856,,0,3102,,-990,-130.0,-660.0,-20.0,0.0,3,4,,,,,,,43211.0,44200.0,,23055669.0,0,0,0
324332,73606222647984128,,0,3102,,-990,-140.0,-660.0,0.0,0.0,3,4,,,,,,,43211.0,44200.0,,23055669.0,0,0,0
324333,73606222834673372,,0,3102,213.0,-1140,-220.0,,,,2,4,,,,,,,,,,,45433,0,0
324334,73606222817271372,,0,3102,213.0,-1160,-300.0,-770.0,,,2,4,,,,,,,,,,,45461,0,0
324335,73606222817271372,,0,3102,281.0,-1100,-210.0,-790.0,,,2,4,,,,,,,,,,,45461,0,0
324336,73606222817271372,,0,3102,59.0,-1130,-210.0,-790.0,,,2,4,,,,,,,,,,,45461,0,0
324337,73606222851395375,,0,3102,213.0,-1080,-220.0,,,,2,4,,,,,,,,,,,45433,0,0
324338,73606222833992375,,0,3102,213.0,-1070,-210.0,-770.0,,,2,4,,,,,,,,,,,45461,0,0
324339,73606222847417693,,0,3102,213.0,-1050,-210.0,-740.0,,,2,4,,,,,,,,,,,45461,0,0
324340,73606222864821693,,0,3102,213.0,-1050,-220.0,,,,2,4,,,,,,,,,,,45433,0,0
324341,73606223017542980,,0,3102,489.0,-990,-120.0,-700.0,23.0,,1,4,274.0,1773.0,,,,,,,,,45459,0,0
324342,73606223084679746,,0,3102,489.0,-990,-140.0,-690.0,-12.0,,1,4,274.0,10092.0,,,,,,,,,45459,0,0
324343,73606223151787941,,0,3102,489.0,-990,-130.0,-700.0,12.0,,1,4,274.0,10220.0,,,,,,,,,45459,0,0
324344,73606223198814208,,0,3102,,-990,-140.0,-650.0,-20.0,0.0,3,4,,,,,,,43211.0,44200.0,,23055669.0,0,0,0
324345,73606223218896262,,0,3102,489.0,-990,-130.0,-700.0,14.0,,1,4,274.0,9324.0,,,,,,,,,45459,0,0
324346,73606223286006537,,0,3102,489.0,-990,-140.0,-680.0,-15.0,,1,4,274.0,9452.0,,,,,,,,,45459,0,0
324347,73606223353113851,,0,3102,489.0,-990,-140.0,-690.0,-6.0,,1,4,274.0,9580.0,,,,,,,,,45459,0,0
324348,73606223369845822,,0,3102,489.0,-990,-140.0,-670.0,-35.0,,1,4,274.0,1421.0,,,,,,,,,45459,0,0
324349,73606223382483567,,0,1423,490.0,-930,-150.0,-640.0,,,2,4,,,,,,,,,,,45458,0,0
324350,73606223382483567,,0,1423,489.0,-830,-90.0,-640.0,,,2,4,,,,,,,,,,,45458,0,0
324351,73606223447549445,,0,1423,460.0,-970,-210.0,-660.0,,,2,4,,,,,,,,,,,45458,0,0
324352,73606223447549445,,0,1423,406.0,-1050,-300.0,-660.0,,,2,4,,,,,,,,,,,45458,0,0
324353,73606223729470743,,0,3102,95.0,-1030,-190.0,-740.0,,,2,4,,,,,,,,,,,45461,0,0
324354,73606223934672411,,0,3102,482.0,-1150,-300.0,-760.0,,,2,4,,,,,,,,,,,45461,0,0
324355,73606223952093411,,0,3102,482.0,-1150,-300.0,,,,2,4,,,,,,,,,,,45433,0,0
324356,73606224133258976,,0,425,90.0,-1090,-170.0,-830.0,,,2,4,,,,,,,,,,,45458,0,0
324357,73606226525008399,,0,3102,460.0,-1020,-180.0,-740.0,,,2,4,,,,,,,,,,,45461,0,0
324358,73606227044036050,,0,3102,489.0,-990,-120.0,-700.0,23.0,,1,4,274.0,1261.0,,,,,,,,,45459,0,0
324359,73606227350327585,,0,3300,489.0,-1000,-110.0,-790.0,,,2,4,,,,,,,,,,,45458,0,0
324360,73606227394367671,,0,3300,460.0,-1090,-200.0,-790.0,,,2,4,,,,,,,,,,,45458,0,0
324361,73606227350327585,,0,3300,95.0,-1100,-190.0,-820.0,,,2,4,,,,,,,,,,,45458,0,0
324362,73606227350327585,,0,3300,490.0,-980,-90.0,-790.0,,,2,4,,,,,,,,,,,45458,0,0
324363,73606227507937280,,0,3102,,-990,-140.0,-650.0,-20.0,0.0,3,4,,,,,,,43211.0,44200.0,,23055669.0,0,0,0
324364,73606227762262903,,0,3102,95.0,-1030,-200.0,-740.0,,,2,4,,,,,,,,,,,45461,0,0
324365,73606228073785480,,0,425,90.0,-1150,-300.0,-760.0,,,2,4,,,,,,,,,,,45458,0,0
324366,73606230566711217,,0,3102,460.0,-1070,-210.0,-770.0,,,2,4,,,,,,,,,,,45461,0,0
324367,73606230584152217,,0,3102,490.0,-1050,-180.0,,,,2,4,,,,,,,,,,,45433,0,0
324368,73606230859645502,,0,450,460.0,-1120,-300.0,-740.0,,,2,4,,,,,,,,,,,45461,0,0
324369,73606230859645502,,0,450,490.0,-970,-160.0,-730.0,,,2,4,,,,,,,,,,,45461,0,0
324370,73606230858152039,,0,450,489.0,-850,-40.0,-630.0,86.0,,1,4,274.0,344.0,,,,,,,,,45459,0,0
324371,73606230859645502,,0,450,356.0,-1140,-300.0,-760.0,,,2,4,,,,,,,,,,,45461,0,0
324372,73606230877093502,,0,450,460.0,-1120,-300.0,,,,2,4,,,,,,,,,,,45433,0,0
324373,73606231029227338,,0,450,407.0,-1130,-300.0,-740.0,,,2,4,,,,,,,,,,,45461,0,0
324374,73606231046680338,,0,450,95.0,-1130,-270.0,,,,2,4,,,,,,,,,,,45433,0,0
324375,73606230877093502,,0,450,356.0,-1140,-300.0,,,,2,4,,,,,,,,,,,45433,0,0
324376,73606231096335692,,0,450,95.0,-1140,-300.0,-750.0,,,2,4,,,,,,,,,,,45461,0,0
324377,73606231130531366,,0,450,406.0,-1050,-180.0,,,,2,4,,,,,,,,,,,45433,0,0
324378,73606230995730840,,0,450,407.0,-1050,-190.0,-760.0,,,2,4,,,,,,,,,,,45461,0,0
324379,73606230995730840,,0,450,406.0,-1010,-160.0,-760.0,,,2,4,,,,,,,,,,,45461,0,0
324380,73606230995730840,,0,450,95.0,-1140,-300.0,-750.0,,,2,4,,,,,,,,,,,45461,0,0
324381,73606230995730840,,0,450,459.0,-1010,-180.0,-730.0,,,2,4,,,,,,,,,,,45461,0,0
324382,73606230995730840,,0,450,356.0,-1040,-200.0,-750.0,,,2,4,,,,,,,,,,,45461,0,0
324383,73606231013181840,,0,450,407.0,-1060,-240.0,,,,2,4,,,,,,,,,,,45433,0,0
324384,73606231013181840,,0,450,95.0,-1130,-280.0,,,,2,4,,,,,,,,,,,45433,0,0
324385,73606231013181840,,0,450,356.0,-1050,-250.0,,,,2,4,,,,,,,,,,,45433,0,0
324386,73606231013181840,,0,450,459.0,-1030,-250.0,,,,2,4,,,,,,,,,,,45433,0,0
324387,73606231013181840,,0,450,406.0,-1020,-210.0,,,,2,4,,,,,,,,,,,45433,0,0
324388,73606231012450487,,0,450,356.0,-1060,-190.0,-760.0,,,2,4,,,,,,,,,,,45461,0,0
324389,73606231012450487,,0,450,95.0,-1040,-190.0,-750.0,,,2,4,,,,,,,,,,,45461,0,0
324390,73606231012450487,,0,450,407.0,-1090,-230.0,-770.0,,,2,4,,,,,,,,,,,45461,0,0
324391,73606231012450487,,0,450,406.0,-1020,-160.0,-770.0,,,2,4,,,,,,,,,,,45461,0,0
324392,73606231029902487,,0,450,406.0,-1020,-190.0,,,,2,4,,,,,,,,,,,45433,0,0
324393,73606231029902487,,0,450,356.0,-1060,-230.0,,,,2,4,,,,,,,,,,,45433,0,0
324394,73606231029227338,,0,450,406.0,-1000,-140.0,-770.0,,,2,4,,,,,,,,,,,45461,0,0
324395,73606231029902487,,0,450,95.0,-1060,-260.0,,,,2,4,,,,,,,,,,,45433,0,0
324396,73606231029227338,,0,450,356.0,-1130,-260.0,-770.0,,,2,4,,,,,,,,,,,45461,0,0
324397,73606231029227338,,0,450,95.0,-1140,-300.0,-750.0,,,2,4,,,,,,,,,,,45461,0,0
324398,73606231029902487,,0,450,407.0,-1090,-240.0,,,,2,4,,,,,,,,,,,45433,0,0
324399,73606231046680338,,0,450,407.0,-1120,-260.0,,,,2,4,,,,,,,,,,,45433,0,0
324400,73606231046680338,,0,450,356.0,-1120,-240.0,,,,2,4,,,,,,,,,,,45433,0,0
324401,73606231046376916,,0,450,407.0,-1090,-300.0,-700.0,,,2,4,,,,,,,,,,,45461,0,0
324402,73606231046376916,,0,450,356.0,-1150,-300.0,-760.0,,,2,4,,,,,,,,,,,45461,0,0
324403,73606231046376916,,0,450,95.0,-1140,-300.0,-750.0,,,2,4,,,,,,,,,,,45461,0,0
324404,73606231063830916,,0,450,407.0,-1100,-270.0,,,,2,4,,,,,,,,,,,45433,0,0
324405,73606231063830916,,0,450,356.0,-1140,-270.0,,,,2,4,,,,,,,,,,,45433,0,0
324406,73606231063830916,,0,450,95.0,-1140,-280.0,,,,2,4,,,,,,,,,,,45433,0,0
324407,73606231062786825,,0,450,95.0,-1090,-300.0,-700.0,,,2,4,,,,,,,,,,,45461,0,0
324408,73606231124410368,,0,450,,-860,-30.0,-670.0,120.0,0.0,3,4,,,,,,,43211.0,44200.0,,23055639.0,0,0,0
324409,73606231659839488,,0,450,,-870,-30.0,-620.0,120.0,0.0,3,4,,,,,,,43211.0,44200.0,,23055639.0,0,0,0
324410,73606232161320960,,0,450,,-860,-50.0,-620.0,110.0,0.0,3,4,,,,,,,43211.0,44200.0,,23055639.0,0,0,0
324411,73606232549536525,,0,425,90.0,-1210,-300.0,-820.0,,,2,4,,,,,,,,,,,45458,0,0
324412,73606232712347648,,0,450,,-860,-40.0,-600.0,80.0,0.0,3,4,,,,,,,43211.0,44200.0,,23055639.0,0,0,0
324413,73606233185189888,,0,450,,-860,-30.0,-620.0,120.0,0.0,3,4,,,,,,,43211.0,44200.0,,23055639.0,0,0,0
324414,73606233739755520,,0,450,,-860,-30.0,-670.0,110.0,0.0,3,4,,,,,,,43211.0,44200.0,,23055639.0,0,0,0
324415,73606233780733252,,0,450,148.0,-990,-210.0,-690.0,,,2,4,,,,,,,,,,,45461,0,0
324416,73606233798216252,,0,450,148.0,-990,-210.0,,,,2,4,,,,,,,,,,,45433,0,0
324417,73606233797511029,,0,450,148.0,-1030,-160.0,-770.0,,,2,4,,,,,,,,,,,45461,0,0
324418,73606233814995029,,0,450,148.0,-1020,-200.0,,,,2,4,,,,,,,,,,,45433,0,0
324419,73606233814288544,,0,450,148.0,-1070,-210.0,-770.0,,,2,4,,,,,,,,,,,45461,0,0
324420,73606233831773544,,0,450,148.0,-1070,-200.0,,,,2,4,,,,,,,,,,,45433,0,0
324421,73606233831382865,,0,450,148.0,-1060,-300.0,-670.0,,,2,4,,,,,,,,,,,45461,0,0
324422,73606233848868865,,0,450,148.0,-1060,-240.0,,,,2,4,,,,,,,,,,,45433,0,0
324423,73606234054083882,,0,450,489.0,-840,0.0,-680.0,148.0,,1,4,274.0,8487.0,,,,,,,,,45459,0,0
324424,73606234105682087,,0,450,93.0,-1120,-300.0,-720.0,,,2,4,,,,,,,,,,,45461,0,0
324425,73606234123171087,,0,450,93.0,-1120,-300.0,,,,2,4,,,,,,,,,,,45433,0,0
324426,73606234066238889,,0,3102,489.0,-980,-110.0,-770.0,,,2,4,,,,,,,,,,,45458,0,0
324427,73606234279051264,,0,450,,-860,-30.0,-660.0,120.0,0.0,3,4,,,,,,,43211.0,44200.0,,23055639.0,0,0,0
324428,73606234829619200,,0,450,,-850,-80.0,-550.0,80.0,0.0,3,4,,,,,,,43211.0,44200.0,,23055639.0,0,0,0
324429,73606234821325980,,0,450,490.0,-990,-170.0,-730.0,,,2,4,,,,,,,,,,,45461,0,0
324430,73606234821325980,,0,450,460.0,-1040,-180.0,-770.0,,,2,4,,,,,,,,,,,45461,0,0
324431,73606235079658472,,0,450,95.0,-1050,-210.0,-740.0,,,2,4,,,,,,,,,,,45461,0,0
324432,73606235079658472,,0,450,407.0,-1060,-200.0,-760.0,,,2,4,,,,,,,,,,,45461,0,0
324433,73606235079658472,,0,450,406.0,-1120,-300.0,-730.0,,,2,4,,,,,,,,,,,45461,0,0
324434,73606235079658472,,0,450,356.0,-1110,-240.0,-770.0,,,2,4,,,,,,,,,,,45461,0,0
324435,73606235079658472,,0,450,206.0,-1120,-260.0,-770.0,,,2,4,,,,,,,,,,,45461,0,0
324436,73606235097156472,,0,450,206.0,-1130,-280.0,,,,2,4,,,,,,,,,,,45433,0,0
324437,73606235319566336,,0,450,,-850,-50.0,-620.0,120.0,0.0,3,4,,,,,,,43211.0,44200.0,,23055639.0,0,0,0
324438,73606235536803321,,0,450,93.0,-1130,-300.0,,,,2,4,,,,,,,,,,,45433,0,0
324439,73606235519302321,,0,450,93.0,-1140,-300.0,-750.0,,,2,4,,,,,,,,,,,45461,0,0
324440,73606235531477013,,0,450,93.0,-1070,-220.0,-750.0,,,2,4,,,,,,,,,,,45461,0,0
324441,73606235548979013,,0,450,93.0,-1090,-270.0,,,,2,4,,,,,,,,,,,45433,0,0
324442,73606235813576704,,0,450,,-870,-60.0,-610.0,100.0,0.0,3,4,,,,,,,43211.0,44200.0,,23055639.0,0,0,0
324443,73606236062891734,,0,450,281.0,-1150,-300.0,-760.0,,,2,4,,,,,,,,,,,45461,0,0
324444,73606236080397734,,0,450,281.0,-1150,-300.0,,,,2,4,,,,,,,,,,,45433,0,0
324445,73606236076724495,,0,450,281.0,-1160,-300.0,-760.0,,,2,4,,,,,,,,,,,45461,0,0
324446,73606236094231495,,0,450,281.0,-1150,-300.0,,,,2,4,,,,,,,,,,,45433,0,0
324447,73606236267630498,,0,450,347.0,-1030,-230.0,-700.0,,,2,4,,,,,,,,,,,45461,0,0
324448,73606236285141498,,0,450,347.0,-1030,-230.0,,,,2,4,,,,,,,,,,,45433,0,0
324449,73606237861399063,,0,450,148.0,-1040,-180.0,-760.0,,,2,4,,,,,,,,,,,45461,0,0
324450,73606237878923063,,0,450,148.0,-1040,-180.0,,,,2,4,,,,,,,,,,,45433,0,0
324451,73606238109700736,,0,450,93.0,-990,-170.0,-720.0,,,2,4,,,,,,,,,,,45461,0,0
324452,73606238127231736,,0,450,93.0,-990,-170.0,,,,2,4,,,,,,,,,,,45433,0,0
324453,73606238126477886,,0,450,93.0,-1130,-300.0,-740.0,,,2,4,,,,,,,,,,,45461,0,0
324454,73606238144009886,,0,450,93.0,-1110,-200.0,,,,2,4,,,,,,,,,,,45433,0,0
324455,73606238251192667,,0,450,489.0,-880,-50.0,-650.0,99.0,,1,4,274.0,9324.0,,,,,,,,,45459,0,0
324456,73606238318301263,,0,450,489.0,-880,-80.0,-590.0,103.0,,1,4,274.0,9452.0,,,,,,,,,45459,0,0
324457,73606238385409748,,0,450,489.0,-880,-80.0,-580.0,105.0,,1,4,274.0,9580.0,,,,,,,,,45459,0,0
324458,73606238452493722,,0,450,489.0,-880,-50.0,-610.0,154.0,,1,4,274.0,9708.0,,,,,,,,,45459,0,0
324459,73606238481132385,,0,450,489.0,-860,-10.0,-680.0,140.0,,1,4,274.0,8739.0,,,,,,,,,45459,0,0
324460,73606238493564056,,0,3300,490.0,-970,-80.0,-800.0,,,2,4,,,,,,,,,,,45458,0,0
324461,73606238493564056,,0,3300,489.0,-990,-100.0,-800.0,,,2,4,,,,,,,,,,,45458,0,0
324462,73606238493564056,,0,3300,460.0,-1100,-170.0,-820.0,,,2,4,,,,,,,,,,,45458,0,0
324463,73606238493564056,,0,3300,59.0,-1140,-210.0,-820.0,,,2,4,,,,,,,,,,,45458,0,0
324464,73606238531312929,,0,3300,95.0,-1080,-160.0,-820.0,,,2,4,,,,,,,,,,,45458,0,0
324465,73606238556017792,,0,450,347.0,-1110,-300.0,-720.0,,,2,4,,,,,,,,,,,45461,0,0
324466,73606238573560792,,0,450,347.0,-1110,-300.0,,,,2,4,,,,,,,,,,,45433,0,0
324467,73606238574519143,,0,450,347.0,-1120,-300.0,-730.0,,,2,4,,,,,,,,,,,45461,0,0
324468,73606238592063143,,0,450,347.0,-1120,-300.0,,,,2,4,,,,,,,,,,,45433,0,0
324469,73606238591668556,,0,450,347.0,-1120,-300.0,-730.0,,,2,4,,,,,,,,,,,45461,0,0
324470,73606238609213556,,0,450,347.0,-1120,-300.0,,,,2,4,,,,,,,,,,,45433,0,0
324471,73606238874781908,,0,450,460.0,-1120,-300.0,-730.0,,,2,4,,,,,,,,,,,45461,0,0
324472,73606238874781908,,0,450,490.0,-990,-180.0,-720.0,,,2,4,,,,,,,,,,,45461,0,0
324473,73606238933909865,,0,425,90.0,-1100,-210.0,-790.0,,,2,4,,,,,,,,,,,45458,0,0
324474,73606239462038957,,0,450,406.0,-1130,-300.0,-740.0,,,2,4,,,,,,,,,,,45461,0,0
324475,73606239462038957,,0,450,407.0,-1130,-300.0,-740.0,,,2,4,,,,,,,,,,,45461,0,0
324476,73606239462038957,,0,450,95.0,-1150,-300.0,-760.0,,,2,4,,,,,,,,,,,45461,0,0
324477,73606239663104562,,0,450,356.0,-1150,-300.0,-760.0,,,2,4,,,,,,,,,,,45461,0,0
324478,73606239905002810,,0,450,347.0,-1080,-300.0,-690.0,,,2,4,,,,,,,,,,,45461,0,0
324479,73606239922557810,,0,450,347.0,-1090,-300.0,,,,2,4,,,,,,,,,,,45433,0,0
324480,73606240184303616,,0,450,,-860,-30.0,-660.0,80.0,0.0,3,4,,,,,,,43211.0,44200.0,,23055639.0,0,0,0
324481,73606241865085664,,0,450,431.0,-1090,-300.0,-700.0,,,2,4,,,,,,,,,,,45461,0,0
324482,73606241882661664,,0,450,431.0,-1100,-300.0,,,,2,4,,,,,,,,,,,45433,0,0
324483,73606242429063568,,0,450,148.0,-1090,-300.0,-700.0,,,2,4,,,,,,,,,,,45461,0,0
324484,73606242478961730,,0,450,489.0,-870,10.0,-720.0,79.0,,1,4,274.0,2029.0,,,,,,,,,45459,0,0
324485,73606242546097110,,0,450,489.0,-880,-40.0,-660.0,113.0,,1,4,274.0,9324.0,,,,,,,,,45459,0,0
324486,73606242613223748,,0,450,489.0,-840,-70.0,-600.0,124.0,,1,4,274.0,9452.0,,,,,,,,,45459,0,0
324487,73606242681918020,,0,3300,460.0,-1070,-190.0,-790.0,,,2,4,,,,,,,,,,,45458,0,0
324488,73606242681918020,,0,3300,490.0,-970,-90.0,-780.0,,,2,4,,,,,,,,,,,45458,0,0
324489,73606242681918020,,0,3300,489.0,-1000,-130.0,-780.0,,,2,4,,,,,,,,,,,45458,0,0
324490,73606242732299685,,0,3300,95.0,-1060,-180.0,-780.0,,,2,4,,,,,,,,,,,45458,0,0
324491,73606242738921413,,0,450,93.0,-1060,-220.0,-750.0,,,2,4,,,,,,,,,,,45461,0,0
324492,73606242822165985,,0,450,490.0,-970,-160.0,,,,2,4,,,,,,,,,,,45433,0,0
324493,73606242822165985,,0,450,460.0,-1040,-210.0,,,,2,4,,,,,,,,,,,45433,0,0
324494,73606242985997343,,0,425,90.0,-1160,-300.0,-770.0,,,2,4,,,,,,,,,,,45458,0,0
324495,73606242995817116,,0,450,459.0,-1160,-300.0,-770.0,,,2,4,,,,,,,,,,,45461,0,0
324496,73606243013422116,,0,450,459.0,-1150,-300.0,,,,2,4,,,,,,,,,,,45433,0,0
324497,73606243006360349,,0,450,459.0,-1120,-300.0,-730.0,,,2,4,,,,,,,,,,,45461,0,0
324498,73606243023966349,,0,450,459.0,-1130,-300.0,,,,2,4,,,,,,,,,,,45433,0,0
324499,73606243841319799,,0,450,407.0,-1070,-210.0,-770.0,,,2,4,,,,,,,,,,,45461,0,0
324500,73606243841319799,,0,450,95.0,-1140,-300.0,-750.0,,,2,4,,,,,,,,,,,45461,0,0
324501,73606243841319799,,0,450,356.0,-1160,-300.0,-770.0,,,2,4,,,,,,,,,,,45461,0,0
324502,73606243841319799,,0,450,406.0,-1120,-300.0,-730.0,,,2,4,,,,,,,,,,,45461,0,0
324503,73606246297964973,,0,1423,489.0,-830,-80.0,-650.0,,,2,4,,,,,,,,,,,45458,0,0
324504,73606246297964973,,0,1423,490.0,-920,-130.0,-650.0,,,2,4,,,,,,,,,,,45458,0,0
324505,73606246565455935,,0,450,347.0,-1010,-260.0,,,,2,4,,,,,,,,,,,45433,0,0
324506,73606246732346901,,0,450,148.0,-1020,-170.0,-760.0,,,2,4,,,,,,,,,,,45461,0,0
324507,73606246763853216,,0,450,460.0,-1070,-210.0,,,,2,4,,,,,,,,,,,45433,0,0
324508,73606246763853216,,0,450,490.0,-1060,-210.0,,,,2,4,,,,,,,,,,,45433,0,0
324509,73606247279410623,,0,425,90.0,-1160,-230.0,-830.0,,,2,4,,,,,,,,,,,45458,0,0
324510,73606247916593118,,0,450,406.0,-1020,-220.0,-710.0,,,2,4,,,,,,,,,,,45461,0,0
324511,73606247916593118,,0,450,407.0,-1100,-300.0,-710.0,,,2,4,,,,,,,,,,,45461,0,0
324512,73606247916593118,,0,450,95.0,-1050,-230.0,-720.0,,,2,4,,,,,,,,,,,45461,0,0
324513,73606248676982784,,0,450,,-850,-70.0,-610.0,130.0,0.0,3,4,,,,,,,43211.0,44200.0,,23055639.0,0,0,0
324514,73606248805928213,,0,450,459.0,-960,-160.0,-700.0,,,2,4,,,,,,,,,,,45461,0,0
324515,73606248805928213,,0,450,356.0,-1060,-190.0,-760.0,,,2,4,,,,,,,,,,,45461,0,0
324516,73606248823603213,,0,450,459.0,-960,-160.0,,,,2,4,,,,,,,,,,,45433,0,0
324517,73606249772244454,,0,450,93.0,-1000,-190.0,-720.0,,,2,4,,,,,,,,,,,45461,0,0
324518,73606250651301409,,0,450,347.0,-990,-210.0,-670.0,,,2,4,,,,,,,,,,,45461,0,0
324519,73606250668190074,,0,450,148.0,-1140,-300.0,-750.0,,,2,4,,,,,,,,,,,45461,0,0
324520,73606250702714362,,0,450,460.0,-960,-200.0,,,,2,4,,,,,,,,,,,45433,0,0
324521,73606250702714362,,0,450,490.0,-990,-230.0,,,,2,4,,,,,,,,,,,45433,0,0
324522,73606250867526393,,0,450,489.0,-860,-20.0,-660.0,107.0,,1,4,274.0,1645.0,,,,,,,,,45459,0,0
324523,73606250872863149,,0,3300,490.0,-970,-80.0,-780.0,,,2,4,,,,,,,,,,,45458,0,0
324524,73606251021235514,,0,3102,489.0,-960,-100.0,-770.0,,,2,4,,,,,,,,,,,45458,0,0
324525,73606251021235514,,0,3102,490.0,-1030,-160.0,-770.0,,,2,4,,,,,,,,,,,45458,0,0
324526,73606251035916336,,0,3102,460.0,-1080,-200.0,-780.0,,,2,4,,,,,,,,,,,45458,0,0
324527,73606251415496393,,0,425,90.0,-1200,-300.0,-810.0,,,2,4,,,,,,,,,,,45458,0,0
324528,73606252238953028,,0,450,95.0,-1000,-230.0,-680.0,,,2,4,,,,,,,,,,,45461,0,0
324529,73606252238953028,,0,450,407.0,-980,-210.0,-670.0,,,2,4,,,,,,,,,,,45461,0,0
324530,73606252238953028,,0,450,406.0,-1070,-300.0,-680.0,,,2,4,,,,,,,,,,,45461,0,0
324531,73606252852084736,,0,450,,-870,-60.0,-550.0,80.0,0.0,3,4,,,,,,,43211.0,44200.0,,23055639.0,0,0,0
324532,73606252993918954,,0,450,356.0,-1140,-300.0,-750.0,,,2,4,,,,,,,,,,,45461,0,0
324533,73606254000546841,,0,450,93.0,-1070,-220.0,-750.0,,,2,4,,,,,,,,,,,45461,0,0
324534,73606254785703591,,0,450,490.0,-990,-160.0,-740.0,,,2,4,,,,,,,,,,,45461,0,0
324535,73606254785703591,,0,450,460.0,-1120,-300.0,-730.0,,,2,4,,,,,,,,,,,45461,0,0
324536,73606254802539603,,0,450,347.0,-1070,-240.0,-740.0,,,2,4,,,,,,,,,,,45461,0,0
324537,73606255044176831,,0,450,148.0,-1030,-170.0,-760.0,,,2,4,,,,,,,,,,,45461,0,0
324538,73606255441047761,,0,450,459.0,-1160,-300.0,,,,2,4,,,,,,,,,,,45433,0,0
324539,73606255423291761,,0,450,459.0,-1160,-300.0,-770.0,,,2,4,,,,,,,,,,,45461,0,0
324540,73606255632215375,,0,450,489.0,-870,-40.0,-650.0,46.0,,1,4,274.0,1517.0,,,,,,,,,45459,0,0
324541,73606255640807068,,0,1423,489.0,-830,-80.0,-650.0,,,2,4,,,,,,,,,,,45458,0,0
324542,73606255925177679,,0,3102,489.0,-970,-130.0,-750.0,,,2,4,,,,,,,,,,,45458,0,0
324543,73606255941955912,,0,3102,460.0,-1050,-170.0,-770.0,,,2,4,,,,,,,,,,,45458,0,0
324544,73606256019551446,,0,3102,95.0,-1070,-210.0,-750.0,,,2,4,,,,,,,,,,,45458,0,0
324545,73606256084559508,,0,425,90.0,-1110,-300.0,-720.0,,,2,4,,,,,,,,,,,45458,0,0
324546,73606256186715132,,0,450,407.0,-1040,-250.0,,,,2,4,,,,,,,,,,,45433,0,0
324547,73606256186715132,,0,450,95.0,-1050,-270.0,,,,2,4,,,,,,,,,,,45433,0,0
324548,73606256186715132,,0,450,406.0,-1030,-200.0,,,,2,4,,,,,,,,,,,45433,0,0
324549,73606257094033408,,0,450,,-860,-50.0,-610.0,110.0,0.0,3,4,,,,,,,43211.0,44200.0,,23055639.0,0,0,0
324550,73606257421626225,,0,450,356.0,-1110,-270.0,,,,2,4,,,,,,,,,,,45433,0,0
324551,73606257403835225,,0,450,281.0,-1040,-180.0,-770.0,,,2,4,,,,,,,,,,,45461,0,0
324552,73606257421626225,,0,450,281.0,-1060,-260.0,,,,2,4,,,,,,,,,,,45433,0,0
324553,73606259007661812,,0,450,460.0,-1010,-150.0,-770.0,,,2,4,,,,,,,,,,,45461,0,0
324554,73606259007661812,,0,450,490.0,-1000,-170.0,-730.0,,,2,4,,,,,,,,,,,45461,0,0
324555,73606259091548646,,0,450,148.0,-1070,-210.0,-760.0,,,2,4,,,,,,,,,,,45461,0,0
324556,73606259091548646,,0,450,347.0,-1110,-300.0,-720.0,,,2,4,,,,,,,,,,,45461,0,0
324557,73606259726037124,,0,450,489.0,-840,-100.0,-550.0,101.0,,1,4,274.0,9324.0,,,,,,,,,45459,0,0
324558,73606259924050060,,0,3300,490.0,-970,-90.0,-790.0,,,2,4,,,,,,,,,,,45458,0,0
324559,73606259924050060,,0,3300,489.0,-1000,-110.0,-790.0,,,2,4,,,,,,,,,,,45458,0,0
324560,73606259924050060,,0,3300,460.0,-1070,-170.0,-810.0,,,2,4,,,,,,,,,,,45458,0,0
324561,73606259924050060,,0,3300,95.0,-1070,-160.0,-810.0,,,2,4,,,,,,,,,,,45458,0,0
324562,73606260120203686,,0,450,406.0,-1020,-230.0,,,,2,4,,,,,,,,,,,45433,0,0
324563,73606260120203686,,0,450,95.0,-1130,-290.0,,,,2,4,,,,,,,,,,,45433,0,0
324564,73606260120203686,,0,450,407.0,-1120,-290.0,,,,2,4,,,,,,,,,,,45433,0,0
324565,73606260335050951,,0,425,90.0,-1170,-300.0,-780.0,,,2,4,,,,,,,,,,,45458,0,0
324566,73606261262385152,,0,450,,-860,-70.0,-550.0,80.0,0.0,3,4,,,,,,,43211.0,44200.0,,23055639.0,0,0,0
324567,73606261365130522,,0,450,356.0,-1060,-240.0,,,,2,4,,,,,,,,,,,45433,0,0
324568,73606261861292889,,0,450,93.0,-1080,-240.0,-740.0,,,2,4,,,,,,,,,,,45461,0,0
324569,73606262954481802,,0,450,460.0,-1030,-170.0,-770.0,,,2,4,,,,,,,,,,,45461,0,0
324570,73606262954481802,,0,450,490.0,-1000,-170.0,-730.0,,,2,4,,,,,,,,,,,45461,0,0
324571,73606263259936027,,0,450,347.0,-990,-190.0,-700.0,,,2,4,,,,,,,,,,,45461,0,0
324572,73606263259936027,,0,450,148.0,-1050,-230.0,-710.0,,,2,4,,,,,,,,,,,45461,0,0
324573,73606263291122994,,0,1423,489.0,-830,-80.0,-650.0,,,2,4,,,,,,,,,,,45458,0,0
324574,73606264071884995,,0,450,407.0,-1120,-300.0,-730.0,,,2,4,,,,,,,,,,,45461,0,0
324575,73606264071884995,,0,450,406.0,-1070,-210.0,-760.0,,,2,4,,,,,,,,,,,45461,0,0
324576,73606264071884995,,0,450,95.0,-1020,-190.0,-740.0,,,2,4,,,,,,,,,,,45461,0,0
324577,73606265482641408,,0,450,,-870,-30.0,-670.0,110.0,0.0,3,4,,,,,,,43211.0,44200.0,,23055639.0,0,0,0
324578,73606265773136256,,0,450,356.0,-1120,-300.0,-730.0,,,2,4,,,,,,,,,,,45461,0,0
324579,73606266581815336,,0,450,93.0,-1060,-300.0,-670.0,,,2,4,,,,,,,,,,,45461,0,0
324580,73606267118881819,,0,450,490.0,-990,-200.0,-690.0,,,2,4,,,,,,,,,,,45461,0,0
324581,73606267118881819,,0,450,460.0,-1130,-300.0,-740.0,,,2,4,,,,,,,,,,,45461,0,0
324582,73606267305361212,,0,450,423.0,-1130,-300.0,-740.0,,,2,4,,,,,,,,,,,45461,0,0
324583,73606267323268212,,0,450,423.0,-1110,-240.0,,,,2,4,,,,,,,,,,,45433,0,0
324584,73606267719337895,,0,450,148.0,-1100,-300.0,-710.0,,,2,4,,,,,,,,,,,45461,0,0
324585,73606267736115176,,0,450,347.0,-1110,-300.0,-720.0,,,2,4,,,,,,,,,,,45461,0,0
324586,73606267913092814,,0,450,489.0,-850,-80.0,-580.0,78.0,,1,4,274.0,9580.0,,,,,,,,,45459,0,0
324587,73606267852968373,,0,3300,490.0,-970,-80.0,-790.0,,,2,4,,,,,,,,,,,45458,0,0
324588,73606267852968373,,0,3300,95.0,-1100,-190.0,-800.0,,,2,4,,,,,,,,,,,45458,0,0
324589,73606268047535778,,0,450,406.0,-990,-170.0,-730.0,,,2,4,,,,,,,,,,,45458,0,0
324590,73606268047535778,,0,450,95.0,-1050,-220.0,-730.0,,,2,4,,,,,,,,,,,45458,0,0
324591,73606268047535778,,0,450,407.0,-1120,-300.0,-730.0,,,2,4,,,,,,,,,,,45458,0,0
324592,73606268271556199,,0,1423,489.0,-830,-120.0,-610.0,,,2,4,,,,,,,,,,,45458,0,0
324593,73606268271556199,,0,1423,95.0,-1010,-300.0,-610.0,,,2,4,,,,,,,,,,,45458,0,0
324594,73606268271556199,,0,1423,490.0,-910,-160.0,-610.0,,,2,4,,,,,,,,,,,45458,0,0
324595,73606269307288239,,0,450,459.0,-1030,-180.0,-760.0,,,2,4,,,,,,,,,,,45461,0,0
324596,73606269739204608,,0,450,,-870,-60.0,-620.0,120.0,0.0,3,4,,,,,,,43211.0,44200.0,,23055639.0,0,0,0
324597,73606269753566074,,0,450,356.0,-1060,-190.0,-770.0,,,2,4,,,,,,,,,,,45461,0,0
324598,73606271102288850,,0,450,460.0,-1000,-140.0,-770.0,,,2,4,,,,,,,,,,,45461,0,0
324599,73606271102288850,,0,450,490.0,-980,-150.0,-740.0,,,2,4,,,,,,,,,,,45461,0,0
324600,73606271914389963,,0,450,347.0,-1020,-210.0,-720.0,,,2,4,,,,,,,,,,,45461,0,0
324601,73606271914389963,,0,450,148.0,-1030,-170.0,-770.0,,,2,4,,,,,,,,,,,45461,0,0
324602,73606271983327507,,0,450,406.0,-1040,-190.0,,,,2,4,,,,,,,,,,,45433,0,0
324603,73606271983327507,,0,450,407.0,-1120,-250.0,,,,2,4,,,,,,,,,,,45433,0,0
324604,73606271983327507,,0,450,95.0,-1140,-280.0,,,,2,4,,,,,,,,,,,45433,0,0
324605,73606272140878877,,0,450,489.0,-860,30.0,-730.0,81.0,,1,4,274.0,1261.0,,,,,,,,,45459,0,0
324606,73606272147802780,,0,3300,490.0,-970,-70.0,-810.0,,,2,4,,,,,,,,,,,45458,0,0
324607,73606272385303428,,0,3300,489.0,-1010,-110.0,-790.0,,,2,4,,,,,,,,,,,45458,0,0
324608,73606272385303428,,0,3300,460.0,-1200,-300.0,-810.0,,,2,4,,,,,,,,,,,45458,0,0
324609,73606272399983799,,0,3300,95.0,-1090,-190.0,-810.0,,,2,4,,,,,,,,,,,45458,0,0
324610,73606273764444374,,0,450,356.0,-1110,-250.0,-770.0,,,2,4,,,,,,,,,,,45461,0,0
324611,73606274020933632,,0,450,,-860,-30.0,-610.0,130.0,0.0,3,4,,,,,,,43211.0,44200.0,,23055639.0,0,0,0
324612,73606275180369769,,0,450,490.0,-980,-140.0,-740.0,,,2,4,,,,,,,,,,,45461,0,0
324613,73606275180369769,,0,450,460.0,-1010,-170.0,-730.0,,,2,4,,,,,,,,,,,45461,0,0
324614,73606275852760726,,0,450,347.0,-1100,-280.0,,,,2,4,,,,,,,,,,,45433,0,0
324615,73606275925284177,,0,450,407.0,-1120,-300.0,-730.0,,,2,4,,,,,,,,,,,45461,0,0
324616,73606275925284177,,0,450,406.0,-1120,-300.0,-730.0,,,2,4,,,,,,,,,,,45461,0,0
324617,73606275925284177,,0,450,95.0,-1010,-160.0,-750.0,,,2,4,,,,,,,,,,,45461,0,0
324618,73606276174408740,,0,3300,490.0,-980,-80.0,-810.0,,,2,4,,,,,,,,,,,45458,0,0
324619,73606276167389678,,0,450,489.0,-860,-30.0,-660.0,85.0,,1,4,274.0,1773.0,,,,,,,,,45459,0,0
324620,73606276402474761,,0,3102,489.0,-970,-110.0,-770.0,,,2,4,,,,,,,,,,,45458,0,0
324621,73606276402474761,,0,3102,490.0,-1080,-220.0,-770.0,,,2,4,,,,,,,,,,,45458,0,0
324622,73606276436029097,,0,3102,95.0,-1060,-200.0,-760.0,,,2,4,,,,,,,,,,,45458,0,0
324623,73606276436029097,,0,3102,460.0,-1040,-200.0,-740.0,,,2,4,,,,,,,,,,,45458,0,0
324624,73606276902032801,,0,450,148.0,-1090,-300.0,,,,2,4,,,,,,,,,,,45433,0,0
324625,73606277920865418,,0,450,356.0,-1140,-300.0,-750.0,,,2,4,,,,,,,,,,,45461,0,0
324626,73606278236340224,,0,450,,-860,-60.0,-560.0,80.0,0.0,3,4,,,,,,,43211.0,44200.0,,23055639.0,0,0,0
324627,73606279113324597,,0,450,490.0,-990,-190.0,,,,2,4,,,,,,,,,,,45433,0,0
324628,73606279113324597,,0,450,460.0,-1120,-290.0,,,,2,4,,,,,,,,,,,45433,0,0
324629,73606279883788801,,0,450,95.0,-1010,-180.0,-740.0,,,2,4,,,,,,,,,,,45461,0,0
324630,73606279883788801,,0,450,347.0,-1100,-300.0,-710.0,,,2,4,,,,,,,,,,,45461,0,0
324631,73606279933493265,,0,450,406.0,-1030,-180.0,-740.0,,,2,4,,,,,,,,,,,45461,0,0
324632,73606280675722048,,0,450,407.0,-970,-190.0,-690.0,,,2,4,,,,,,,,,,,45461,0,0
324633,73606280872005117,,0,3300,490.0,-970,-80.0,-800.0,,,2,4,,,,,,,,,,,45458,0,0
324634,73606280864969690,,0,450,489.0,-870,-20.0,-670.0,107.0,,1,4,274.0,1517.0,,,,,,,,,45459,0,0
324635,73606280872005117,,0,3300,489.0,-1010,-110.0,-800.0,,,2,4,,,,,,,,,,,45458,0,0
324636,73606281221013941,,0,3102,95.0,-1040,-180.0,-760.0,,,2,4,,,,,,,,,,,45458,0,0
324637,73606281206334205,,0,3102,489.0,-980,-120.0,-770.0,,,2,4,,,,,,,,,,,45458,0,0
324638,73606281206334205,,0,3102,460.0,-1050,-180.0,-780.0,,,2,4,,,,,,,,,,,45458,0,0
324639,73606281242516812,,0,450,459.0,-1120,-300.0,-730.0,,,2,4,,,,,,,,,,,45461,0,0
324640,73606281472471573,,0,450,148.0,-1020,-160.0,-770.0,,,2,4,,,,,,,,,,,45461,0,0
324641,73606282223976418,,0,450,356.0,-1100,-240.0,-760.0,,,2,4,,,,,,,,,,,45461,0,0
324642,73606282415767552,,0,450,,-870,-50.0,-660.0,80.0,0.0,3,4,,,,,,,43211.0,44200.0,,23055639.0,0,0,0
324643,73606282697149455,,0,450,49.0,-1110,-300.0,-720.0,,,2,4,,,,,,,,,,,45461,0,0
324644,73606282715258455,,0,450,49.0,-1120,-300.0,,,,2,4,,,,,,,,,,,45433,0,0
324645,73606283084299158,,0,450,460.0,-990,-220.0,,,,2,4,,,,,,,,,,,45433,0,0
324646,73606283066187158,,0,450,490.0,-1010,-200.0,-720.0,,,2,4,,,,,,,,,,,45461,0,0
324647,73606283822842522,,0,450,95.0,-1130,-300.0,-740.0,,,2,4,,,,,,,,,,,45461,0,0
324648,73606283875428054,,0,450,406.0,-1070,-300.0,-680.0,,,2,4,,,,,,,,,,,45461,0,0
324649,73606284264551226,,0,450,347.0,-990,-200.0,-690.0,,,2,4,,,,,,,,,,,45461,0,0
324650,73606284611519532,,0,450,407.0,-1130,-300.0,-740.0,,,2,4,,,,,,,,,,,45461,0,0
324651,73606285371461252,,0,1423,489.0,-830,-110.0,-610.0,,,2,4,,,,,,,,,,,45458,0,0
324652,73606285361240507,,0,450,489.0,-850,20.0,-700.0,44.0,,1,4,274.0,1901.0,,,,,,,,,45459,0,0
324653,73606285681839303,,0,3102,490.0,-1000,-140.0,-760.0,,,2,4,,,,,,,,,,,45458,0,0
324654,73606285681839303,,0,3102,460.0,-1100,-200.0,-760.0,,,2,4,,,,,,,,,,,45458,0,0
324655,73606285696520234,,0,3102,489.0,-980,-130.0,-750.0,,,2,4,,,,,,,,,,,45458,0,0
324656,73606285721225970,,0,450,148.0,-1120,-300.0,-730.0,,,2,4,,,,,,,,,,,45461,0,0
324657,73606286161457692,,0,450,356.0,-1120,-270.0,,,,2,4,,,,,,,,,,,45433,0,0
324658,73606286306094953,,0,3300,490.0,-980,-100.0,-780.0,,,2,4,,,,,,,,,,,45458,0,0
324659,73606286326337615,,0,1423,490.0,-880,-170.0,-610.0,,,2,4,,,,,,,,,,,45458,0,0
324660,73606286621016064,,0,450,,-870,-80.0,-550.0,60.0,0.0,3,4,,,,,,,43211.0,44200.0,,23055639.0,0,0,0
324661,73606286663976426,,0,425,90.0,-1110,-210.0,-800.0,,,2,4,,,,,,,,,,,45458,0,0
324662,73606286933839621,,0,450,459.0,-1020,-190.0,-730.0,,,2,4,,,,,,,,,,,45461,0,0
324663,73606287015739237,,0,450,490.0,-1000,-180.0,,,,2,4,,,,,,,,,,,45433,0,0
324664,73606287032517179,,0,450,460.0,-1020,-220.0,,,,2,4,,,,,,,,,,,45433,0,0
324665,73606287947114097,,0,450,406.0,-1090,-300.0,-700.0,,,2,4,,,,,,,,,,,45461,0,0
324666,73606287947114097,,0,450,95.0,-1040,-220.0,-720.0,,,2,4,,,,,,,,,,,45461,0,0
324667,73606288289377199,,0,450,380.0,-1150,-240.0,-820.0,,,2,4,,,,,,,,,,,45461,0,0
324668,73606288307588199,,0,450,380.0,-1160,-270.0,,,,2,4,,,,,,,,,,,45433,0,0
324669,73606288306211953,,0,450,380.0,-1140,-210.0,-820.0,,,2,4,,,,,,,,,,,45461,0,0
324670,73606288324423953,,0,450,380.0,-1140,-240.0,,,,2,4,,,,,,,,,,,45433,0,0
324671,73606288322988885,,0,450,380.0,-1140,-200.0,-820.0,,,2,4,,,,,,,,,,,45461,0,0
324672,73606288341201885,,0,450,380.0,-1140,-230.0,,,,2,4,,,,,,,,,,,45433,0,0
324673,73606288340172029,,0,450,380.0,-1120,-190.0,-810.0,,,2,4,,,,,,,,,,,45461,0,0
324674,73606288358386029,,0,450,380.0,-1120,-210.0,,,,2,4,,,,,,,,,,,45433,0,0
324675,73606288393507660,,0,450,347.0,-1060,-230.0,-720.0,,,2,4,,,,,,,,,,,45461,0,0
324676,73606288608204543,,0,450,407.0,-1160,-300.0,-770.0,,,2,4,,,,,,,,,,,45461,0,0
324677,73606288608204543,,0,450,281.0,-1090,-220.0,-770.0,,,2,4,,,,,,,,,,,45461,0,0
324678,73606288626424543,,0,450,281.0,-1100,-260.0,,,,2,4,,,,,,,,,,,45433,0,0
324679,73606289681098575,,0,450,263.0,-1130,-300.0,-740.0,,,2,4,,,,,,,,,,,45461,0,0
324680,73606289699330575,,0,450,263.0,-1120,-300.0,,,,2,4,,,,,,,,,,,45433,0,0
324681,73606290102770357,,0,450,356.0,-1100,-260.0,,,,2,4,,,,,,,,,,,45433,0,0
324682,73606290128198376,,0,450,93.0,-1060,-220.0,-740.0,,,2,4,,,,,,,,,,,45461,0,0
324683,73606290145029936,,0,450,148.0,-1020,-200.0,-720.0,,,2,4,,,,,,,,,,,45461,0,0
324684,73606290268755063,,0,1423,489.0,-830,-70.0,-650.0,,,2,4,,,,,,,,,,,45458,0,0
324685,73606290260145794,,0,450,489.0,-870,-40.0,-660.0,62.0,,1,4,274.0,2029.0,,,,,,,,,45459,0,0
324686,73606290509179387,,0,3102,460.0,-1040,-170.0,-770.0,,,2,4,,,,,,,,,,,45458,0,0
324687,73606290523859618,,0,3102,489.0,-990,-120.0,-780.0,,,2,4,,,,,,,,,,,45458,0,0
324688,73606290586774217,,0,3102,95.0,-1030,-180.0,-750.0,,,2,4,,,,,,,,,,,45458,0,0
324689,73606290939445248,,0,450,,-830,-30.0,-610.0,90.0,0.0,3,4,,,,,,,43211.0,44200.0,,23055639.0,0,0,0
324690,73606291055868433,,0,450,460.0,-1060,-220.0,-740.0,,,2,4,,,,,,,,,,,45461,0,0
324691,73606291055868433,,0,450,281.0,-1070,-220.0,-760.0,,,2,4,,,,,,,,,,,45461,0,0
324692,73606291055868433,,0,450,490.0,-970,-160.0,-720.0,,,2,4,,,,,,,,,,,45461,0,0
324693,73606291074138433,,0,450,281.0,-1090,-270.0,,,,2,4,,,,,,,,,,,45433,0,0
324694,73606292019651542,,0,450,406.0,-940,-150.0,-700.0,,,2,4,,,,,,,,,,,45461,0,0
324695,73606292053001616,,0,450,95.0,-990,-190.0,-710.0,,,2,4,,,,,,,,,,,45461,0,0
324696,73606292207196445,,0,450,459.0,-1120,-300.0,-730.0,,,2,4,,,,,,,,,,,45461,0,0
324697,73606292798177643,,0,450,49.0,-1080,-230.0,-760.0,,,2,4,,,,,,,,,,,45461,0,0
324698,73606292798177643,,0,450,407.0,-1090,-230.0,-760.0,,,2,4,,,,,,,,,,,45461,0,0
324699,73606292816461643,,0,450,49.0,-1090,-280.0,,,,2,4,,,,,,,,,,,45433,0,0
324700,73606292972600628,,0,450,347.0,-1110,-300.0,-720.0,,,2,4,,,,,,,,,,,45461,0,0
324701,73606294053001618,,0,450,356.0,-1060,-200.0,-760.0,,,2,4,,,,,,,,,,,45461,0,0
324702,73606294531139774,,0,450,148.0,-1040,-220.0,,,,2,4,,,,,,,,,,,45433,0,0
324703,73606294689309920,,0,450,489.0,-860,-50.0,-610.0,99.0,,1,4,274.0,1261.0,,,,,,,,,45459,0,0
324704,73606294696272610,,0,3300,490.0,-980,-80.0,-810.0,,,2,4,,,,,,,,,,,45458,0,0
324705,73606294870710922,,0,3102,460.0,-1000,-160.0,-750.0,,,2,4,,,,,,,,,,,45458,0,0
324706,73606294885390245,,0,3102,490.0,-1030,-180.0,-750.0,,,2,4,,,,,,,,,,,45458,0,0
324707,73606294870710922,,0,3102,489.0,-980,-150.0,-740.0,,,2,4,,,,,,,,,,,45458,0,0
324708,73606294956747697,,0,3102,95.0,-1020,-180.0,-750.0,,,2,4,,,,,,,,,,,45458,0,0
324709,73606295133421568,,0,450,,-870,-50.0,-620.0,80.0,0.0,3,4,,,,,,,43211.0,44200.0,,23055639.0,0,0,0
324710,73606295094848541,,0,450,460.0,-1030,-170.0,-760.0,,,2,4,,,,,,,,,,,45461,0,0
324711,73606295094848541,,0,450,490.0,-990,-170.0,-720.0,,,2,4,,,,,,,,,,,45461,0,0
324712,73606295094848541,,0,450,93.0,-1040,-200.0,-740.0,,,2,4,,,,,,,,,,,45461,0,0
324713,73606295308487759,,0,1423,490.0,-900,-150.0,-610.0,,,2,4,,,,,,,,,,,45458,0,0
324714,73606295308487759,,0,1423,489.0,-830,-120.0,-610.0,,,2,4,,,,,,,,,,,45458,0,0
324715,73606296189765162,,0,450,95.0,-1050,-200.0,-750.0,,,2,4,,,,,,,,,,,45461,0,0
324716,73606296189765162,,0,450,406.0,-1000,-160.0,-730.0,,,2,4,,,,,,,,,,,45461,0,0
324717,73606296189765162,,0,450,459.0,-1160,-300.0,-770.0,,,2,4,,,,,,,,,,,45461,0,0
324718,73606296810987822,,0,450,407.0,-1130,-300.0,-740.0,,,2,4,,,,,,,,,,,45461,0,0
324719,73606297991543157,,0,450,356.0,-1100,-270.0,,,,2,4,,,,,,,,,,,45433,0,0
324720,73606297990047159,,0,450,347.0,-990,-210.0,-690.0,,,2,4,,,,,,,,,,,45461,0,0
324721,73606299100648717,,0,450,490.0,-990,-180.0,-710.0,,,2,4,,,,,,,,,,,45461,0,0
324722,73606299100648717,,0,450,460.0,-1020,-160.0,-770.0,,,2,4,,,,,,,,,,,45461,0,0
324723,73606299346534400,,0,450,,-880,-70.0,-610.0,70.0,0.0,3,4,,,,,,,43211.0,44200.0,,23055639.0,0,0,0
324724,73606299406088815,,0,450,281.0,-1070,-210.0,-770.0,,,2,4,,,,,,,,,,,45461,0,0
324725,73606299655374021,,0,450,489.0,-890,-60.0,-660.0,118.0,,1,4,274.0,9708.0,,,,,,,,,45459,0,0
324726,73606299898806272,,0,1423,,-850,-80.0,-560.0,-200.0,0.0,3,4,,,,,,,43211.0,44200.0,,23055629.0,0,0,0
324727,73606299836628718,,0,1423,489.0,-850,-100.0,-520.0,118.0,,1,4,274.0,10054.0,,,,,,,,,45459,0,0
324728,73606299855827646,,0,1423,490.0,-900,-160.0,,,,2,4,,,,,,,,,,,45433,0,0
324729,73606299849472638,,0,3102,489.0,-990,-120.0,-770.0,,,2,4,,,,,,,,,,,45458,0,0
324730,73606299849472638,,0,3102,490.0,-1040,-170.0,-770.0,,,2,4,,,,,,,,,,,45458,0,0
324731,73606299888540040,,0,1423,406.0,-1040,-300.0,-650.0,,,2,4,,,,,,,,,,,45461,0,0
324732,73606299888540040,,0,1423,95.0,-990,-300.0,-600.0,,,2,4,,,,,,,,,,,45461,0,0
324733,73606299888540040,,0,1423,460.0,-1040,-300.0,-650.0,,,2,4,,,,,,,,,,,45461,0,0
324734,73606299888540040,,0,1423,124.0,-1030,-300.0,-640.0,,,2,4,,,,,,,,,,,45461,0,0
324735,73606299888540040,,0,1423,273.0,-1010,-300.0,-620.0,,,2,4,,,,,,,,,,,45461,0,0
324736,73606299906945040,,0,1423,148.0,-1000,-290.0,,,,2,4,,,,,,,,,,,45433,0,0
324737,73606300961488665,,0,1423,59.0,-980,-220.0,-590.0,,,2,4,,,,,,,,,,,45461,0,0
324738,73606301276901782,,0,1423,407.0,-990,-300.0,-600.0,,,2,4,,,,,,,,,,,45461,0,0
324739,73606301312142950,,0,1423,103.0,-960,-180.0,,,,2,4,,,,,,,,,,,45433,0,0
324740,73606301293719950,,0,1423,103.0,-960,-180.0,-610.0,,,2,4,,,,,,,,,,,45461,0,0
324741,73606302196275109,,0,1423,281.0,-980,-190.0,-660.0,,,2,4,,,,,,,,,,,45461,0,0
324742,73606303419439314,,0,1423,356.0,-980,-300.0,-590.0,,,2,4,,,,,,,,,,,45461,0,0
324743,73606303793456833,,0,1423,490.0,-960,-210.0,-610.0,,,2,4,,,,,,,,,,,45461,0,0
324744,73606303860523957,,0,1423,460.0,-920,-190.0,-570.0,,,2,4,,,,,,,,,,,45461,0,0
324745,73606303860523957,,0,1423,95.0,-960,-300.0,-570.0,,,2,4,,,,,,,,,,,45461,0,0
324746,73606303860523957,,0,1423,124.0,-950,-220.0,-570.0,,,2,4,,,,,,,,,,,45461,0,0
324747,73606303860523957,,0,1423,406.0,-970,-300.0,-580.0,,,2,4,,,,,,,,,,,45461,0,0
324748,73606304099173834,,0,1423,273.0,-1050,-300.0,,,,2,4,,,,,,,,,,,45433,0,0
324749,73606304150126592,,0,1423,,-850,-90.0,-570.0,80.0,0.0,3,4,,,,,,,43211.0,44200.0,,23055629.0,0,0,0
324750,73606304224627378,,0,1423,148.0,-990,-300.0,,,,2,4,,,,,,,,,,,45433,0,0
324751,73606305622273578,,0,1423,59.0,-1080,-300.0,-690.0,,,2,4,,,,,,,,,,,45461,0,0
324752,73606305622273578,,0,1423,407.0,-960,-190.0,-670.0,,,2,4,,,,,,,,,,,45461,0,0
324753,73606308519625348,,0,3300,460.0,-1080,-180.0,-780.0,,,2,4,,,,,,,,,,,45461,0,0
324754,73606308451035251,,0,3300,281.0,-1070,-180.0,,,,2,4,,,,,,,,,,,45433,0,0
324755,73606308451035251,,0,3300,59.0,-1200,-250.0,,,,2,4,,,,,,,,,,,45433,0,0
324756,73606308130380579,,0,1423,490.0,-890,-170.0,,,,2,4,,,,,,,,,,,45433,0,0
324757,73606308111786579,,0,1423,460.0,-910,-210.0,-600.0,,,2,4,,,,,,,,,,,45461,0,0
324758,73606308130380579,,0,1423,406.0,-990,-280.0,,,,2,4,,,,,,,,,,,45433,0,0
324759,73606308266180711,,0,3300,489.0,-1010,-110.0,-790.0,,,2,4,,,,,,,,,,,45458,0,0
324760,73606308432426251,,0,3300,95.0,-1070,-180.0,-800.0,,,2,4,,,,,,,,,,,45461,0,0
324761,73606308519625348,,0,3300,407.0,-1070,-180.0,-780.0,,,2,4,,,,,,,,,,,45461,0,0
324762,73606308907335738,,0,3300,309.0,-1190,-300.0,-800.0,,,2,4,,,,,,,,,,,45461,0,0
324763,73606308925952738,,0,3300,309.0,-1190,-300.0,,,,2,4,,,,,,,,,,,45433,0,0
324764,73606309395533472,,0,3300,490.0,-1010,-110.0,-700.0,46.0,,1,4,274.0,2687.0,,,,,,,,,45459,0,0
324765,73606310123185398,,0,3300,512.0,-1160,90.0,-470.0,,,2,4,,,,,,,,,,,45461,0,0
324766,73606310123185398,,0,3300,0.0,-1800,-210.0,-1100.0,,,2,4,,,,,,,,,,,45461,0,0
324767,73606362849951153,,0,3300,489.0,-950,-80.0,-700.0,63.0,,1,4,274.0,9411.0,,,,,,,,,45459,0,0
324768,73606362853355513,,0,3102,490.0,-1040,-180.0,-770.0,,,2,4,,,,,,,,,,,45458,0,0
324769,73606362856977114,,0,3300,490.0,-970,-100.0,-780.0,,,2,4,,,,,,,,,,,45461,0,0
324770,73606362856977114,,0,3300,460.0,-1170,-300.0,-780.0,,,2,4,,,,,,,,,,,45461,0,0
324771,73606362853355513,,0,3102,489.0,-980,-120.0,-760.0,,,2,4,,,,,,,,,,,45458,0,0
324772,73606362856977114,,0,3300,406.0,-1100,-220.0,-780.0,,,2,4,,,,,,,,,,,45461,0,0
324773,73606362856977114,,0,3300,95.0,-1180,-300.0,-790.0,,,2,4,,,,,,,,,,,45461,0,0
324774,73606362856977114,,0,3300,281.0,-1070,-190.0,-780.0,,,2,4,,,,,,,,,,,45461,0,0
324775,73606362875601114,,0,3300,59.0,-1180,-280.0,,,,2,4,,,,,,,,,,,45433,0,0
324776,73606306145605651,,0,1423,347.0,-870,-190.0,-590.0,,,2,4,,,,,,,,,,,45461,0,0
324777,73606362946142208,,0,3300,,-970,-100.0,-660.0,60.0,0.0,3,4,,,,,,,43211.0,44200.0,,23055619.0,0,0,0
324778,73606307798235540,,0,1423,124.0,-1030,-300.0,,,,2,4,,,,,,,,,,,45433,0,0
324779,73606307798235540,,0,1423,95.0,-970,-250.0,,,,2,4,,,,,,,,,,,45433,0,0
324780,73606307997754033,,0,1423,281.0,-1030,-300.0,-640.0,,,2,4,,,,,,,,,,,45461,0,0
324781,73606308163939122,,0,1423,148.0,-970,-210.0,,,,2,4,,,,,,,,,,,45433,0,0
324782,73606308538235348,,0,3300,407.0,-1100,-260.0,,,,2,4,,,,,,,,,,,45433,0,0
324783,73606308872294665,,0,1423,489.0,-820,-130.0,-590.0,,,2,4,,,,,,,,,,,45458,0,0
324784,73606309723796888,,0,3300,0.0,-1800,220.0,120.0,,,2,4,,,,,,,,,,,45461,0,0
324785,73606309797626072,,0,3300,309.0,-1130,-230.0,-780.0,,,2,4,,,,,,,,,,,45461,0,0
324786,73606363399193189,,0,1423,489.0,-820,-90.0,-640.0,,,2,4,,,,,,,,,,,45458,0,0
324787,73606363413874103,,0,1423,490.0,-920,-130.0,-640.0,,,2,4,,,,,,,,,,,45458,0,0
324788,73606363436943330,,0,1423,406.0,-950,-190.0,-670.0,,,2,4,,,,,,,,,,,45458,0,0
324789,73606364183158664,,0,3300,492.0,-1140,-300.0,-750.0,,,2,4,,,,,,,,,,,45461,0,0
324790,73606364575797734,,0,3300,407.0,-1080,-210.0,-750.0,,,2,4,,,,,,,,,,,45461,0,0
324791,73606364594460734,,0,3300,407.0,-1080,-210.0,,,,2,4,,,,,,,,,,,45433,0,0
324792,73606364592575136,,0,3300,407.0,-1040,-190.0,-750.0,,,2,4,,,,,,,,,,,45461,0,0
324793,73606364611239136,,0,3300,407.0,-1040,-200.0,,,,2,4,,,,,,,,,,,45433,0,0
324794,73606365793766534,,0,3300,23.0,-1060,-220.0,-740.0,,,2,4,,,,,,,,,,,45461,0,0
324795,73606365812441534,,0,3300,23.0,-1080,-270.0,,,,2,4,,,,,,,,,,,45433,0,0
324796,73606366189697156,,0,3300,148.0,-1080,-180.0,-810.0,,,2,4,,,,,,,,,,,45461,0,0
324797,73606366208374156,,0,3300,148.0,-1100,-260.0,,,,2,4,,,,,,,,,,,45433,0,0
324798,73606366202455432,,0,3300,148.0,-1160,-300.0,-770.0,,,2,4,,,,,,,,,,,45461,0,0
324799,73606366221133432,,0,3300,148.0,-1150,-270.0,,,,2,4,,,,,,,,,,,45433,0,0
324800,73606366511831393,,0,3300,446.0,-1080,-210.0,-770.0,,,2,4,,,,,,,,,,,45461,0,0
324801,73606366530511393,,0,3300,446.0,-1100,-270.0,,,,2,4,,,,,,,,,,,45433,0,0
324802,73606366572219319,,0,3300,92.0,-1180,-300.0,-790.0,,,2,4,,,,,,,,,,,45461,0,0
324803,73606366590900319,,0,3300,92.0,-1180,-300.0,,,,2,4,,,,,,,,,,,45433,0,0
324804,73606367183962112,,0,3300,,-970,-100.0,-670.0,30.0,0.0,3,4,,,,,,,43211.0,44200.0,,23055619.0,0,0,0
324805,73606367129387115,,0,3300,95.0,-1100,-200.0,-800.0,,,2,4,,,,,,,,,,,45461,0,0
324806,73606367129387115,,0,3300,460.0,-1100,-210.0,-790.0,,,2,4,,,,,,,,,,,45461,0,0
324807,73606367159422526,,0,3300,281.0,-1080,-170.0,-820.0,,,2,4,,,,,,,,,,,45461,0,0
324808,73606367129387115,,0,3300,490.0,-970,-90.0,-790.0,,,2,4,,,,,,,,,,,45461,0,0
324809,73606367148071115,,0,3300,59.0,-1190,-300.0,,,,2,4,,,,,,,,,,,45433,0,0
324810,73606367703361008,,0,3300,489.0,-970,-100.0,-690.0,42.0,,1,4,274.0,1261.0,,,,,,,,,45459,0,0
324811,73606367856339676,,0,1423,490.0,-930,-160.0,-630.0,,,2,4,,,,,,,,,,,45458,0,0
324812,73606367898286851,,0,1423,489.0,-830,-90.0,-630.0,,,2,4,,,,,,,,,,,45458,0,0
324813,73606369015709643,,0,3300,206.0,-1150,-220.0,-830.0,,,2,4,,,,,,,,,,,45461,0,0
324814,73606369034425643,,0,3300,206.0,-1150,-260.0,,,,2,4,,,,,,,,,,,45433,0,0
324815,73606369955285466,,0,3300,248.0,-1180,-300.0,-790.0,,,2,4,,,,,,,,,,,45461,0,0
324816,73606369974013466,,0,3300,248.0,-1180,-300.0,,,,2,4,,,,,,,,,,,45433,0,0
324817,73606370069322079,,0,3300,406.0,-1110,-210.0,-810.0,,,2,4,,,,,,,,,,,45461,0,0
324818,73606370069322079,,0,3300,492.0,-1170,-300.0,-780.0,,,2,4,,,,,,,,,,,45461,0,0
324819,73606370827680670,,0,3300,382.0,-1100,-210.0,-790.0,,,2,4,,,,,,,,,,,45461,0,0
324820,73606370846417670,,0,3300,382.0,-1100,-210.0,,,,2,4,,,,,,,,,,,45433,0,0
324821,73606370844457766,,0,3300,382.0,-1070,-190.0,-790.0,,,2,4,,,,,,,,,,,45461,0,0
324822,73606370863195766,,0,3300,382.0,-1070,-200.0,,,,2,4,,,,,,,,,,,45433,0,0
324823,73606370879678738,,0,3300,382.0,-1140,-230.0,,,,2,4,,,,,,,,,,,45433,0,0
324824,73606370860939738,,0,3300,382.0,-1150,-300.0,-760.0,,,2,4,,,,,,,,,,,45461,0,0
324825,73606371064529805,,0,3300,490.0,-970,-110.0,,,,2,4,,,,,,,,,,,45433,0,0
324826,73606371064529805,,0,3300,460.0,-1140,-240.0,,,,2,4,,,,,,,,,,,45433,0,0
324827,73606371094642973,,0,3300,59.0,-1120,-230.0,,,,2,4,,,,,,,,,,,45433,0,0
324828,73606371092672849,,0,3300,281.0,-1090,-190.0,-810.0,,,2,4,,,,,,,,,,,45461,0,0
324829,73606371193153111,,0,3300,95.0,-1050,-160.0,-790.0,,,2,4,,,,,,,,,,,45458,0,0
324830,73606371412410368,,0,3300,,-970,-100.0,-660.0,40.0,0.0,3,4,,,,,,,43211.0,44200.0,,23055619.0,0,0,0
324831,73606371493947178,,0,1423,95.0,-1010,-300.0,-620.0,,,2,4,,,,,,,,,,,45458,0,0
324832,73606371629949584,,0,3300,407.0,-1110,-210.0,-810.0,,,2,4,,,,,,,,,,,45461,0,0
324833,73606371648712584,,0,3300,407.0,-1120,-260.0,,,,2,4,,,,,,,,,,,45433,0,0
324834,73606371646726829,,0,3300,407.0,-1110,-200.0,-810.0,,,2,4,,,,,,,,,,,45461,0,0
324835,73606371665490829,,0,3300,407.0,-1110,-240.0,,,,2,4,,,,,,,,,,,45433,0,0
324836,73606371854716961,,0,3300,390.0,-1100,-200.0,-800.0,,,2,4,,,,,,,,,,,45461,0,0
324837,73606371873484961,,0,3300,390.0,-1100,-200.0,,,,2,4,,,,,,,,,,,45433,0,0
324838,73606371868710257,,0,3300,390.0,-1190,-300.0,-800.0,,,2,4,,,,,,,,,,,45461,0,0
324839,73606371887479257,,0,3300,390.0,-1170,-230.0,,,,2,4,,,,,,,,,,,45433,0,0
324840,73606373022452061,,0,3300,446.0,-1120,-220.0,-790.0,,,2,4,,,,,,,,,,,45461,0,0
324841,73606373041223061,,0,3300,446.0,-1130,-270.0,,,,2,4,,,,,,,,,,,45433,0,0
324842,73606373039229310,,0,3300,446.0,-1100,-220.0,-780.0,,,2,4,,,,,,,,,,,45461,0,0
324843,73606373058001310,,0,3300,446.0,-1110,-260.0,,,,2,4,,,,,,,,,,,45433,0,0
324844,73606374082822739,,0,3300,406.0,-1020,-170.0,-760.0,,,2,4,,,,,,,,,,,45461,0,0
324845,73606374082822739,,0,3300,492.0,-1080,-200.0,-780.0,,,2,4,,,,,,,,,,,45461,0,0
324846,73606375025544961,,0,3300,490.0,-970,-80.0,-790.0,,,2,4,,,,,,,,,,,45461,0,0
324847,73606375025544961,,0,3300,460.0,-1120,-210.0,-790.0,,,2,4,,,,,,,,,,,45461,0,0
324848,73606375109469463,,0,3300,309.0,-1140,-230.0,-800.0,,,2,4,,,,,,,,,,,45461,0,0
324849,73606375128277463,,0,3300,281.0,-1060,-200.0,,,,2,4,,,,,,,,,,,45433,0,0
324850,73606375128277463,,0,3300,309.0,-1140,-230.0,,,,2,4,,,,,,,,,,,45433,0,0
324851,73606375128277463,,0,3300,95.0,-1100,-220.0,,,,2,4,,,,,,,,,,,45433,0,0
324852,73606375142283519,,0,3300,309.0,-1160,-250.0,,,,2,4,,,,,,,,,,,45433,0,0
324853,73606375159761335,,0,3300,59.0,-1100,-180.0,-820.0,,,2,4,,,,,,,,,,,45461,0,0
324854,73606375123474519,,0,3300,309.0,-1170,-300.0,-780.0,,,2,4,,,,,,,,,,,45461,0,0
324855,73606375969390592,,0,3300,,-970,-110.0,-670.0,30.0,0.0,3,4,,,,,,,43211.0,44200.0,,23055619.0,0,0,0
324856,73606376000714648,,0,3300,407.0,-1100,-240.0,,,,2,4,,,,,,,,,,,45433,0,0
324857,73606376091916709,,0,3300,489.0,-970,-90.0,-690.0,66.0,,1,4,274.0,1901.0,,,,,,,,,45459,0,0
324858,73606376219222949,,0,3102,489.0,-970,-120.0,-750.0,,,2,4,,,,,,,,,,,45458,0,0
324859,73606376790114354,,0,1423,489.0,-820,-110.0,-610.0,,,2,4,,,,,,,,,,,45458,0,0
324860,73606376804794412,,0,1423,406.0,-930,-180.0,-620.0,,,2,4,,,,,,,,,,,45458,0,0
324861,73606376790114354,,0,1423,490.0,-960,-210.0,-610.0,,,2,4,,,,,,,,,,,45458,0,0
324862,73606378569863251,,0,3300,446.0,-1160,-300.0,-770.0,,,2,4,,,,,,,,,,,45461,0,0
324863,73606378910543168,,0,3300,492.0,-1220,-300.0,-830.0,,,2,4,,,,,,,,,,,45461,0,0
324864,73606378997971657,,0,3300,460.0,-1160,-280.0,,,,2,4,,,,,,,,,,,45433,0,0
324865,73606378997971657,,0,3300,490.0,-970,-110.0,,,,2,4,,,,,,,,,,,45433,0,0
324866,73606379203992562,,0,3300,95.0,-1100,-200.0,-800.0,,,2,4,,,,,,,,,,,45461,0,0
324867,73606379222890562,,0,3300,281.0,-1090,-190.0,,,,2,4,,,,,,,,,,,45433,0,0
324868,73606379274768415,,0,3300,406.0,-1110,-210.0,-810.0,,,2,4,,,,,,,,,,,45461,0,0
324869,73606379274768415,,0,3300,300.0,-1190,-300.0,-800.0,,,2,4,,,,,,,,,,,45461,0,0
324870,73606379293668415,,0,3300,300.0,-1190,-300.0,,,,2,4,,,,,,,,,,,45433,0,0
324871,73606379308004644,,0,3300,59.0,-1030,-200.0,-740.0,,,2,4,,,,,,,,,,,45461,0,0
324872,73606380189253632,,0,3300,,-970,-100.0,-660.0,40.0,0.0,3,4,,,,,,,43211.0,44200.0,,23055619.0,0,0,0
324873,73606380283513318,,0,3300,148.0,-1180,-300.0,,,,2,4,,,,,,,,,,,45433,0,0
324874,73606380264602318,,0,3300,148.0,-1180,-300.0,-790.0,,,2,4,,,,,,,,,,,45461,0,0
324875,73606380284434625,,0,3300,148.0,-1100,-230.0,-780.0,,,2,4,,,,,,,,,,,45461,0,0
324876,73606380303346625,,0,3300,148.0,-1110,-280.0,,,,2,4,,,,,,,,,,,45433,0,0
324877,73606380438774828,,0,3300,407.0,-1090,-200.0,-790.0,,,2,4,,,,,,,,,,,45461,0,0
324878,73606380588237243,,0,3300,489.0,-970,-110.0,-670.0,7.0,,1,4,274.0,9452.0,,,,,,,,,45459,0,0
324879,73606380824439704,,0,3102,489.0,-980,-110.0,-770.0,,,2,4,,,,,,,,,,,45458,0,0
324880,73606380824439704,,0,3102,490.0,-1050,-170.0,-770.0,,,2,4,,,,,,,,,,,45458,0,0
324881,73606380824439704,,0,3102,460.0,-1160,-300.0,-770.0,,,2,4,,,,,,,,,,,45458,0,0
324882,73606381571121456,,0,3300,429.0,-1180,-300.0,-790.0,,,2,4,,,,,,,,,,,45461,0,0
324883,73606381590066456,,0,3300,429.0,-1180,-300.0,,,,2,4,,,,,,,,,,,45433,0,0
324884,73606381587898547,,0,3300,429.0,-1080,-180.0,-810.0,,,2,4,,,,,,,,,,,45461,0,0
324885,73606381606844547,,0,3300,429.0,-1100,-260.0,,,,2,4,,,,,,,,,,,45433,0,0
324886,73606381604676187,,0,3300,429.0,-1200,-300.0,-810.0,,,2,4,,,,,,,,,,,45461,0,0
324887,73606381623623187,,0,3300,429.0,-1180,-270.0,,,,2,4,,,,,,,,,,,45433,0,0
324888,73606381640829144,,0,3300,429.0,-1190,-280.0,,,,2,4,,,,,,,,,,,45433,0,0
324889,73606381621881144,,0,3300,429.0,-1190,-300.0,-800.0,,,2,4,,,,,,,,,,,45461,0,0
324890,73606382931580216,,0,3300,460.0,-1170,-280.0,,,,2,4,,,,,,,,,,,45433,0,0
324891,73606382931580216,,0,3300,490.0,-980,-100.0,,,,2,4,,,,,,,,,,,45433,0,0
324892,73606383299075783,,0,3300,95.0,-1070,-160.0,-820.0,,,2,4,,,,,,,,,,,45461,0,0
324893,73606383378481870,,0,3300,59.0,-1110,-180.0,,,,2,4,,,,,,,,,,,45433,0,0
324894,73606383359514870,,0,3300,281.0,-1100,-200.0,-810.0,,,2,4,,,,,,,,,,,45461,0,0
324895,73606383738629688,,0,3300,46.0,-1080,-210.0,-770.0,,,2,4,,,,,,,,,,,45461,0,0
324896,73606383757605688,,0,3300,46.0,-1100,-270.0,,,,2,4,,,,,,,,,,,45433,0,0
324897,73606383824773141,,0,3300,492.0,-1110,-180.0,,,,2,4,,,,,,,,,,,45433,0,0
324898,73606383839444804,,0,3300,148.0,-1120,-210.0,-810.0,,,2,4,,,,,,,,,,,45461,0,0
324899,73606383858426804,,0,3300,148.0,-1120,-210.0,,,,2,4,,,,,,,,,,,45433,0,0
324900,73606384378576896,,0,3300,,-970,-110.0,-650.0,50.0,0.0,3,4,,,,,,,43211.0,44200.0,,23055619.0,0,0,0
324901,73606384533128658,,0,3300,309.0,-1080,-170.0,-800.0,,,2,4,,,,,,,,,,,45461,0,0
324902,73606384535541214,,0,3102,95.0,-1170,-300.0,-780.0,,,2,4,,,,,,,,,,,45458,0,0
324903,73606384552133658,,0,3300,309.0,-1100,-260.0,,,,2,4,,,,,,,,,,,45433,0,0
324904,73606384780902853,,0,3102,489.0,-970,-120.0,-760.0,,,2,4,,,,,,,,,,,45458,0,0
324905,73606384780902853,,0,3102,460.0,-1040,-180.0,-760.0,,,2,4,,,,,,,,,,,45458,0,0
324906,73606385929566837,,0,3300,227.0,-1170,-300.0,-780.0,,,2,4,,,,,,,,,,,45461,0,0
324907,73606385929566837,,0,3300,203.0,-1190,-300.0,-800.0,,,2,4,,,,,,,,,,,45461,0,0
324908,73606385948601837,,0,3300,227.0,-1170,-300.0,,,,2,4,,,,,,,,,,,45433,0,0
324909,73606385948601837,,0,3300,203.0,-1180,-300.0,,,,2,4,,,,,,,,,,,45433,0,0
324910,73606386991046829,,0,3300,490.0,-970,-100.0,,,,2,4,,,,,,,,,,,45433,0,0
324911,73606386670418902,,0,3300,406.0,-1170,-300.0,-780.0,,,2,4,,,,,,,,,,,45461,0,0
324912,73606386971995829,,0,3300,460.0,-1180,-300.0,-790.0,,,2,4,,,,,,,,,,,45461,0,0
324913,73606387399659603,,0,3300,500.0,-1170,-300.0,-780.0,,,2,4,,,,,,,,,,,45461,0,0
324914,73606387418716603,,0,3300,95.0,-1160,-270.0,,,,2,4,,,,,,,,,,,45433,0,0
324915,73606387310283357,,0,3300,281.0,-1040,-160.0,,,,2,4,,,,,,,,,,,45433,0,0
324916,73606387321436040,,0,3300,59.0,-1100,-220.0,-750.0,,,2,4,,,,,,,,,,,45461,0,0
324917,73606387321436040,,0,3300,442.0,-1120,-210.0,-790.0,,,2,4,,,,,,,,,,,45461,0,0
324918,73606387340492040,,0,3300,442.0,-1130,-270.0,,,,2,4,,,,,,,,,,,45433,0,0
324919,73606387418716603,,0,3300,500.0,-1170,-300.0,,,,2,4,,,,,,,,,,,45433,0,0
324920,73606387838268181,,0,3300,407.0,-1090,-210.0,-780.0,,,2,4,,,,,,,,,,,45461,0,0
324921,73606387838268181,,0,3300,492.0,-1080,-210.0,-780.0,,,2,4,,,,,,,,,,,45461,0,0
324922,73606388010486383,,0,3102,490.0,-1050,-180.0,-770.0,,,2,4,,,,,,,,,,,45458,0,0
324923,73606388629372928,,0,3300,,-970,-110.0,-650.0,0.0,0.0,3,4,,,,,,,43211.0,44200.0,,23055619.0,0,0,0
324924,73606388891286330,,0,3102,489.0,-980,-110.0,-770.0,,,2,4,,,,,,,,,,,45458,0,0
324925,73606388891286330,,0,3102,460.0,-1060,-190.0,-780.0,,,2,4,,,,,,,,,,,45458,0,0
324926,73606389203814786,,0,1423,460.0,-1000,-200.0,-660.0,,,2,4,,,,,,,,,,,45458,0,0
324927,73606389203814786,,0,1423,95.0,-1070,-300.0,-680.0,,,2,4,,,,,,,,,,,45458,0,0
324928,73606389203814786,,0,1423,489.0,-820,-100.0,-630.0,,,2,4,,,,,,,,,,,45458,0,0
324929,73606389203814786,,0,1423,490.0,-940,-180.0,-630.0,,,2,4,,,,,,,,,,,45458,0,0
324930,73606389467969898,,0,3300,465.0,-1210,-300.0,,,,2,4,,,,,,,,,,,45433,0,0
324931,73606389448871898,,0,3300,465.0,-1210,-300.0,-820.0,,,2,4,,,,,,,,,,,45461,0,0
324932,73606389467219229,,0,3300,465.0,-1180,-300.0,-790.0,,,2,4,,,,,,,,,,,45461,0,0
324933,73606389486318229,,0,3300,465.0,-1190,-300.0,,,,2,4,,,,,,,,,,,45433,0,0
324934,73606389849157942,,0,3300,489.0,-970,-120.0,-680.0,48.0,,1,4,274.0,1517.0,,,,,,,,,45459,0,0
324935,73606390266870553,,0,3300,309.0,-1100,-200.0,-800.0,,,2,4,,,,,,,,,,,45461,0,0
324936,73606390924473031,,0,3300,460.0,-1100,-190.0,-810.0,,,2,4,,,,,,,,,,,45461,0,0
324937,73606390924473031,,0,3300,490.0,-970,-90.0,-790.0,,,2,4,,,,,,,,,,,45461,0,0
324938,73606391642542814,,0,3300,95.0,-1030,-160.0,-780.0,,,2,4,,,,,,,,,,,45461,0,0
324939,73606391642542814,,0,3300,59.0,-1090,-190.0,-780.0,,,2,4,,,,,,,,,,,45461,0,0
324940,73606391642542814,,0,3300,281.0,-1060,-160.0,-790.0,,,2,4,,,,,,,,,,,45461,0,0
324941,73606391708280960,,0,3300,44.0,-1170,-300.0,-780.0,,,2,4,,,,,,,,,,,45461,0,0
324942,73606391727443960,,0,3300,44.0,-1170,-300.0,,,,2,4,,,,,,,,,,,45433,0,0
324943,73606391434547117,,0,3300,406.0,-1110,-220.0,-790.0,,,2,4,,,,,,,,,,,45461,0,0
324944,73606391729831961,,0,3300,44.0,-1140,-300.0,-750.0,,,2,4,,,,,,,,,,,45461,0,0
324945,73606391748995961,,0,3300,44.0,-1150,-300.0,,,,2,4,,,,,,,,,,,45433,0,0
324946,73606391746609073,,0,3300,44.0,-1160,-300.0,-770.0,,,2,4,,,,,,,,,,,45461,0,0
324947,73606391781134581,,0,3300,407.0,-1170,-270.0,,,,2,4,,,,,,,,,,,45433,0,0
324948,73606391765774073,,0,3300,44.0,-1160,-300.0,,,,2,4,,,,,,,,,,,45433,0,0
324949,73606391761968581,,0,3300,44.0,-1170,-300.0,-780.0,,,2,4,,,,,,,,,,,45461,0,0
324950,73606391781134581,,0,3300,44.0,-1170,-300.0,,,,2,4,,,,,,,,,,,45433,0,0
324951,73606392266644223,,0,3300,461.0,-1120,-230.0,-800.0,,,2,4,,,,,,,,,,,45461,0,0
324952,73606392285814223,,0,3300,461.0,-1120,-270.0,,,,2,4,,,,,,,,,,,45433,0,0
324953,73606392812797952,,0,3300,,-970,-110.0,-660.0,10.0,0.0,3,4,,,,,,,43211.0,44200.0,,23055619.0,0,0,0
324954,73606393044206481,,0,3300,217.0,-1070,-270.0,,,,2,4,,,,,,,,,,,45433,0,0
324955,73606393025023481,,0,3300,217.0,-1050,-210.0,-740.0,,,2,4,,,,,,,,,,,45461,0,0
324956,73606393808593767,,0,3300,489.0,-970,-100.0,-690.0,62.0,,1,4,274.0,10092.0,,,,,,,,,45459,0,0
324957,73606393849980431,,0,1423,489.0,-820,-120.0,-600.0,,,2,4,,,,,,,,,,,45458,0,0
324958,73606393849980431,,0,1423,490.0,-900,-160.0,-600.0,,,2,4,,,,,,,,,,,45458,0,0
324959,73606393956935029,,0,3102,489.0,-980,-110.0,-780.0,,,2,4,,,,,,,,,,,45458,0,0
324960,73606393917090063,,0,1423,273.0,-1030,-300.0,-640.0,,,2,4,,,,,,,,,,,45458,0,0
324961,73606393994684859,,0,3102,490.0,-1020,-160.0,-770.0,,,2,4,,,,,,,,,,,45458,0,0
324962,73606393956935029,,0,3102,460.0,-1050,-170.0,-790.0,,,2,4,,,,,,,,,,,45458,0,0
324963,73606394466431131,,0,3300,492.0,-1190,-300.0,,,,2,4,,,,,,,,,,,45433,0,0
324964,73606394466431131,,0,3300,192.0,-1180,-300.0,,,,2,4,,,,,,,,,,,45433,0,0
324965,73606394447205131,,0,3300,192.0,-1180,-300.0,-790.0,,,2,4,,,,,,,,,,,45461,0,0
324966,73606394965244525,,0,3300,460.0,-1180,-300.0,-790.0,,,2,4,,,,,,,,,,,45461,0,0
324967,73606394965244525,,0,3300,490.0,-980,-100.0,-780.0,,,2,4,,,,,,,,,,,45461,0,0
324968,73606395517209863,,0,3102,95.0,-1080,-210.0,-770.0,,,2,4,,,,,,,,,,,45458,0,0
324969,73606395575550650,,0,3300,281.0,-1090,-190.0,,,,2,4,,,,,,,,,,,45433,0,0
324970,73606395575550650,,0,3300,95.0,-1090,-210.0,,,,2,4,,,,,,,,,,,45433,0,0
324971,73606395575550650,,0,3300,59.0,-1150,-240.0,,,,2,4,,,,,,,,,,,45433,0,0
324972,73606396004226245,,0,3300,93.0,-1100,-210.0,-800.0,,,2,4,,,,,,,,,,,45461,0,0
324973,73606396023469245,,0,3300,93.0,-1120,-270.0,,,,2,4,,,,,,,,,,,45433,0,0
324974,73606396068128693,,0,3300,407.0,-1140,-300.0,-750.0,,,2,4,,,,,,,,,,,45461,0,0
324975,73606396068128693,,0,3300,406.0,-1080,-200.0,-750.0,,,2,4,,,,,,,,,,,45461,0,0
324976,73606396148979365,,0,3300,446.0,-1110,-210.0,-800.0,,,2,4,,,,,,,,,,,45461,0,0
324977,73606396624638485,,0,3300,309.0,-1170,-300.0,,,,2,4,,,,,,,,,,,45433,0,0
324978,73606396694431712,,0,3300,148.0,-1200,-300.0,-810.0,,,2,4,,,,,,,,,,,45458,0,0
324979,73606396958837726,,0,3300,289.0,-1170,-300.0,-780.0,,,2,4,,,,,,,,,,,45461,0,0
324980,73606396978116726,,0,3300,289.0,-1170,-300.0,,,,2,4,,,,,,,,,,,45433,0,0
324981,73606397182279680,,0,3300,,-970,-100.0,-670.0,50.0,0.0,3,4,,,,,,,43211.0,44200.0,,23055619.0,0,0,0
324982,73606397939093521,,0,3102,490.0,-1070,-190.0,-770.0,,,2,4,,,,,,,,,,,45458,0,0
324983,73606397939093521,,0,3102,489.0,-980,-110.0,-770.0,,,2,4,,,,,,,,,,,45458,0,0
324984,73606398153000502,,0,3102,460.0,-1050,-190.0,-770.0,,,2,4,,,,,,,,,,,45458,0,0
324985,73606398438250755,,0,3102,59.0,-1180,-300.0,-790.0,,,2,4,,,,,,,,,,,45458,0,0
324986,73606398911742899,,0,3300,490.0,-970,-90.0,-780.0,,,2,4,,,,,,,,,,,45461,0,0
324987,73606398911742899,,0,3300,460.0,-1090,-190.0,-810.0,,,2,4,,,,,,,,,,,45461,0,0
324988,73606399223020911,,0,3300,399.0,-1100,-260.0,,,,2,4,,,,,,,,,,,45433,0,0
324989,73606399203713911,,0,3300,399.0,-1080,-190.0,-790.0,,,2,4,,,,,,,,,,,45461,0,0
324990,73606399215775620,,0,3300,399.0,-1180,-300.0,-790.0,,,2,4,,,,,,,,,,,45461,0,0
324991,73606399235083620,,0,3300,399.0,-1160,-270.0,,,,2,4,,,,,,,,,,,45433,0,0
324992,73606399495209411,,0,3102,95.0,-1030,-160.0,-770.0,,,2,4,,,,,,,,,,,45458,0,0
324993,73606399639304248,,0,3300,59.0,-1190,-300.0,-800.0,,,2,4,,,,,,,,,,,45461,0,0
324994,73606399639304248,,0,3300,95.0,-1090,-190.0,-790.0,,,2,4,,,,,,,,,,,45461,0,0
324995,73606399760591406,,0,3300,281.0,-1170,-300.0,,,,2,4,,,,,,,,,,,45433,0,0
324996,73606400116756063,,0,3300,489.0,-970,-110.0,-690.0,60.0,,1,4,274.0,1645.0,,,,,,,,,45459,0,0
324997,73606400473479898,,0,3300,446.0,-1160,-300.0,-760.0,,,2,4,,,,,,,,,,,45461,0,0
324998,73606400632823637,,0,3300,425.0,-1110,-220.0,-790.0,,,2,4,,,,,,,,,,,45461,0,0
324999,73606400652166637,,0,3300,425.0,-1120,-260.0,,,,2,4,,,,,,,,,,,45433,0,0
325000,73606400644887936,,0,3300,425.0,-1190,-300.0,-800.0,,,2,4,,,,,,,,,,,45461,0,0
325001,73606400664231936,,0,3300,425.0,-1170,-270.0,,,,2,4,,,,,,,,,,,45433,0,0
325002,73606401025345408,,0,3300,492.0,-1180,-300.0,-790.0,,,2,4,,,,,,,,,,,45461,0,0
325003,73606401500512256,,0,3300,,-970,-110.0,-660.0,50.0,0.0,3,4,,,,,,,43211.0,44200.0,,23055619.0,0,0,0
325004,73606402541171594,,0,3300,302.0,-1060,-180.0,,,,2,4,,,,,,,,,,,45433,0,0
325005,73606402521807594,,0,3300,302.0,-1060,-180.0,-780.0,,,2,4,,,,,,,,,,,45461,0,0
325006,73606402538544972,,0,3300,302.0,-1120,-230.0,-790.0,,,2,4,,,,,,,,,,,45461,0,0
325007,73606402557909972,,0,3300,302.0,-1110,-200.0,,,,2,4,,,,,,,,,,,45433,0,0
325008,73606402555360943,,0,3300,302.0,-1040,-170.0,-770.0,,,2,4,,,,,,,,,,,45461,0,0
325009,73606402574726943,,0,3300,302.0,-1050,-190.0,,,,2,4,,,,,,,,,,,45433,0,0
325010,73606402570848562,,0,3300,302.0,-1170,-300.0,-780.0,,,2,4,,,,,,,,,,,45461,0,0
325011,73606402590215562,,0,3300,302.0,-1150,-220.0,,,,2,4,,,,,,,,,,,45433,0,0
325012,73606402591014655,,0,3300,406.0,-1090,-210.0,-780.0,,,2,4,,,,,,,,,,,45461,0,0
325013,73606402591014655,,0,3300,302.0,-1160,-300.0,-770.0,,,2,4,,,,,,,,,,,45461,0,0
325014,73606402610382655,,0,3300,302.0,-1160,-250.0,,,,2,4,,,,,,,,,,,45433,0,0
325015,73606402859709848,,0,3300,460.0,-1090,-200.0,-780.0,,,2,4,,,,,,,,,,,45461,0,0
325016,73606402879079848,,0,3300,490.0,-970,-100.0,,,,2,4,,,,,,,,,,,45433,0,0
325017,73606403608968826,,0,3300,95.0,-1080,-180.0,-800.0,,,2,4,,,,,,,,,,,45461,0,0
325018,73606403628352826,,0,3300,59.0,-1120,-250.0,,,,2,4,,,,,,,,,,,45433,0,0
325019,73606403625801671,,0,3300,192.0,-1050,-190.0,-760.0,,,2,4,,,,,,,,,,,45461,0,0
325020,73606403645186671,,0,3300,192.0,-1050,-190.0,,,,2,4,,,,,,,,,,,45433,0,0
325021,73606403642579184,,0,3300,192.0,-1090,-210.0,-770.0,,,2,4,,,,,,,,,,,45461,0,0
325022,73606403659356189,,0,3300,192.0,-1080,-210.0,-770.0,,,2,4,,,,,,,,,,,45461,0,0
325023,73606403661965184,,0,3300,192.0,-1080,-200.0,,,,2,4,,,,,,,,,,,45433,0,0
325024,73606403695521104,,0,3300,281.0,-1060,-190.0,,,,2,4,,,,,,,,,,,45433,0,0
325025,73606403678743189,,0,3300,192.0,-1080,-200.0,,,,2,4,,,,,,,,,,,45433,0,0
325026,73606403692910494,,0,3300,192.0,-1080,-190.0,-800.0,,,2,4,,,,,,,,,,,45461,0,0
325027,73606403712299494,,0,3300,192.0,-1080,-200.0,,,,2,4,,,,,,,,,,,45433,0,0
325028,73606403803645750,,0,3300,474.0,-1040,-180.0,-760.0,,,2,4,,,,,,,,,,,45461,0,0
325029,73606403839760045,,0,3300,474.0,-1140,-210.0,,,,2,4,,,,,,,,,,,45433,0,0
325030,73606403823037750,,0,3300,474.0,-1040,-180.0,,,,2,4,,,,,,,,,,,45433,0,0
325031,73606403855284871,,0,3300,474.0,-1160,-240.0,,,,2,4,,,,,,,,,,,45433,0,0
325032,73606403820367045,,0,3300,474.0,-1170,-300.0,-780.0,,,2,4,,,,,,,,,,,45461,0,0
325033,73606403835890871,,0,3300,474.0,-1160,-300.0,-770.0,,,2,4,,,,,,,,,,,45461,0,0
325034,73606403971457993,,0,3300,407.0,-1110,-220.0,-800.0,,,2,4,,,,,,,,,,,45461,0,0
325035,73606404512953644,,0,3300,446.0,-1100,-200.0,-790.0,,,2,4,,,,,,,,,,,45461,0,0
325036,73606404605542778,,0,3300,18.0,-1090,-220.0,-780.0,,,2,4,,,,,,,,,,,45461,0,0
325037,73606404624958778,,0,3300,18.0,-1110,-270.0,,,,2,4,,,,,,,,,,,45433,0,0
325038,73606404620320810,,0,3300,18.0,-1150,-300.0,-760.0,,,2,4,,,,,,,,,,,45461,0,0
325039,73606404639737810,,0,3300,18.0,-1150,-280.0,,,,2,4,,,,,,,,,,,45433,0,0
325040,73606405228313420,,0,1423,489.0,-830,-110.0,-610.0,,,2,4,,,,,,,,,,,45458,0,0
325041,73606405045195330,,0,3300,58.0,-1150,-300.0,-760.0,,,2,4,,,,,,,,,,,45461,0,0
325042,73606405045195330,,0,3300,492.0,-1150,-300.0,-760.0,,,2,4,,,,,,,,,,,45461,0,0
325043,73606405064620330,,0,3300,58.0,-1150,-300.0,,,,2,4,,,,,,,,,,,45433,0,0
325044,73606405489557504,,0,3300,,-970,-110.0,-660.0,40.0,0.0,3,4,,,,,,,43211.0,44200.0,,23055619.0,0,0,0
325045,73606405136057009,,0,1423,406.0,-1010,-300.0,-620.0,,,2,4,,,,,,,,,,,45458,0,0
325046,73606405159125331,,0,1423,490.0,-930,-150.0,-640.0,,,2,4,,,,,,,,,,,45458,0,0
325047,73606405212814752,,0,3300,444.0,-1150,-300.0,-760.0,,,2,4,,,,,,,,,,,45461,0,0
325048,73606405225720951,,0,3300,444.0,-1180,-300.0,-790.0,,,2,4,,,,,,,,,,,45461,0,0
325049,73606405232243752,,0,3300,444.0,-1160,-300.0,,,,2,4,,,,,,,,,,,45433,0,0
325050,73606405245150951,,0,3300,444.0,-1180,-300.0,,,,2,4,,,,,,,,,,,45433,0,0
325051,73606406106407466,,0,3300,72.0,-1150,-300.0,-760.0,,,2,4,,,,,,,,,,,45461,0,0
325052,73606406106407466,,0,3300,312.0,-1160,-300.0,-770.0,,,2,4,,,,,,,,,,,45461,0,0
325053,73606406106407466,,0,3300,179.0,-1060,-200.0,-760.0,,,2,4,,,,,,,,,,,45461,0,0
325054,73606406125855466,,0,3300,312.0,-1160,-300.0,,,,2,4,,,,,,,,,,,45433,0,0
325055,73606406125855466,,0,3300,72.0,-1160,-300.0,,,,2,4,,,,,,,,,,,45433,0,0
325056,73606406125855466,,0,3300,179.0,-1090,-270.0,,,,2,4,,,,,,,,,,,45433,0,0
325057,73606406859129769,,0,3300,460.0,-1180,-300.0,-790.0,,,2,4,,,,,,,,,,,45461,0,0
325058,73606406813350180,,0,3300,490.0,-970,-100.0,-780.0,,,2,4,,,,,,,,,,,45461,0,0
325059,73606406920883526,,0,3300,431.0,-1090,-200.0,-790.0,,,2,4,,,,,,,,,,,45461,0,0
325060,73606406920883526,,0,3300,434.0,-1180,-300.0,-790.0,,,2,4,,,,,,,,,,,45461,0,0
325061,73606406940348526,,0,3300,434.0,-1180,-300.0,,,,2,4,,,,,,,,,,,45433,0,0
325062,73606406940348526,,0,3300,431.0,-1100,-260.0,,,,2,4,,,,,,,,,,,45433,0,0
325063,73606407108636116,,0,3300,22.0,-1110,-210.0,-800.0,,,2,4,,,,,,,,,,,45461,0,0
325064,73606407128106116,,0,3300,22.0,-1110,-260.0,,,,2,4,,,,,,,,,,,45433,0,0
325065,73606407135466462,,0,3300,22.0,-1070,-200.0,-770.0,,,2,4,,,,,,,,,,,45461,0,0
325066,73606407154937462,,0,3300,22.0,-1070,-230.0,,,,2,4,,,,,,,,,,,45433,0,0
325067,73606407230261118,,0,3300,489.0,-970,-100.0,-690.0,64.0,,1,4,274.0,1901.0,,,,,,,,,45459,0,0
325068,73606407641568525,,0,3300,95.0,-1090,-220.0,-780.0,,,2,4,,,,,,,,,,,45461,0,0
325069,73606407641568525,,0,3300,281.0,-1070,-190.0,-780.0,,,2,4,,,,,,,,,,,45461,0,0
325070,73606408457563176,,0,3300,446.0,-1180,-300.0,-790.0,,,2,4,,,,,,,,,,,45461,0,0
325071,73606408900472964,,0,3300,59.0,-1220,-300.0,-830.0,,,2,4,,,,,,,,,,,45461,0,0
325072,73606409439412224,,0,3300,,-970,-100.0,-660.0,20.0,0.0,3,4,,,,,,,43211.0,44200.0,,23055619.0,0,0,0
325073,73606409880366972,,0,3300,492.0,-1110,-220.0,-790.0,,,2,4,,,,,,,,,,,45461,0,0
325074,73606410556255837,,0,1423,490.0,-880,-150.0,-590.0,,,2,4,,,,,,,,,,,45458,0,0
325075,73606410570936263,,0,1423,489.0,-820,-130.0,-590.0,,,2,4,,,,,,,,,,,45458,0,0
325076,73606410648531705,,0,1423,95.0,-1010,-220.0,-680.0,,,2,4,,,,,,,,,,,45458,0,0
325077,73606410753879088,,0,3300,490.0,-970,-90.0,-760.0,,,2,4,,,,,,,,,,,45461,0,0
325078,73606410804623839,,0,3300,460.0,-1090,-230.0,,,,2,4,,,,,,,,,,,45433,0,0
325079,73606411253997675,,0,3300,407.0,-1170,-300.0,-780.0,,,2,4,,,,,,,,,,,45461,0,0
325080,73606411818129138,,0,3300,281.0,-1090,-210.0,-790.0,,,2,4,,,,,,,,,,,45461,0,0
325081,73606411827045716,,0,3300,95.0,-1100,-200.0,,,,2,4,,,,,,,,,,,45433,0,0
325082,73606411858581036,,0,3102,489.0,-980,-140.0,-740.0,,,2,4,,,,,,,,,,,45458,0,0
325083,73606411762336664,,0,3300,489.0,-970,-90.0,-690.0,62.0,,1,4,274.0,4401.0,,,,,,,,,45459,0,0
325084,73606412931858056,,0,3300,59.0,-1180,-300.0,-790.0,,,2,4,,,,,,,,,,,45461,0,0
325085,73606413619429376,,0,3300,,-970,-110.0,-660.0,50.0,0.0,3,4,,,,,,,43211.0,44200.0,,23055619.0,0,0,0
325086,73606414018756738,,0,3300,492.0,-1110,-230.0,-780.0,,,2,4,,,,,,,,,,,45461,0,0
325087,73606414018756738,,0,3300,496.0,-1110,-190.0,-810.0,,,2,4,,,,,,,,,,,45461,0,0
325088,73606414038350738,,0,3300,496.0,-1110,-240.0,,,,2,4,,,,,,,,,,,45433,0,0
325089,73606414102586791,,0,3300,406.0,-1070,-170.0,-810.0,,,2,4,,,,,,,,,,,45461,0,0
325090,73606414418520237,,0,3102,460.0,-1080,-220.0,-760.0,,,2,4,,,,,,,,,,,45458,0,0
325091,73606414418520237,,0,3102,490.0,-1040,-170.0,-760.0,,,2,4,,,,,,,,,,,45458,0,0
325092,73606414698598392,,0,3300,490.0,-980,-100.0,,,,2,4,,,,,,,,,,,45433,0,0
325093,73606415575723173,,0,3300,460.0,-1170,-300.0,-780.0,,,2,4,,,,,,,,,,,45461,0,0
325094,73606415815388604,,0,3300,95.0,-1150,-260.0,,,,2,4,,,,,,,,,,,45433,0,0
325095,73606415759484007,,0,3300,281.0,-1080,-200.0,-790.0,,,2,4,,,,,,,,,,,45461,0,0
325096,73606415802635662,,0,3102,489.0,-990,-130.0,-770.0,,,2,4,,,,,,,,,,,45458,0,0
325097,73606416609515304,,0,3300,188.0,-1170,-300.0,-780.0,,,2,4,,,,,,,,,,,45461,0,0
325098,73606416629141304,,0,3300,188.0,-1170,-300.0,,,,2,4,,,,,,,,,,,45433,0,0
325099,73606416616365161,,0,3102,95.0,-1060,-200.0,-740.0,,,2,4,,,,,,,,,,,45458,0,0
325100,73606417184022850,,0,3300,313.0,-1170,-300.0,-780.0,,,2,4,,,,,,,,,,,45461,0,0
325101,73606417184022850,,0,3300,59.0,-1180,-300.0,-790.0,,,2,4,,,,,,,,,,,45461,0,0
325102,73606417203656850,,0,3300,313.0,-1150,-220.0,,,,2,4,,,,,,,,,,,45433,0,0
325103,73606417868062720,,0,3300,,-970,-120.0,-650.0,40.0,0.0,3,4,,,,,,,43211.0,44200.0,,23055619.0,0,0,0
325104,73606418102568117,,0,3300,492.0,-1170,-300.0,-780.0,,,2,4,,,,,,,,,,,45461,0,0
325105,73606418419853898,,0,3102,490.0,-1050,-180.0,-750.0,,,2,4,,,,,,,,,,,45458,0,0
325106,73606418419853898,,0,3102,460.0,-1090,-200.0,-750.0,,,2,4,,,,,,,,,,,45458,0,0
325107,73606418711738473,,0,3300,490.0,-970,-90.0,,,,2,4,,,,,,,,,,,45433,0,0
325108,73606418708794938,,0,3300,407.0,-1180,-300.0,-790.0,,,2,4,,,,,,,,,,,45461,0,0
325109,73606418840647115,,0,3300,446.0,-1170,-300.0,-780.0,,,2,4,,,,,,,,,,,45461,0,0
325110,73606419510659798,,0,3300,460.0,-1150,-250.0,,,,2,4,,,,,,,,,,,45433,0,0
325111,73606419729834740,,0,3300,281.0,-1150,-300.0,-760.0,,,2,4,,,,,,,,,,,45461,0,0
325112,73606419749524740,,0,3300,95.0,-1090,-240.0,,,,2,4,,,,,,,,,,,45433,0,0
325113,73606419766219486,,0,3102,489.0,-970,-130.0,-740.0,,,2,4,,,,,,,,,,,45458,0,0
325114,73606419788829858,,0,3300,7.0,-1170,-300.0,-780.0,,,2,4,,,,,,,,,,,45461,0,0
325115,73606419808522858,,0,3300,7.0,-1170,-300.0,,,,2,4,,,,,,,,,,,45433,0,0
325116,73606423672670093,,0,3300,460.0,-1100,-250.0,,,,2,4,,,,,,,,,,,45433,0,0
325117,73606423686341741,,0,3300,490.0,-970,-90.0,,,,2,4,,,,,,,,,,,45433,0,0
325118,73606424436765402,,0,3300,95.0,-1100,-220.0,-790.0,,,2,4,,,,,,,,,,,45461,0,0
325119,73606425279700702,,0,1423,489.0,-830,-90.0,-630.0,,,2,4,,,,,,,,,,,45458,0,0
325120,73606425306350079,,0,3300,59.0,-1190,-300.0,-800.0,,,2,4,,,,,,,,,,,45461,0,0
325121,73606425306350079,,0,3300,281.0,-1190,-300.0,-790.0,,,2,4,,,,,,,,,,,45461,0,0
325122,73606425315353545,,0,1423,490.0,-910,-200.0,-600.0,,,2,4,,,,,,,,,,,45458,0,0
325123,73606426749217391,,0,3102,490.0,-1060,-190.0,-750.0,,,2,4,,,,,,,,,,,45458,0,0
325124,73606426423309649,,0,3300,489.0,-970,-110.0,-680.0,48.0,,1,4,274.0,9836.0,,,,,,,,,45459,0,0
325125,73606426749217391,,0,3102,489.0,-990,-150.0,-750.0,,,2,4,,,,,,,,,,,45458,0,0
325126,73606422047965476,,0,3102,95.0,-1080,-210.0,-770.0,,,2,4,,,,,,,,,,,45458,0,0
325127,73606425024904518,,0,3300,492.0,-1060,-190.0,-770.0,,,2,4,,,,,,,,,,,45461,0,0
325128,73606425088662011,,0,3300,406.0,-1060,-180.0,-790.0,,,2,4,,,,,,,,,,,45461,0,0
325129,73606427922988468,,0,3300,460.0,-1170,-260.0,,,,2,4,,,,,,,,,,,45433,0,0
325130,73606428168248626,,0,3300,490.0,-970,-90.0,-780.0,,,2,4,,,,,,,,,,,45458,0,0
325131,73606428210632643,,0,3300,407.0,-1170,-300.0,-780.0,,,2,4,,,,,,,,,,,45461,0,0
325132,73606428185404439,,0,3102,460.0,-1100,-210.0,-770.0,,,2,4,,,,,,,,,,,45458,0,0
325133,73606428705119016,,0,3300,95.0,-1080,-180.0,-780.0,,,2,4,,,,,,,,,,,45458,0,0
325134,73606431115444224,,0,3300,,-970,-110.0,-660.0,40.0,0.0,3,4,,,,,,,43211.0,44200.0,,23055619.0,0,0,0
325135,73606430207726423,,0,450,489.0,-870,-70.0,-700.0,,,2,4,,,,,,,,,,,45458,0,0
325136,73606430241723788,,0,3300,281.0,-1170,-300.0,,,,2,4,,,,,,,,,,,45433,0,0
325137,73606430382719419,,0,3300,489.0,-970,-110.0,-680.0,55.0,,1,4,274.0,10220.0,,,,,,,,,45459,0,0
325138,73606421408025599,,0,3300,10.0,-1140,-300.0,-750.0,,,2,4,,,,,,,,,,,45461,0,0
325139,73606421427752599,,0,3300,10.0,-1140,-300.0,,,,2,4,,,,,,,,,,,45433,0,0
325140,73606421466385380,,0,3300,472.0,-1180,-300.0,-790.0,,,2,4,,,,,,,,,,,45461,0,0
325141,73606421486114380,,0,3300,472.0,-1180,-300.0,,,,2,4,,,,,,,,,,,45433,0,0
325142,73606431149758397,,0,3102,489.0,-980,-130.0,-750.0,,,2,4,,,,,,,,,,,45458,0,0
325143,73606421819437008,,0,3300,291.0,-1160,-300.0,-770.0,,,2,4,,,,,,,,,,,45461,0,0
325144,73606421839178008,,0,3300,291.0,-1160,-300.0,,,,2,4,,,,,,,,,,,45433,0,0
325145,73606422411619888,,0,3300,471.0,-1110,-230.0,-770.0,,,2,4,,,,,,,,,,,45461,0,0
325146,73606422411619888,,0,3300,307.0,-1170,-300.0,-780.0,,,2,4,,,,,,,,,,,45461,0,0
325147,73606422431377888,,0,3300,471.0,-1110,-230.0,,,,2,4,,,,,,,,,,,45433,0,0
325148,73606422431377888,,0,3300,307.0,-1170,-300.0,,,,2,4,,,,,,,,,,,45433,0,0
325149,73606422582048165,,0,3300,323.0,-1170,-300.0,-780.0,,,2,4,,,,,,,,,,,45461,0,0
325150,73606422601812165,,0,3300,323.0,-1170,-300.0,,,,2,4,,,,,,,,,,,45433,0,0
325151,73606422597835277,,0,3300,323.0,-1200,-300.0,-810.0,,,2,4,,,,,,,,,,,45461,0,0
325152,73606422617600277,,0,3300,323.0,-1190,-300.0,,,,2,4,,,,,,,,,,,45433,0,0
325153,73606431554998824,,0,3300,59.0,-1140,-300.0,-750.0,,,2,4,,,,,,,,,,,45461,0,0
325154,73606423750213747,,0,3300,204.0,-1060,-190.0,-780.0,,,2,4,,,,,,,,,,,45461,0,0
325155,73606423766990873,,0,3300,204.0,-1160,-300.0,-770.0,,,2,4,,,,,,,,,,,45461,0,0
325156,73606423770024747,,0,3300,204.0,-1080,-260.0,,,,2,4,,,,,,,,,,,45433,0,0
325157,73606423786802873,,0,3300,204.0,-1150,-270.0,,,,2,4,,,,,,,,,,,45433,0,0
325158,73606423783937692,,0,3300,204.0,-1160,-300.0,-770.0,,,2,4,,,,,,,,,,,45461,0,0
325159,73606423803750692,,0,3300,204.0,-1160,-280.0,,,,2,4,,,,,,,,,,,45433,0,0
325160,73606431861824518,,0,3300,406.0,-1030,-170.0,,,,2,4,,,,,,,,,,,45433,0,0
325161,73606431861824518,,0,3300,460.0,-1080,-260.0,,,,2,4,,,,,,,,,,,45433,0,0
325162,73606427295786757,,0,1423,460.0,-980,-200.0,-640.0,,,2,4,,,,,,,,,,,45458,0,0
325163,73606427819602896,,0,3102,406.0,-1040,-170.0,-730.0,,,2,4,,,,,,,,,,,45458,0,0
325164,73606430021025772,,0,1423,489.0,-820,-80.0,-640.0,,,2,4,,,,,,,,,,,45458,0,0
325165,73606430033608920,,0,450,347.0,-1090,-260.0,-730.0,,,2,4,,,,,,,,,,,45458,0,0
325166,73606430021025772,,0,1423,490.0,-930,-150.0,-640.0,,,2,4,,,,,,,,,,,45458,0,0
325167,73606430033608920,,0,450,490.0,-990,-170.0,-730.0,,,2,4,,,,,,,,,,,45458,0,0
325168,73606430123840345,,0,450,460.0,-970,-170.0,-710.0,,,2,4,,,,,,,,,,,45458,0,0
325169,73606430161588958,,0,450,406.0,-1110,-300.0,-720.0,,,2,4,,,,,,,,,,,45458,0,0
325170,73606431360274590,,0,3300,446.0,-1170,-300.0,,,,2,4,,,,,,,,,,,45433,0,0
325171,73606432394903559,,0,3300,490.0,-970,-100.0,-780.0,,,2,4,,,,,,,,,,,45461,0,0
325172,73606432393420776,,0,3102,490.0,-1080,-220.0,-760.0,,,2,4,,,,,,,,,,,45458,0,0
325173,73606431989383234,,0,3300,492.0,-1080,-200.0,,,,2,4,,,,,,,,,,,45433,0,0
325174,73606432169027026,,0,3102,460.0,-1140,-300.0,-750.0,,,2,4,,,,,,,,,,,45458,0,0
325175,73606432684350397,,0,3300,95.0,-1090,-210.0,-780.0,,,2,4,,,,,,,,,,,45461,0,0
325176,73606435147386627,,0,3300,489.0,-970,-100.0,-680.0,34.0,,1,4,274.0,1901.0,,,,,,,,,45459,0,0
325177,73606433393765672,,0,3300,407.0,-1160,-300.0,-770.0,,,2,4,,,,,,,,,,,45461,0,0
325178,73606436154161853,,0,3300,460.0,-1090,-190.0,-770.0,,,2,4,,,,,,,,,,,45458,0,0
325179,73606435318152021,,0,3102,489.0,-990,-150.0,-750.0,,,2,4,,,,,,,,,,,45458,0,0
325180,73606435351451088,,0,3300,281.0,-1070,-200.0,-780.0,,,2,4,,,,,,,,,,,45461,0,0
325181,73606435502333904,,0,3300,300.0,-1160,-300.0,-770.0,,,2,4,,,,,,,,,,,45461,0,0
325182,73606435129393152,,0,3300,,-970,-110.0,-650.0,20.0,0.0,3,4,,,,,,,43211.0,44200.0,,23055619.0,0,0,0
325183,73606435398322267,,0,3300,227.0,-1100,-230.0,-770.0,,,2,4,,,,,,,,,,,45461,0,0
325184,73606435418540267,,0,3300,227.0,-1100,-230.0,,,,2,4,,,,,,,,,,,45433,0,0
325185,73606436403694992,,0,3300,490.0,-970,-100.0,,,,2,4,,,,,,,,,,,45433,0,0
325186,73606436461508691,,0,1423,489.0,-830,-90.0,-640.0,,,2,4,,,,,,,,,,,45458,0,0
325187,73606436415371535,,0,1423,490.0,-960,-200.0,-610.0,,,2,4,,,,,,,,,,,45458,0,0
325188,73606436695360682,,0,3300,95.0,-1100,-250.0,,,,2,4,,,,,,,,,,,45433,0,0
325189,73606436813315409,,0,3300,59.0,-1160,-300.0,-770.0,,,2,4,,,,,,,,,,,45461,0,0
325190,73606438034018100,,0,3300,492.0,-1180,-300.0,-790.0,,,2,4,,,,,,,,,,,45461,0,0
325191,73606439069351936,,0,3300,,-970,-110.0,-660.0,60.0,0.0,3,4,,,,,,,43211.0,44200.0,,23055619.0,0,0,0
325192,73606439106841810,,0,3300,489.0,-970,-110.0,-680.0,69.0,,1,4,274.0,9452.0,,,,,,,,,45459,0,0
325193,73606439287278878,,0,3300,281.0,-1080,-190.0,,,,2,4,,,,,,,,,,,45433,0,0
325194,73606439273572340,,0,3102,489.0,-980,-120.0,-760.0,,,2,4,,,,,,,,,,,45458,0,0
325195,73606439475319968,,0,3300,392.0,-1070,-190.0,-770.0,,,2,4,,,,,,,,,,,45461,0,0
325196,73606439495628968,,0,3300,392.0,-1090,-270.0,,,,2,4,,,,,,,,,,,45433,0,0
325197,73606439491676245,,0,3102,460.0,-1140,-300.0,-750.0,,,2,4,,,,,,,,,,,45458,0,0
325198,73606439493088251,,0,3300,392.0,-1150,-300.0,-760.0,,,2,4,,,,,,,,,,,45461,0,0
325199,73606439513398251,,0,3300,392.0,-1140,-280.0,,,,2,4,,,,,,,,,,,45433,0,0
325200,73606439505788630,,0,3300,392.0,-1180,-300.0,-790.0,,,2,4,,,,,,,,,,,45461,0,0
325201,73606439526099630,,0,3300,392.0,-1170,-280.0,,,,2,4,,,,,,,,,,,45433,0,0
325202,73606439568097923,,0,3300,406.0,-1180,-300.0,,,,2,4,,,,,,,,,,,45433,0,0
325203,73606440166644964,,0,3300,460.0,-1190,-300.0,-800.0,,,2,4,,,,,,,,,,,45461,0,0
325204,73606440542407910,,0,3300,490.0,-960,-90.0,-780.0,,,2,4,,,,,,,,,,,45461,0,0
325205,73606440610019232,,0,3300,446.0,-1170,-300.0,-780.0,,,2,4,,,,,,,,,,,45461,0,0
325206,73606440630340232,,0,3300,95.0,-1100,-240.0,,,,2,4,,,,,,,,,,,45433,0,0
325207,73606440755035901,,0,3300,59.0,-1180,-290.0,,,,2,4,,,,,,,,,,,45433,0,0
325208,73606440768115944,,0,3300,227.0,-1160,-300.0,-770.0,,,2,4,,,,,,,,,,,45461,0,0
325209,73606440788445944,,0,3300,227.0,-1160,-300.0,,,,2,4,,,,,,,,,,,45433,0,0
325210,73606442170199109,,0,3300,184.0,-1090,-240.0,,,,2,4,,,,,,,,,,,45433,0,0
325211,73606442132924275,,0,3300,219.0,-1180,-300.0,-790.0,,,2,4,,,,,,,,,,,45461,0,0
325212,73606442162864837,,0,3300,184.0,-1160,-300.0,-770.0,,,2,4,,,,,,,,,,,45461,0,0
325213,73606442153269275,,0,3300,219.0,-1180,-300.0,,,,2,4,,,,,,,,,,,45433,0,0
325214,73606442153269275,,0,3300,184.0,-1140,-280.0,,,,2,4,,,,,,,,,,,45433,0,0
325215,73606442132924275,,0,3300,184.0,-1140,-230.0,-800.0,,,2,4,,,,,,,,,,,45461,0,0
325216,73606442149853109,,0,3300,184.0,-1080,-190.0,-790.0,,,2,4,,,,,,,,,,,45461,0,0
325217,73606442149853109,,0,3300,219.0,-1170,-300.0,-780.0,,,2,4,,,,,,,,,,,45461,0,0
325218,73606442183211837,,0,3300,184.0,-1140,-250.0,,,,2,4,,,,,,,,,,,45433,0,0
325219,73606442170199109,,0,3300,219.0,-1180,-300.0,,,,2,4,,,,,,,,,,,45433,0,0
325220,73606443125551318,,0,3300,407.0,-1180,-300.0,-790.0,,,2,4,,,,,,,,,,,45461,0,0
325221,73606443209283794,,0,3300,492.0,-1190,-300.0,-800.0,,,2,4,,,,,,,,,,,45461,0,0
325222,73606443281022976,,0,3300,,-970,-100.0,-670.0,60.0,0.0,3,4,,,,,,,43211.0,44200.0,,23055619.0,0,0,0
325223,73606443216186836,,0,3102,489.0,-1000,-140.0,-760.0,,,2,4,,,,,,,,,,,45458,0,0
325224,73606443326878221,,0,3300,281.0,-1180,-300.0,-790.0,,,2,4,,,,,,,,,,,45461,0,0
325225,73606443451067569,,0,3102,460.0,-1140,-300.0,-750.0,,,2,4,,,,,,,,,,,45458,0,0
325226,73606445483528436,,0,3300,95.0,-1090,-180.0,-810.0,,,2,4,,,,,,,,,,,45461,0,0
325227,73606443841136610,,0,3102,490.0,-1080,-190.0,-750.0,,,2,4,,,,,,,,,,,45458,0,0
325228,73606445208446295,,0,3300,490.0,-970,-80.0,-790.0,,,2,4,,,,,,,,,,,45461,0,0
325229,73606445208446295,,0,3300,460.0,-1110,-200.0,-800.0,,,2,4,,,,,,,,,,,45461,0,0
325230,73606445725692386,,0,3300,446.0,-1090,-190.0,-790.0,,,2,4,,,,,,,,,,,45461,0,0
325231,73606478212394525,,0,3300,460.0,-1030,-190.0,,,,2,4,,,,,,,,,,,45433,0,0
325232,73606446601451967,,0,3300,59.0,-1080,-170.0,-810.0,,,2,4,,,,,,,,,,,45461,0,0
325233,73606446739071882,,0,3300,489.0,-970,-110.0,-680.0,34.0,,1,4,274.0,6602.0,,,,,,,,,45459,0,0
325234,73606448971948784,,0,3102,490.0,-1060,-200.0,-760.0,,,2,4,,,,,,,,,,,45458,0,0
325235,73606449124744701,,0,3300,281.0,-1080,-200.0,-790.0,,,2,4,,,,,,,,,,,45461,0,0
325236,73606449145358701,,0,3300,490.0,-970,-100.0,,,,2,4,,,,,,,,,,,45433,0,0
325237,73606449157985166,,0,3300,347.0,-1130,-300.0,-740.0,,,2,4,,,,,,,,,,,45461,0,0
325238,73606449178601166,,0,3300,347.0,-1130,-300.0,,,,2,4,,,,,,,,,,,45433,0,0
325239,73606449435531523,,0,1423,490.0,-940,-170.0,-640.0,,,2,4,,,,,,,,,,,45458,0,0
325240,73606477917294032,,0,3300,95.0,-1080,-210.0,-760.0,,,2,4,,,,,,,,,,,45461,0,0
325241,73606443904049536,,0,3102,95.0,-1140,-300.0,-750.0,,,2,4,,,,,,,,,,,45458,0,0
325242,73606477973706847,,0,3300,490.0,-970,-110.0,-760.0,,,2,4,,,,,,,,,,,45461,0,0
325243,73606477973706847,,0,3300,281.0,-1090,-200.0,-800.0,,,2,4,,,,,,,,,,,45461,0,0
325244,73606443968242721,,0,3300,182.0,-1100,-200.0,-770.0,,,2,4,,,,,,,,,,,45461,0,0
325245,73606443988646721,,0,3300,182.0,-1110,-270.0,,,,2,4,,,,,,,,,,,45433,0,0
325246,73606443985749535,,0,3300,182.0,-1160,-300.0,-770.0,,,2,4,,,,,,,,,,,45461,0,0
325247,73606444006154535,,0,3300,182.0,-1160,-280.0,,,,2,4,,,,,,,,,,,45433,0,0
325248,73606444001796938,,0,3300,182.0,-1170,-300.0,-780.0,,,2,4,,,,,,,,,,,45461,0,0
325249,73606444022202938,,0,3300,182.0,-1170,-280.0,,,,2,4,,,,,,,,,,,45433,0,0
325250,73606444018574175,,0,3300,182.0,-1090,-210.0,-780.0,,,2,4,,,,,,,,,,,45461,0,0
325251,73606444035909168,,0,3300,182.0,-1170,-300.0,-780.0,,,2,4,,,,,,,,,,,45461,0,0
325252,73606444056317168,,0,3300,182.0,-1160,-280.0,,,,2,4,,,,,,,,,,,45433,0,0
325253,73606444038981175,,0,3300,182.0,-1100,-260.0,,,,2,4,,,,,,,,,,,45433,0,0
325254,73606444526343306,,0,3300,382.0,-1170,-300.0,-780.0,,,2,4,,,,,,,,,,,45461,0,0
325255,73606444546772306,,0,3300,382.0,-1170,-300.0,,,,2,4,,,,,,,,,,,45433,0,0
325256,73606444789014525,,0,3300,406.0,-1090,-210.0,-790.0,,,2,4,,,,,,,,,,,45461,0,0
325257,73606445208446295,,0,3300,101.0,-1140,-220.0,-810.0,,,2,4,,,,,,,,,,,45461,0,0
325258,73606445228901295,,0,3300,101.0,-1150,-270.0,,,,2,4,,,,,,,,,,,45433,0,0
325259,73606445597767875,,0,3300,112.0,-1110,-190.0,-810.0,,,2,4,,,,,,,,,,,45461,0,0
325260,73606445618237875,,0,3300,112.0,-1110,-190.0,,,,2,4,,,,,,,,,,,45433,0,0
325261,73606446848558718,,0,3300,337.0,-1170,-300.0,-780.0,,,2,4,,,,,,,,,,,45461,0,0
325262,73606446869078718,,0,3300,337.0,-1170,-300.0,,,,2,4,,,,,,,,,,,45433,0,0
325263,73606447137796230,,0,3300,407.0,-1040,-170.0,-770.0,,,2,4,,,,,,,,,,,45461,0,0
325264,73606447289626356,,0,3102,489.0,-990,-110.0,-780.0,,,2,4,,,,,,,,,,,45458,0,0
325265,73606448422988332,,0,3300,148.0,-1060,-180.0,-770.0,,,2,4,,,,,,,,,,,45461,0,0
325266,73606449450211407,,0,1423,489.0,-820,-80.0,-650.0,,,2,4,,,,,,,,,,,45458,0,0
325267,73606449477475636,,0,1423,460.0,-970,-210.0,-610.0,,,2,4,,,,,,,,,,,45458,0,0
325268,73606449552506922,,0,3300,112.0,-1630,-290.0,-1090.0,,,2,4,,,,,,,,,,,45461,0,0
325269,73606477895849596,,0,3300,489.0,-970,-130.0,-680.0,60.0,,1,4,274.0,7661.0,,,,,,,,,45459,0,0
325270,73606477919963833,,0,1423,489.0,-830,-100.0,-640.0,,,2,4,,,,,,,,,,,45458,0,0
325271,73606477938837664,,0,1423,490.0,-920,-160.0,-620.0,,,2,4,,,,,,,,,,,45458,0,0
325272,73606477994337847,,0,3300,59.0,-1160,-290.0,,,,2,4,,,,,,,,,,,45433,0,0
325273,73606478538997760,,0,3300,,-970,-110.0,-650.0,40.0,0.0,3,4,,,,,,,43211.0,44200.0,,23055619.0,0,0,0
325274,73606478654486635,,0,3102,460.0,-1040,-190.0,-760.0,,,2,4,,,,,,,,,,,45458,0,0
325275,73606478673359707,,0,3102,489.0,-990,-120.0,-770.0,,,2,4,,,,,,,,,,,45458,0,0
325276,73606478618834877,,0,3102,490.0,-1060,-190.0,-760.0,,,2,4,,,,,,,,,,,45458,0,0
325277,73606480711097268,,0,3300,446.0,-1170,-300.0,,,,2,4,,,,,,,,,,,45433,0,0
325278,73606480314588869,,0,3300,389.0,-1030,-170.0,-770.0,,,2,4,,,,,,,,,,,45461,0,0
325279,73606480335275869,,0,3300,389.0,-1030,-170.0,,,,2,4,,,,,,,,,,,45433,0,0
325280,73606480331366020,,0,3300,389.0,-1170,-300.0,-780.0,,,2,4,,,,,,,,,,,45461,0,0
325281,73606480352054020,,0,3300,389.0,-1150,-200.0,,,,2,4,,,,,,,,,,,45433,0,0
325282,73606480349976806,,0,3300,389.0,-1170,-300.0,-780.0,,,2,4,,,,,,,,,,,45461,0,0
325283,73606480370665806,,0,3300,389.0,-1160,-240.0,,,,2,4,,,,,,,,,,,45433,0,0
325284,73606480364920036,,0,3300,389.0,-1100,-220.0,-770.0,,,2,4,,,,,,,,,,,45461,0,0
325285,73606480385610036,,0,3300,389.0,-1110,-240.0,,,,2,4,,,,,,,,,,,45433,0,0
325286,73606480381697420,,0,3300,389.0,-1060,-190.0,-770.0,,,2,4,,,,,,,,,,,45461,0,0
325287,73606480402388420,,0,3300,389.0,-1070,-220.0,,,,2,4,,,,,,,,,,,45433,0,0
325288,73606481868697809,,0,3300,95.0,-1090,-250.0,,,,2,4,,,,,,,,,,,45433,0,0
325289,73606482065447787,,0,3300,490.0,-970,-90.0,-780.0,,,2,4,,,,,,,,,,,45461,0,0
325290,73606482086171787,,0,3300,281.0,-1150,-260.0,,,,2,4,,,,,,,,,,,45433,0,0
325291,73606482150544551,,0,3300,460.0,-1100,-260.0,,,,2,4,,,,,,,,,,,45433,0,0
325292,73606482317779307,,0,3300,406.0,-1050,-170.0,-780.0,,,2,4,,,,,,,,,,,45461,0,0
325293,73606482341312216,,0,3300,59.0,-1200,-300.0,-810.0,,,2,4,,,,,,,,,,,45461,0,0
325294,73606482358088932,,0,3300,407.0,-1100,-210.0,-790.0,,,2,4,,,,,,,,,,,45461,0,0
325295,73606482811158528,,0,3300,,-970,-110.0,-660.0,30.0,0.0,3,4,,,,,,,43211.0,44200.0,,23055619.0,0,0,0
325296,73606482770086503,,0,3300,148.0,-1180,-300.0,-790.0,,,2,4,,,,,,,,,,,45461,0,0
325297,73606483666868597,,0,3300,489.0,-970,-130.0,-680.0,58.0,,1,4,274.0,1261.0,,,,,,,,,45459,0,0
325298,73606484065587483,,0,1423,490.0,-930,-170.0,-600.0,,,2,4,,,,,,,,,,,45458,0,0
325299,73606484065587483,,0,1423,489.0,-820,-100.0,-600.0,,,2,4,,,,,,,,,,,45458,0,0
325300,73606484065587483,,0,1423,460.0,-1000,-300.0,-610.0,,,2,4,,,,,,,,,,,45458,0,0
325301,73606486284248851,,0,3300,489.0,-1000,-120.0,-780.0,,,2,4,,,,,,,,,,,45458,0,0
325302,73606486284248851,,0,3300,95.0,-1080,-180.0,-800.0,,,2,4,,,,,,,,,,,45458,0,0
325303,73606486216979637,,0,3300,490.0,-1010,-120.0,-690.0,22.0,,1,4,274.0,2029.0,,,,,,,,,45459,0,0
325304,73606486184964164,,0,3300,281.0,-1120,-210.0,-790.0,,,2,4,,,,,,,,,,,45461,0,0
325305,73606486205778164,,0,3300,490.0,-970,-100.0,,,,2,4,,,,,,,,,,,45433,0,0
325306,73606486184964164,,0,3300,460.0,-1050,-170.0,-790.0,,,2,4,,,,,,,,,,,45461,0,0
325307,73606485414032524,,0,425,90.0,-1200,-300.0,-810.0,,,2,4,,,,,,,,,,,45458,0,0
325308,73606485755455491,,0,3102,489.0,-1000,-120.0,-780.0,,,2,4,,,,,,,,,,,45458,0,0
325309,73606485770135313,,0,3102,460.0,-1060,-180.0,-780.0,,,2,4,,,,,,,,,,,45458,0,0
325310,73606486841776565,,0,1423,406.0,-1010,-190.0,-690.0,,,2,4,,,,,,,,,,,45458,0,0
325311,73606487022610044,,0,3300,309.0,-1080,-180.0,-800.0,,,2,4,,,,,,,,,,,45461,0,0
325312,73606487296835584,,0,3300,,-1010,-130.0,-650.0,20.0,0.0,3,4,,,,,,,43211.0,44200.0,,23055618.0,0,0,0
325313,73606487389503962,,0,3102,490.0,-1050,-200.0,-750.0,,,2,4,,,,,,,,,,,45458,0,0
325314,73606487693414182,,0,3300,489.0,-970,-100.0,-690.0,51.0,,1,4,274.0,9964.0,,,,,,,,,45459,0,0
325315,73606488015278910,,0,1423,489.0,-820,-100.0,-630.0,,,2,4,,,,,,,,,,,45458,0,0
325316,73606488015278910,,0,1423,490.0,-930,-190.0,-630.0,,,2,4,,,,,,,,,,,45458,0,0
325317,73606488056613229,,0,3300,446.0,-1190,-300.0,-800.0,,,2,4,,,,,,,,,,,45461,0,0
325318,73606488056613229,,0,3300,59.0,-1200,-300.0,-810.0,,,2,4,,,,,,,,,,,45461,0,0
325319,73606488113269772,,0,3300,407.0,-1180,-300.0,,,,2,4,,,,,,,,,,,45433,0,0
325320,73606488334893806,,0,3300,192.0,-1180,-300.0,-790.0,,,2,4,,,,,,,,,,,45461,0,0
325321,73606488506707877,,0,3300,492.0,-1080,-210.0,-780.0,,,2,4,,,,,,,,,,,45461,0,0
325322,73606493724760306,,0,3300,95.0,-1090,-180.0,-820.0,,,2,4,,,,,,,,,,,45461,0,0
325323,73606493745807306,,0,3300,490.0,-970,-90.0,,,,2,4,,,,,,,,,,,45433,0,0
325324,73606490306562824,,0,3300,281.0,-1090,-200.0,,,,2,4,,,,,,,,,,,45433,0,0
325325,73606490464368229,,0,425,90.0,-1140,-210.0,-820.0,,,2,4,,,,,,,,,,,45458,0,0
325326,73606491348279686,,0,3102,489.0,-980,-130.0,-760.0,,,2,4,,,,,,,,,,,45458,0,0
325327,73606491348279686,,0,3102,490.0,-1060,-170.0,-760.0,,,2,4,,,,,,,,,,,45458,0,0
325328,73606491854149041,,0,3300,489.0,-970,-110.0,-670.0,18.0,,1,4,274.0,9708.0,,,,,,,,,45459,0,0
325329,73606491996313168,,0,3300,406.0,-1100,-230.0,,,,2,4,,,,,,,,,,,45433,0,0
325330,73606492047155561,,0,3300,407.0,-1080,-200.0,-780.0,,,2,4,,,,,,,,,,,45461,0,0
325331,73606492492625605,,0,1423,489.0,-830,-100.0,-620.0,,,2,4,,,,,,,,,,,45458,0,0
325332,73606492492625605,,0,1423,490.0,-940,-180.0,-620.0,,,2,4,,,,,,,,,,,45458,0,0
325333,73606492522516677,,0,3300,492.0,-1070,-180.0,-780.0,,,2,4,,,,,,,,,,,45461,0,0
325334,73606494317191888,,0,3300,281.0,-1090,-240.0,,,,2,4,,,,,,,,,,,45433,0,0
325335,73606495325985449,,0,3300,446.0,-1170,-300.0,-780.0,,,2,4,,,,,,,,,,,45461,0,0
325336,73606495347097449,,0,3300,393.0,-1130,-270.0,,,,2,4,,,,,,,,,,,45433,0,0
325337,73606496149082461,,0,3300,489.0,-970,-110.0,-680.0,40.0,,1,4,274.0,9708.0,,,,,,,,,45459,0,0
325338,73606496149253543,,0,3300,5.0,-1120,-220.0,-800.0,,,2,4,,,,,,,,,,,45458,0,0
325339,73606496503829744,,0,1423,490.0,-900,-190.0,-620.0,,,2,4,,,,,,,,,,,45458,0,0
325340,73606496503829744,,0,1423,489.0,-830,-110.0,-620.0,,,2,4,,,,,,,,,,,45458,0,0
325341,73606496801567478,,0,3102,489.0,-980,-110.0,-770.0,,,2,4,,,,,,,,,,,45458,0,0
325342,73607025913801635,,0,3300,281.0,-1070,-220.0,,,,2,4,,,,,,,,,,,45433,0,0
325343,73607025234037824,,0,3300,95.0,-1080,-180.0,-770.0,,,2,4,,,,,,,,,,,45458,0,0
325344,73607025273364468,,0,3300,489.0,-960,-100.0,-690.0,79.0,,1,4,274.0,5176.0,,,,,,,,,45459,0,0
325345,73607025274795164,,0,3300,460.0,-1080,-200.0,-780.0,,,2,4,,,,,,,,,,,45461,0,0
325346,73607025234037824,,0,3300,490.0,-970,-100.0,-760.0,,,2,4,,,,,,,,,,,45458,0,0
325347,73607025319239572,,0,3102,489.0,-1050,-180.0,-760.0,,,2,4,,,,,,,,,,,45458,0,0
325348,73607025300364838,,0,3102,95.0,-1150,-300.0,-760.0,,,2,4,,,,,,,,,,,45458,0,0
325349,73607025319239572,,0,3102,460.0,-1030,-170.0,-730.0,,,2,4,,,,,,,,,,,45458,0,0
325350,73607025338168599,,0,3102,406.0,-1060,-200.0,-760.0,,,2,4,,,,,,,,,,,45458,0,0
325351,73606494601216000,,0,3300,,-970,-110.0,-660.0,40.0,0.0,3,4,,,,,,,43211.0,44200.0,,23055619.0,0,0,0
325352,73607025409480512,,0,3300,59.0,-1060,-170.0,-790.0,,,2,4,,,,,,,,,,,45461,0,0
325353,73606493208599768,,0,3300,425.0,-1170,-300.0,-780.0,,,2,4,,,,,,,,,,,45461,0,0
325354,73606493229627768,,0,3300,425.0,-1170,-300.0,,,,2,4,,,,,,,,,,,45433,0,0
325355,73606493225321938,,0,3300,425.0,-1090,-180.0,-810.0,,,2,4,,,,,,,,,,,45461,0,0
325356,73606493246350938,,0,3300,425.0,-1110,-260.0,,,,2,4,,,,,,,,,,,45433,0,0
325357,73606493242527855,,0,3300,425.0,-1180,-300.0,-790.0,,,2,4,,,,,,,,,,,45461,0,0
325358,73606493263557855,,0,3300,425.0,-1170,-280.0,,,,2,4,,,,,,,,,,,45433,0,0
325359,73606493762585600,,0,3300,273.0,-1140,-300.0,,,,2,4,,,,,,,,,,,45433,0,0
325360,73606493741537600,,0,3300,273.0,-1140,-300.0,-750.0,,,2,4,,,,,,,,,,,45461,0,0
325361,73606493758314910,,0,3300,273.0,-1070,-180.0,-780.0,,,2,4,,,,,,,,,,,45461,0,0
325362,73606493779363910,,0,3300,273.0,-1080,-260.0,,,,2,4,,,,,,,,,,,45433,0,0
325363,73606493796871270,,0,3300,273.0,-1140,-280.0,,,,2,4,,,,,,,,,,,45433,0,0
325364,73606493791869224,,0,3300,273.0,-1170,-300.0,-780.0,,,2,4,,,,,,,,,,,45461,0,0
325365,73606493775821270,,0,3300,273.0,-1140,-300.0,-750.0,,,2,4,,,,,,,,,,,45461,0,0
325366,73606493812920224,,0,3300,273.0,-1160,-280.0,,,,2,4,,,,,,,,,,,45433,0,0
325367,73606493808700273,,0,3300,273.0,-1090,-210.0,-780.0,,,2,4,,,,,,,,,,,45461,0,0
325368,73606493829752273,,0,3300,273.0,-1100,-260.0,,,,2,4,,,,,,,,,,,45433,0,0
325369,73606494182201334,,0,3300,368.0,-1170,-300.0,-780.0,,,2,4,,,,,,,,,,,45461,0,0
325370,73606494203268334,,0,3300,368.0,-1170,-300.0,,,,2,4,,,,,,,,,,,45433,0,0
325371,73606494722330289,,0,3300,319.0,-1090,-210.0,-790.0,,,2,4,,,,,,,,,,,45461,0,0
325372,73606494743422289,,0,3300,319.0,-1100,-270.0,,,,2,4,,,,,,,,,,,45433,0,0
325373,73606494735907566,,0,3300,319.0,-1180,-300.0,-790.0,,,2,4,,,,,,,,,,,45461,0,0
325374,73606494757000566,,0,3300,319.0,-1160,-280.0,,,,2,4,,,,,,,,,,,45433,0,0
325375,73606495325985449,,0,3300,393.0,-1120,-220.0,-780.0,,,2,4,,,,,,,,,,,45461,0,0
325376,73606495363875239,,0,3300,393.0,-1100,-250.0,,,,2,4,,,,,,,,,,,45433,0,0
325377,73606495342762239,,0,3300,393.0,-1100,-190.0,-790.0,,,2,4,,,,,,,,,,,45461,0,0
325378,73606495359484249,,0,3300,393.0,-1090,-210.0,-780.0,,,2,4,,,,,,,,,,,45461,0,0
325379,73606495380598249,,0,3300,393.0,-1090,-240.0,,,,2,4,,,,,,,,,,,45433,0,0
325380,73606496216363017,,0,3300,5.0,-1110,-200.0,-790.0,,,2,4,,,,,,,,,,,45458,0,0
325381,73606496240343057,,0,3300,5.0,-1160,-300.0,-770.0,,,2,4,,,,,,,,,,,45461,0,0
325382,73606496261485057,,0,3300,5.0,-1160,-300.0,,,,2,4,,,,,,,,,,,45433,0,0
325383,73606496847705582,,0,3102,490.0,-1070,-220.0,-750.0,,,2,4,,,,,,,,,,,45458,0,0
325384,73607025234037824,,0,3300,485.0,-1160,-300.0,-770.0,,,2,4,,,,,,,,,,,45458,0,0
325385,73607025295966164,,0,3300,485.0,-1170,-300.0,,,,2,4,,,,,,,,,,,45433,0,0
325386,73607025274795164,,0,3300,485.0,-1170,-300.0,-780.0,,,2,4,,,,,,,,,,,45461,0,0
325387,73607025444126720,,0,3300,,-970,-120.0,-640.0,40.0,0.0,3,4,,,,,,,43211.0,44200.0,,23055619.0,0,0,0
325388,73607026841132496,,0,1423,406.0,-1030,-230.0,-640.0,,,2,4,,,,,,,,,,,45458,0,0
325389,73607026841132496,,0,1423,489.0,-850,-120.0,-620.0,,,2,4,,,,,,,,,,,45458,0,0
325390,73607027860408663,,0,3300,229.0,-1110,-220.0,-790.0,,,2,4,,,,,,,,,,,45461,0,0
325391,73607027881628663,,0,3300,229.0,-1120,-270.0,,,,2,4,,,,,,,,,,,45433,0,0
325392,73607027877185569,,0,3300,229.0,-1180,-300.0,-790.0,,,2,4,,,,,,,,,,,45461,0,0
325393,73607027898406569,,0,3300,229.0,-1170,-280.0,,,,2,4,,,,,,,,,,,45433,0,0
325394,73607028327459024,,0,3300,347.0,-1160,-300.0,-770.0,,,2,4,,,,,,,,,,,45461,0,0
325395,73607028348682024,,0,3300,347.0,-1160,-300.0,,,,2,4,,,,,,,,,,,45433,0,0
325396,73607029165730546,,0,3300,466.0,-1140,-300.0,-750.0,,,2,4,,,,,,,,,,,45461,0,0
325397,73607029186958546,,0,3300,95.0,-1070,-230.0,,,,2,4,,,,,,,,,,,45433,0,0
325398,73607029290137859,,0,3300,460.0,-1170,-300.0,-780.0,,,2,4,,,,,,,,,,,45461,0,0
325399,73607029182509159,,0,3300,490.0,-960,-100.0,-770.0,,,2,4,,,,,,,,,,,45461,0,0
325400,73607029186958546,,0,3300,466.0,-1150,-300.0,,,,2,4,,,,,,,,,,,45433,0,0
325401,73607029182509159,,0,3300,466.0,-1110,-210.0,-780.0,,,2,4,,,,,,,,,,,45461,0,0
325402,73607029203738159,,0,3300,466.0,-1110,-270.0,,,,2,4,,,,,,,,,,,45433,0,0
325403,73607029521186816,,0,3300,,-970,-110.0,-640.0,30.0,0.0,3,4,,,,,,,43211.0,44200.0,,23055619.0,0,0,0
325404,73607029622010817,,0,3300,406.0,-1060,-180.0,-770.0,,,2,4,,,,,,,,,,,45461,0,0
325405,73607029730119361,,0,3300,489.0,-960,-130.0,-670.0,24.0,,1,4,274.0,1389.0,,,,,,,,,45459,0,0
325406,73607030158411281,,0,3300,492.0,-1160,-300.0,-760.0,,,2,4,,,,,,,,,,,45461,0,0
325407,73607030158411281,,0,3300,281.0,-1100,-230.0,-760.0,,,2,4,,,,,,,,,,,45461,0,0
325408,73607030208682955,,0,3102,460.0,-1030,-170.0,-760.0,,,2,4,,,,,,,,,,,45458,0,0
325409,73607030308714785,,0,3300,59.0,-1190,-300.0,-800.0,,,2,4,,,,,,,,,,,45461,0,0
325410,73607030340800249,,0,3102,95.0,-1150,-300.0,-760.0,,,2,4,,,,,,,,,,,45458,0,0
325411,73607030508572791,,0,3102,489.0,-1020,-130.0,-770.0,,,2,4,,,,,,,,,,,45458,0,0
325412,73607031053884896,,0,3102,406.0,-1030,-170.0,-770.0,,,2,4,,,,,,,,,,,45458,0,0
325413,73607033125737933,,0,3300,95.0,-1100,-240.0,,,,2,4,,,,,,,,,,,45433,0,0
325414,73607033125737933,,0,3300,490.0,-970,-90.0,,,,2,4,,,,,,,,,,,45433,0,0
325415,73607033121302715,,0,3300,431.0,-1190,-300.0,-800.0,,,2,4,,,,,,,,,,,45461,0,0
325416,73607033142571715,,0,3300,431.0,-1190,-300.0,,,,2,4,,,,,,,,,,,45433,0,0
325417,73607033139857976,,0,3300,431.0,-1200,-300.0,-810.0,,,2,4,,,,,,,,,,,45461,0,0
325418,73607033161127976,,0,3300,431.0,-1200,-300.0,,,,2,4,,,,,,,,,,,45433,0,0
325419,73607033224215812,,0,3300,460.0,-1080,-230.0,,,,2,4,,,,,,,,,,,45433,0,0
325420,73607033911836672,,0,3300,,-970,-110.0,-660.0,40.0,0.0,3,4,,,,,,,43211.0,44200.0,,23055619.0,0,0,0
325421,73607034199092632,,0,3300,281.0,-1180,-300.0,-790.0,,,2,4,,,,,,,,,,,45461,0,0
325422,73607034199092632,,0,3300,406.0,-1170,-300.0,-780.0,,,2,4,,,,,,,,,,,45461,0,0
325423,73607034203741865,,0,3102,460.0,-1100,-210.0,-770.0,,,2,4,,,,,,,,,,,45458,0,0
325424,73607034484758422,,0,3102,489.0,-1030,-160.0,-750.0,,,2,4,,,,,,,,,,,45458,0,0
325425,73607034577451840,,0,3300,492.0,-1100,-210.0,-780.0,,,2,4,,,,,,,,,,,45461,0,0
325426,73607034662384256,,0,3300,59.0,-1170,-300.0,-780.0,,,2,4,,,,,,,,,,,45461,0,0
325427,73607034830406419,,0,3300,489.0,-970,-110.0,-680.0,38.0,,1,4,274.0,10092.0,,,,,,,,,45459,0,0
325428,73607037083389084,,0,3300,95.0,-1040,-190.0,-750.0,,,2,4,,,,,,,,,,,45461,0,0
325429,73607037104690084,,0,3300,490.0,-990,-120.0,,,,2,4,,,,,,,,,,,45433,0,0
325430,73607037704242334,,0,3300,460.0,-1050,-190.0,-770.0,,,2,4,,,,,,,,,,,45461,0,0
325431,73607037704242334,,0,3300,407.0,-1160,-300.0,-770.0,,,2,4,,,,,,,,,,,45461,0,0
325432,73607038181638144,,0,3300,,-970,-120.0,-630.0,50.0,0.0,3,4,,,,,,,43211.0,44200.0,,23055619.0,0,0,0
325433,73607038146981484,,0,3300,406.0,-1100,-230.0,,,,2,4,,,,,,,,,,,45433,0,0
325434,73607038146981484,,0,3300,281.0,-1110,-270.0,,,,2,4,,,,,,,,,,,45433,0,0
325435,73607038789766653,,0,3300,489.0,-960,-110.0,-680.0,46.0,,1,4,274.0,1261.0,,,,,,,,,45459,0,0
325436,73607039134428513,,0,450,490.0,-960,-210.0,-660.0,,,2,4,,,,,,,,,,,45458,0,0
325437,73607039119747916,,0,450,489.0,-860,-50.0,-710.0,,,2,4,,,,,,,,,,,45458,0,0
325438,73607039119747916,,0,450,347.0,-1100,-300.0,-710.0,,,2,4,,,,,,,,,,,45458,0,0
325439,73607039350394761,,0,3300,59.0,-1160,-300.0,,,,2,4,,,,,,,,,,,45433,0,0
325440,73607041134378681,,0,3300,490.0,-970,-100.0,-770.0,,,2,4,,,,,,,,,,,45461,0,0
325441,73607041278557230,,0,3300,95.0,-1070,-170.0,-780.0,,,2,4,,,,,,,,,,,45461,0,0
325442,73607041648504466,,0,3300,460.0,-1090,-210.0,-780.0,,,2,4,,,,,,,,,,,45461,0,0
325443,73607042140896609,,0,3300,492.0,-1090,-230.0,-760.0,,,2,4,,,,,,,,,,,45461,0,0
325444,73607042371813376,,0,3300,,-970,-110.0,-660.0,50.0,0.0,3,4,,,,,,,43211.0,44200.0,,23055619.0,0,0,0
325445,73607042621462615,,0,3300,262.0,-1150,-300.0,-760.0,,,2,4,,,,,,,,,,,45461,0,0
325446,73607042642839615,,0,3300,262.0,-1150,-300.0,,,,2,4,,,,,,,,,,,45433,0,0
325447,73607042738899414,,0,3300,281.0,-1170,-300.0,-780.0,,,2,4,,,,,,,,,,,45461,0,0
325448,73607043295168623,,0,3300,59.0,-1060,-210.0,-760.0,,,2,4,,,,,,,,,,,45461,0,0
325449,73607043842514703,,0,1423,489.0,-860,-110.0,-620.0,,,2,4,,,,,,,,,,,45458,0,0
325450,73607043842514703,,0,1423,406.0,-1000,-220.0,-640.0,,,2,4,,,,,,,,,,,45458,0,0
325451,73607043876069704,,0,1423,490.0,-970,-210.0,-650.0,,,2,4,,,,,,,,,,,45458,0,0
325452,73607044359763451,,0,3300,489.0,-970,-110.0,-670.0,27.0,,1,4,274.0,1645.0,,,,,,,,,45459,0,0
325453,73607044393539824,,0,450,490.0,-950,-200.0,-650.0,,,2,4,,,,,,,,,,,45458,0,0
325454,73607044393539824,,0,450,489.0,-840,-100.0,-650.0,,,2,4,,,,,,,,,,,45458,0,0
325455,73607044393539824,,0,450,347.0,-1040,-300.0,-650.0,,,2,4,,,,,,,,,,,45458,0,0
325456,73607044690554092,,0,3300,446.0,-1150,-300.0,-760.0,,,2,4,,,,,,,,,,,45461,0,0
325457,73607044734126605,,0,3300,240.0,-1080,-190.0,-770.0,,,2,4,,,,,,,,,,,45461,0,0
325458,73607044755543605,,0,3300,240.0,-1090,-250.0,,,,2,4,,,,,,,,,,,45433,0,0
325459,73607045118885888,,0,450,,-850,-90.0,-600.0,100.0,0.0,3,4,,,,,,,43211.0,44200.0,,23055639.0,0,0,0
325460,73607045418000008,,0,450,407.0,-970,-210.0,-660.0,,,2,4,,,,,,,,,,,45461,0,0
325461,73607045418000008,,0,450,460.0,-980,-220.0,-650.0,,,2,4,,,,,,,,,,,45461,0,0
325462,73607045418000008,,0,450,406.0,-1050,-300.0,-660.0,,,2,4,,,,,,,,,,,45461,0,0
325463,73607046711718548,,0,450,491.0,-1050,-300.0,-660.0,,,2,4,,,,,,,,,,,45461,0,0
325464,73607046733160548,,0,450,491.0,-1050,-300.0,,,,2,4,,,,,,,,,,,45433,0,0
325465,73607046738567134,,0,450,491.0,-1060,-300.0,-670.0,,,2,4,,,,,,,,,,,45461,0,0
325466,73607046760010134,,0,450,491.0,-1060,-300.0,,,,2,4,,,,,,,,,,,45433,0,0
325467,73607047018480530,,0,450,148.0,-990,-220.0,-680.0,,,2,4,,,,,,,,,,,45461,0,0
325468,73607047068808963,,0,450,356.0,-1010,-230.0,-690.0,,,2,4,,,,,,,,,,,45461,0,0
325469,73607048170767455,,0,450,235.0,-1040,-300.0,,,,2,4,,,,,,,,,,,45433,0,0
325470,73607048149305455,,0,450,235.0,-1040,-300.0,-650.0,,,2,4,,,,,,,,,,,45461,0,0
325471,73607048166083013,,0,450,235.0,-1040,-300.0,-650.0,,,2,4,,,,,,,,,,,45461,0,0
325472,73607048187546013,,0,450,235.0,-1040,-300.0,,,,2,4,,,,,,,,,,,45433,0,0
325473,73607048338546373,,0,450,490.0,-1040,-260.0,,,,2,4,,,,,,,,,,,45433,0,0
325474,73607048389598291,,0,450,347.0,-1050,-300.0,-660.0,,,2,4,,,,,,,,,,,45461,0,0
325475,73607049296805888,,0,450,,-870,-90.0,-630.0,90.0,0.0,3,4,,,,,,,43211.0,44200.0,,23055639.0,0,0,0
325476,73607049380760771,,0,450,460.0,-1040,-300.0,-650.0,,,2,4,,,,,,,,,,,45461,0,0
325477,73607049594236259,,0,450,489.0,-890,-100.0,-610.0,71.0,,1,4,274.0,1389.0,,,,,,,,,45459,0,0
325478,73607049602828440,,0,1423,489.0,-850,-120.0,-620.0,,,2,4,,,,,,,,,,,45458,0,0
325479,73607049662126709,,0,3300,490.0,-970,-100.0,-770.0,,,2,4,,,,,,,,,,,45458,0,0
325480,73607049662126709,,0,3300,489.0,-980,-100.0,-770.0,,,2,4,,,,,,,,,,,45458,0,0
325481,73607049662126709,,0,3300,95.0,-1070,-190.0,-790.0,,,2,4,,,,,,,,,,,45458,0,0
325482,73607049662126709,,0,3300,281.0,-1060,-180.0,-770.0,,,2,4,,,,,,,,,,,45458,0,0
325483,73607049662126709,,0,3300,460.0,-1170,-300.0,-780.0,,,2,4,,,,,,,,,,,45458,0,0
325484,73607050344398848,,0,3300,,-990,-140.0,-640.0,-30.0,0.0,3,4,,,,,,,43211.0,44200.0,,23055618.0,0,0,0
325485,73607054268565685,,0,3300,460.0,-1040,-160.0,-790.0,,,2,4,,,,,,,,,,,45461,0,0
325486,73607054268565685,,0,3300,59.0,-1100,-210.0,-790.0,,,2,4,,,,,,,,,,,45461,0,0
325487,73607054268565685,,0,3300,95.0,-1060,-190.0,-770.0,,,2,4,,,,,,,,,,,45461,0,0
325488,73607054268565685,,0,3300,490.0,-1000,-110.0,-790.0,,,2,4,,,,,,,,,,,45461,0,0
325489,73607054358944529,,0,3300,489.0,-970,-110.0,-690.0,60.0,,1,4,274.0,1261.0,,,,,,,,,45459,0,0
325490,73607054545780736,,0,3300,,-970,-120.0,-650.0,30.0,0.0,3,4,,,,,,,43211.0,44200.0,,23055619.0,0,0,0
325491,73607054553922872,,0,1423,489.0,-850,-120.0,-630.0,,,2,4,,,,,,,,,,,45458,0,0
325492,73607054614651366,,0,3300,281.0,-1170,-300.0,,,,2,4,,,,,,,,,,,45433,0,0
325493,73607054623126889,,0,1423,460.0,-1010,-200.0,-640.0,,,2,4,,,,,,,,,,,45458,0,0
325494,73607056216253837,,0,3300,406.0,-1150,-240.0,,,,2,4,,,,,,,,,,,45433,0,0
325495,73607057094093384,,0,3300,289.0,-1160,-300.0,-770.0,,,2,4,,,,,,,,,,,45461,0,0
325496,73607057115625384,,0,3300,289.0,-1160,-300.0,,,,2,4,,,,,,,,,,,45433,0,0
325497,73607057120927050,,0,3300,289.0,-1110,-220.0,-760.0,,,2,4,,,,,,,,,,,45461,0,0
325498,73607057142460050,,0,3300,289.0,-1110,-270.0,,,,2,4,,,,,,,,,,,45433,0,0
325499,73607057493011416,,0,3102,460.0,-1030,-180.0,-750.0,,,2,4,,,,,,,,,,,45458,0,0
325500,73607057545441117,,0,3102,490.0,-1130,-230.0,-760.0,,,2,4,,,,,,,,,,,45458,0,0
325501,73607058734186496,,0,3300,,-960,-120.0,-630.0,20.0,0.0,3,4,,,,,,,43211.0,44200.0,,23055619.0,0,0,0
325502,73607058990062836,,0,3300,490.0,-980,-110.0,-780.0,,,2,4,,,,,,,,,,,45461,0,0
325503,73607059011617836,,0,3300,460.0,-1170,-270.0,,,,2,4,,,,,,,,,,,45433,0,0
325504,73607059127632673,,0,3300,95.0,-1050,-190.0,-770.0,,,2,4,,,,,,,,,,,45461,0,0
325505,73607059801973990,,0,3300,59.0,-1070,-190.0,-760.0,,,2,4,,,,,,,,,,,45461,0,0
325506,73607060701219312,,0,3300,407.0,-1170,-300.0,-780.0,,,2,4,,,,,,,,,,,45461,0,0
325507,73607061207617422,,0,3300,489.0,-980,-120.0,-670.0,12.0,,1,4,274.0,1012.0,,,,,,,,,45459,0,0
325508,73607061219841230,,0,450,489.0,-840,-100.0,-650.0,,,2,4,,,,,,,,,,,45458,0,0
325509,73607061344422673,,0,3300,281.0,-1160,-300.0,-770.0,,,2,4,,,,,,,,,,,45461,0,0
325510,73607061653175882,,0,3300,492.0,-1110,-220.0,-780.0,,,2,4,,,,,,,,,,,45461,0,0
325511,73607062984720384,,0,3300,,-960,-110.0,-650.0,40.0,0.0,3,4,,,,,,,43211.0,44200.0,,23055619.0,0,0,0
325512,73607062949869040,,0,3300,460.0,-1090,-210.0,,,,2,4,,,,,,,,,,,45433,0,0
325513,73607062949869040,,0,3300,490.0,-1000,-120.0,,,,2,4,,,,,,,,,,,45433,0,0
325514,73607063720166900,,0,3300,95.0,-1080,-200.0,-780.0,,,2,4,,,,,,,,,,,45461,0,0
325515,73607063928086502,,0,3300,446.0,-1070,-220.0,-750.0,,,2,4,,,,,,,,,,,45461,0,0
325516,73607064614695095,,0,3300,406.0,-1170,-300.0,-780.0,,,2,4,,,,,,,,,,,45461,0,0
325517,73607064756946861,,0,3300,59.0,-1170,-300.0,-780.0,,,2,4,,,,,,,,,,,45461,0,0
325518,73607064873112962,,0,3300,148.0,-1180,-300.0,-790.0,,,2,4,,,,,,,,,,,45461,0,0
325519,73607065163440825,,0,3300,489.0,-980,-120.0,-680.0,25.0,,1,4,274.0,9580.0,,,,,,,,,45459,0,0
325520,73607065288076821,,0,3102,489.0,-1010,-150.0,-760.0,,,2,4,,,,,,,,,,,45458,0,0
325521,73607065288076821,,0,3102,460.0,-1040,-190.0,-750.0,,,2,4,,,,,,,,,,,45458,0,0
325522,73607065474785014,,0,3300,105.0,-1140,-220.0,-800.0,,,2,4,,,,,,,,,,,45461,0,0
325523,73607065496415014,,0,3300,105.0,-1150,-270.0,,,,2,4,,,,,,,,,,,45433,0,0
325524,73607065491506918,,0,3300,105.0,-1070,-180.0,-790.0,,,2,4,,,,,,,,,,,45461,0,0
325525,73607065513137918,,0,3300,105.0,-1080,-250.0,,,,2,4,,,,,,,,,,,45433,0,0
325526,73607065507031344,,0,3300,105.0,-1170,-300.0,-780.0,,,2,4,,,,,,,,,,,45461,0,0
325527,73607065528663344,,0,3300,105.0,-1160,-260.0,,,,2,4,,,,,,,,,,,45433,0,0
325528,73607065793550986,,0,3300,281.0,-1110,-220.0,-780.0,,,2,4,,,,,,,,,,,45461,0,0
325529,73607066898952458,,0,3300,490.0,-970,-110.0,,,,2,4,,,,,,,,,,,45433,0,0
325530,73607066898952458,,0,3300,460.0,-1050,-230.0,,,,2,4,,,,,,,,,,,45433,0,0
325531,73607067011523624,,0,3300,39.0,-1150,-300.0,-760.0,,,2,4,,,,,,,,,,,45461,0,0
325532,73607067033169624,,0,3300,39.0,-1160,-300.0,,,,2,4,,,,,,,,,,,45433,0,0
325533,73607067211726848,,0,3300,,-970,-110.0,-650.0,60.0,0.0,3,4,,,,,,,43211.0,44200.0,,23055619.0,0,0,0
325534,73607067667396902,,0,3300,95.0,-1140,-270.0,,,,2,4,,,,,,,,,,,45433,0,0
325535,73607068300107379,,0,3300,492.0,-1060,-180.0,-780.0,,,2,4,,,,,,,,,,,45461,0,0
325536,73607068697530223,,0,3300,59.0,-1160,-300.0,,,,2,4,,,,,,,,,,,45433,0,0
325537,73607069737663278,,0,3300,281.0,-1060,-250.0,,,,2,4,,,,,,,,,,,45433,0,0
325538,73607069992678944,,0,3300,406.0,-1060,-260.0,,,,2,4,,,,,,,,,,,45433,0,0
325539,73607070008744338,,0,450,489.0,-840,-100.0,-650.0,,,2,4,,,,,,,,,,,45458,0,0
325540,73607070196536290,,0,3300,489.0,-960,-130.0,-670.0,36.0,,1,4,274.0,1773.0,,,,,,,,,45459,0,0
325541,73607070831252370,,0,3300,490.0,-970,-110.0,-770.0,,,2,4,,,,,,,,,,,45461,0,0
325542,73607070831252370,,0,3300,460.0,-1170,-300.0,-780.0,,,2,4,,,,,,,,,,,45461,0,0
325543,73607071002373385,,0,3300,229.0,-1170,-300.0,-780.0,,,2,4,,,,,,,,,,,45461,0,0
325544,73607071024079385,,0,3300,229.0,-1170,-300.0,,,,2,4,,,,,,,,,,,45433,0,0
325545,73607071602442240,,0,3300,,-970,-120.0,-660.0,40.0,0.0,3,4,,,,,,,43211.0,44200.0,,23055619.0,0,0,0
325546,73607072235132316,,0,3300,95.0,-1130,-220.0,-810.0,,,2,4,,,,,,,,,,,45461,0,0
325547,73607073560509342,,0,3300,59.0,-1100,-230.0,-780.0,,,2,4,,,,,,,,,,,45461,0,0
325548,73607073684559152,,0,3300,281.0,-1060,-200.0,-760.0,,,2,4,,,,,,,,,,,45461,0,0
325549,73607074065774902,,0,3300,406.0,-1080,-210.0,-780.0,,,2,4,,,,,,,,,,,45461,0,0
325550,73607074650983857,,0,3300,359.0,-1140,-300.0,-750.0,,,2,4,,,,,,,,,,,45461,0,0
325551,73607074672712857,,0,3300,359.0,-1150,-300.0,,,,2,4,,,,,,,,,,,45433,0,0
325552,73607074679860391,,0,3300,359.0,-1160,-300.0,-770.0,,,2,4,,,,,,,,,,,45461,0,0
325553,73607074701590391,,0,3300,359.0,-1160,-300.0,,,,2,4,,,,,,,,,,,45433,0,0
325554,73607074768521338,,0,3300,490.0,-970,-90.0,-780.0,,,2,4,,,,,,,,,,,45461,0,0
325555,73607074768521338,,0,3300,460.0,-1050,-180.0,-780.0,,,2,4,,,,,,,,,,,45461,0,0
325556,73607074848941528,,0,3300,125.0,-1110,-210.0,-750.0,,,2,4,,,,,,,,,,,45461,0,0
325557,73607074870675528,,0,3300,125.0,-1120,-270.0,,,,2,4,,,,,,,,,,,45433,0,0
325558,73607075095491224,,0,3300,489.0,-960,-110.0,-670.0,46.0,,1,4,274.0,10092.0,,,,,,,,,45459,0,0
325559,73607075241569875,,0,450,489.0,-850,-100.0,-650.0,,,2,4,,,,,,,,,,,45458,0,0
325560,73607075321322306,,0,450,490.0,-1040,-300.0,-650.0,,,2,4,,,,,,,,,,,45461,0,0
325561,73607075358290835,,0,450,347.0,-1040,-300.0,,,,2,4,,,,,,,,,,,45433,0,0
325562,73607075420639253,,0,450,406.0,-1050,-300.0,-660.0,,,2,4,,,,,,,,,,,45461,0,0
325563,73607075420639253,,0,450,460.0,-1050,-300.0,-660.0,,,2,4,,,,,,,,,,,45461,0,0
325564,73607075420639253,,0,450,356.0,-1080,-300.0,-690.0,,,2,4,,,,,,,,,,,45461,0,0
325565,73607075817193472,,0,450,,-830,-70.0,-600.0,70.0,0.0,3,4,,,,,,,43211.0,44200.0,,23055639.0,0,0,0
325566,73607075851430816,,0,450,407.0,-930,-180.0,-650.0,,,2,4,,,,,,,,,,,45461,0,0
325567,73607077981132788,,0,450,489.0,-830,-40.0,-610.0,54.0,,1,4,274.0,1261.0,,,,,,,,,45459,0,0
325568,73607077989725357,,0,1423,489.0,-860,-130.0,-620.0,,,2,4,,,,,,,,,,,45458,0,0
325569,73607078049023610,,0,3300,489.0,-1010,-120.0,-790.0,,,2,4,,,,,,,,,,,45458,0,0
325570,73607078049023610,,0,3300,281.0,-1080,-180.0,-800.0,,,2,4,,,,,,,,,,,45458,0,0
325571,73607078049023610,,0,3300,59.0,-1110,-210.0,-790.0,,,2,4,,,,,,,,,,,45458,0,0
325572,73607078120105356,,0,3102,490.0,-1040,-190.0,-750.0,,,2,4,,,,,,,,,,,45458,0,0
325573,73607078170440201,,0,3102,460.0,-1140,-300.0,-750.0,,,2,4,,,,,,,,,,,45458,0,0
325574,73607078212379083,,0,3102,489.0,-1030,-150.0,-750.0,,,2,4,,,,,,,,,,,45458,0,0
325575,73607079261911145,,0,450,490.0,-1030,-300.0,-640.0,,,2,4,,,,,,,,,,,45461,0,0
325576,73607079561866349,,0,450,91.0,-1030,-300.0,-640.0,,,2,4,,,,,,,,,,,45461,0,0
325577,73607079583685349,,0,450,91.0,-1030,-300.0,,,,2,4,,,,,,,,,,,45433,0,0
325578,73607079621437199,,0,450,356.0,-1040,-300.0,,,,2,4,,,,,,,,,,,45433,0,0
325579,73607079688098821,,0,450,460.0,-1050,-300.0,-660.0,,,2,4,,,,,,,,,,,45461,0,0
325580,73607079738430299,,0,450,406.0,-1060,-300.0,-660.0,,,2,4,,,,,,,,,,,45461,0,0
325581,73607079902867520,,0,450,407.0,-1040,-300.0,,,,2,4,,,,,,,,,,,45433,0,0
325582,73607080074149888,,0,450,,-830,-90.0,-530.0,60.0,0.0,3,4,,,,,,,43211.0,44200.0,,23055639.0,0,0,0
325583,73607081674412487,,0,450,347.0,-940,-180.0,-660.0,,,2,4,,,,,,,,,,,45461,0,0
325584,73607082625930353,,0,3102,460.0,-1100,-210.0,-770.0,,,2,4,,,,,,,,,,,45458,0,0
325585,73607082625930353,,0,3102,490.0,-1040,-180.0,-770.0,,,2,4,,,,,,,,,,,45458,0,0
325586,73607083486329537,,0,450,490.0,-1040,-300.0,-650.0,,,2,4,,,,,,,,,,,45461,0,0
325587,73607084168805729,,0,450,460.0,-1040,-300.0,-650.0,,,2,4,,,,,,,,,,,45461,0,0
325588,73607084168805729,,0,450,356.0,-1040,-300.0,-650.0,,,2,4,,,,,,,,,,,45461,0,0
325589,73607084190695729,,0,450,406.0,-1040,-300.0,,,,2,4,,,,,,,,,,,45433,0,0
325590,73607084309676032,,0,450,,-850,-100.0,-530.0,60.0,0.0,3,4,,,,,,,43211.0,44200.0,,23055639.0,0,0,0
325591,73607084835692756,,0,450,407.0,-1040,-300.0,-650.0,,,2,4,,,,,,,,,,,45461,0,0
325592,73607085158706939,,0,450,459.0,-1040,-300.0,-650.0,,,2,4,,,,,,,,,,,45461,0,0
325593,73607085613294602,,0,450,347.0,-1040,-300.0,,,,2,4,,,,,,,,,,,45433,0,0
325594,73607085774306657,,0,1423,489.0,-850,-120.0,-620.0,,,2,4,,,,,,,,,,,45458,0,0
325595,73607085765714578,,0,450,489.0,-850,-70.0,-610.0,85.0,,1,4,274.0,1773.0,,,,,,,,,45459,0,0
325596,73607085838737142,,0,1423,490.0,-940,-160.0,-620.0,,,2,4,,,,,,,,,,,45458,0,0
325597,73607085880682347,,0,1423,406.0,-1010,-300.0,-620.0,,,2,4,,,,,,,,,,,45458,0,0
325598,73607087626589096,,0,450,490.0,-960,-230.0,,,,2,4,,,,,,,,,,,45433,0,0
325599,73607088218838390,,0,450,460.0,-1040,-300.0,,,,2,4,,,,,,,,,,,45433,0,0
325600,73607088544743424,,0,450,,-840,-80.0,-530.0,60.0,0.0,3,4,,,,,,,43211.0,44200.0,,23055639.0,0,0,0
325601,73607088826763984,,0,450,356.0,-1050,-300.0,-660.0,,,2,4,,,,,,,,,,,45461,0,0
325602,73607089423231032,,0,450,406.0,-1080,-300.0,-690.0,,,2,4,,,,,,,,,,,45461,0,0
325603,73607089470269445,,0,450,407.0,-1050,-300.0,-660.0,,,2,4,,,,,,,,,,,45461,0,0
325604,73607089833393755,,0,450,347.0,-1040,-300.0,-650.0,,,2,4,,,,,,,,,,,45461,0,0
325605,73607090337691847,,0,1423,489.0,-850,-130.0,-610.0,,,2,4,,,,,,,,,,,45458,0,0
325606,73607090329099605,,0,450,489.0,-840,-110.0,-550.0,53.0,,1,4,274.0,1261.0,,,,,,,,,45459,0,0
325607,73607090396991481,,0,3300,490.0,-980,-100.0,-780.0,,,2,4,,,,,,,,,,,45458,0,0
325608,73607090396991481,,0,3300,460.0,-1080,-190.0,-790.0,,,2,4,,,,,,,,,,,45458,0,0
325609,73607090396991481,,0,3300,489.0,-980,-90.0,-780.0,,,2,4,,,,,,,,,,,45458,0,0
325610,73607090396991481,,0,3300,281.0,-1070,-170.0,-790.0,,,2,4,,,,,,,,,,,45458,0,0
325611,73607090537653140,,0,3102,95.0,-1070,-180.0,-750.0,,,2,4,,,,,,,,,,,45458,0,0
325612,73607090537653140,,0,3102,489.0,-1020,-150.0,-770.0,,,2,4,,,,,,,,,,,45458,0,0
325613,73607090522972568,,0,3102,460.0,-1040,-170.0,-770.0,,,2,4,,,,,,,,,,,45458,0,0
325614,73607091920201495,,0,450,490.0,-1050,-300.0,-660.0,,,2,4,,,,,,,,,,,45461,0,0
325615,73607092743438336,,0,450,,-850,-70.0,-580.0,80.0,0.0,3,4,,,,,,,43211.0,44200.0,,23055639.0,0,0,0
325616,73607092782334261,,0,450,460.0,-1090,-290.0,,,,2,4,,,,,,,,,,,45433,0,0
325617,73607093433383967,,0,450,406.0,-1100,-300.0,-700.0,,,2,4,,,,,,,,,,,45461,0,0
325618,73607093502499182,,0,450,407.0,-1060,-270.0,,,,2,4,,,,,,,,,,,45433,0,0
325619,73607093946882028,,0,450,347.0,-1040,-300.0,-650.0,,,2,4,,,,,,,,,,,45461,0,0
325620,73607094825361783,,0,450,489.0,-870,-110.0,-540.0,79.0,,1,4,274.0,1645.0,,,,,,,,,45459,0,0
325621,73607094830712102,,0,3300,489.0,-980,-110.0,-770.0,,,2,4,,,,,,,,,,,45458,0,0
325622,73607094893195091,,0,3102,489.0,-1000,-150.0,-760.0,,,2,4,,,,,,,,,,,45458,0,0
325623,73607094893195091,,0,3102,490.0,-1040,-180.0,-760.0,,,2,4,,,,,,,,,,,45458,0,0
325624,73607095164626961,,0,3102,460.0,-1020,-160.0,-760.0,,,2,4,,,,,,,,,,,45458,0,0
325625,73607095253495205,,0,450,356.0,-1050,-300.0,,,,2,4,,,,,,,,,,,45433,0,0
325626,73607095200279477,,0,3102,95.0,-1030,-160.0,-750.0,,,2,4,,,,,,,,,,,45458,0,0
325627,73607096775211022,,0,450,460.0,-1080,-300.0,,,,2,4,,,,,,,,,,,45433,0,0
325628,73607097051250688,,0,450,,-850,-80.0,-600.0,70.0,0.0,3,4,,,,,,,43211.0,44200.0,,23055639.0,0,0,0
325629,73607097396398360,,0,450,406.0,-1040,-300.0,,,,2,4,,,,,,,,,,,45433,0,0
325630,73607097491996009,,0,450,407.0,-1050,-300.0,-660.0,,,2,4,,,,,,,,,,,45461,0,0
325631,73607097547455381,,0,450,450.0,-1030,-300.0,,,,2,4,,,,,,,,,,,45433,0,0
325632,73607097525341381,,0,450,450.0,-1030,-300.0,-640.0,,,2,4,,,,,,,,,,,45461,0,0
325633,73607097815010063,,0,450,490.0,-950,-170.0,-680.0,,,2,4,,,,,,,,,,,45461,0,0
325634,73607099173942981,,0,450,347.0,-1060,-300.0,-660.0,,,2,4,,,,,,,,,,,45461,0,0
325635,73607099196076981,,0,450,356.0,-1090,-300.0,,,,2,4,,,,,,,,,,,45433,0,0
325636,73607099590072439,,0,450,489.0,-870,-80.0,-610.0,77.0,,1,4,274.0,1517.0,,,,,,,,,45459,0,0
325637,73607099598609405,,0,1423,489.0,-850,-120.0,-620.0,,,2,4,,,,,,,,,,,45458,0,0
325638,73607099924883049,,0,1423,490.0,-920,-190.0,-620.0,,,2,4,,,,,,,,,,,45458,0,0
325639,73607101270458368,,0,450,,-850,-70.0,-640.0,60.0,0.0,3,4,,,,,,,43211.0,44200.0,,23055639.0,0,0,0
325640,73607101383812590,,0,450,460.0,-1050,-300.0,-660.0,,,2,4,,,,,,,,,,,45461,0,0
325641,73607101383812590,,0,450,406.0,-1050,-300.0,-660.0,,,2,4,,,,,,,,,,,45461,0,0
325642,73607102239256088,,0,450,490.0,-960,-230.0,,,,2,4,,,,,,,,,,,45433,0,0
325643,73607102921712082,,0,450,153.0,-1060,-300.0,-670.0,,,2,4,,,,,,,,,,,45461,0,0
325644,73607102943900082,,0,450,153.0,-1060,-300.0,,,,2,4,,,,,,,,,,,45433,0,0
325645,73607102935907398,,0,450,153.0,-1050,-300.0,-660.0,,,2,4,,,,,,,,,,,45461,0,0
325646,73607102958096398,,0,450,153.0,-1050,-300.0,,,,2,4,,,,,,,,,,,45433,0,0
325647,73607103115022721,,0,450,347.0,-1030,-300.0,,,,2,4,,,,,,,,,,,45433,0,0
325648,73607103418355885,,0,450,407.0,-970,-200.0,-680.0,,,2,4,,,,,,,,,,,45461,0,0
325649,73607103616589182,,0,450,489.0,-830,-60.0,-590.0,84.0,,1,4,274.0,2029.0,,,,,,,,,45459,0,0
325650,73607103621924342,,0,3300,460.0,-1080,-200.0,-790.0,,,2,4,,,,,,,,,,,45458,0,0
325651,73607104017873132,,0,3300,489.0,-1000,-100.0,-790.0,,,2,4,,,,,,,,,,,45458,0,0
325652,73607104003193038,,0,3300,490.0,-980,-100.0,-790.0,,,2,4,,,,,,,,,,,45458,0,0
325653,73607104262981741,,0,3300,95.0,-1080,-220.0,-770.0,,,2,4,,,,,,,,,,,45461,0,0
325654,73607104262981741,,0,3300,406.0,-1080,-190.0,-770.0,,,2,4,,,,,,,,,,,45461,0,0
325655,73607104262981741,,0,3300,281.0,-1060,-180.0,-780.0,,,2,4,,,,,,,,,,,45461,0,0
325656,73607104262981741,,0,3300,59.0,-1100,-210.0,-800.0,,,2,4,,,,,,,,,,,45461,0,0
325657,73607104615350272,,0,3300,,-960,-100.0,-660.0,50.0,0.0,3,4,,,,,,,43211.0,44200.0,,23055619.0,0,0,0
325658,73607106126913266,,0,3300,153.0,-1030,-160.0,-760.0,,,2,4,,,,,,,,,,,45461,0,0
325659,73607106149157266,,0,3300,153.0,-1050,-260.0,,,,2,4,,,,,,,,,,,45433,0,0
325660,73607106143746180,,0,3300,153.0,-1060,-190.0,-770.0,,,2,4,,,,,,,,,,,45461,0,0
325661,73607106165991180,,0,3300,153.0,-1060,-230.0,,,,2,4,,,,,,,,,,,45433,0,0
325662,73607106264654443,,0,3300,238.0,-1100,-220.0,-780.0,,,2,4,,,,,,,,,,,45461,0,0
325663,73607106264654443,,0,3300,492.0,-1100,-230.0,-760.0,,,2,4,,,,,,,,,,,45461,0,0
325664,73607106286900443,,0,3300,238.0,-1100,-220.0,,,,2,4,,,,,,,,,,,45433,0,0
325665,73607106614238332,,0,3300,300.0,-1060,-190.0,-770.0,,,2,4,,,,,,,,,,,45461,0,0
325666,73607107240481047,,0,3300,489.0,-960,-100.0,-680.0,46.0,,1,4,274.0,9964.0,,,,,,,,,45459,0,0
325667,73607107292191485,,0,1423,490.0,-970,-190.0,-650.0,,,2,4,,,,,,,,,,,45458,0,0
325668,73607107292191485,,0,1423,489.0,-850,-100.0,-650.0,,,2,4,,,,,,,,,,,45458,0,0
325669,73607107334134869,,0,3102,460.0,-1060,-200.0,-760.0,,,2,4,,,,,,,,,,,45458,0,0
325670,73607107292191485,,0,1423,406.0,-910,-190.0,-620.0,,,2,4,,,,,,,,,,,45458,0,0
325671,73607107397048423,,0,3102,489.0,-1030,-150.0,-780.0,,,2,4,,,,,,,,,,,45458,0,0
325672,73607107490686971,,0,3300,446.0,-1180,-300.0,-790.0,,,2,4,,,,,,,,,,,45461,0,0
325673,73607107563394485,,0,3300,460.0,-1090,-210.0,,,,2,4,,,,,,,,,,,45433,0,0
325674,73607107740509600,,0,450,489.0,-860,-100.0,-660.0,,,2,4,,,,,,,,,,,45458,0,0
325675,73607108561807977,,0,3300,59.0,-1080,-210.0,-770.0,,,2,4,,,,,,,,,,,45461,0,0
325676,73607108561807977,,0,3300,490.0,-970,-100.0,-770.0,,,2,4,,,,,,,,,,,45461,0,0
325677,73607108561807977,,0,3300,95.0,-1160,-300.0,-770.0,,,2,4,,,,,,,,,,,45461,0,0
325678,73607108696025060,,0,3300,374.0,-1150,-300.0,-760.0,,,2,4,,,,,,,,,,,45461,0,0
325679,73607108718314060,,0,3300,374.0,-1150,-300.0,,,,2,4,,,,,,,,,,,45433,0,0
325680,73607108862803968,,0,3300,,-960,-120.0,-650.0,70.0,0.0,3,4,,,,,,,43211.0,44200.0,,23055619.0,0,0,0
325681,73607108860389598,,0,3300,281.0,-1150,-300.0,-760.0,,,2,4,,,,,,,,,,,45461,0,0
325682,73607110882338968,,0,3300,190.0,-1150,-300.0,-760.0,,,2,4,,,,,,,,,,,45461,0,0
325683,73607110904646968,,0,3300,190.0,-1150,-300.0,,,,2,4,,,,,,,,,,,45433,0,0
325684,73607111148848075,,0,3300,492.0,-1060,-200.0,-760.0,,,2,4,,,,,,,,,,,45461,0,0
325685,73607111622007538,,0,3300,460.0,-1070,-210.0,-770.0,,,2,4,,,,,,,,,,,45461,0,0
325686,73607112015311140,,0,3300,489.0,-950,-120.0,-670.0,59.0,,1,4,274.0,5760.0,,,,,,,,,45459,0,0
325687,73607112029635036,,0,450,489.0,-840,-100.0,-640.0,,,2,4,,,,,,,,,,,45458,0,0
325688,73607112304892126,,0,3300,431.0,-1060,-190.0,-760.0,,,2,4,,,,,,,,,,,45461,0,0
325689,73607112327223126,,0,3300,431.0,-1060,-190.0,,,,2,4,,,,,,,,,,,45433,0,0
325690,73607112545332481,,0,3300,490.0,-980,-110.0,,,,2,4,,,,,,,,,,,45433,0,0
325691,73607112494887952,,0,3300,95.0,-1130,-250.0,,,,2,4,,,,,,,,,,,45433,0,0
325692,73607112494887952,,0,3300,59.0,-1170,-280.0,,,,2,4,,,,,,,,,,,45433,0,0
325693,73607113014509568,,0,3300,,-960,-120.0,-630.0,50.0,0.0,3,4,,,,,,,43211.0,44200.0,,23055619.0,0,0,0
325694,73607113011519325,,0,3300,406.0,-1170,-300.0,-780.0,,,2,4,,,,,,,,,,,45461,0,0
325695,73607113210745291,,0,3300,281.0,-1080,-210.0,-770.0,,,2,4,,,,,,,,,,,45461,0,0
325696,73607114683876486,,0,3300,425.0,-1200,-300.0,-810.0,,,2,4,,,,,,,,,,,45461,0,0
325697,73607114754297298,,0,3300,472.0,-1040,-180.0,-770.0,,,2,4,,,,,,,,,,,45461,0,0
325698,73607114776652298,,0,3300,472.0,-1070,-260.0,,,,2,4,,,,,,,,,,,45433,0,0
325699,73607115587095451,,0,3300,460.0,-1090,-210.0,,,,2,4,,,,,,,,,,,45433,0,0
325700,73607116441003184,,0,3300,95.0,-1090,-230.0,,,,2,4,,,,,,,,,,,45433,0,0
325701,73607116501419291,,0,3300,489.0,-970,-130.0,-670.0,45.0,,1,4,274.0,2029.0,,,,,,,,,45459,0,0
325702,73607116568727622,,0,3300,490.0,-980,-120.0,-760.0,,,2,4,,,,,,,,,,,45458,0,0
325703,73607116568727622,,0,3300,346.0,-1150,-300.0,-760.0,,,2,4,,,,,,,,,,,45458,0,0
325704,73607116635835874,,0,3300,346.0,-1070,-200.0,-760.0,,,2,4,,,,,,,,,,,45458,0,0
325705,73607116702944500,,0,3300,346.0,-1160,-300.0,-770.0,,,2,4,,,,,,,,,,,45458,0,0
325706,73607116770053127,,0,3300,346.0,-1070,-190.0,-780.0,,,2,4,,,,,,,,,,,45458,0,0
325707,73607116837161651,,0,3300,346.0,-1180,-300.0,-790.0,,,2,4,,,,,,,,,,,45458,0,0
325708,73607116884574416,,0,3300,346.0,-1160,-300.0,-770.0,,,2,4,,,,,,,,,,,45461,0,0
325709,73607116909614826,,0,1423,489.0,-850,-120.0,-620.0,,,2,4,,,,,,,,,,,45458,0,0
325710,73607116906965416,,0,3300,346.0,-1160,-300.0,,,,2,4,,,,,,,,,,,45433,0,0
325711,73607116968493056,,0,3300,,-960,-100.0,-660.0,60.0,0.0,3,4,,,,,,,43211.0,44200.0,,23055619.0,0,0,0
325712,73607116936878634,,0,1423,490.0,-990,-210.0,-620.0,,,2,4,,,,,,,,,,,45458,0,0
325713,73607117151016463,,0,3300,281.0,-1070,-180.0,,,,2,4,,,,,,,,,,,45433,0,0
325714,73607118640842946,,0,3300,59.0,-1160,-300.0,,,,2,4,,,,,,,,,,,45433,0,0
325715,73607119519972934,,0,3300,460.0,-1060,-210.0,,,,2,4,,,,,,,,,,,45433,0,0
325716,73607120272706411,,0,3300,492.0,-1160,-300.0,-770.0,,,2,4,,,,,,,,,,,45461,0,0
325717,73607120391866318,,0,3300,95.0,-1090,-200.0,,,,2,4,,,,,,,,,,,45433,0,0
325718,73607120528061670,,0,3300,490.0,-990,-120.0,-770.0,,,2,4,,,,,,,,,,,45458,0,0
325719,73607120527963980,,0,3300,489.0,-960,-120.0,-660.0,15.0,,1,4,274.0,9708.0,,,,,,,,,45459,0,0
325720,73607120683366018,,0,3102,460.0,-1130,-300.0,-740.0,,,2,4,,,,,,,,,,,45458,0,0
325721,73607120735794875,,0,3102,95.0,-1010,-160.0,-750.0,,,2,4,,,,,,,,,,,45458,0,0
325722,73607120764806593,,0,3300,233.0,-1130,-240.0,-780.0,,,2,4,,,,,,,,,,,45461,0,0
325723,73607120787248593,,0,3300,407.0,-1080,-250.0,,,,2,4,,,,,,,,,,,45433,0,0
325724,73607120787248593,,0,3300,233.0,-1130,-270.0,,,,2,4,,,,,,,,,,,45433,0,0
325725,73607121369366528,,0,3300,,-970,-120.0,-640.0,20.0,0.0,3,4,,,,,,,43211.0,44200.0,,23055619.0,0,0,0
325726,73607121865580911,,0,3300,281.0,-1070,-190.0,-780.0,,,2,4,,,,,,,,,,,45461,0,0
325727,73607123002813152,,0,3300,59.0,-1150,-300.0,-760.0,,,2,4,,,,,,,,,,,45461,0,0
325728,73607123646145411,,0,3300,460.0,-1090,-210.0,,,,2,4,,,,,,,,,,,45433,0,0
325729,73607123795065009,,0,3300,347.0,-1160,-300.0,-770.0,,,2,4,,,,,,,,,,,45461,0,0
325730,73607123817533009,,0,3300,347.0,-1160,-300.0,,,,2,4,,,,,,,,,,,45433,0,0
325731,73607124334023396,,0,3300,95.0,-1150,-230.0,,,,2,4,,,,,,,,,,,45433,0,0
325732,73607124487352523,,0,3300,489.0,-960,-110.0,-680.0,42.0,,1,4,274.0,10092.0,,,,,,,,,45459,0,0
325733,73607124487468145,,0,3300,490.0,-980,-100.0,-770.0,,,2,4,,,,,,,,,,,45458,0,0
325734,73607124602607412,,0,450,489.0,-850,-100.0,-650.0,,,2,4,,,,,,,,,,,45458,0,0
325735,73607124646711246,,0,450,347.0,-1050,-300.0,-660.0,,,2,4,,,,,,,,,,,45461,0,0
325736,73607124646711246,,0,450,490.0,-960,-200.0,-670.0,,,2,4,,,,,,,,,,,45461,0,0
325737,73607124824396745,,0,450,460.0,-1040,-300.0,,,,2,4,,,,,,,,,,,45433,0,0
325738,73607125081522176,,0,450,,-820,-100.0,-520.0,50.0,0.0,3,4,,,,,,,43211.0,44200.0,,23055639.0,0,0,0
325739,73607125080240127,,0,450,356.0,-920,-180.0,-640.0,,,2,4,,,,,,,,,,,45461,0,0
325740,73607126163152401,,0,450,406.0,-1050,-300.0,-660.0,,,2,4,,,,,,,,,,,45461,0,0
325741,73607126978123662,,0,450,407.0,-1040,-300.0,,,,2,4,,,,,,,,,,,45433,0,0
325742,73607127130513161,,0,450,89.0,-1120,-300.0,-730.0,,,2,4,,,,,,,,,,,45461,0,0
325743,73607127153026161,,0,450,89.0,-1110,-300.0,,,,2,4,,,,,,,,,,,45433,0,0
325744,73607128809112515,,0,450,490.0,-1040,-300.0,-650.0,,,2,4,,,,,,,,,,,45461,0,0
325745,73607128853556913,,0,3300,460.0,-1090,-210.0,-780.0,,,2,4,,,,,,,,,,,45458,0,0
325746,73607128853556913,,0,3300,95.0,-1090,-200.0,-800.0,,,2,4,,,,,,,,,,,45458,0,0
325747,73607128853556913,,0,3300,490.0,-990,-130.0,-770.0,,,2,4,,,,,,,,,,,45458,0,0
325748,73607128853556913,,0,3300,489.0,-1000,-110.0,-770.0,,,2,4,,,,,,,,,,,45458,0,0
325749,73607128902574246,,0,450,460.0,-990,-270.0,,,,2,4,,,,,,,,,,,45433,0,0
325750,73607128915798197,,0,450,489.0,-850,-100.0,-650.0,,,2,4,,,,,,,,,,,45458,0,0
325751,73607129184952888,,0,3300,490.0,-1000,-140.0,-670.0,-27.0,,1,4,274.0,9836.0,,,,,,,,,45459,0,0
325752,73607129469288448,,0,3300,,-1000,-140.0,-650.0,-30.0,0.0,3,4,,,,,,,43211.0,44200.0,,23055618.0,0,0,0
325753,73607129489476977,,0,1423,490.0,-1000,-300.0,-610.0,,,2,4,,,,,,,,,,,45458,0,0
325754,73607129489476977,,0,1423,489.0,-840,-120.0,-610.0,,,2,4,,,,,,,,,,,45458,0,0
325755,73607129661442225,,0,3102,460.0,-1100,-210.0,-760.0,,,2,4,,,,,,,,,,,45458,0,0
325756,73607129661442225,,0,3102,489.0,-1010,-150.0,-760.0,,,2,4,,,,,,,,,,,45458,0,0
325757,73607130005373842,,0,3102,406.0,-1020,-180.0,-750.0,,,2,4,,,,,,,,,,,45458,0,0
325758,73607130886157665,,0,3102,95.0,-1020,-160.0,-760.0,,,2,4,,,,,,,,,,,45458,0,0
325759,73607133650191318,,0,3102,460.0,-1060,-210.0,-730.0,,,2,4,,,,,,,,,,,45458,0,0
325760,73607133713105616,,0,3102,489.0,-1010,-160.0,-750.0,,,2,4,,,,,,,,,,,45458,0,0
325761,73607134150942346,,0,3300,489.0,-960,-120.0,-680.0,31.0,,1,4,274.0,1901.0,,,,,,,,,45459,0,0
325762,73607134151787340,,0,3300,490.0,-980,-100.0,-780.0,,,2,4,,,,,,,,,,,45458,0,0
325763,73607134218306088,,0,3300,460.0,-1050,-170.0,-780.0,,,2,4,,,,,,,,,,,45458,0,0
325764,73607134218306088,,0,3300,95.0,-1060,-190.0,-770.0,,,2,4,,,,,,,,,,,45458,0,0
325765,73607134285358974,,0,3300,406.0,-1080,-180.0,-770.0,,,2,4,,,,,,,,,,,45458,0,0
325766,73607134388123389,,0,1423,489.0,-840,-120.0,-610.0,,,2,4,,,,,,,,,,,45458,0,0
325767,73607134461524458,,0,1423,406.0,-980,-220.0,-660.0,,,2,4,,,,,,,,,,,45458,0,0
325768,73607134548769852,,0,3300,281.0,-1070,-190.0,-790.0,,,2,4,,,,,,,,,,,45461,0,0
325769,73607134632712520,,0,3300,192.0,-1170,-300.0,-780.0,,,2,4,,,,,,,,,,,45461,0,0
325770,73607134712336903,,0,3300,59.0,-1150,-280.0,,,,2,4,,,,,,,,,,,45433,0,0
325771,73607134991751054,,0,3300,492.0,-1080,-190.0,-790.0,,,2,4,,,,,,,,,,,45461,0,0
325772,73607136614417982,,0,3300,197.0,-1160,-300.0,-770.0,,,2,4,,,,,,,,,,,45461,0,0
325773,73607136637008982,,0,3300,197.0,-1170,-300.0,,,,2,4,,,,,,,,,,,45433,0,0
325774,73607136780129895,,0,3300,193.0,-1160,-300.0,-770.0,,,2,4,,,,,,,,,,,45461,0,0
325775,73607136802722895,,0,3300,193.0,-1160,-300.0,,,,2,4,,,,,,,,,,,45433,0,0
325776,73607137444564909,,0,3300,161.0,-1160,-300.0,-770.0,,,2,4,,,,,,,,,,,45461,0,0
325777,73607137467159909,,0,3300,161.0,-1160,-300.0,,,,2,4,,,,,,,,,,,45433,0,0
325778,73607137461342387,,0,3300,161.0,-1050,-190.0,-760.0,,,2,4,,,,,,,,,,,45461,0,0
325779,73607137483938387,,0,3300,161.0,-1060,-260.0,,,,2,4,,,,,,,,,,,45433,0,0
325780,73607137478119752,,0,3300,161.0,-1070,-220.0,-760.0,,,2,4,,,,,,,,,,,45461,0,0
325781,73607137500716752,,0,3300,161.0,-1070,-250.0,,,,2,4,,,,,,,,,,,45433,0,0
325782,73607137929003008,,0,3300,,-970,-110.0,-660.0,30.0,0.0,3,4,,,,,,,43211.0,44200.0,,23055619.0,0,0,0
325783,73607138091234864,,0,3300,490.0,-960,-100.0,,,,2,4,,,,,,,,,,,45433,0,0
325784,73607138177455967,,0,3300,489.0,-970,-120.0,-680.0,48.0,,1,4,274.0,1389.0,,,,,,,,,45459,0,0
325785,73607138244710028,,0,3300,460.0,-1050,-180.0,-780.0,,,2,4,,,,,,,,,,,45458,0,0
325786,73607138244710028,,0,3300,95.0,-1080,-210.0,-780.0,,,2,4,,,,,,,,,,,45458,0,0
325787,73607138578597319,,0,3300,281.0,-1070,-190.0,-760.0,,,2,4,,,,,,,,,,,45461,0,0
325788,73607138720806229,,0,3300,59.0,-1160,-290.0,,,,2,4,,,,,,,,,,,45433,0,0
325789,73607139235405547,,0,3300,300.0,-1120,-280.0,,,,2,4,,,,,,,,,,,45433,0,0
325790,73607140159093941,,0,3300,14.0,-1170,-300.0,-780.0,,,2,4,,,,,,,,,,,45461,0,0
325791,73607140181745941,,0,3300,14.0,-1170,-300.0,,,,2,4,,,,,,,,,,,45433,0,0
325792,73607140175815609,,0,3300,14.0,-1080,-210.0,-770.0,,,2,4,,,,,,,,,,,45461,0,0
325793,73607140198468609,,0,3300,14.0,-1100,-270.0,,,,2,4,,,,,,,,,,,45433,0,0
325794,73607141504522390,,0,3300,472.0,-1160,-300.0,-770.0,,,2,4,,,,,,,,,,,45461,0,0
325795,73607141527190390,,0,3300,472.0,-1160,-300.0,,,,2,4,,,,,,,,,,,45433,0,0
325796,73607141521338817,,0,3300,472.0,-1060,-190.0,-770.0,,,2,4,,,,,,,,,,,45461,0,0
325797,73607141544007817,,0,3300,70.0,-1070,-200.0,,,,2,4,,,,,,,,,,,45433,0,0
325798,73607141521338817,,0,3300,70.0,-1070,-200.0,-770.0,,,2,4,,,,,,,,,,,45461,0,0
325799,73607141544007817,,0,3300,472.0,-1070,-250.0,,,,2,4,,,,,,,,,,,45433,0,0
325800,73607141534768301,,0,3300,70.0,-1160,-300.0,-770.0,,,2,4,,,,,,,,,,,45461,0,0
325801,73607141534768301,,0,3300,472.0,-1070,-200.0,-770.0,,,2,4,,,,,,,,,,,45461,0,0
325802,73607141557438301,,0,3300,70.0,-1140,-230.0,,,,2,4,,,,,,,,,,,45433,0,0
325803,73607141557438301,,0,3300,472.0,-1070,-240.0,,,,2,4,,,,,,,,,,,45433,0,0
325804,73607141918638080,,0,3300,,-970,-120.0,-650.0,30.0,0.0,3,4,,,,,,,43211.0,44200.0,,23055619.0,0,0,0
325805,73607141927358454,,0,3300,492.0,-1100,-220.0,-790.0,,,2,4,,,,,,,,,,,45461,0,0
325806,73607142069898065,,0,3300,490.0,-970,-110.0,-770.0,,,2,4,,,,,,,,,,,45458,0,0
325807,73607142136890705,,0,3300,489.0,-970,-120.0,-670.0,53.0,,1,4,274.0,9964.0,,,,,,,,,45459,0,0
325808,73607142223761878,,0,3300,95.0,-1100,-240.0,,,,2,4,,,,,,,,,,,45433,0,0
325809,73607142199553002,,0,450,347.0,-970,-220.0,-650.0,,,2,4,,,,,,,,,,,45458,0,0
325810,73607142199553002,,0,450,490.0,-940,-190.0,-650.0,,,2,4,,,,,,,,,,,45458,0,0
325811,73607142223761878,,0,3300,460.0,-1080,-220.0,,,,2,4,,,,,,,,,,,45433,0,0
325812,73607142168095134,,0,450,489.0,-850,-100.0,-650.0,,,2,4,,,,,,,,,,,45458,0,0
325813,73607142342839326,,0,3300,406.0,-1090,-260.0,,,,2,4,,,,,,,,,,,45433,0,0
325814,73607142513347239,,0,3300,281.0,-1070,-240.0,,,,2,4,,,,,,,,,,,45433,0,0
325815,73607143272507911,,0,3300,59.0,-1180,-300.0,-790.0,,,2,4,,,,,,,,,,,45461,0,0
325816,73607143359747058,,0,3300,407.0,-1080,-200.0,-780.0,,,2,4,,,,,,,,,,,45461,0,0
325817,73607146126639104,,0,3300,,-970,-130.0,-630.0,30.0,0.0,3,4,,,,,,,43211.0,44200.0,,23055619.0,0,0,0
325818,73607146299044814,,0,3300,460.0,-1040,-180.0,-770.0,,,2,4,,,,,,,,,,,45461,0,0
325819,73607146299044814,,0,3300,95.0,-1020,-170.0,-750.0,,,2,4,,,,,,,,,,,45461,0,0
325820,73607146321765814,,0,3300,490.0,-970,-110.0,,,,2,4,,,,,,,,,,,45433,0,0
325821,73607146459449683,,0,3300,281.0,-1060,-190.0,,,,2,4,,,,,,,,,,,45433,0,0
325822,73607146521627392,,0,3300,489.0,-970,-110.0,-680.0,40.0,,1,4,274.0,1901.0,,,,,,,,,45459,0,0
325823,73607146691630462,,0,3102,460.0,-1050,-190.0,-770.0,,,2,4,,,,,,,,,,,45458,0,0
325824,73607146691630462,,0,3102,95.0,-1070,-220.0,-760.0,,,2,4,,,,,,,,,,,45458,0,0
325825,73607146691630462,,0,3102,489.0,-1000,-130.0,-780.0,,,2,4,,,,,,,,,,,45458,0,0
325826,73607146752449684,,0,3102,490.0,-1080,-200.0,-760.0,,,2,4,,,,,,,,,,,45458,0,0
325827,73607147971362249,,0,3300,59.0,-1080,-180.0,-790.0,,,2,4,,,,,,,,,,,45461,0,0
325828,73607149430973172,,0,3300,406.0,-1090,-220.0,-770.0,,,2,4,,,,,,,,,,,45461,0,0
325829,73607149601715791,,0,3102,406.0,-1030,-180.0,-750.0,,,2,4,,,,,,,,,,,45458,0,0
325830,73607149642363606,,0,3300,17.0,-1050,-190.0,-770.0,,,2,4,,,,,,,,,,,45461,0,0
325831,73607149665139606,,0,3300,17.0,-1070,-260.0,,,,2,4,,,,,,,,,,,45433,0,0
325832,73607150246690863,,0,3300,460.0,-1090,-220.0,,,,2,4,,,,,,,,,,,45433,0,0
325833,73607150246690863,,0,3300,95.0,-1100,-220.0,,,,2,4,,,,,,,,,,,45433,0,0
325834,73607150262423503,,0,3300,490.0,-980,-100.0,,,,2,4,,,,,,,,,,,45433,0,0
325835,73607150408218356,,0,1423,489.0,-840,-120.0,-620.0,,,2,4,,,,,,,,,,,45458,0,0
325836,73607150408218356,,0,1423,490.0,-950,-190.0,-620.0,,,2,4,,,,,,,,,,,45458,0,0
325837,73607150480064512,,0,3300,,-970,-120.0,-640.0,30.0,0.0,3,4,,,,,,,43211.0,44200.0,,23055619.0,0,0,0
325838,73607150462973541,,0,3300,454.0,-1080,-190.0,,,,2,4,,,,,,,,,,,45433,0,0
325839,73607150462973541,,0,3300,445.0,-1160,-300.0,,,,2,4,,,,,,,,,,,45433,0,0
325840,73607150440168541,,0,3300,454.0,-1080,-190.0,-790.0,,,2,4,,,,,,,,,,,45461,0,0
325841,73607150440168541,,0,3300,445.0,-1160,-300.0,-770.0,,,2,4,,,,,,,,,,,45461,0,0
325842,73607150584401863,,0,3300,281.0,-1080,-200.0,-780.0,,,2,4,,,,,,,,,,,45461,0,0
325843,73607150685219833,,0,3300,492.0,-1060,-180.0,-760.0,,,2,4,,,,,,,,,,,45461,0,0
325844,73607150685219833,,0,3300,353.0,-1030,-180.0,-750.0,,,2,4,,,,,,,,,,,45461,0,0
325845,73607150708659262,,0,3300,353.0,-1070,-190.0,-790.0,,,2,4,,,,,,,,,,,45461,0,0
325846,73607150708029833,,0,3300,353.0,-1050,-250.0,,,,2,4,,,,,,,,,,,45433,0,0
325847,73607150731470262,,0,3300,353.0,-1070,-220.0,,,,2,4,,,,,,,,,,,45433,0,0
325848,73607152278991770,,0,3300,59.0,-1180,-300.0,-790.0,,,2,4,,,,,,,,,,,45461,0,0
325849,73607153590955697,,0,3300,406.0,-1070,-190.0,-780.0,,,2,4,,,,,,,,,,,45461,0,0
325850,73607153813717015,,0,3300,489.0,-960,-100.0,-680.0,39.0,,1,4,274.0,1517.0,,,,,,,,,45459,0,0
325851,73607154137780825,,0,3102,489.0,-1000,-150.0,-760.0,,,2,4,,,,,,,,,,,45458,0,0
325852,73607154175527578,,0,3102,460.0,-1030,-160.0,-780.0,,,2,4,,,,,,,,,,,45458,0,0
325853,73607154199902458,,0,3300,490.0,-970,-90.0,,,,2,4,,,,,,,,,,,45433,0,0
325854,73607154199902458,,0,3300,95.0,-1170,-250.0,,,,2,4,,,,,,,,,,,45433,0,0
325855,73607154199902458,,0,3300,460.0,-1100,-220.0,,,,2,4,,,,,,,,,,,45433,0,0
325856,73607154204887696,,0,3102,406.0,-1070,-200.0,-780.0,,,2,4,,,,,,,,,,,45458,0,0
325857,73607154701828096,,0,3300,,-970,-130.0,-630.0,40.0,0.0,3,4,,,,,,,43211.0,44200.0,,23055619.0,0,0,0
325858,73607155253882152,,0,3300,281.0,-1060,-200.0,-770.0,,,2,4,,,,,,,,,,,45461,0,0
325859,73607156215424965,,0,3300,59.0,-1190,-300.0,-790.0,,,2,4,,,,,,,,,,,45461,0,0
325860,73607157109588731,,0,3300,350.0,-1130,-230.0,-800.0,,,2,4,,,,,,,,,,,45461,0,0
325861,73607157132454731,,0,3300,350.0,-1130,-230.0,,,,2,4,,,,,,,,,,,45433,0,0
325862,73607157126308140,,0,3300,350.0,-1180,-300.0,-790.0,,,2,4,,,,,,,,,,,45461,0,0
325863,73607157149175140,,0,3300,350.0,-1170,-250.0,,,,2,4,,,,,,,,,,,45433,0,0
325864,73607157663694640,,0,1423,490.0,-930,-170.0,-600.0,,,2,4,,,,,,,,,,,45458,0,0
325865,73607157649014568,,0,1423,489.0,-840,-100.0,-610.0,,,2,4,,,,,,,,,,,45458,0,0
325866,73607158018118114,,0,3300,406.0,-1070,-180.0,-770.0,,,2,4,,,,,,,,,,,45461,0,0
325867,73607158928244736,,0,3300,,-960,-110.0,-660.0,40.0,0.0,3,4,,,,,,,43211.0,44200.0,,23055619.0,0,0,0
325868,73607159007209457,,0,3300,490.0,-980,-110.0,,,,2,4,,,,,,,,,,,45433,0,0
325869,73607158984320457,,0,3300,95.0,-1060,-170.0,-770.0,,,2,4,,,,,,,,,,,45461,0,0
325870,73607159007209457,,0,3300,460.0,-1150,-270.0,,,,2,4,,,,,,,,,,,45433,0,0
325871,73607160165596136,,0,3300,59.0,-1160,-300.0,-770.0,,,2,4,,,,,,,,,,,45461,0,0
325872,73607160718135866,,0,3300,118.0,-1160,-300.0,-770.0,,,2,4,,,,,,,,,,,45461,0,0
325873,73607160741035866,,0,3300,118.0,-1160,-300.0,,,,2,4,,,,,,,,,,,45433,0,0
325874,73607161477615473,,0,3300,281.0,-1070,-180.0,-780.0,,,2,4,,,,,,,,,,,45461,0,0
325875,73607161511487870,,0,3300,407.0,-1160,-300.0,-770.0,,,2,4,,,,,,,,,,,45461,0,0
325876,73607161665400362,,0,3300,489.0,-970,-110.0,-680.0,7.0,,1,4,274.0,1133.0,,,,,,,,,45459,0,0
325877,73607161817290919,,0,3102,489.0,-1020,-140.0,-770.0,,,2,4,,,,,,,,,,,45458,0,0
325878,73607161817290919,,0,3102,460.0,-1000,-150.0,-760.0,,,2,4,,,,,,,,,,,45458,0,0
325879,73607163098497024,,0,3300,,-970,-120.0,-650.0,30.0,0.0,3,4,,,,,,,43211.0,44200.0,,23055619.0,0,0,0
325880,73607163670595435,,0,3300,490.0,-980,-120.0,-760.0,,,2,4,,,,,,,,,,,45461,0,0
325881,73607163670595435,,0,3300,95.0,-1150,-300.0,-760.0,,,2,4,,,,,,,,,,,45461,0,0
325882,73607163670595435,,0,3300,460.0,-1080,-210.0,-760.0,,,2,4,,,,,,,,,,,45461,0,0
325883,73607165416050459,,0,3300,281.0,-1050,-190.0,-770.0,,,2,4,,,,,,,,,,,45461,0,0
325884,73607166210179046,,0,3300,59.0,-1190,-300.0,-800.0,,,2,4,,,,,,,,,,,45461,0,0
325885,73607166537939557,,0,450,489.0,-850,-60.0,-690.0,,,2,4,,,,,,,,,,,45458,0,0
325886,73607166899865709,,0,3300,489.0,-970,-120.0,-670.0,33.0,,1,4,274.0,1901.0,,,,,,,,,45459,0,0
325887,73607167308546272,,0,1423,490.0,-930,-210.0,-620.0,,,2,4,,,,,,,,,,,45458,0,0
325888,73607167275045102,,0,1423,406.0,-970,-220.0,-610.0,,,2,4,,,,,,,,,,,45458,0,0
325889,73607167275045102,,0,1423,489.0,-840,-130.0,-610.0,,,2,4,,,,,,,,,,,45458,0,0
325890,73607167275045102,,0,1423,460.0,-1000,-300.0,-610.0,,,2,4,,,,,,,,,,,45458,0,0
325891,73607167598985216,,0,3300,,-960,-120.0,-640.0,20.0,0.0,3,4,,,,,,,43211.0,44200.0,,23055619.0,0,0,0
325892,73607167611437311,,0,3300,460.0,-1060,-180.0,-780.0,,,2,4,,,,,,,,,,,45461,0,0
325893,73607167611437311,,0,3300,95.0,-1070,-180.0,-780.0,,,2,4,,,,,,,,,,,45461,0,0
325894,73607167634414311,,0,3300,490.0,-960,-100.0,,,,2,4,,,,,,,,,,,45433,0,0
325895,73607169624140079,,0,3300,281.0,-1060,-240.0,,,,2,4,,,,,,,,,,,45433,0,0
325896,73607170684988857,,0,3300,492.0,-1160,-300.0,-770.0,,,2,4,,,,,,,,,,,45461,0,0
325897,73607170717878295,,0,3300,59.0,-1160,-300.0,-770.0,,,2,4,,,,,,,,,,,45461,0,0
325898,73607170856074050,,0,3300,179.0,-1030,-180.0,-760.0,,,2,4,,,,,,,,,,,45461,0,0
325899,73607170879080050,,0,3300,179.0,-1030,-180.0,,,,2,4,,,,,,,,,,,45433,0,0
325900,73607170872851229,,0,3300,179.0,-1040,-180.0,-760.0,,,2,4,,,,,,,,,,,45461,0,0
325901,73607170895858229,,0,3300,179.0,-1040,-180.0,,,,2,4,,,,,,,,,,,45433,0,0
325902,73607170906664512,,0,3300,179.0,-1120,-210.0,,,,2,4,,,,,,,,,,,45433,0,0
325903,73607170883656512,,0,3300,179.0,-1150,-300.0,-760.0,,,2,4,,,,,,,,,,,45461,0,0
325904,73607170946192591,,0,3300,179.0,-1100,-210.0,,,,2,4,,,,,,,,,,,45433,0,0
325905,73607170906405383,,0,3300,179.0,-1030,-180.0,-750.0,,,2,4,,,,,,,,,,,45461,0,0
325906,73607171036844855,,0,3300,1.0,-1060,-170.0,,,,2,4,,,,,,,,,,,45433,0,0
325907,73607171013831855,,0,3300,1.0,-1060,-170.0,-780.0,,,2,4,,,,,,,,,,,45461,0,0
325908,73607171013831855,,0,3300,347.0,-1150,-300.0,-760.0,,,2,4,,,,,,,,,,,45461,0,0
325909,73607171036844855,,0,3300,347.0,-1150,-300.0,,,,2,4,,,,,,,,,,,45433,0,0
325910,73607171030607862,,0,3300,1.0,-1160,-300.0,-770.0,,,2,4,,,,,,,,,,,45461,0,0
325911,73607171053621862,,0,3300,1.0,-1150,-210.0,,,,2,4,,,,,,,,,,,45433,0,0
325912,73607171030607862,,0,3300,347.0,-1070,-220.0,-760.0,,,2,4,,,,,,,,,,,45461,0,0
325913,73607171053621862,,0,3300,347.0,-1090,-270.0,,,,2,4,,,,,,,,,,,45433,0,0
325914,73607171042927299,,0,3300,1.0,-1170,-300.0,-780.0,,,2,4,,,,,,,,,,,45461,0,0
325915,73607171065942299,,0,3300,1.0,-1160,-230.0,,,,2,4,,,,,,,,,,,45433,0,0
325916,73607171060578993,,0,3300,489.0,-960,-110.0,-680.0,41.0,,1,4,274.0,1645.0,,,,,,,,,45459,0,0
325917,73607171326969418,,0,1423,489.0,-840,-120.0,-610.0,,,2,4,,,,,,,,,,,45458,0,0
325918,73607171574550308,,0,3300,490.0,-970,-90.0,-780.0,,,2,4,,,,,,,,,,,45461,0,0
325919,73607171574550308,,0,3300,95.0,-1090,-210.0,-780.0,,,2,4,,,,,,,,,,,45461,0,0
325920,73607171597577308,,0,3300,460.0,-1080,-210.0,,,,2,4,,,,,,,,,,,45433,0,0
325921,73607171624827176,,0,3300,153.0,-1120,-240.0,-780.0,,,2,4,,,,,,,,,,,45461,0,0
325922,73607171647855176,,0,3300,153.0,-1120,-270.0,,,,2,4,,,,,,,,,,,45433,0,0
325923,73607171747610624,,0,3300,,-960,-120.0,-650.0,40.0,0.0,3,4,,,,,,,43211.0,44200.0,,23055619.0,0,0,0
325924,73607171785893668,,0,3300,367.0,-1060,-190.0,-770.0,,,2,4,,,,,,,,,,,45461,0,0
325925,73607171808930668,,0,3300,367.0,-1060,-190.0,,,,2,4,,,,,,,,,,,45433,0,0
325926,73607172033244634,,0,3300,124.0,-1170,-300.0,-780.0,,,2,4,,,,,,,,,,,45461,0,0
325927,73607172056287634,,0,3300,124.0,-1170,-300.0,,,,2,4,,,,,,,,,,,45433,0,0
325928,73607172079758281,,0,3300,153.0,-1170,-300.0,-780.0,,,2,4,,,,,,,,,,,45461,0,0
325929,73607172102802281,,0,3300,153.0,-1170,-300.0,,,,2,4,,,,,,,,,,,45433,0,0
325930,73607172104604267,,0,3300,153.0,-1040,-170.0,-770.0,,,2,4,,,,,,,,,,,45461,0,0
325931,73607172127649267,,0,3300,153.0,-1060,-260.0,,,,2,4,,,,,,,,,,,45433,0,0
325932,73607174113611535,,0,3300,406.0,-1120,-230.0,-780.0,,,2,4,,,,,,,,,,,45461,0,0
325933,73607174113611535,,0,3300,446.0,-1180,-300.0,-790.0,,,2,4,,,,,,,,,,,45461,0,0
325934,73607174318801460,,0,3300,163.0,-1090,-270.0,,,,2,4,,,,,,,,,,,45433,0,0
325935,73607174295747460,,0,3300,163.0,-1070,-200.0,-780.0,,,2,4,,,,,,,,,,,45461,0,0
325936,73607174670292405,,0,3300,59.0,-1180,-300.0,-790.0,,,2,4,,,,,,,,,,,45461,0,0
325937,73607175073898433,,0,3300,312.0,-1170,-300.0,-780.0,,,2,4,,,,,,,,,,,45461,0,0
325938,73607175096956433,,0,3300,312.0,-1170,-300.0,,,,2,4,,,,,,,,,,,45433,0,0
325939,73607175097749238,,0,3300,312.0,-1050,-170.0,-780.0,,,2,4,,,,,,,,,,,45461,0,0
325940,73607175120808238,,0,3300,312.0,-1070,-240.0,,,,2,4,,,,,,,,,,,45433,0,0
325941,73607175115089237,,0,3300,312.0,-1180,-300.0,-790.0,,,2,4,,,,,,,,,,,45461,0,0
325942,73607175138149237,,0,3300,312.0,-1160,-260.0,,,,2,4,,,,,,,,,,,45433,0,0
325943,73607175516650538,,0,3300,490.0,-1030,-120.0,,,,2,4,,,,,,,,,,,45433,0,0
325944,73607175516650538,,0,3300,95.0,-1110,-200.0,,,,2,4,,,,,,,,,,,45433,0,0
325945,73607175560262518,,0,3300,460.0,-1060,-190.0,,,,2,4,,,,,,,,,,,45433,0,0
325946,73607175724100005,,0,3300,281.0,-1100,-190.0,-810.0,,,2,4,,,,,,,,,,,45461,0,0
325947,73607175745337855,,0,3300,407.0,-1090,-200.0,-790.0,,,2,4,,,,,,,,,,,45461,0,0
325948,73607175802333756,,0,3300,492.0,-1070,-180.0,-790.0,,,2,4,,,,,,,,,,,45461,0,0
325949,73607175892394222,,0,3300,489.0,-970,-130.0,-680.0,24.0,,1,4,274.0,1645.0,,,,,,,,,45459,0,0
325950,73607176015446016,,0,3300,,-970,-120.0,-640.0,20.0,0.0,3,4,,,,,,,43211.0,44200.0,,23055619.0,0,0,0
325951,73607176145566325,,0,3102,460.0,-1140,-300.0,-750.0,,,2,4,,,,,,,,,,,45458,0,0
325952,73607177613685552,,0,3300,197.0,-1090,-210.0,-780.0,,,2,4,,,,,,,,,,,45461,0,0
325953,73607177636792552,,0,3300,197.0,-1090,-210.0,,,,2,4,,,,,,,,,,,45433,0,0
325954,73607177630408539,,0,3300,197.0,-1070,-220.0,-760.0,,,2,4,,,,,,,,,,,45461,0,0
325955,73607177653516539,,0,3300,197.0,-1080,-210.0,,,,2,4,,,,,,,,,,,45433,0,0
325956,73607179415486647,,0,3300,59.0,-1190,-300.0,-800.0,,,2,4,,,,,,,,,,,45461,0,0
325957,73607179455379963,,0,3300,490.0,-970,-100.0,,,,2,4,,,,,,,,,,,45433,0,0
325958,73607179455379963,,0,3300,95.0,-1100,-220.0,,,,2,4,,,,,,,,,,,45433,0,0
325959,73607179505714974,,0,3300,460.0,-1060,-190.0,,,,2,4,,,,,,,,,,,45433,0,0
325960,73607179516205014,,0,3300,406.0,-1170,-300.0,-780.0,,,2,4,,,,,,,,,,,45461,0,0
325961,73607179599774806,,0,3300,318.0,-1070,-230.0,,,,2,4,,,,,,,,,,,45433,0,0
325962,73607179576650806,,0,3300,318.0,-1070,-230.0,-750.0,,,2,4,,,,,,,,,,,45461,0,0
325963,73607179593428847,,0,3300,318.0,-1190,-300.0,-800.0,,,2,4,,,,,,,,,,,45461,0,0
325964,73607179616553847,,0,3300,318.0,-1170,-250.0,,,,2,4,,,,,,,,,,,45433,0,0
325965,73607179919105215,,0,3300,489.0,-960,-100.0,-680.0,52.0,,1,4,274.0,9324.0,,,,,,,,,45459,0,0
325966,73607180015413875,,0,3102,95.0,-1010,-140.0,-770.0,,,2,4,,,,,,,,,,,45458,0,0
325967,73607180002829872,,0,450,489.0,-840,-60.0,-680.0,,,2,4,,,,,,,,,,,45458,0,0
325968,73607180015413875,,0,3102,489.0,-990,-120.0,-780.0,,,2,4,,,,,,,,,,,45458,0,0
325969,73607180048095759,,0,450,490.0,-1030,-300.0,-640.0,,,2,4,,,,,,,,,,,45461,0,0
325970,73607180078658034,,0,450,460.0,-1070,-300.0,-680.0,,,2,4,,,,,,,,,,,45461,0,0
325971,73607180209160192,,0,450,,-850,-70.0,-570.0,60.0,0.0,3,4,,,,,,,43211.0,44200.0,,23055639.0,0,0,0
325972,73607180229552071,,0,450,406.0,-1090,-300.0,-700.0,,,2,4,,,,,,,,,,,45461,0,0
325973,73607180229552071,,0,450,347.0,-1070,-300.0,-680.0,,,2,4,,,,,,,,,,,45461,0,0
325974,73607181162349956,,0,450,148.0,-1050,-300.0,-650.0,,,2,4,,,,,,,,,,,45461,0,0
325975,73607184339935972,,0,450,347.0,-1060,-300.0,-670.0,,,2,4,,,,,,,,,,,45461,0,0
325976,73607184339935972,,0,450,490.0,-930,-170.0,-670.0,,,2,4,,,,,,,,,,,45461,0,0
325977,73607184339935972,,0,450,460.0,-980,-180.0,-690.0,,,2,4,,,,,,,,,,,45461,0,0
325978,73607184339935972,,0,450,406.0,-1080,-300.0,-690.0,,,2,4,,,,,,,,,,,45461,0,0
325979,73607184356770317,,0,450,407.0,-930,-190.0,-640.0,,,2,4,,,,,,,,,,,45461,0,0
325980,73607184434200576,,0,450,,-850,-70.0,-630.0,80.0,0.0,3,4,,,,,,,43211.0,44200.0,,23055639.0,0,0,0
325981,73607184549382941,,0,450,489.0,-830,-70.0,-580.0,81.0,,1,4,274.0,1773.0,,,,,,,,,45459,0,0
325982,73607184557977320,,0,1423,489.0,-840,-120.0,-610.0,,,2,4,,,,,,,,,,,45458,0,0
325983,73607184836593081,,0,3300,490.0,-990,-120.0,-760.0,,,2,4,,,,,,,,,,,45458,0,0
325984,73607184836593081,,0,3300,489.0,-990,-140.0,-760.0,,,2,4,,,,,,,,,,,45458,0,0
325985,73607184836593081,,0,3300,460.0,-1050,-180.0,-770.0,,,2,4,,,,,,,,,,,45458,0,0
325986,73607184836593081,,0,3300,95.0,-1040,-160.0,-790.0,,,2,4,,,,,,,,,,,45458,0,0
325987,73607184909993798,,0,3300,281.0,-1090,-200.0,-800.0,,,2,4,,,,,,,,,,,45458,0,0
325988,73607188332575511,,0,450,490.0,-1040,-300.0,-650.0,,,2,4,,,,,,,,,,,45461,0,0
325989,73607188332575511,,0,450,406.0,-1040,-300.0,-650.0,,,2,4,,,,,,,,,,,45461,0,0
325990,73607188332575511,,0,450,460.0,-1040,-300.0,-650.0,,,2,4,,,,,,,,,,,45461,0,0
325991,73607188366036085,,0,450,407.0,-960,-200.0,-670.0,,,2,4,,,,,,,,,,,45461,0,0
325992,73607188500253985,,0,450,347.0,-1040,-300.0,-650.0,,,2,4,,,,,,,,,,,45461,0,0
325993,73607188672675840,,0,450,,-880,-90.0,-540.0,80.0,0.0,3,4,,,,,,,43211.0,44200.0,,23055639.0,0,0,0
325994,73607189164464045,,0,450,148.0,-1050,-300.0,,,,2,4,,,,,,,,,,,45433,0,0
325995,73607189321056044,,0,3300,489.0,-980,-110.0,-770.0,,,2,4,,,,,,,,,,,45458,0,0
325996,73607189381252801,,0,450,489.0,-830,-80.0,-560.0,57.0,,1,4,274.0,9964.0,,,,,,,,,45459,0,0
325997,73607189552902790,,0,3300,490.0,-960,-100.0,-760.0,,,2,4,,,,,,,,,,,45458,0,0
325998,73607189567583208,,0,3300,460.0,-1070,-180.0,-780.0,,,2,4,,,,,,,,,,,45458,0,0
325999,73607189818572800,,0,3300,,-1000,-140.0,-650.0,-30.0,0.0,3,4,,,,,,,43211.0,44200.0,,23055618.0,0,0,0
326000,73607193273480371,,0,3300,490.0,-1030,-140.0,-690.0,-19.0,,1,4,274.0,2029.0,,,,,,,,,45459,0,0
326001,73607193340749374,,0,3300,95.0,-1060,-160.0,-790.0,,,2,4,,,,,,,,,,,45458,0,0
326002,73607193340749374,,0,3300,489.0,-1030,-140.0,-790.0,,,2,4,,,,,,,,,,,45458,0,0
326003,73607193503806696,,0,1423,406.0,-1020,-240.0,-650.0,,,2,4,,,,,,,,,,,45458,0,0
326004,73607193516443948,,0,450,490.0,-1000,-220.0,-680.0,,,2,4,,,,,,,,,,,45458,0,0
326005,73607193516443948,,0,450,406.0,-1110,-300.0,-720.0,,,2,4,,,,,,,,,,,45458,0,0
326006,73607193503806696,,0,1423,489.0,-860,-110.0,-660.0,,,2,4,,,,,,,,,,,45458,0,0
326007,73607193516443948,,0,450,489.0,-840,-60.0,-680.0,,,2,4,,,,,,,,,,,45458,0,0
326008,73607193516443948,,0,450,460.0,-1000,-190.0,-720.0,,,2,4,,,,,,,,,,,45458,0,0
326009,73607193601913171,,0,3300,460.0,-1160,-300.0,-770.0,,,2,4,,,,,,,,,,,45461,0,0
326010,73607193936344003,,0,3300,281.0,-1070,-200.0,,,,2,4,,,,,,,,,,,45433,0,0
326011,73607193936344003,,0,3300,490.0,-980,-110.0,,,,2,4,,,,,,,,,,,45433,0,0
326012,73607193913074003,,0,3300,406.0,-1170,-300.0,-780.0,,,2,4,,,,,,,,,,,45461,0,0
326013,73607194257588224,,0,3300,,-990,-130.0,-650.0,20.0,0.0,3,4,,,,,,,43211.0,44200.0,,23055619.0,0,0,0
326014,73607195104292015,,0,3300,397.0,-1160,-300.0,-770.0,,,2,4,,,,,,,,,,,45461,0,0
326015,73607195104292015,,0,3300,226.0,-1170,-300.0,-780.0,,,2,4,,,,,,,,,,,45461,0,0
326016,73607195127566015,,0,3300,397.0,-1160,-300.0,,,,2,4,,,,,,,,,,,45433,0,0
326017,73607195127566015,,0,3300,226.0,-1170,-300.0,,,,2,4,,,,,,,,,,,45433,0,0
326018,73607195325710054,,0,3300,59.0,-1110,-220.0,-790.0,,,2,4,,,,,,,,,,,45461,0,0
326019,73607197278558256,,0,3300,95.0,-1040,-160.0,-780.0,,,2,4,,,,,,,,,,,45461,0,0
326020,73607197723419888,,0,3300,460.0,-1180,-300.0,-790.0,,,2,4,,,,,,,,,,,45461,0,0
326021,73607197975129801,,0,3300,490.0,-1000,-100.0,-800.0,,,2,4,,,,,,,,,,,45461,0,0
326022,73607197975129801,,0,3300,406.0,-1080,-180.0,-800.0,,,2,4,,,,,,,,,,,45461,0,0
326023,73607197975129801,,0,3300,281.0,-1080,-180.0,-800.0,,,2,4,,,,,,,,,,,45461,0,0
326024,73607198350049280,,0,3300,,-980,-120.0,-660.0,50.0,0.0,3,4,,,,,,,43211.0,44200.0,,23055619.0,0,0,0
326025,73607198466384372,,0,3300,472.0,-1170,-300.0,-780.0,,,2,4,,,,,,,,,,,45461,0,0
326026,73607198587899104,,0,450,490.0,-970,-160.0,-710.0,,,2,4,,,,,,,,,,,45458,0,0
326027,73607198587899104,,0,450,489.0,-860,-50.0,-710.0,,,2,4,,,,,,,,,,,45458,0,0
326028,73607198587899104,,0,450,460.0,-1010,-190.0,-710.0,,,2,4,,,,,,,,,,,45458,0,0
326029,73607198642164298,,0,3300,489.0,-970,-110.0,-690.0,42.0,,1,4,274.0,2029.0,,,,,,,,,45459,0,0
326030,73607198952801098,,0,3102,489.0,-1000,-140.0,-770.0,,,2,4,,,,,,,,,,,45458,0,0
326031,73607198952801098,,0,3102,460.0,-1040,-180.0,-770.0,,,2,4,,,,,,,,,,,45458,0,0
326032,73607199508822232,,0,3300,154.0,-1170,-300.0,-780.0,,,2,4,,,,,,,,,,,45461,0,0
326033,73607199508822232,,0,3300,59.0,-1180,-300.0,-790.0,,,2,4,,,,,,,,,,,45461,0,0
326034,73607199532156232,,0,3300,154.0,-1170,-300.0,,,,2,4,,,,,,,,,,,45433,0,0
326035,73607200070324901,,0,3300,407.0,-1080,-180.0,-800.0,,,2,4,,,,,,,,,,,45461,0,0
326036,73607200093659901,,0,3300,492.0,-1090,-250.0,,,,2,4,,,,,,,,,,,45433,0,0
326037,73607201177505289,,0,3300,448.0,-1040,-190.0,-750.0,,,2,4,,,,,,,,,,,45461,0,0
326038,73607201200852289,,0,3300,448.0,-1060,-260.0,,,,2,4,,,,,,,,,,,45433,0,0
326039,73607201458107454,,0,3300,95.0,-1170,-300.0,-780.0,,,2,4,,,,,,,,,,,45461,0,0
326040,73607201662732715,,0,3300,460.0,-1160,-300.0,-770.0,,,2,4,,,,,,,,,,,45461,0,0
326041,73607201908900431,,0,3300,490.0,-970,-100.0,,,,2,4,,,,,,,,,,,45433,0,0
326042,73607201908900431,,0,3300,281.0,-1100,-260.0,,,,2,4,,,,,,,,,,,45433,0,0
326043,73607202390905830,,0,3300,406.0,-1170,-300.0,-780.0,,,2,4,,,,,,,,,,,45461,0,0
326044,73607202781134848,,0,3300,,-970,-120.0,-640.0,40.0,0.0,3,4,,,,,,,43211.0,44200.0,,23055619.0,0,0,0
326045,73607203499510828,,0,3300,59.0,-1060,-170.0,-790.0,,,2,4,,,,,,,,,,,45461,0,0
326046,73607203600117671,,0,3300,446.0,-1020,-150.0,-770.0,,,2,4,,,,,,,,,,,45461,0,0
326047,73607203675287895,,0,3300,489.0,-970,-130.0,-670.0,21.0,,1,4,274.0,1389.0,,,,,,,,,45459,0,0
326048,73607203980324646,,0,450,489.0,-830,-100.0,-640.0,,,2,4,,,,,,,,,,,45458,0,0
326049,73607205577780612,,0,3300,95.0,-1060,-180.0,-760.0,,,2,4,,,,,,,,,,,45461,0,0
326050,73607205601180612,,0,3300,460.0,-1070,-230.0,,,,2,4,,,,,,,,,,,45433,0,0
326051,73607206350117583,,0,3300,490.0,-980,-110.0,,,,2,4,,,,,,,,,,,45433,0,0
326052,73607206554894781,,0,3300,281.0,-1020,-160.0,-770.0,,,2,4,,,,,,,,,,,45461,0,0
326053,73607206718735279,,0,3300,301.0,-1170,-300.0,-780.0,,,2,4,,,,,,,,,,,45461,0,0
326054,73607206742141279,,0,3300,301.0,-1170,-300.0,,,,2,4,,,,,,,,,,,45433,0,0
326055,73607206987038720,,0,3300,,-970,-110.0,-650.0,60.0,0.0,3,4,,,,,,,43211.0,44200.0,,23055619.0,0,0,0
326056,73607206937344208,,0,3300,492.0,-1090,-210.0,-780.0,,,2,4,,,,,,,,,,,45461,0,0
326057,73607207138001493,,0,3300,117.0,-1150,-300.0,-760.0,,,2,4,,,,,,,,,,,45461,0,0
326058,73607207161411493,,0,3300,117.0,-1150,-300.0,,,,2,4,,,,,,,,,,,45433,0,0
326059,73607207168814374,,0,3300,117.0,-1060,-190.0,-770.0,,,2,4,,,,,,,,,,,45461,0,0
326060,73607207192225374,,0,3300,117.0,-1080,-270.0,,,,2,4,,,,,,,,,,,45433,0,0
326061,73607207225960711,,0,3300,148.0,-1050,-180.0,-770.0,,,2,4,,,,,,,,,,,45461,0,0
326062,73607207802055642,,0,3300,406.0,-1030,-180.0,-760.0,,,2,4,,,,,,,,,,,45461,0,0
326063,73607207802055642,,0,3300,59.0,-1160,-300.0,-770.0,,,2,4,,,,,,,,,,,45461,0,0
326064,73607209617228295,,0,3300,95.0,-1030,-170.0,-760.0,,,2,4,,,,,,,,,,,45461,0,0
326065,73607209640660295,,0,3300,460.0,-1060,-220.0,,,,2,4,,,,,,,,,,,45433,0,0
326066,73607210385678724,,0,3300,490.0,-970,-100.0,-770.0,,,2,4,,,,,,,,,,,45461,0,0
326067,73607210492952407,,0,3300,281.0,-1070,-210.0,,,,2,4,,,,,,,,,,,45433,0,0
326068,73607210587468455,,0,3300,489.0,-970,-90.0,-680.0,43.0,,1,4,274.0,1261.0,,,,,,,,,45459,0,0
326069,73607210745800664,,0,1423,489.0,-890,-140.0,-620.0,,,2,4,,,,,,,,,,,45458,0,0
326070,73607211066195968,,0,3300,,-970,-110.0,-660.0,20.0,0.0,3,4,,,,,,,43211.0,44200.0,,23055619.0,0,0,0
326071,73607212103539299,,0,3300,406.0,-1060,-180.0,-790.0,,,2,4,,,,,,,,,,,45461,0,0
326072,73607212227725942,,0,3300,59.0,-1110,-250.0,,,,2,4,,,,,,,,,,,45433,0,0
326073,73607213435755148,,0,3300,407.0,-1170,-300.0,-780.0,,,2,4,,,,,,,,,,,45461,0,0
326074,73607213613481215,,0,3300,95.0,-1080,-190.0,-760.0,,,2,4,,,,,,,,,,,45461,0,0
326075,73607213613481215,,0,3300,460.0,-1050,-190.0,-760.0,,,2,4,,,,,,,,,,,45461,0,0
326076,73607214145307442,,0,3102,460.0,-1060,-210.0,-750.0,,,2,4,,,,,,,,,,,45458,0,0
326077,73607214145307442,,0,3102,489.0,-1030,-170.0,-750.0,,,2,4,,,,,,,,,,,45458,0,0
326078,73607214145307442,,0,3102,95.0,-1050,-200.0,-760.0,,,2,4,,,,,,,,,,,45458,0,0
326079,73607214279118140,,0,3300,21.0,-1020,-180.0,-750.0,,,2,4,,,,,,,,,,,45461,0,0
326080,73607214302612140,,0,3300,21.0,-1020,-180.0,,,,2,4,,,,,,,,,,,45433,0,0
326081,73607214329543496,,0,3300,490.0,-970,-110.0,-760.0,,,2,4,,,,,,,,,,,45461,0,0
326082,73607214631500562,,0,3300,333.0,-1190,-300.0,,,,2,4,,,,,,,,,,,45433,0,0
326083,73607214631500562,,0,3300,281.0,-1090,-200.0,,,,2,4,,,,,,,,,,,45433,0,0
326084,73607214648336827,,0,3300,333.0,-1100,-260.0,,,,2,4,,,,,,,,,,,45433,0,0
326085,73607214624834827,,0,3300,333.0,-1080,-210.0,-780.0,,,2,4,,,,,,,,,,,45461,0,0
326086,73607214607999562,,0,3300,333.0,-1190,-300.0,-800.0,,,2,4,,,,,,,,,,,45461,0,0
326087,73607215336259584,,0,3300,,-970,-110.0,-660.0,30.0,0.0,3,4,,,,,,,43211.0,44200.0,,23055619.0,0,0,0
326088,73607217258787001,,0,3300,59.0,-1060,-210.0,-760.0,,,2,4,,,,,,,,,,,45461,0,0
326089,73607217413074160,,0,3300,492.0,-1180,-300.0,-790.0,,,2,4,,,,,,,,,,,45461,0,0
326090,73607217717414184,,0,3300,489.0,-980,-100.0,-680.0,54.0,,1,4,274.0,5644.0,,,,,,,,,45459,0,0
326091,73607217722887648,,0,3300,460.0,-1170,-300.0,-780.0,,,2,4,,,,,,,,,,,45461,0,0
326092,73607217722887648,,0,3300,406.0,-1080,-190.0,-780.0,,,2,4,,,,,,,,,,,45461,0,0
326093,73607217729587215,,0,3102,490.0,-1060,-180.0,-780.0,,,2,4,,,,,,,,,,,45458,0,0
326094,73607217908785345,,0,3300,95.0,-1060,-180.0,-770.0,,,2,4,,,,,,,,,,,45461,0,0
326095,73607218932237576,,0,3300,490.0,-970,-110.0,,,,2,4,,,,,,,,,,,45433,0,0
326096,73607219076480574,,0,3300,281.0,-1050,-210.0,-750.0,,,2,4,,,,,,,,,,,45461,0,0
326097,73607219577749504,,0,3300,,-960,-120.0,-630.0,40.0,0.0,3,4,,,,,,,43211.0,44200.0,,23055619.0,0,0,0
326098,73607220420701476,,0,3300,407.0,-1170,-300.0,-780.0,,,2,4,,,,,,,,,,,45461,0,0
326099,73607220646810993,,0,3300,347.0,-1170,-300.0,-780.0,,,2,4,,,,,,,,,,,45461,0,0
326100,73607220894216903,,0,450,490.0,-960,-200.0,-670.0,,,2,4,,,,,,,,,,,45458,0,0
326101,73607220894216903,,0,450,460.0,-950,-170.0,-680.0,,,2,4,,,,,,,,,,,45458,0,0
326102,73607220894216903,,0,450,489.0,-860,-100.0,-670.0,,,2,4,,,,,,,,,,,45458,0,0
326103,73607220894216903,,0,450,406.0,-1070,-300.0,-680.0,,,2,4,,,,,,,,,,,45458,0,0
326104,73607220908891339,,0,450,347.0,-1060,-300.0,-670.0,,,2,4,,,,,,,,,,,45458,0,0
326105,73607221127217152,,0,450,,-870,-60.0,-610.0,70.0,0.0,3,4,,,,,,,43211.0,44200.0,,23055639.0,0,0,0
326106,73607221367987860,,0,450,95.0,-1020,-260.0,,,,2,4,,,,,,,,,,,45433,0,0
326107,73607223307559449,,0,450,148.0,-1070,-300.0,-680.0,,,2,4,,,,,,,,,,,45461,0,0
326108,73607223307559449,,0,450,356.0,-1020,-210.0,-700.0,,,2,4,,,,,,,,,,,45461,0,0
326109,73607223324394515,,0,450,407.0,-1080,-300.0,-690.0,,,2,4,,,,,,,,,,,45461,0,0
326110,73607224219079142,,0,1423,489.0,-840,-130.0,-600.0,,,2,4,,,,,,,,,,,45458,0,0
326111,73607224210471228,,0,450,489.0,-840,-30.0,-630.0,35.0,,1,4,274.0,1645.0,,,,,,,,,45459,0,0
326112,73607224490697127,,0,1423,490.0,-920,-190.0,-620.0,,,2,4,,,,,,,,,,,45458,0,0
326113,73607225299632128,,0,450,,-870,-80.0,-580.0,60.0,0.0,3,4,,,,,,,43211.0,44200.0,,23055639.0,0,0,0
326114,73607226495217435,,0,450,490.0,-1040,-300.0,-650.0,,,2,4,,,,,,,,,,,45461,0,0
326115,73607226495217435,,0,450,347.0,-1040,-300.0,-650.0,,,2,4,,,,,,,,,,,45461,0,0
326116,73607226535530069,,0,450,460.0,-1060,-300.0,-660.0,,,2,4,,,,,,,,,,,45461,0,0
326117,73607226552254340,,0,450,406.0,-1000,-210.0,-700.0,,,2,4,,,,,,,,,,,45461,0,0
326118,73607227277337945,,0,450,148.0,-1090,-300.0,-700.0,,,2,4,,,,,,,,,,,45461,0,0
326119,73607227300557741,,0,450,356.0,-1080,-240.0,-740.0,,,2,4,,,,,,,,,,,45461,0,0
326120,73607227317392364,,0,450,407.0,-940,-200.0,-650.0,,,2,4,,,,,,,,,,,45461,0,0
326121,73607227418000059,,0,450,95.0,-1040,-190.0,-760.0,,,2,4,,,,,,,,,,,45461,0,0
326122,73607229184105710,,0,3102,490.0,-1070,-180.0,-760.0,,,2,4,,,,,,,,,,,45458,0,0
326123,73607229274128384,,0,450,,-850,-80.0,-560.0,60.0,0.0,3,4,,,,,,,43211.0,44200.0,,23055639.0,0,0,0
326124,73607229184105710,,0,3102,489.0,-990,-140.0,-760.0,,,2,4,,,,,,,,,,,45458,0,0
326125,73607229184105710,,0,3102,460.0,-1070,-200.0,-770.0,,,2,4,,,,,,,,,,,45458,0,0
326126,73607229233185739,,0,450,311.0,-920,-180.0,-650.0,,,2,4,,,,,,,,,,,45461,0,0
326127,73607229256822739,,0,450,311.0,-940,-260.0,,,,2,4,,,,,,,,,,,45433,0,0
326128,73607229847769779,,0,450,489.0,-880,-90.0,-600.0,51.0,,1,4,274.0,9324.0,,,,,,,,,45459,0,0
326129,73607229863259126,,0,1423,489.0,-840,-110.0,-630.0,,,2,4,,,,,,,,,,,45458,0,0
326130,73607230500658445,,0,450,406.0,-1060,-300.0,,,,2,4,,,,,,,,,,,45433,0,0
326131,73607230515010417,,0,450,491.0,-1080,-300.0,-690.0,,,2,4,,,,,,,,,,,45461,0,0
326132,73607230538677417,,0,450,491.0,-1080,-300.0,,,,2,4,,,,,,,,,,,45433,0,0
326133,73607231495778534,,0,450,407.0,-1080,-300.0,-690.0,,,2,4,,,,,,,,,,,45461,0,0
326134,73607231519450534,,0,450,460.0,-1100,-300.0,,,,2,4,,,,,,,,,,,45433,0,0
326135,73607233272676352,,0,450,,-860,-70.0,-580.0,60.0,0.0,3,4,,,,,,,43211.0,44200.0,,23055639.0,0,0,0
326136,73607233341696234,,0,450,490.0,-1040,-300.0,-650.0,,,2,4,,,,,,,,,,,45461,0,0
326137,73607233341696234,,0,450,347.0,-1040,-300.0,-650.0,,,2,4,,,,,,,,,,,45461,0,0
326138,73607233539239343,,0,450,356.0,-990,-220.0,-680.0,,,2,4,,,,,,,,,,,45461,0,0
326139,73607233807030494,,0,450,489.0,-830,-90.0,-530.0,63.0,,1,4,274.0,9708.0,,,,,,,,,45459,0,0
326140,73607234060205982,,0,3300,489.0,-1000,-120.0,-780.0,,,2,4,,,,,,,,,,,45458,0,0
326141,73607234060205982,,0,3300,460.0,-1170,-300.0,-780.0,,,2,4,,,,,,,,,,,45458,0,0
326142,73607234060205982,,0,3300,490.0,-970,-100.0,-780.0,,,2,4,,,,,,,,,,,45458,0,0
326143,73607234060205982,,0,3300,95.0,-1070,-180.0,-780.0,,,2,4,,,,,,,,,,,45458,0,0
326144,73607234119770631,,0,450,489.0,-840,-100.0,-640.0,,,2,4,,,,,,,,,,,45458,0,0
326145,73607234315026432,,0,3300,,-1000,-140.0,-650.0,0.0,0.0,3,4,,,,,,,43211.0,44200.0,,23055618.0,0,0,0
326146,73607235583629849,,0,450,460.0,-1020,-180.0,-740.0,,,2,4,,,,,,,,,,,45458,0,0
326147,73607237095296916,,0,3300,490.0,-1010,-140.0,-670.0,-33.0,,1,4,274.0,1645.0,,,,,,,,,45459,0,0
326148,73607237133043416,,0,1423,489.0,-840,-130.0,-610.0,,,2,4,,,,,,,,,,,45458,0,0
326149,73607237177083997,,0,1423,460.0,-910,-160.0,-650.0,,,2,4,,,,,,,,,,,45458,0,0
326150,73607238510247936,,0,3300,,-1000,-140.0,-640.0,-40.0,0.0,3,4,,,,,,,43211.0,44200.0,,23055618.0,0,0,0
326151,73607242656448512,,0,3300,,-1010,-140.0,-640.0,-40.0,0.0,3,4,,,,,,,43211.0,44200.0,,23055618.0,0,0,0
326152,73607243000848641,,0,3300,490.0,-1000,-130.0,-680.0,6.0,,1,4,274.0,1645.0,,,,,,,,,45459,0,0
326153,73607243068101272,,0,3300,489.0,-1000,-140.0,-770.0,,,2,4,,,,,,,,,,,45458,0,0
326154,73607243153248840,,0,1423,489.0,-850,-100.0,-660.0,,,2,4,,,,,,,,,,,45458,0,0
326155,73607243153248840,,0,1423,406.0,-970,-190.0,-680.0,,,2,4,,,,,,,,,,,45458,0,0
326156,73607243191000607,,0,1423,460.0,-930,-210.0,-610.0,,,2,4,,,,,,,,,,,45458,0,0
326157,73607246508563920,,0,450,490.0,-920,-180.0,-640.0,,,2,4,,,,,,,,,,,45458,0,0
326158,73607246423368731,,0,3300,489.0,-960,-90.0,-690.0,56.0,,1,4,274.0,2029.0,,,,,,,,,45459,0,0
326159,73607246490638455,,0,3300,490.0,-980,-90.0,-790.0,,,2,4,,,,,,,,,,,45458,0,0
326160,73607246490638455,,0,3300,95.0,-1080,-180.0,-800.0,,,2,4,,,,,,,,,,,45458,0,0
326161,73607246497467391,,0,3300,460.0,-1170,-300.0,-780.0,,,2,4,,,,,,,,,,,45461,0,0
326162,73607246508563920,,0,450,347.0,-930,-190.0,-640.0,,,2,4,,,,,,,,,,,45458,0,0
326163,73607246508563920,,0,450,489.0,-840,-100.0,-640.0,,,2,4,,,,,,,,,,,45458,0,0
326164,73607246568811190,,0,3300,281.0,-1180,-300.0,,,,2,4,,,,,,,,,,,45433,0,0
326165,73607246563145884,,0,450,460.0,-1050,-300.0,-660.0,,,2,4,,,,,,,,,,,45458,0,0
326166,73607246895054848,,0,3300,,-960,-110.0,-650.0,40.0,0.0,3,4,,,,,,,43211.0,44200.0,,23055619.0,0,0,0
326167,73607246994694091,,0,3300,59.0,-1040,-170.0,-780.0,,,2,4,,,,,,,,,,,45461,0,0
326168,73607247806812499,,0,3300,420.0,-1170,-300.0,-780.0,,,2,4,,,,,,,,,,,45461,0,0
326169,73607247830571499,,0,3300,420.0,-1170,-300.0,,,,2,4,,,,,,,,,,,45433,0,0
326170,73607247823592604,,0,3300,420.0,-1160,-300.0,-770.0,,,2,4,,,,,,,,,,,45461,0,0
326171,73607247847352604,,0,3300,420.0,-1160,-300.0,,,,2,4,,,,,,,,,,,45433,0,0
326172,73607248118761827,,0,3300,406.0,-1040,-170.0,-780.0,,,2,4,,,,,,,,,,,45461,0,0
326173,73607248645725902,,0,3300,367.0,-1180,-300.0,-780.0,,,2,4,,,,,,,,,,,45461,0,0
326174,73607248669491902,,0,3300,367.0,-1170,-300.0,,,,2,4,,,,,,,,,,,45433,0,0
326175,73607248657263150,,0,3300,367.0,-1030,-170.0,-760.0,,,2,4,,,,,,,,,,,45461,0,0
326176,73607248681030150,,0,3300,367.0,-1070,-260.0,,,,2,4,,,,,,,,,,,45433,0,0
326177,73607249467757229,,0,3300,446.0,-1180,-300.0,-790.0,,,2,4,,,,,,,,,,,45461,0,0
326178,73607250168132314,,0,3102,460.0,-1000,-140.0,-760.0,,,2,4,,,,,,,,,,,45458,0,0
326179,73607250434421509,,0,3300,460.0,-1060,-190.0,,,,2,4,,,,,,,,,,,45433,0,0
326180,73607250249922260,,0,3102,489.0,-990,-150.0,-750.0,,,2,4,,,,,,,,,,,45458,0,0
326181,73607250289829094,,0,3300,312.0,-1070,-190.0,-780.0,,,2,4,,,,,,,,,,,45461,0,0
326182,73607250289829678,,0,3300,312.0,-1090,-270.0,,,,2,4,,,,,,,,,,,45433,0,0
326183,73607250434421509,,0,3300,95.0,-1090,-200.0,,,,2,4,,,,,,,,,,,45433,0,0
326184,73607250434421509,,0,3300,490.0,-980,-90.0,,,,2,4,,,,,,,,,,,45433,0,0
326185,73607250598589111,,0,3300,281.0,-1170,-300.0,,,,2,4,,,,,,,,,,,45433,0,0
326186,73607250581529824,,0,450,406.0,-990,-190.0,-710.0,,,2,4,,,,,,,,,,,45458,0,0
326187,73607250581529824,,0,450,407.0,-1100,-300.0,-710.0,,,2,4,,,,,,,,,,,45458,0,0
326188,73607250581529824,,0,450,489.0,-850,-70.0,-690.0,,,2,4,,,,,,,,,,,45458,0,0
326189,73607250569043190,,0,3300,489.0,-960,-100.0,-680.0,60.0,,1,4,274.0,4816.0,,,,,,,,,45459,0,0
326190,73607251089489920,,0,3300,,-970,-120.0,-630.0,20.0,0.0,3,4,,,,,,,43211.0,44200.0,,23055619.0,0,0,0
326191,73607251314322629,,0,3300,59.0,-1160,-300.0,-770.0,,,2,4,,,,,,,,,,,45461,0,0
326192,73607252186699302,,0,3300,347.0,-1150,-300.0,-760.0,,,2,4,,,,,,,,,,,45461,0,0
326193,73607254496321065,,0,3300,460.0,-1040,-190.0,,,,2,4,,,,,,,,,,,45433,0,0
326194,73607254472465065,,0,3300,95.0,-1060,-190.0,-770.0,,,2,4,,,,,,,,,,,45461,0,0
326195,73607254472465065,,0,3300,490.0,-960,-90.0,-770.0,,,2,4,,,,,,,,,,,45461,0,0
326196,73607254816813581,,0,3300,281.0,-1180,-300.0,-790.0,,,2,4,,,,,,,,,,,45461,0,0
326197,73607255244210176,,0,3300,,-960,-110.0,-670.0,50.0,0.0,3,4,,,,,,,43211.0,44200.0,,23055619.0,0,0,0
326198,73607255297897112,,0,3300,59.0,-1060,-190.0,-770.0,,,2,4,,,,,,,,,,,45461,0,0
326199,73607255742908196,,0,3300,172.0,-1170,-300.0,-780.0,,,2,4,,,,,,,,,,,45461,0,0
326200,73607255766773196,,0,3300,172.0,-1170,-300.0,,,,2,4,,,,,,,,,,,45433,0,0
326201,73607256156882425,,0,3300,40.0,-1170,-300.0,-780.0,,,2,4,,,,,,,,,,,45461,0,0
326202,73607256180754425,,0,3300,40.0,-1170,-300.0,,,,2,4,,,,,,,,,,,45433,0,0
326203,73607256172357086,,0,3300,40.0,-1170,-300.0,-780.0,,,2,4,,,,,,,,,,,45461,0,0
326204,73607256196230086,,0,3300,40.0,-1170,-300.0,,,,2,4,,,,,,,,,,,45433,0,0
326205,73607256582961964,,0,3300,406.0,-1080,-210.0,-770.0,,,2,4,,,,,,,,,,,45461,0,0
326206,73607257629426961,,0,3102,460.0,-1010,-170.0,-750.0,,,2,4,,,,,,,,,,,45458,0,0
326207,73607257629426961,,0,3102,489.0,-980,-130.0,-750.0,,,2,4,,,,,,,,,,,45458,0,0
326208,73607257898910676,,0,3300,489.0,-970,-110.0,-690.0,58.0,,1,4,274.0,1389.0,,,,,,,,,45459,0,0
326209,73607258126092815,,0,3102,490.0,-1110,-230.0,-750.0,,,2,4,,,,,,,,,,,45458,0,0
326210,73607258320819074,,0,3300,218.0,-1090,-180.0,-810.0,,,2,4,,,,,,,,,,,45461,0,0
326211,73607258344720074,,0,3300,218.0,-1100,-240.0,,,,2,4,,,,,,,,,,,45433,0,0
326212,73607258337596853,,0,3300,218.0,-1050,-170.0,-770.0,,,2,4,,,,,,,,,,,45461,0,0
326213,73607258361498853,,0,3300,218.0,-1060,-220.0,,,,2,4,,,,,,,,,,,45433,0,0
326214,73607258354373823,,0,3300,218.0,-1090,-180.0,-820.0,,,2,4,,,,,,,,,,,45461,0,0
326215,73607258378276823,,0,3300,218.0,-1090,-210.0,,,,2,4,,,,,,,,,,,45433,0,0
326216,73607258411829950,,0,3300,490.0,-970,-100.0,,,,2,4,,,,,,,,,,,45433,0,0
326217,73607258411829950,,0,3300,95.0,-1080,-180.0,,,,2,4,,,,,,,,,,,45433,0,0
326218,73607258387924950,,0,3300,218.0,-1080,-180.0,-780.0,,,2,4,,,,,,,,,,,45461,0,0
326219,73607258371148180,,0,3300,218.0,-1080,-200.0,-770.0,,,2,4,,,,,,,,,,,45461,0,0
326220,73607258411829950,,0,3300,218.0,-1080,-200.0,,,,2,4,,,,,,,,,,,45433,0,0
326221,73607258428606353,,0,3300,218.0,-1170,-230.0,,,,2,4,,,,,,,,,,,45433,0,0
326222,73607258428606353,,0,3300,460.0,-1080,-200.0,,,,2,4,,,,,,,,,,,45433,0,0
326223,73607258988492367,,0,3300,281.0,-1110,-200.0,-800.0,,,2,4,,,,,,,,,,,45461,0,0
326224,73607259444543488,,0,3300,,-970,-120.0,-660.0,50.0,0.0,3,4,,,,,,,43211.0,44200.0,,23055619.0,0,0,0
326225,73607259750224565,,0,3300,59.0,-1050,-190.0,-770.0,,,2,4,,,,,,,,,,,45461,0,0
326226,73607259750224565,,0,3300,492.0,-1090,-210.0,-780.0,,,2,4,,,,,,,,,,,45461,0,0
326227,73607260750035465,,0,3300,47.0,-1090,-220.0,-770.0,,,2,4,,,,,,,,,,,45461,0,0
326228,73607260773954465,,0,3300,47.0,-1100,-260.0,,,,2,4,,,,,,,,,,,45433,0,0
326229,73607260790734162,,0,3300,47.0,-1170,-270.0,,,,2,4,,,,,,,,,,,45433,0,0
326230,73607260793701262,,0,3300,406.0,-1170,-300.0,-780.0,,,2,4,,,,,,,,,,,45461,0,0
326231,73607260766814162,,0,3300,47.0,-1180,-300.0,-790.0,,,2,4,,,,,,,,,,,45461,0,0
326232,73607261858343666,,0,3300,489.0,-960,-110.0,-670.0,32.0,,1,4,274.0,9964.0,,,,,,,,,45459,0,0
326233,73607261961690487,,0,450,489.0,-840,-70.0,-670.0,,,2,4,,,,,,,,,,,45458,0,0
326234,73607261961690487,,0,450,407.0,-1080,-300.0,-690.0,,,2,4,,,,,,,,,,,45458,0,0
326235,73607261961690487,,0,450,460.0,-1000,-210.0,-690.0,,,2,4,,,,,,,,,,,45458,0,0
326236,73607261961690487,,0,450,406.0,-970,-180.0,-690.0,,,2,4,,,,,,,,,,,45458,0,0
326237,73607262463762156,,0,3300,95.0,-1070,-200.0,,,,2,4,,,,,,,,,,,45433,0,0
326238,73607262439809156,,0,3300,490.0,-970,-90.0,-780.0,,,2,4,,,,,,,,,,,45461,0,0
326239,73607262439809156,,0,3300,460.0,-1090,-200.0,-790.0,,,2,4,,,,,,,,,,,45461,0,0
326240,73607263194819998,,0,3300,281.0,-1100,-220.0,-770.0,,,2,4,,,,,,,,,,,45461,0,0
326241,73607263669387264,,0,3300,,-970,-120.0,-650.0,40.0,0.0,3,4,,,,,,,43211.0,44200.0,,23055619.0,0,0,0
326242,73607263718227698,,0,3300,59.0,-1180,-300.0,-790.0,,,2,4,,,,,,,,,,,45461,0,0
326243,73607263955724543,,0,3300,492.0,-1170,-300.0,-780.0,,,2,4,,,,,,,,,,,45461,0,0
326244,73607264786660324,,0,3300,406.0,-1170,-300.0,-780.0,,,2,4,,,,,,,,,,,45461,0,0
326245,73607265175829181,,0,3300,19.0,-1170,-300.0,-780.0,,,2,4,,,,,,,,,,,45461,0,0
326246,73607265199799181,,0,3300,19.0,-1170,-300.0,,,,2,4,,,,,,,,,,,45433,0,0
326247,73607265192606422,,0,3300,19.0,-1050,-160.0,-790.0,,,2,4,,,,,,,,,,,45461,0,0
326248,73607265216577422,,0,3300,19.0,-1060,-260.0,,,,2,4,,,,,,,,,,,45433,0,0
326249,73607265209383484,,0,3300,19.0,-1040,-180.0,-770.0,,,2,4,,,,,,,,,,,45461,0,0
326250,73607265233355484,,0,3300,19.0,-1050,-230.0,,,,2,4,,,,,,,,,,,45433,0,0
326251,73607265226160528,,0,3300,19.0,-1040,-160.0,-780.0,,,2,4,,,,,,,,,,,45461,0,0
326252,73607265250133528,,0,3300,19.0,-1040,-210.0,,,,2,4,,,,,,,,,,,45433,0,0
326253,73607265248350317,,0,3300,19.0,-1170,-300.0,-780.0,,,2,4,,,,,,,,,,,45461,0,0
326254,73607265272324317,,0,3300,19.0,-1130,-230.0,,,,2,4,,,,,,,,,,,45433,0,0
326255,73607265598247597,,0,450,490.0,-970,-180.0,-700.0,,,2,4,,,,,,,,,,,45458,0,0
326256,73607265598247597,,0,450,347.0,-1090,-300.0,-700.0,,,2,4,,,,,,,,,,,45458,0,0
326257,73607265703104689,,0,3102,489.0,-990,-140.0,-760.0,,,2,4,,,,,,,,,,,45458,0,0
326258,73607265644383759,,0,3102,95.0,-1150,-300.0,-760.0,,,2,4,,,,,,,,,,,45458,0,0
326259,73607265644383759,,0,3102,460.0,-1060,-190.0,-760.0,,,2,4,,,,,,,,,,,45458,0,0
326260,73607265917010754,,0,3102,490.0,-1030,-140.0,-780.0,,,2,4,,,,,,,,,,,45458,0,0
326261,73607267265884694,,0,3300,95.0,-1100,-230.0,,,,2,4,,,,,,,,,,,45433,0,0
326262,73607267265884694,,0,3300,460.0,-1080,-210.0,,,,2,4,,,,,,,,,,,45433,0,0
326263,73607267241889694,,0,3300,490.0,-980,-110.0,-780.0,,,2,4,,,,,,,,,,,45461,0,0
326264,73607267671146496,,0,3300,,-960,-110.0,-640.0,10.0,0.0,3,4,,,,,,,43211.0,44200.0,,23055619.0,0,0,0
326265,73607267867486296,,0,3300,59.0,-1080,-170.0,,,,2,4,,,,,,,,,,,45433,0,0
326266,73607268393725893,,0,3300,281.0,-1080,-200.0,-780.0,,,2,4,,,,,,,,,,,45461,0,0
326267,73607269091664966,,0,3300,446.0,-1160,-300.0,-770.0,,,2,4,,,,,,,,,,,45461,0,0
326268,73607269120874212,,0,3300,406.0,-1150,-300.0,-760.0,,,2,4,,,,,,,,,,,45461,0,0
326269,73607269441607296,,0,3300,489.0,-960,-100.0,-670.0,51.0,,1,4,274.0,10092.0,,,,,,,,,45459,0,0
326270,73607269527389869,,0,450,489.0,-850,-100.0,-650.0,,,2,4,,,,,,,,,,,45458,0,0
326271,73607269575624918,,0,450,460.0,-970,-210.0,-660.0,,,2,4,,,,,,,,,,,45458,0,0
326272,73607271653057410,,0,3300,460.0,-1150,-300.0,-760.0,,,2,4,,,,,,,,,,,45461,0,0
326273,73607271653057410,,0,3300,490.0,-1020,-130.0,-770.0,,,2,4,,,,,,,,,,,45461,0,0
326274,73607271677103410,,0,3300,95.0,-1060,-220.0,,,,2,4,,,,,,,,,,,45433,0,0
326275,73607271880720384,,0,3300,,-970,-120.0,-650.0,30.0,0.0,3,4,,,,,,,43211.0,44200.0,,23055619.0,0,0,0
326276,73607271834349819,,0,3300,492.0,-1160,-300.0,-770.0,,,2,4,,,,,,,,,,,45461,0,0
326277,73607272397956768,,0,3300,281.0,-1080,-190.0,-800.0,,,2,4,,,,,,,,,,,45461,0,0
326278,73607272478548341,,0,3300,59.0,-1110,-220.0,-800.0,,,2,4,,,,,,,,,,,45461,0,0
326279,73607272743657673,,0,1423,489.0,-850,-130.0,-630.0,,,2,4,,,,,,,,,,,45458,0,0
326280,73607273075125619,,0,3300,446.0,-1060,-210.0,-760.0,,,2,4,,,,,,,,,,,45461,0,0
326281,73607274363556340,,0,3300,406.0,-1060,-180.0,-790.0,,,2,4,,,,,,,,,,,45461,0,0
326282,73607274528381934,,0,3300,403.0,-1050,-240.0,,,,2,4,,,,,,,,,,,45433,0,0
326283,73607274504274934,,0,3300,403.0,-1030,-170.0,-770.0,,,2,4,,,,,,,,,,,45461,0,0
326284,73607275470849727,,0,3300,407.0,-1060,-190.0,-760.0,,,2,4,,,,,,,,,,,45461,0,0
326285,73607275592204105,,0,3300,490.0,-990,-120.0,,,,2,4,,,,,,,,,,,45433,0,0
326286,73607275592204105,,0,3300,460.0,-1050,-200.0,,,,2,4,,,,,,,,,,,45433,0,0
326287,73607276064210944,,0,3300,,-960,-120.0,-620.0,10.0,0.0,3,4,,,,,,,43211.0,44200.0,,23055619.0,0,0,0
326288,73607276170720623,,0,3300,95.0,-1050,-190.0,-770.0,,,2,4,,,,,,,,,,,45461,0,0
326289,73607276477516924,,0,3300,40.0,-1100,-220.0,-760.0,,,2,4,,,,,,,,,,,45461,0,0
326290,73607276501638924,,0,3300,281.0,-1040,-190.0,,,,2,4,,,,,,,,,,,45433,0,0
326291,73607276501638924,,0,3300,40.0,-1110,-260.0,,,,2,4,,,,,,,,,,,45433,0,0
326292,73607277202287209,,0,3300,59.0,-1050,-180.0,-770.0,,,2,4,,,,,,,,,,,45461,0,0
326293,73607277286113072,,0,3300,256.0,-1160,-300.0,-770.0,,,2,4,,,,,,,,,,,45461,0,0
326294,73607277310242072,,0,3300,256.0,-1160,-300.0,,,,2,4,,,,,,,,,,,45433,0,0
326295,73607277309613513,,0,3300,256.0,-1070,-190.0,-780.0,,,2,4,,,,,,,,,,,45461,0,0
326296,73607277333743513,,0,3300,256.0,-1080,-240.0,,,,2,4,,,,,,,,,,,45433,0,0
326297,73607277427458770,,0,3300,489.0,-960,-120.0,-670.0,39.0,,1,4,274.0,1773.0,,,,,,,,,45459,0,0
326298,73607277661923775,,0,3102,460.0,-1170,-300.0,-780.0,,,2,4,,,,,,,,,,,45458,0,0
326299,73607277661923775,,0,3102,489.0,-980,-130.0,-750.0,,,2,4,,,,,,,,,,,45458,0,0
326300,73607277690560242,,0,3300,492.0,-1090,-210.0,-790.0,,,2,4,,,,,,,,,,,45461,0,0
326301,73607277705964750,,0,3102,490.0,-1080,-190.0,-750.0,,,2,4,,,,,,,,,,,45458,0,0
326302,73607279667573367,,0,3300,490.0,-980,-110.0,,,,2,4,,,,,,,,,,,45433,0,0
326303,73607279643417367,,0,3300,460.0,-1070,-180.0,-790.0,,,2,4,,,,,,,,,,,45461,0,0
326304,73607279643417367,,0,3300,406.0,-1100,-210.0,-790.0,,,2,4,,,,,,,,,,,45461,0,0
326305,73607279748579685,,0,3102,95.0,-1090,-190.0,-760.0,,,2,4,,,,,,,,,,,45458,0,0
326306,73607280127425361,,0,3300,95.0,-1170,-300.0,-780.0,,,2,4,,,,,,,,,,,45461,0,0
326307,73607280285712384,,0,3300,,-960,-120.0,-650.0,70.0,0.0,3,4,,,,,,,43211.0,44200.0,,23055619.0,0,0,0
326308,73607281143336129,,0,3300,281.0,-1070,-180.0,-770.0,,,2,4,,,,,,,,,,,45461,0,0
326309,73607281602436365,,0,3102,460.0,-1030,-160.0,-770.0,,,2,4,,,,,,,,,,,45458,0,0
326310,73607281602436365,,0,3102,489.0,-990,-140.0,-760.0,,,2,4,,,,,,,,,,,45458,0,0
326311,73607282312429735,,0,3300,489.0,-960,-110.0,-670.0,39.0,,1,4,274.0,5970.0,,,,,,,,,45459,0,0
326312,73607282326997488,,0,1423,489.0,-850,-150.0,-610.0,,,2,4,,,,,,,,,,,45458,0,0
326313,73607282704547830,,0,3300,59.0,-1060,-200.0,-770.0,,,2,4,,,,,,,,,,,45461,0,0
326314,73607283841985336,,0,3300,460.0,-1060,-170.0,-780.0,,,2,4,,,,,,,,,,,45461,0,0
326315,73607283841985336,,0,3300,490.0,-990,-130.0,-760.0,,,2,4,,,,,,,,,,,45461,0,0
326316,73607283986312369,,0,3300,406.0,-1070,-170.0,-770.0,,,2,4,,,,,,,,,,,45461,0,0
326317,73607284474314752,,0,3300,,-960,-110.0,-650.0,40.0,0.0,3,4,,,,,,,43211.0,44200.0,,23055619.0,0,0,0
326318,73607284892333233,,0,3300,95.0,-1110,-210.0,-780.0,,,2,4,,,,,,,,,,,45461,0,0
326319,73607284892333233,,0,3300,232.0,-1180,-300.0,-790.0,,,2,4,,,,,,,,,,,45461,0,0
326320,73607284916546233,,0,3300,232.0,-1180,-300.0,,,,2,4,,,,,,,,,,,45433,0,0
326321,73607284909112198,,0,3300,232.0,-1040,-190.0,-760.0,,,2,4,,,,,,,,,,,45461,0,0
326322,73607284933326198,,0,3300,232.0,-1060,-260.0,,,,2,4,,,,,,,,,,,45433,0,0
326323,73607285123805052,,0,3300,281.0,-1050,-160.0,-780.0,,,2,4,,,,,,,,,,,45461,0,0
326324,73607285444026694,,0,450,489.0,-840,-100.0,-650.0,,,2,4,,,,,,,,,,,45458,0,0
326325,73607285444026694,,0,450,347.0,-1040,-300.0,-650.0,,,2,4,,,,,,,,,,,45458,0,0
326326,73607285444026694,,0,450,490.0,-930,-180.0,-650.0,,,2,4,,,,,,,,,,,45458,0,0
326327,73607285561294848,,0,450,,-860,-100.0,-600.0,90.0,0.0,3,4,,,,,,,43211.0,44200.0,,23055639.0,0,0,0
326328,73607285650836474,,0,450,406.0,-1060,-300.0,,,,2,4,,,,,,,,,,,45433,0,0
326329,73607285626596474,,0,450,407.0,-1080,-300.0,-690.0,,,2,4,,,,,,,,,,,45461,0,0
326330,73607285643259985,,0,450,460.0,-1040,-300.0,-650.0,,,2,4,,,,,,,,,,,45461,0,0
326331,73607288572811201,,0,3300,489.0,-980,-120.0,-770.0,,,2,4,,,,,,,,,,,45458,0,0
326332,73607288567459820,,0,450,489.0,-850,-60.0,-580.0,91.0,,1,4,274.0,1517.0,,,,,,,,,45459,0,0
326333,73607289059180285,,0,1423,489.0,-850,-130.0,-610.0,,,2,4,,,,,,,,,,,45458,0,0
326334,73607289797541888,,0,450,,-840,-80.0,-530.0,80.0,0.0,3,4,,,,,,,43211.0,44200.0,,23055639.0,0,0,0
326335,73607289836766442,,0,450,460.0,-1030,-300.0,-640.0,,,2,4,,,,,,,,,,,45461,0,0
326336,73607289861065442,,0,450,406.0,-1040,-300.0,,,,2,4,,,,,,,,,,,45433,0,0
326337,73607289861065442,,0,450,407.0,-1040,-300.0,,,,2,4,,,,,,,,,,,45433,0,0
326338,73607290560832555,,0,450,356.0,-1040,-300.0,,,,2,4,,,,,,,,,,,45433,0,0
326339,73607291579952084,,0,450,95.0,-1030,-300.0,-640.0,,,2,4,,,,,,,,,,,45461,0,0
326340,73607291898717639,,0,450,490.0,-960,-170.0,-690.0,,,2,4,,,,,,,,,,,45461,0,0
326341,73607292231486063,,0,3102,489.0,-1020,-170.0,-730.0,,,2,4,,,,,,,,,,,45458,0,0
326342,73607292231486063,,0,3102,460.0,-1010,-160.0,-750.0,,,2,4,,,,,,,,,,,45458,0,0
326343,73607292347712896,,0,450,148.0,-990,-200.0,-700.0,,,2,4,,,,,,,,,,,45461,0,0
326344,73607292347712896,,0,450,347.0,-990,-210.0,-690.0,,,2,4,,,,,,,,,,,45461,0,0
326345,73607294121148416,,0,450,,-850,-60.0,-590.0,50.0,0.0,3,4,,,,,,,43211.0,44200.0,,23055639.0,0,0,0
326346,73607294113415681,,0,450,460.0,-1070,-300.0,,,,2,4,,,,,,,,,,,45433,0,0
326347,73607294089074681,,0,450,406.0,-1070,-300.0,-680.0,,,2,4,,,,,,,,,,,45461,0,0
326348,73607295653479269,,0,450,459.0,-1060,-300.0,-670.0,,,2,4,,,,,,,,,,,45461,0,0
326349,73607295689771934,,0,450,356.0,-1130,-300.0,-740.0,,,2,4,,,,,,,,,,,45461,0,0
326350,73607295858400105,,0,450,490.0,-1050,-250.0,,,,2,4,,,,,,,,,,,45433,0,0
326351,73607296360849712,,0,450,489.0,-880,-90.0,-620.0,85.0,,1,4,274.0,10237.0,,,,,,,,,45459,0,0
326352,73607296410229284,,0,1423,489.0,-850,-140.0,-600.0,,,2,4,,,,,,,,,,,45458,0,0
326353,73607296410229284,,0,1423,490.0,-890,-180.0,-600.0,,,2,4,,,,,,,,,,,45458,0,0
326354,73607296414016119,,0,450,407.0,-1080,-300.0,-690.0,,,2,4,,,,,,,,,,,45461,0,0
326355,73607297460602854,,0,450,347.0,-1020,-230.0,-670.0,,,2,4,,,,,,,,,,,45461,0,0
326356,73607298360541184,,0,450,,-870,-60.0,-550.0,50.0,0.0,3,4,,,,,,,43211.0,44200.0,,23055639.0,0,0,0
326357,73607298820382205,,0,450,460.0,-1000,-270.0,,,,2,4,,,,,,,,,,,45433,0,0
326358,73607298795997205,,0,450,406.0,-980,-210.0,-670.0,,,2,4,,,,,,,,,,,45461,0,0
326359,73607299522196178,,0,450,148.0,-960,-180.0,-670.0,,,2,4,,,,,,,,,,,45461,0,0
326360,73607300007310611,,0,450,490.0,-960,-230.0,-630.0,,,2,4,,,,,,,,,,,45461,0,0
326361,73607300349606945,,0,450,356.0,-1040,-300.0,-640.0,,,2,4,,,,,,,,,,,45461,0,0
326362,73607300646983163,,0,450,489.0,-830,-80.0,-560.0,53.0,,1,4,274.0,2029.0,,,,,,,,,45459,0,0
326363,73607300655577531,,0,1423,489.0,-850,-130.0,-620.0,,,2,4,,,,,,,,,,,45458,0,0
326364,73607300714825278,,0,3300,490.0,-990,-110.0,-760.0,,,2,4,,,,,,,,,,,45458,0,0
326365,73607300714825278,,0,3300,460.0,-1150,-300.0,-760.0,,,2,4,,,,,,,,,,,45458,0,0
326366,73607300714825278,,0,3300,489.0,-1000,-140.0,-760.0,,,2,4,,,,,,,,,,,45458,0,0
326367,73607301052311321,,0,3300,95.0,-1070,-160.0,-780.0,,,2,4,,,,,,,,,,,45458,0,0
326368,73607301113971008,,0,3102,489.0,-1040,-180.0,-740.0,,,2,4,,,,,,,,,,,45458,0,0
326369,73607301113971008,,0,3102,460.0,-1010,-180.0,-730.0,,,2,4,,,,,,,,,,,45458,0,0
326370,73607301493293056,,0,3300,,-1010,-140.0,-630.0,-40.0,0.0,3,4,,,,,,,43211.0,44200.0,,23055618.0,0,0,0
326371,73607302947558241,,0,3300,281.0,-1170,-300.0,-770.0,,,2,4,,,,,,,,,,,45461,0,0
326372,73607303156638643,,0,3300,59.0,-1160,-300.0,,,,2,4,,,,,,,,,,,45433,0,0
326373,73607303507438582,,0,3300,406.0,-1170,-300.0,-780.0,,,2,4,,,,,,,,,,,45461,0,0
326374,73607304002411414,,0,3300,489.0,-960,-120.0,-690.0,54.0,,1,4,274.0,1261.0,,,,,,,,,45459,0,0
326375,73607304456384746,,0,450,407.0,-950,-210.0,-650.0,,,2,4,,,,,,,,,,,45458,0,0
326376,73607304456384746,,0,450,460.0,-1040,-300.0,-650.0,,,2,4,,,,,,,,,,,45458,0,0
326377,73607304456384746,,0,450,406.0,-1040,-300.0,-650.0,,,2,4,,,,,,,,,,,45458,0,0
326378,73607305009629043,,0,3300,95.0,-1080,-210.0,-770.0,,,2,4,,,,,,,,,,,45461,0,0
326379,73607305009629043,,0,3300,490.0,-970,-90.0,-770.0,,,2,4,,,,,,,,,,,45461,0,0
326380,73607304752467758,,0,3300,460.0,-1060,-180.0,-790.0,,,2,4,,,,,,,,,,,45461,0,0
326381,73607305753919488,,0,3300,,-960,-120.0,-640.0,70.0,0.0,3,4,,,,,,,43211.0,44200.0,,23055619.0,0,0,0
326382,73607307107968101,,0,3300,281.0,-1060,-170.0,-760.0,,,2,4,,,,,,,,,,,45461,0,0
326383,73607307272427209,,0,3300,492.0,-1160,-300.0,-770.0,,,2,4,,,,,,,,,,,45461,0,0
326384,73607307395015105,,0,3300,59.0,-1090,-190.0,-780.0,,,2,4,,,,,,,,,,,45461,0,0
326385,73607307467101588,,0,3300,237.0,-1070,-200.0,-780.0,,,2,4,,,,,,,,,,,45461,0,0
326386,73607307491598588,,0,3300,237.0,-1070,-200.0,,,,2,4,,,,,,,,,,,45433,0,0
326387,73607307482513226,,0,3300,237.0,-1170,-300.0,-780.0,,,2,4,,,,,,,,,,,45461,0,0
326388,73607307507011226,,0,3300,237.0,-1150,-230.0,,,,2,4,,,,,,,,,,,45433,0,0
326389,73607309017248429,,0,3300,95.0,-1050,-180.0,-770.0,,,2,4,,,,,,,,,,,45461,0,0
326390,73607309017248429,,0,3300,490.0,-980,-100.0,-780.0,,,2,4,,,,,,,,,,,45461,0,0
326391,73607309017248429,,0,3300,460.0,-1050,-160.0,-790.0,,,2,4,,,,,,,,,,,45461,0,0
326392,73607309017248429,,0,3300,406.0,-1050,-160.0,-790.0,,,2,4,,,,,,,,,,,45461,0,0
326393,73607309236861772,,0,3300,489.0,-970,-120.0,-670.0,42.0,,1,4,274.0,2029.0,,,,,,,,,45459,0,0
326394,73607309596631155,,0,3102,489.0,-1010,-170.0,-740.0,,,2,4,,,,,,,,,,,45458,0,0
326395,73607309596631155,,0,3102,460.0,-1010,-180.0,-730.0,,,2,4,,,,,,,,,,,45458,0,0
326396,73607309938196480,,0,3300,,-960,-120.0,-620.0,20.0,0.0,3,4,,,,,,,43211.0,44200.0,,23055619.0,0,0,0
326397,73607309899662929,,0,3300,153.0,-1060,-200.0,,,,2,4,,,,,,,,,,,45433,0,0
326398,73607311421990159,,0,3300,59.0,-1160,-300.0,,,,2,4,,,,,,,,,,,45433,0,0
326399,73607311462258744,,0,3300,425.0,-1090,-220.0,-770.0,,,2,4,,,,,,,,,,,45461,0,0
326400,73607311640135595,,0,3300,492.0,-1060,-190.0,-770.0,,,2,4,,,,,,,,,,,45461,0,0
326401,73607312192116296,,0,3300,281.0,-1150,-300.0,,,,2,4,,,,,,,,,,,45433,0,0
326402,73607312499606303,,0,3300,271.0,-1140,-300.0,-750.0,,,2,4,,,,,,,,,,,45461,0,0
326403,73607312524175303,,0,3300,271.0,-1140,-300.0,,,,2,4,,,,,,,,,,,45433,0,0
326404,73607312515954357,,0,3300,271.0,-1080,-210.0,-770.0,,,2,4,,,,,,,,,,,45461,0,0
326405,73607312540524357,,0,3300,271.0,-1090,-270.0,,,,2,4,,,,,,,,,,,45433,0,0
326406,73607312942397619,,0,450,489.0,-830,-60.0,-660.0,,,2,4,,,,,,,,,,,45458,0,0
326407,73607313174578322,,0,3300,406.0,-1170,-300.0,-780.0,,,2,4,,,,,,,,,,,45461,0,0
326408,73607313199168322,,0,3300,460.0,-1090,-190.0,,,,2,4,,,,,,,,,,,45433,0,0
326409,73607313174578322,,0,3300,95.0,-1160,-300.0,-770.0,,,2,4,,,,,,,,,,,45461,0,0
326410,73607313174578322,,0,3300,490.0,-1000,-120.0,-770.0,,,2,4,,,,,,,,,,,45461,0,0
326411,73607314134269952,,0,3300,,-960,-110.0,-640.0,40.0,0.0,3,4,,,,,,,43211.0,44200.0,,23055619.0,0,0,0
326412,73607315947747038,,0,3300,489.0,-970,-120.0,-670.0,30.0,,1,4,274.0,9708.0,,,,,,,,,45459,0,0
326413,73607316070546027,,0,1423,489.0,-840,-140.0,-610.0,,,2,4,,,,,,,,,,,45458,0,0
326414,73607316083184489,,0,3102,460.0,-1050,-190.0,-770.0,,,2,4,,,,,,,,,,,45458,0,0
326415,73607316083184489,,0,3102,95.0,-1060,-190.0,-770.0,,,2,4,,,,,,,,,,,45458,0,0
326416,73607316083184489,,0,3102,490.0,-1070,-200.0,-770.0,,,2,4,,,,,,,,,,,45458,0,0
326417,73607316083184489,,0,3102,489.0,-1020,-160.0,-770.0,,,2,4,,,,,,,,,,,45458,0,0
326418,73607316309628736,,0,3300,281.0,-1090,-200.0,-760.0,,,2,4,,,,,,,,,,,45461,0,0
326419,73607317114351129,,0,3300,490.0,-990,-110.0,-780.0,,,2,4,,,,,,,,,,,45461,0,0
326420,73607317138985129,,0,3300,460.0,-1090,-210.0,,,,2,4,,,,,,,,,,,45433,0,0
326421,73607317114351129,,0,3300,95.0,-1160,-300.0,-770.0,,,2,4,,,,,,,,,,,45461,0,0
326422,73607317661384855,,0,3300,406.0,-1120,-270.0,,,,2,4,,,,,,,,,,,45433,0,0
326423,73607317719842694,,0,3300,59.0,-1180,-300.0,,,,2,4,,,,,,,,,,,45433,0,0
326424,73607318397648896,,0,3300,,-950,-120.0,-640.0,60.0,0.0,3,4,,,,,,,43211.0,44200.0,,23055619.0,0,0,0
326425,73607318967123238,,0,3300,309.0,-1150,-300.0,-760.0,,,2,4,,,,,,,,,,,45461,0,0
326426,73607319736597701,,0,450,406.0,-960,-220.0,-650.0,,,2,4,,,,,,,,,,,45458,0,0
326427,73607319736597701,,0,450,489.0,-840,-100.0,-650.0,,,2,4,,,,,,,,,,,45458,0,0
326428,73607319861292305,,0,3300,332.0,-1160,-300.0,-770.0,,,2,4,,,,,,,,,,,45461,0,0
326429,73607319885983305,,0,3300,492.0,-1170,-300.0,,,,2,4,,,,,,,,,,,45433,0,0
326430,73607319885983305,,0,3300,332.0,-1160,-300.0,,,,2,4,,,,,,,,,,,45433,0,0
326431,73607319878068958,,0,3300,332.0,-1070,-210.0,-770.0,,,2,4,,,,,,,,,,,45461,0,0
326432,73607319902760958,,0,3300,332.0,-1090,-270.0,,,,2,4,,,,,,,,,,,45433,0,0
326433,73607319894846434,,0,3300,332.0,-1080,-200.0,-780.0,,,2,4,,,,,,,,,,,45461,0,0
326434,73607319919539434,,0,3300,332.0,-1080,-250.0,,,,2,4,,,,,,,,,,,45433,0,0
326435,73607319936317498,,0,3300,332.0,-1070,-230.0,,,,2,4,,,,,,,,,,,45433,0,0
326436,73607319911623498,,0,3300,332.0,-1070,-200.0,-780.0,,,2,4,,,,,,,,,,,45461,0,0
326437,73607319935101080,,0,3300,332.0,-1090,-210.0,-780.0,,,2,4,,,,,,,,,,,45461,0,0
326438,73607319959796080,,0,3300,332.0,-1100,-230.0,,,,2,4,,,,,,,,,,,45433,0,0
326439,73607319995967945,,0,450,490.0,-930,-180.0,-650.0,,,2,4,,,,,,,,,,,45458,0,0
326440,73607319995967945,,0,450,347.0,-940,-190.0,-650.0,,,2,4,,,,,,,,,,,45458,0,0
326441,73607320033770339,,0,450,460.0,-1060,-300.0,-670.0,,,2,4,,,,,,,,,,,45458,0,0
326442,73607320246329364,,0,3300,281.0,-1150,-300.0,,,,2,4,,,,,,,,,,,45433,0,0
326443,73607321144365657,,0,3300,490.0,-990,-90.0,-800.0,,,2,4,,,,,,,,,,,45461,0,0
326444,73607321144365657,,0,3300,460.0,-1070,-160.0,-800.0,,,2,4,,,,,,,,,,,45461,0,0
326445,73607321144365657,,0,3300,95.0,-1110,-220.0,-800.0,,,2,4,,,,,,,,,,,45461,0,0
326446,73607322519404544,,0,3300,,-960,-110.0,-650.0,30.0,0.0,3,4,,,,,,,43211.0,44200.0,,23055619.0,0,0,0
326447,73607322752752664,,0,3300,59.0,-1160,-300.0,,,,2,4,,,,,,,,,,,45433,0,0
326448,73607323128311651,,0,3300,489.0,-960,-110.0,-690.0,74.0,,1,4,274.0,1901.0,,,,,,,,,45459,0,0
326449,73607323363133555,,0,1423,489.0,-850,-120.0,-630.0,,,2,4,,,,,,,,,,,45458,0,0
326450,73607323430242530,,0,1423,460.0,-1010,-300.0,-620.0,,,2,4,,,,,,,,,,,45458,0,0
326451,73607323440846480,,0,3300,406.0,-1050,-160.0,-790.0,,,2,4,,,,,,,,,,,45461,0,0
326452,73607323541509471,,0,3300,482.0,-1210,-300.0,-820.0,,,2,4,,,,,,,,,,,45461,0,0
326453,73607323566262471,,0,3300,482.0,-1210,-300.0,,,,2,4,,,,,,,,,,,45433,0,0
326454,73607323583040701,,0,3300,482.0,-1110,-280.0,,,,2,4,,,,,,,,,,,45433,0,0
326455,73607323558286701,,0,3300,482.0,-1090,-230.0,-770.0,,,2,4,,,,,,,,,,,45461,0,0
326456,73607323575064026,,0,3300,482.0,-1140,-220.0,-820.0,,,2,4,,,,,,,,,,,45461,0,0
326457,73607323599819026,,0,3300,482.0,-1130,-260.0,,,,2,4,,,,,,,,,,,45433,0,0
326458,73607323585818567,,0,3300,482.0,-1060,-160.0,-810.0,,,2,4,,,,,,,,,,,45461,0,0
326459,73607323610574567,,0,3300,482.0,-1080,-230.0,,,,2,4,,,,,,,,,,,45433,0,0
326460,73607324548137399,,0,3300,492.0,-1060,-180.0,-770.0,,,2,4,,,,,,,,,,,45461,0,0
326461,73607324548137399,,0,3300,281.0,-1050,-180.0,-770.0,,,2,4,,,,,,,,,,,45461,0,0
326462,73607324628616072,,0,3300,235.0,-1170,-300.0,-780.0,,,2,4,,,,,,,,,,,45461,0,0
326463,73607324653381072,,0,3300,235.0,-1170,-300.0,,,,2,4,,,,,,,,,,,45433,0,0
326464,73607325248066585,,0,3300,95.0,-1070,-210.0,-760.0,,,2,4,,,,,,,,,,,45461,0,0
326465,73607325248066585,,0,3300,460.0,-1070,-200.0,-770.0,,,2,4,,,,,,,,,,,45461,0,0
326466,73607325272833585,,0,3300,490.0,-980,-100.0,,,,2,4,,,,,,,,,,,45433,0,0
326467,73607326492655616,,0,3300,,-960,-110.0,-640.0,30.0,0.0,3,4,,,,,,,43211.0,44200.0,,23055619.0,0,0,0
326468,73607326690138361,,0,3300,59.0,-1160,-300.0,,,,2,4,,,,,,,,,,,45433,0,0
326469,73607327423286467,,0,3300,489.0,-970,-120.0,-670.0,24.0,,1,4,274.0,10092.0,,,,,,,,,45459,0,0
326470,73607327508698406,,0,3102,489.0,-990,-140.0,-750.0,,,2,4,,,,,,,,,,,45458,0,0
326471,73607327508698406,,0,3102,460.0,-1060,-210.0,-750.0,,,2,4,,,,,,,,,,,45458,0,0
326472,73607327701754260,,0,3300,406.0,-1110,-220.0,-790.0,,,2,4,,,,,,,,,,,45461,0,0
326473,73607328194002627,,0,3300,154.0,-1160,-300.0,-770.0,,,2,4,,,,,,,,,,,45461,0,0
326474,73607328218822627,,0,3300,154.0,-1140,-230.0,,,,2,4,,,,,,,,,,,45433,0,0
326475,73607329058029749,,0,3300,492.0,-1190,-300.0,-800.0,,,2,4,,,,,,,,,,,45461,0,0
326476,73607329058029749,,0,3300,281.0,-1120,-230.0,-790.0,,,2,4,,,,,,,,,,,45461,0,0
326477,73607329200629968,,0,3300,460.0,-1090,-210.0,-780.0,,,2,4,,,,,,,,,,,45461,0,0
326478,73607329225451968,,0,3300,490.0,-980,-100.0,,,,2,4,,,,,,,,,,,45433,0,0
326479,73607329225451968,,0,3300,95.0,-1160,-260.0,,,,2,4,,,,,,,,,,,45433,0,0
326480,73607329829098067,,0,3300,407.0,-1170,-300.0,-780.0,,,2,4,,,,,,,,,,,45461,0,0
326481,73607330420757892,,0,3300,471.0,-1180,-300.0,-790.0,,,2,4,,,,,,,,,,,45461,0,0
326482,73607330445603892,,0,3300,471.0,-1180,-300.0,,,,2,4,,,,,,,,,,,45433,0,0
326483,73607330672803840,,0,3300,,-970,-110.0,-660.0,20.0,0.0,3,4,,,,,,,43211.0,44200.0,,23055619.0,0,0,0
326484,73607331327974010,,0,3300,59.0,-1090,-190.0,-800.0,,,2,4,,,,,,,,,,,45461,0,0
326485,73607331693872483,,0,3300,67.0,-1170,-300.0,-780.0,,,2,4,,,,,,,,,,,45461,0,0
326486,73607331693872483,,0,3300,406.0,-1060,-160.0,-780.0,,,2,4,,,,,,,,,,,45461,0,0
326487,73607331718723483,,0,3300,67.0,-1170,-300.0,,,,2,4,,,,,,,,,,,45433,0,0
326488,73607333139886865,,0,3300,460.0,-1060,-180.0,-780.0,,,2,4,,,,,,,,,,,45461,0,0
326489,73607333139886865,,0,3300,281.0,-1100,-220.0,-780.0,,,2,4,,,,,,,,,,,45461,0,0
326490,73607333164754865,,0,3300,490.0,-980,-100.0,,,,2,4,,,,,,,,,,,45433,0,0
326491,73607333164754865,,0,3300,95.0,-1050,-200.0,,,,2,4,,,,,,,,,,,45433,0,0
326492,73607333371582457,,0,3300,492.0,-1120,-230.0,-790.0,,,2,4,,,,,,,,,,,45461,0,0
326493,73607333463008926,,0,3300,489.0,-970,-100.0,-680.0,44.0,,1,4,274.0,1133.0,,,,,,,,,45459,0,0
326494,73607333605089025,,0,3102,460.0,-1020,-180.0,-750.0,,,2,4,,,,,,,,,,,45458,0,0
326495,73607333605089025,,0,3102,489.0,-1010,-170.0,-750.0,,,2,4,,,,,,,,,,,45458,0,0
326496,73607334016129463,,0,3102,406.0,-1060,-210.0,-750.0,,,2,4,,,,,,,,,,,45458,0,0
326497,73607334903545856,,0,3300,,-970,-110.0,-650.0,40.0,0.0,3,4,,,,,,,43211.0,44200.0,,23055619.0,0,0,0
326498,73607335626717973,,0,3102,95.0,-1030,-160.0,-780.0,,,2,4,,,,,,,,,,,45458,0,0
326499,73607335890337279,,0,3300,406.0,-1090,-240.0,,,,2,4,,,,,,,,,,,45433,0,0
326500,73607335905659901,,0,3300,59.0,-1130,-300.0,-740.0,,,2,4,,,,,,,,,,,45461,0,0
326501,73607337052538848,,0,3300,192.0,-1060,-180.0,-760.0,,,2,4,,,,,,,,,,,45461,0,0
326502,73607337077467848,,0,3300,281.0,-1060,-220.0,,,,2,4,,,,,,,,,,,45433,0,0
326503,73607337077467848,,0,3300,460.0,-1060,-220.0,,,,2,4,,,,,,,,,,,45433,0,0
326504,73607338186546818,,0,3300,490.0,-980,-110.0,-780.0,,,2,4,,,,,,,,,,,45461,0,0
326505,73607338186546818,,0,3300,95.0,-1160,-300.0,-770.0,,,2,4,,,,,,,,,,,45461,0,0
326506,73607339177541632,,0,3300,,-960,-120.0,-640.0,40.0,0.0,3,4,,,,,,,43211.0,44200.0,,23055619.0,0,0,0
326507,73607339975447000,,0,3300,59.0,-1180,-300.0,,,,2,4,,,,,,,,,,,45433,0,0
326508,73607339950505000,,0,3300,406.0,-1080,-210.0,-780.0,,,2,4,,,,,,,,,,,45461,0,0
326509,73607341210040255,,0,3300,460.0,-1150,-270.0,,,,2,4,,,,,,,,,,,45433,0,0
326510,73607341210040255,,0,3300,281.0,-1160,-280.0,,,,2,4,,,,,,,,,,,45433,0,0
326511,73607341381799132,,0,3300,489.0,-980,-130.0,-660.0,34.0,,1,4,274.0,1901.0,,,,,,,,,45459,0,0
326512,73607341687193052,,0,3102,460.0,-1060,-190.0,-760.0,,,2,4,,,,,,,,,,,45458,0,0
326513,73607341687193052,,0,3102,490.0,-1030,-170.0,-760.0,,,2,4,,,,,,,,,,,45458,0,0
326514,73607341718649920,,0,3102,489.0,-1010,-140.0,-780.0,,,2,4,,,,,,,,,,,45458,0,0
326515,73607342127826714,,0,3300,490.0,-990,-130.0,,,,2,4,,,,,,,,,,,45433,0,0
326516,73607342127826714,,0,3300,95.0,-1150,-280.0,,,,2,4,,,,,,,,,,,45433,0,0
326517,73607343341961216,,0,3300,,-990,-120.0,-670.0,30.0,0.0,3,4,,,,,,,43211.0,44200.0,,23055619.0,0,0,0
326518,73607343778631343,,0,3300,492.0,-1080,-190.0,-790.0,,,2,4,,,,,,,,,,,45461,0,0
326519,73607344117469566,,0,3300,431.0,-1170,-300.0,-780.0,,,2,4,,,,,,,,,,,45461,0,0
326520,73607344117469566,,0,3300,406.0,-1070,-170.0,-790.0,,,2,4,,,,,,,,,,,45461,0,0
326521,73607344142460566,,0,3300,431.0,-1170,-300.0,,,,2,4,,,,,,,,,,,45433,0,0
326522,73607344542298860,,0,3300,237.0,-1170,-300.0,-780.0,,,2,4,,,,,,,,,,,45461,0,0
326523,73607344567292860,,0,3300,237.0,-1170,-300.0,,,,2,4,,,,,,,,,,,45433,0,0
326524,73607344897379812,,0,3300,59.0,-1080,-260.0,,,,2,4,,,,,,,,,,,45433,0,0
326525,73607344966287330,,0,3300,347.0,-1080,-200.0,-790.0,,,2,4,,,,,,,,,,,45461,0,0
326526,73607345152720693,,0,3300,460.0,-1050,-170.0,,,,2,4,,,,,,,,,,,45433,0,0
326527,73607345140438846,,0,450,406.0,-1010,-210.0,-680.0,,,2,4,,,,,,,,,,,45458,0,0
326528,73607345140438846,,0,450,489.0,-850,-60.0,-690.0,,,2,4,,,,,,,,,,,45458,0,0
326529,73607345140438846,,0,450,490.0,-960,-180.0,-690.0,,,2,4,,,,,,,,,,,45458,0,0
326530,73607345343509474,,0,3300,281.0,-1070,-200.0,-780.0,,,2,4,,,,,,,,,,,45461,0,0
326531,73607346020628944,,0,3300,321.0,-1150,-300.0,-760.0,,,2,4,,,,,,,,,,,45461,0,0
326532,73607346045640944,,0,3300,321.0,-1150,-300.0,,,,2,4,,,,,,,,,,,45433,0,0
326533,73607346546950491,,0,3300,490.0,-980,-120.0,,,,2,4,,,,,,,,,,,45433,0,0
326534,73607346521937491,,0,3300,95.0,-1060,-200.0,-740.0,,,2,4,,,,,,,,,,,45461,0,0
326535,73607347400694750,,0,3300,407.0,-1170,-300.0,-780.0,,,2,4,,,,,,,,,,,45461,0,0
326536,73607347639091200,,0,3300,,-1000,-120.0,-670.0,30.0,0.0,3,4,,,,,,,43211.0,44200.0,,23055619.0,0,0,0
326537,73607347973218692,,0,3300,492.0,-1180,-300.0,-790.0,,,2,4,,,,,,,,,,,45461,0,0
326538,73607348071667915,,0,3300,406.0,-1180,-300.0,-790.0,,,2,4,,,,,,,,,,,45461,0,0
326539,73607348847404543,,0,3300,59.0,-1120,-220.0,-810.0,,,2,4,,,,,,,,,,,45461,0,0
326540,73607348847404543,,0,3300,350.0,-1090,-180.0,-810.0,,,2,4,,,,,,,,,,,45461,0,0
326541,73607348872442543,,0,3300,350.0,-1090,-180.0,,,,2,4,,,,,,,,,,,45433,0,0
326542,73607348876763288,,0,3300,350.0,-1060,-190.0,-780.0,,,2,4,,,,,,,,,,,45461,0,0
326543,73607348901802288,,0,3300,350.0,-1080,-210.0,,,,2,4,,,,,,,,,,,45433,0,0
326544,73607349286176418,,0,3300,460.0,-1070,-190.0,-780.0,,,2,4,,,,,,,,,,,45461,0,0
326545,73607349386781000,,0,3300,281.0,-1160,-300.0,-770.0,,,2,4,,,,,,,,,,,45461,0,0
326546,73607349495774134,,0,3300,62.0,-1100,-270.0,,,,2,4,,,,,,,,,,,45433,0,0
326547,73607349470726134,,0,3300,62.0,-1080,-220.0,-760.0,,,2,4,,,,,,,,,,,45461,0,0
326548,73607349501912724,,0,3300,489.0,-960,-110.0,-680.0,37.0,,1,4,274.0,2029.0,,,,,,,,,45459,0,0
326549,73607349849098489,,0,3102,460.0,-1140,-300.0,-750.0,,,2,4,,,,,,,,,,,45458,0,0
326550,73607349893140184,,0,3102,489.0,-990,-140.0,-750.0,,,2,4,,,,,,,,,,,45458,0,0
326551,73607350188835972,,0,3102,406.0,-1070,-220.0,-760.0,,,2,4,,,,,,,,,,,45458,0,0
326552,73607350679200556,,0,3300,490.0,-980,-110.0,-770.0,,,2,4,,,,,,,,,,,45461,0,0
326553,73607350679200556,,0,3300,95.0,-1030,-150.0,-770.0,,,2,4,,,,,,,,,,,45461,0,0
326554,73607350679200556,,0,3300,351.0,-1060,-190.0,-780.0,,,2,4,,,,,,,,,,,45461,0,0
326555,73607350704271556,,0,3300,351.0,-1080,-270.0,,,,2,4,,,,,,,,,,,45433,0,0
326556,73607350695980348,,0,3300,351.0,-1070,-210.0,-750.0,,,2,4,,,,,,,,,,,45461,0,0
326557,73607350721052348,,0,3300,351.0,-1080,-250.0,,,,2,4,,,,,,,,,,,45433,0,0
326558,73607350714649013,,0,3300,351.0,-1140,-300.0,-750.0,,,2,4,,,,,,,,,,,45461,0,0
326559,73607350739722013,,0,3300,351.0,-1130,-270.0,,,,2,4,,,,,,,,,,,45433,0,0
326560,73607350756850263,,0,3300,355.0,-1150,-300.0,-760.0,,,2,4,,,,,,,,,,,45461,0,0
326561,73607350756850263,,0,3300,368.0,-1140,-300.0,-750.0,,,2,4,,,,,,,,,,,45461,0,0
326562,73607350781924263,,0,3300,355.0,-1150,-300.0,,,,2,4,,,,,,,,,,,45433,0,0
326563,73607350781924263,,0,3300,368.0,-1140,-300.0,,,,2,4,,,,,,,,,,,45433,0,0
326564,73607350981539415,,0,3102,95.0,-1050,-180.0,-780.0,,,2,4,,,,,,,,,,,45458,0,0
326565,73607351830904832,,0,3300,,-970,-120.0,-650.0,50.0,0.0,3,4,,,,,,,43211.0,44200.0,,23055619.0,0,0,0
326566,73607353316562183,,0,3300,460.0,-1170,-300.0,-780.0,,,2,4,,,,,,,,,,,45461,0,0
326567,73607353316562183,,0,3300,406.0,-1100,-220.0,-760.0,,,2,4,,,,,,,,,,,45461,0,0
326568,73607353341663183,,0,3300,59.0,-1140,-300.0,,,,2,4,,,,,,,,,,,45433,0,0
326569,73607353650587385,,0,3300,281.0,-1150,-300.0,-760.0,,,2,4,,,,,,,,,,,45461,0,0
326570,73607353804290446,,0,3102,460.0,-1050,-190.0,-760.0,,,2,4,,,,,,,,,,,45458,0,0
326571,73607353931075503,,0,3300,489.0,-960,-100.0,-680.0,46.0,,1,4,274.0,1261.0,,,,,,,,,45459,0,0
326572,73607354448900535,,0,3102,489.0,-990,-120.0,-770.0,,,2,4,,,,,,,,,,,45458,0,0
326573,73607354660774591,,0,3300,490.0,-980,-110.0,-770.0,,,2,4,,,,,,,,,,,45461,0,0
326574,73607354660774591,,0,3300,95.0,-1060,-180.0,-770.0,,,2,4,,,,,,,,,,,45461,0,0
326575,73607354719469784,,0,3300,377.0,-1130,-260.0,,,,2,4,,,,,,,,,,,45433,0,0
326576,73607354660774591,,0,3300,377.0,-1070,-190.0,-770.0,,,2,4,,,,,,,,,,,45461,0,0
326577,73607354685913591,,0,3300,377.0,-1100,-260.0,,,,2,4,,,,,,,,,,,45433,0,0
326578,73607354702691832,,0,3300,377.0,-1060,-240.0,,,,2,4,,,,,,,,,,,45433,0,0
326579,73607354677551832,,0,3300,377.0,-1050,-180.0,-760.0,,,2,4,,,,,,,,,,,45461,0,0
326580,73607354694328784,,0,3300,377.0,-1140,-300.0,-750.0,,,2,4,,,,,,,,,,,45461,0,0
326581,73607354711106129,,0,3300,377.0,-1140,-300.0,-750.0,,,2,4,,,,,,,,,,,45461,0,0
326582,73607354736248129,,0,3300,377.0,-1140,-270.0,,,,2,4,,,,,,,,,,,45433,0,0
326583,73607354727883371,,0,3300,377.0,-1060,-190.0,-770.0,,,2,4,,,,,,,,,,,45461,0,0
326584,73607354753026371,,0,3300,377.0,-1070,-250.0,,,,2,4,,,,,,,,,,,45433,0,0
326585,73607355751289042,,0,3300,492.0,-1080,-200.0,-780.0,,,2,4,,,,,,,,,,,45461,0,0
326586,73607356015575040,,0,3300,,-960,-120.0,-630.0,20.0,0.0,3,4,,,,,,,43211.0,44200.0,,23055619.0,0,0,0
326587,73607357317069315,,0,3300,460.0,-1050,-180.0,-770.0,,,2,4,,,,,,,,,,,45461,0,0
326588,73607357499462010,,0,3300,59.0,-1100,-210.0,-800.0,,,2,4,,,,,,,,,,,45461,0,0
326589,73607357610613341,,0,3300,281.0,-1090,-210.0,,,,2,4,,,,,,,,,,,45433,0,0
326590,73607357816854381,,0,3102,490.0,-1160,-300.0,-770.0,,,2,4,,,,,,,,,,,45458,0,0
326591,73607358125609284,,0,3300,109.0,-1160,-300.0,-770.0,,,2,4,,,,,,,,,,,45461,0,0
326592,73607358150787284,,0,3300,109.0,-1160,-300.0,,,,2,4,,,,,,,,,,,45433,0,0
326593,73607358139034453,,0,3300,109.0,-1140,-300.0,-750.0,,,2,4,,,,,,,,,,,45461,0,0
326594,73607358164213453,,0,3300,109.0,-1150,-300.0,,,,2,4,,,,,,,,,,,45433,0,0
326595,73607358152457821,,0,3300,109.0,-1050,-200.0,-750.0,,,2,4,,,,,,,,,,,45461,0,0
326596,73607358177637821,,0,3300,109.0,-1070,-270.0,,,,2,4,,,,,,,,,,,45433,0,0
326597,73607358175940953,,0,3300,109.0,-1110,-220.0,-790.0,,,2,4,,,,,,,,,,,45461,0,0
326598,73607358201121953,,0,3300,109.0,-1100,-240.0,,,,2,4,,,,,,,,,,,45433,0,0
326599,73607358251186606,,0,3300,489.0,-970,-130.0,-670.0,23.0,,1,4,274.0,1261.0,,,,,,,,,45459,0,0
326600,73607358278807620,,0,3102,460.0,-1040,-200.0,-740.0,,,2,4,,,,,,,,,,,45458,0,0
326601,73607359182104902,,0,3300,490.0,-980,-120.0,-760.0,,,2,4,,,,,,,,,,,45461,0,0
326602,73607359373517540,,0,3102,489.0,-1010,-140.0,-770.0,,,2,4,,,,,,,,,,,45458,0,0
326603,73607359207293902,,0,3300,95.0,-1140,-290.0,,,,2,4,,,,,,,,,,,45433,0,0
326604,73607359382433436,,0,3300,122.0,-1110,-210.0,-800.0,,,2,4,,,,,,,,,,,45461,0,0
326605,73607359407625436,,0,3300,122.0,-1120,-270.0,,,,2,4,,,,,,,,,,,45433,0,0
326606,73607360252608512,,0,3300,,-960,-120.0,-630.0,10.0,0.0,3,4,,,,,,,43211.0,44200.0,,23055619.0,0,0,0
326607,73607361191296632,,0,3300,475.0,-1170,-300.0,,,,2,4,,,,,,,,,,,45433,0,0
326608,73607361166093632,,0,3300,475.0,-1170,-300.0,-780.0,,,2,4,,,,,,,,,,,45461,0,0
326609,73607361212701424,,0,3300,475.0,-1090,-270.0,,,,2,4,,,,,,,,,,,45433,0,0
326610,73607361187497424,,0,3300,475.0,-1070,-210.0,-760.0,,,2,4,,,,,,,,,,,45461,0,0
326611,73607361205057320,,0,3300,475.0,-1150,-300.0,-760.0,,,2,4,,,,,,,,,,,45461,0,0
326612,73607361230262320,,0,3300,475.0,-1140,-280.0,,,,2,4,,,,,,,,,,,45433,0,0
326613,73607361241905153,,0,3300,499.0,-1170,-300.0,-780.0,,,2,4,,,,,,,,,,,45461,0,0
326614,73607361267111153,,0,3300,460.0,-1080,-230.0,,,,2,4,,,,,,,,,,,45433,0,0
326615,73607361267111153,,0,3300,499.0,-1170,-300.0,,,,2,4,,,,,,,,,,,45433,0,0
326616,73607361258064471,,0,3300,499.0,-1100,-220.0,-780.0,,,2,4,,,,,,,,,,,45461,0,0
326617,73607361283271471,,0,3300,499.0,-1110,-270.0,,,,2,4,,,,,,,,,,,45433,0,0
326618,73607361447682828,,0,3300,59.0,-1110,-190.0,,,,2,4,,,,,,,,,,,45433,0,0
326619,73607361798372312,,0,1423,489.0,-840,-130.0,-600.0,,,2,4,,,,,,,,,,,45458,0,0
326620,73607361842069232,,0,3300,281.0,-1090,-230.0,,,,2,4,,,,,,,,,,,45433,0,0
326621,73607363179199063,,0,3300,95.0,-1140,-240.0,-780.0,,,2,4,,,,,,,,,,,45461,0,0
326622,73607363179199063,,0,3300,490.0,-980,-100.0,-770.0,,,2,4,,,,,,,,,,,45461,0,0
326623,73607364299951905,,0,3300,492.0,-1140,-300.0,-750.0,,,2,4,,,,,,,,,,,45461,0,0
326624,73607364562518016,,0,3300,,-960,-110.0,-650.0,40.0,0.0,3,4,,,,,,,43211.0,44200.0,,23055619.0,0,0,0
326625,73607364759599832,,0,3300,446.0,-1090,-230.0,-770.0,,,2,4,,,,,,,,,,,45461,0,0
326626,73607365264472103,,0,3300,460.0,-1060,-190.0,,,,2,4,,,,,,,,,,,45433,0,0
326627,73607365506285126,,0,3300,59.0,-1080,-210.0,,,,2,4,,,,,,,,,,,45433,0,0
326628,73607365665564675,,0,3300,347.0,-1080,-210.0,-780.0,,,2,4,,,,,,,,,,,45461,0,0
326629,73607365876911940,,0,3300,281.0,-1090,-190.0,-800.0,,,2,4,,,,,,,,,,,45461,0,0
326630,73607366346121686,,0,3300,489.0,-960,-100.0,-670.0,43.0,,1,4,274.0,1389.0,,,,,,,,,45459,0,0
326631,73607367109973277,,0,3300,407.0,-1100,-200.0,-800.0,,,2,4,,,,,,,,,,,45461,0,0
326632,73607367135289277,,0,3300,406.0,-1050,-160.0,,,,2,4,,,,,,,,,,,45433,0,0
326633,73607367135289277,,0,3300,95.0,-1080,-260.0,,,,2,4,,,,,,,,,,,45433,0,0
326634,73607367135289277,,0,3300,490.0,-970,-100.0,,,,2,4,,,,,,,,,,,45433,0,0
326635,73607368747057152,,0,3300,,-970,-120.0,-650.0,40.0,0.0,3,4,,,,,,,43211.0,44200.0,,23055619.0,0,0,0
326636,73607369316470138,,0,3300,460.0,-1080,-210.0,-770.0,,,2,4,,,,,,,,,,,45461,0,0
326637,73607369727096644,,0,3300,59.0,-1160,-300.0,-770.0,,,2,4,,,,,,,,,,,45461,0,0
326638,73607369837867254,,0,3300,281.0,-1080,-180.0,-790.0,,,2,4,,,,,,,,,,,45461,0,0
326639,73607369915897771,,0,3300,492.0,-1060,-210.0,-760.0,,,2,4,,,,,,,,,,,45461,0,0
326640,73607370430520220,,0,3300,446.0,-1160,-300.0,-770.0,,,2,4,,,,,,,,,,,45461,0,0
326641,73607370653283620,,0,3300,140.0,-1190,-300.0,-800.0,,,2,4,,,,,,,,,,,45461,0,0
326642,73607370670062386,,0,3300,140.0,-1040,-180.0,-770.0,,,2,4,,,,,,,,,,,45461,0,0
326643,73607370678628620,,0,3300,140.0,-1190,-300.0,,,,2,4,,,,,,,,,,,45433,0,0
326644,73607370695408386,,0,3300,140.0,-1070,-260.0,,,,2,4,,,,,,,,,,,45433,0,0
326645,73607370976639646,,0,3300,489.0,-960,-110.0,-670.0,31.0,,1,4,274.0,10220.0,,,,,,,,,45459,0,0
326646,73607371110971878,,0,3300,490.0,-980,-90.0,-780.0,,,2,4,,,,,,,,,,,45458,0,0
326647,73607371110971878,,0,3300,95.0,-1050,-180.0,-780.0,,,2,4,,,,,,,,,,,45458,0,0
326648,73607371492919579,,0,450,406.0,-960,-180.0,-670.0,,,2,4,,,,,,,,,,,45458,0,0
326649,73607371508876690,,0,3300,406.0,-1060,-160.0,-800.0,,,2,4,,,,,,,,,,,45461,0,0
326650,73607371492919579,,0,450,489.0,-850,-100.0,-650.0,,,2,4,,,,,,,,,,,45458,0,0
326651,73607371478238893,,0,450,407.0,-1010,-220.0,-680.0,,,2,4,,,,,,,,,,,45458,0,0
326652,73607372976619520,,0,3300,,-960,-120.0,-620.0,30.0,0.0,3,4,,,,,,,43211.0,44200.0,,23055619.0,0,0,0
326653,73607373256326293,,0,3300,460.0,-1050,-180.0,,,,2,4,,,,,,,,,,,45433,0,0
326654,73607373760365053,,0,3300,59.0,-1080,-180.0,-780.0,,,2,4,,,,,,,,,,,45461,0,0
326655,73607374187235153,,0,3300,347.0,-1170,-300.0,-780.0,,,2,4,,,,,,,,,,,45461,0,0
326656,73607374248806314,,0,3300,281.0,-1100,-210.0,,,,2,4,,,,,,,,,,,45433,0,0
326657,73607375050864649,,0,3300,490.0,-980,-110.0,,,,2,4,,,,,,,,,,,45433,0,0
326658,73607375050864649,,0,3300,95.0,-1090,-210.0,,,,2,4,,,,,,,,,,,45433,0,0
326659,73607375093305500,,0,3300,492.0,-1190,-300.0,-800.0,,,2,4,,,,,,,,,,,45461,0,0
326660,73607375204431613,,0,3300,489.0,-960,-120.0,-670.0,33.0,,1,4,274.0,1901.0,,,,,,,,,45459,0,0
326661,73607375517334152,,0,3102,460.0,-1180,-300.0,-790.0,,,2,4,,,,,,,,,,,45458,0,0
326662,73607375572334232,,0,3300,406.0,-1080,-170.0,-790.0,,,2,4,,,,,,,,,,,45461,0,0
326663,73607376010506399,,0,3300,407.0,-1050,-250.0,,,,2,4,,,,,,,,,,,45433,0,0
326664,73607377207754752,,0,3300,,-970,-120.0,-650.0,40.0,0.0,3,4,,,,,,,43211.0,44200.0,,23055619.0,0,0,0
326665,73607377463175351,,0,3300,460.0,-1060,-180.0,-780.0,,,2,4,,,,,,,,,,,45461,0,0
326666,73607378017642012,,0,3300,59.0,-1170,-300.0,,,,2,4,,,,,,,,,,,45433,0,0
326667,73607378268623201,,0,3300,374.0,-1160,-300.0,-770.0,,,2,4,,,,,,,,,,,45461,0,0
326668,73607378268623201,,0,3300,281.0,-1160,-300.0,-770.0,,,2,4,,,,,,,,,,,45461,0,0
326669,73607378294087201,,0,3300,374.0,-1170,-300.0,,,,2,4,,,,,,,,,,,45433,0,0
326670,73607379288564690,,0,3300,490.0,-980,-100.0,-790.0,,,2,4,,,,,,,,,,,45461,0,0
326671,73607379288564690,,0,3300,95.0,-1040,-170.0,-780.0,,,2,4,,,,,,,,,,,45461,0,0
326672,73607379416078881,,0,3300,492.0,-1100,-210.0,-790.0,,,2,4,,,,,,,,,,,45461,0,0
326673,73607379515325696,,0,3300,406.0,-1070,-230.0,,,,2,4,,,,,,,,,,,45433,0,0
326674,73607379633595034,,0,3300,489.0,-980,-120.0,-670.0,29.0,,1,4,274.0,1133.0,,,,,,,,,45459,0,0
326675,73607379887459372,,0,3102,95.0,-1030,-190.0,-730.0,,,2,4,,,,,,,,,,,45458,0,0
326676,73607379847612566,,0,3102,489.0,-1030,-180.0,-750.0,,,2,4,,,,,,,,,,,45458,0,0
326677,73607379912625026,,0,3102,460.0,-1080,-230.0,-750.0,,,2,4,,,,,,,,,,,45458,0,0
326678,73607379954568574,,0,3102,406.0,-1040,-180.0,-770.0,,,2,4,,,,,,,,,,,45458,0,0
326679,73607381413199872,,0,3300,,-970,-110.0,-640.0,60.0,0.0,3,4,,,,,,,43211.0,44200.0,,23055619.0,0,0,0
326680,73607381437253987,,0,3300,460.0,-1070,-190.0,-780.0,,,2,4,,,,,,,,,,,45461,0,0
326681,73607382343892524,,0,3300,281.0,-1120,-220.0,-780.0,,,2,4,,,,,,,,,,,45461,0,0
326682,73607382416597132,,0,3102,490.0,-1070,-210.0,-770.0,,,2,4,,,,,,,,,,,45458,0,0
326683,73607382695692633,,0,3300,59.0,-1090,-200.0,-790.0,,,2,4,,,,,,,,,,,45461,0,0
326684,73607383330487071,,0,3300,95.0,-1170,-300.0,-780.0,,,2,4,,,,,,,,,,,45461,0,0
326685,73607383356003071,,0,3300,490.0,-990,-110.0,,,,2,4,,,,,,,,,,,45433,0,0
326686,73607383480108138,,0,3300,406.0,-1170,-280.0,,,,2,4,,,,,,,,,,,45433,0,0
326687,73607383844082871,,0,3300,492.0,-1180,-300.0,-790.0,,,2,4,,,,,,,,,,,45461,0,0
326688,73607383842651927,,0,3102,489.0,-1010,-150.0,-770.0,,,2,4,,,,,,,,,,,45458,0,0
326689,73607383867817737,,0,3102,460.0,-1010,-150.0,-770.0,,,2,4,,,,,,,,,,,45458,0,0
326690,73607383920834333,,0,3300,235.0,-1160,-300.0,-770.0,,,2,4,,,,,,,,,,,45461,0,0
326691,73607383946359333,,0,3300,235.0,-1160,-300.0,,,,2,4,,,,,,,,,,,45433,0,0
326692,73607384041270721,,0,3300,446.0,-1180,-300.0,-790.0,,,2,4,,,,,,,,,,,45461,0,0
326693,73607384398300939,,0,3300,489.0,-960,-130.0,-670.0,27.0,,1,4,274.0,2029.0,,,,,,,,,45459,0,0
326694,73607385409281017,,0,3300,460.0,-1080,-180.0,-790.0,,,2,4,,,,,,,,,,,45461,0,0
326695,73607385409281017,,0,3300,182.0,-1080,-190.0,-790.0,,,2,4,,,,,,,,,,,45461,0,0
326696,73607385655410688,,0,3300,,-960,-100.0,-650.0,60.0,0.0,3,4,,,,,,,43211.0,44200.0,,23055619.0,0,0,0
326697,73607386355448024,,0,3300,281.0,-1050,-160.0,-770.0,,,2,4,,,,,,,,,,,45461,0,0
326698,73607386355448024,,0,3300,347.0,-1060,-170.0,-770.0,,,2,4,,,,,,,,,,,45461,0,0
326699,73607386658015382,,0,3300,59.0,-1130,-270.0,,,,2,4,,,,,,,,,,,45433,0,0
326700,73607386632440382,,0,3300,475.0,-1080,-200.0,-780.0,,,2,4,,,,,,,,,,,45461,0,0
326701,73607387345298640,,0,3300,95.0,-1160,-300.0,-770.0,,,2,4,,,,,,,,,,,45461,0,0
326702,73607387345298640,,0,3300,490.0,-980,-110.0,-770.0,,,2,4,,,,,,,,,,,45461,0,0
326703,73607387421175656,,0,3300,406.0,-1070,-210.0,,,,2,4,,,,,,,,,,,45433,0,0
326704,73607387862705372,,0,1423,489.0,-850,-130.0,-620.0,,,2,4,,,,,,,,,,,45458,0,0
326705,73607387862705372,,0,1423,490.0,-930,-170.0,-620.0,,,2,4,,,,,,,,,,,45458,0,0
326706,73607388057445424,,0,3300,484.0,-1160,-300.0,-770.0,,,2,4,,,,,,,,,,,45461,0,0
326707,73607388083049424,,0,3300,484.0,-1160,-300.0,,,,2,4,,,,,,,,,,,45433,0,0
326708,73607388074223195,,0,3300,484.0,-1190,-300.0,-800.0,,,2,4,,,,,,,,,,,45461,0,0
326709,73607388099828195,,0,3300,484.0,-1190,-300.0,,,,2,4,,,,,,,,,,,45433,0,0
326710,73607389407141948,,0,3300,460.0,-1090,-220.0,,,,2,4,,,,,,,,,,,45433,0,0
326711,73607390047698944,,0,3300,,-960,-120.0,-630.0,40.0,0.0,3,4,,,,,,,43211.0,44200.0,,23055619.0,0,0,0
326712,73607390327759725,,0,3300,281.0,-1080,-200.0,-770.0,,,2,4,,,,,,,,,,,45461,0,0
326713,73607390587428424,,0,3300,492.0,-1110,-230.0,-790.0,,,2,4,,,,,,,,,,,45461,0,0
326714,73607390587428424,,0,3300,407.0,-1060,-180.0,-780.0,,,2,4,,,,,,,,,,,45461,0,0
326715,73607390631050546,,0,3300,59.0,-1120,-220.0,-780.0,,,2,4,,,,,,,,,,,45461,0,0
326716,73607390840702893,,0,3300,489.0,-960,-120.0,-680.0,53.0,,1,4,274.0,2029.0,,,,,,,,,45459,0,0
326717,73607390996938802,,0,450,489.0,-850,-90.0,-670.0,,,2,4,,,,,,,,,,,45458,0,0
326718,73607391038882555,,0,450,460.0,-1080,-300.0,-690.0,,,2,4,,,,,,,,,,,45458,0,0
326719,73607391068244288,,0,450,356.0,-940,-150.0,-690.0,,,2,4,,,,,,,,,,,45458,0,0
326720,73607391281477825,,0,3300,95.0,-1050,-220.0,,,,2,4,,,,,,,,,,,45433,0,0
326721,73607391281477825,,0,3300,490.0,-980,-110.0,,,,2,4,,,,,,,,,,,45433,0,0
326722,73607391653407044,,0,3300,406.0,-1090,-200.0,-790.0,,,2,4,,,,,,,,,,,45461,0,0
326723,73607393522317839,,0,3300,460.0,-1050,-160.0,-770.0,,,2,4,,,,,,,,,,,45461,0,0
326724,73607394215985152,,0,3300,,-960,-110.0,-650.0,50.0,0.0,3,4,,,,,,,43211.0,44200.0,,23055619.0,0,0,0
326725,73607394247811859,,0,3102,460.0,-1030,-190.0,-750.0,,,2,4,,,,,,,,,,,45458,0,0
326726,73607394260396479,,0,450,490.0,-960,-200.0,-670.0,,,2,4,,,,,,,,,,,45458,0,0
326727,73607394348532311,,0,450,347.0,-960,-220.0,-650.0,,,2,4,,,,,,,,,,,45458,0,0
326728,73607394387764473,,0,3300,281.0,-1160,-300.0,-770.0,,,2,4,,,,,,,,,,,45461,0,0
326729,73607394630858126,,0,3300,59.0,-1190,-300.0,-800.0,,,2,4,,,,,,,,,,,45461,0,0
326730,73607395314642314,,0,3300,490.0,-1000,-120.0,-770.0,,,2,4,,,,,,,,,,,45461,0,0
326731,73607395314642314,,0,3300,95.0,-1170,-300.0,-780.0,,,2,4,,,,,,,,,,,45461,0,0
326732,73607395321550140,,0,450,489.0,-840,-100.0,-640.0,,,2,4,,,,,,,,,,,45458,0,0
326733,73607395418018718,,0,450,460.0,-940,-180.0,-650.0,,,2,4,,,,,,,,,,,45458,0,0
326734,73607395562836391,,0,3300,116.0,-1180,-300.0,-790.0,,,2,4,,,,,,,,,,,45461,0,0
326735,73607395588519391,,0,3300,116.0,-1180,-300.0,,,,2,4,,,,,,,,,,,45433,0,0
326736,73607395594970438,,0,3300,406.0,-1170,-300.0,-780.0,,,2,4,,,,,,,,,,,45461,0,0
326737,73607395646255268,,0,3300,475.0,-1180,-300.0,,,,2,4,,,,,,,,,,,45433,0,0
326738,73607397460816865,,0,3300,460.0,-1040,-180.0,,,,2,4,,,,,,,,,,,45433,0,0
326739,73607397618696469,,0,3300,489.0,-970,-120.0,-670.0,15.0,,1,4,274.0,9836.0,,,,,,,,,45459,0,0
326740,73607397843511188,,0,3102,489.0,-980,-140.0,-750.0,,,2,4,,,,,,,,,,,45458,0,0
326741,73607398248634598,,0,450,490.0,-1040,-300.0,-650.0,,,2,4,,,,,,,,,,,45458,0,0
326742,73607398628655104,,0,3300,,-960,-110.0,-640.0,70.0,0.0,3,4,,,,,,,43211.0,44200.0,,23055619.0,0,0,0
326743,73607398872800398,,0,3300,281.0,-1060,-180.0,-780.0,,,2,4,,,,,,,,,,,45461,0,0
326744,73607399433206185,,0,3300,490.0,-1000,-120.0,-780.0,,,2,4,,,,,,,,,,,45461,0,0
326745,73607399433206185,,0,3300,95.0,-1060,-190.0,-780.0,,,2,4,,,,,,,,,,,45461,0,0
326746,73607399433206185,,0,3300,492.0,-1080,-200.0,-790.0,,,2,4,,,,,,,,,,,45461,0,0
326747,73607399582795310,,0,3300,406.0,-1170,-300.0,-780.0,,,2,4,,,,,,,,,,,45461,0,0
326748,73607400144549813,,0,3300,59.0,-1080,-180.0,-780.0,,,2,4,,,,,,,,,,,45461,0,0
326749,73607400288841823,,0,3300,142.0,-1030,-160.0,-780.0,,,2,4,,,,,,,,,,,45461,0,0
326750,73607400314597823,,0,3300,142.0,-1030,-160.0,,,,2,4,,,,,,,,,,,45433,0,0
326751,73607400305617122,,0,3300,142.0,-1070,-200.0,-770.0,,,2,4,,,,,,,,,,,45461,0,0
326752,73607400331374122,,0,3300,142.0,-1060,-170.0,,,,2,4,,,,,,,,,,,45433,0,0
326753,73607400329157590,,0,3300,142.0,-1090,-220.0,-770.0,,,2,4,,,,,,,,,,,45461,0,0
326754,73607400354915590,,0,3300,142.0,-1080,-190.0,,,,2,4,,,,,,,,,,,45433,0,0
326755,73607400677478161,,0,1423,489.0,-840,-140.0,-600.0,,,2,4,,,,,,,,,,,45458,0,0
326756,73607400719422776,,0,1423,406.0,-990,-300.0,-600.0,,,2,4,,,,,,,,,,,45458,0,0
326757,73607401447042647,,0,3300,460.0,-1160,-300.0,-770.0,,,2,4,,,,,,,,,,,45461,0,0
326758,73607402052011343,,0,3300,348.0,-1150,-300.0,-760.0,,,2,4,,,,,,,,,,,45461,0,0
326759,73607402077791343,,0,3300,348.0,-1150,-300.0,,,,2,4,,,,,,,,,,,45433,0,0
326760,73607402608590848,,0,3300,,-960,-110.0,-650.0,40.0,0.0,3,4,,,,,,,43211.0,44200.0,,23055619.0,0,0,0
326761,73607403671664834,,0,3300,490.0,-990,-110.0,,,,2,4,,,,,,,,,,,45433,0,0
326762,73607403645877834,,0,3300,95.0,-1150,-300.0,-760.0,,,2,4,,,,,,,,,,,45461,0,0
326763,73607403920980124,,0,3300,406.0,-1050,-180.0,-770.0,,,2,4,,,,,,,,,,,45461,0,0
326764,73607403990395721,,0,3300,281.0,-1060,-200.0,,,,2,4,,,,,,,,,,,45433,0,0
326765,73607404061898708,,0,3300,464.0,-1150,-300.0,-760.0,,,2,4,,,,,,,,,,,45461,0,0
326766,73607404087689708,,0,3300,464.0,-1150,-300.0,,,,2,4,,,,,,,,,,,45433,0,0
326767,73607404245194128,,0,3300,473.0,-1160,-300.0,-770.0,,,2,4,,,,,,,,,,,45461,0,0
326768,73607404270991128,,0,3300,473.0,-1160,-300.0,,,,2,4,,,,,,,,,,,45433,0,0
326769,73607404306851732,,0,3300,59.0,-1190,-300.0,-800.0,,,2,4,,,,,,,,,,,45461,0,0
326770,73607404306851732,,0,3300,492.0,-1060,-180.0,-790.0,,,2,4,,,,,,,,,,,45461,0,0
326771,73607405411851086,,0,3300,460.0,-1090,-200.0,,,,2,4,,,,,,,,,,,45433,0,0
326772,73607405894071708,,0,3300,347.0,-1170,-300.0,-780.0,,,2,4,,,,,,,,,,,45461,0,0
326773,73607406007199655,,0,3300,489.0,-960,-120.0,-680.0,29.0,,1,4,274.0,1261.0,,,,,,,,,45459,0,0
326774,73607406187399742,,0,450,489.0,-840,-50.0,-700.0,,,2,4,,,,,,,,,,,45458,0,0
326775,73607406187399742,,0,450,490.0,-950,-160.0,-700.0,,,2,4,,,,,,,,,,,45458,0,0
326776,73607406187399742,,0,450,460.0,-1120,-300.0,-730.0,,,2,4,,,,,,,,,,,45458,0,0
326777,73607406187399742,,0,450,406.0,-1040,-210.0,-730.0,,,2,4,,,,,,,,,,,45458,0,0
326778,73607406315651036,,0,450,407.0,-1080,-300.0,-690.0,,,2,4,,,,,,,,,,,45461,0,0
326779,73607406372686703,,0,450,347.0,-990,-200.0,-670.0,,,2,4,,,,,,,,,,,45461,0,0
326780,73607406780547072,,0,450,,-860,-60.0,-640.0,80.0,0.0,3,4,,,,,,,43211.0,44200.0,,23055639.0,0,0,0
326781,73607409352312368,,0,450,356.0,-970,-230.0,-630.0,,,2,4,,,,,,,,,,,45461,0,0
326782,73607409563953648,,0,450,489.0,-840,-60.0,-610.0,52.0,,1,4,274.0,1901.0,,,,,,,,,45459,0,0
326783,73607409572545914,,0,1423,489.0,-860,-140.0,-610.0,,,2,4,,,,,,,,,,,45458,0,0
326784,73607409631842976,,0,3300,489.0,-970,-90.0,-780.0,,,2,4,,,,,,,,,,,45458,0,0
326785,73607409631842976,,0,3300,460.0,-1050,-150.0,-780.0,,,2,4,,,,,,,,,,,45458,0,0
326786,73607409631842976,,0,3300,406.0,-1070,-190.0,-780.0,,,2,4,,,,,,,,,,,45458,0,0
326787,73607409631842976,,0,3300,490.0,-980,-100.0,-780.0,,,2,4,,,,,,,,,,,45458,0,0
326788,73607409946830263,,0,3102,489.0,-980,-130.0,-760.0,,,2,4,,,,,,,,,,,45458,0,0
326789,73607409946830263,,0,3102,460.0,-1020,-160.0,-760.0,,,2,4,,,,,,,,,,,45458,0,0
326790,73607409984490538,,0,450,95.0,-1020,-300.0,-630.0,,,2,4,,,,,,,,,,,45461,0,0
326791,73607410134005105,,0,450,490.0,-1030,-300.0,-640.0,,,2,4,,,,,,,,,,,45461,0,0
326792,73607410159889105,,0,450,460.0,-1020,-300.0,,,,2,4,,,,,,,,,,,45433,0,0
326793,73607410307191188,,0,450,347.0,-1040,-300.0,-650.0,,,2,4,,,,,,,,,,,45461,0,0
326794,73607410469454591,,0,450,407.0,-950,-200.0,-650.0,,,2,4,,,,,,,,,,,45461,0,0
326795,73607410469454591,,0,450,406.0,-1040,-300.0,-650.0,,,2,4,,,,,,,,,,,45461,0,0
326796,73607410780340224,,0,450,,-840,-60.0,-620.0,70.0,0.0,3,4,,,,,,,43211.0,44200.0,,23055639.0,0,0,0
326797,73607413421404423,,0,450,356.0,-1050,-300.0,,,,2,4,,,,,,,,,,,45433,0,0
326798,73607413781315316,,0,450,57.0,-960,-230.0,-640.0,,,2,4,,,,,,,,,,,45461,0,0
326799,73607413807233316,,0,450,57.0,-970,-260.0,,,,2,4,,,,,,,,,,,45433,0,0
326800,73607413996060767,,0,450,95.0,-970,-190.0,-680.0,,,2,4,,,,,,,,,,,45461,0,0
326801,73607414135927921,,0,1423,489.0,-840,-100.0,-640.0,,,2,4,,,,,,,,,,,45458,0,0
326802,73607414127336586,,0,450,489.0,-860,-50.0,-640.0,82.0,,1,4,274.0,1389.0,,,,,,,,,45459,0,0
326803,73607414194646297,,0,450,460.0,-1000,-210.0,-690.0,,,2,4,,,,,,,,,,,45458,0,0
326804,73607414420212921,,0,450,407.0,-1040,-300.0,-650.0,,,2,4,,,,,,,,,,,45461,0,0
326805,73607414446151921,,0,450,406.0,-1040,-300.0,,,,2,4,,,,,,,,,,,45433,0,0
326806,73607414432505791,,0,3300,460.0,-1080,-200.0,-790.0,,,2,4,,,,,,,,,,,45458,0,0
326807,73607414432505791,,0,3300,95.0,-1060,-200.0,-770.0,,,2,4,,,,,,,,,,,45458,0,0
326808,73607414432505791,,0,3300,489.0,-980,-90.0,-790.0,,,2,4,,,,,,,,,,,45458,0,0
326809,73607414432505791,,0,3300,490.0,-980,-100.0,-790.0,,,2,4,,,,,,,,,,,45458,0,0
326810,73607414508003194,,0,3300,406.0,-1080,-190.0,-790.0,,,2,4,,,,,,,,,,,45458,0,0
326811,73607414647252295,,0,450,490.0,-1030,-290.0,,,,2,4,,,,,,,,,,,45433,0,0
326812,73607414945787972,,0,450,347.0,-970,-270.0,,,,2,4,,,,,,,,,,,45433,0,0
326813,73607415072555008,,0,450,,-880,-70.0,-600.0,60.0,0.0,3,4,,,,,,,43211.0,44200.0,,23055639.0,0,0,0
326814,73607416879553963,,0,3300,281.0,-1040,-160.0,-780.0,,,2,4,,,,,,,,,,,45458,0,0
326815,73607417031597175,,0,3102,460.0,-1050,-210.0,-740.0,,,2,4,,,,,,,,,,,45458,0,0
326816,73607417031597175,,0,3102,489.0,-1000,-160.0,-740.0,,,2,4,,,,,,,,,,,45458,0,0
326817,73607417067249726,,0,3102,490.0,-1060,-200.0,-760.0,,,2,4,,,,,,,,,,,45458,0,0
326818,73607419069989653,,0,450,490.0,-1040,-300.0,-650.0,,,2,4,,,,,,,,,,,45461,0,0
326819,73607419069989653,,0,450,347.0,-1040,-300.0,-650.0,,,2,4,,,,,,,,,,,45461,0,0
326820,73607419069989653,,0,450,460.0,-960,-220.0,-650.0,,,2,4,,,,,,,,,,,45461,0,0
326821,73607419128394857,,0,450,407.0,-1050,-300.0,,,,2,4,,,,,,,,,,,45433,0,0
326822,73607419177411069,,0,450,406.0,-1150,-300.0,-760.0,,,2,4,,,,,,,,,,,45461,0,0
326823,73607419268694016,,0,450,,-860,-80.0,-540.0,50.0,0.0,3,4,,,,,,,43211.0,44200.0,,23055639.0,0,0,0
326824,73607421251165668,,0,450,95.0,-1030,-300.0,-640.0,,,2,4,,,,,,,,,,,45461,0,0
326825,73607421557738994,,0,450,356.0,-1030,-300.0,,,,2,4,,,,,,,,,,,45433,0,0
326826,73607421584963151,,0,1423,489.0,-830,-110.0,-600.0,,,2,4,,,,,,,,,,,45458,0,0
326827,73607421576370752,,0,450,489.0,-800,-110.0,-490.0,83.0,,1,4,274.0,1261.0,,,,,,,,,45459,0,0
326828,73607421658886681,,0,3102,490.0,-1150,-300.0,-760.0,,,2,4,,,,,,,,,,,45458,0,0
326829,73607421702928745,,0,3102,460.0,-1040,-180.0,-760.0,,,2,4,,,,,,,,,,,45458,0,0
326830,73607421742773611,,0,3102,489.0,-980,-130.0,-750.0,,,2,4,,,,,,,,,,,45458,0,0
326831,73607423176122469,,0,450,406.0,-1120,-300.0,-730.0,,,2,4,,,,,,,,,,,45461,0,0
326832,73607423176122469,,0,450,460.0,-1020,-180.0,-730.0,,,2,4,,,,,,,,,,,45461,0,0
326833,73607423176122469,,0,450,407.0,-1050,-220.0,-730.0,,,2,4,,,,,,,,,,,45461,0,0
326834,73607423176122469,,0,450,347.0,-950,-190.0,-660.0,,,2,4,,,,,,,,,,,45461,0,0
326835,73607423202183469,,0,450,490.0,-1020,-260.0,,,,2,4,,,,,,,,,,,45433,0,0
326836,73607423566413824,,0,450,,-840,-70.0,-560.0,60.0,0.0,3,4,,,,,,,43211.0,44200.0,,23055639.0,0,0,0
326837,73607425138460480,,0,3300,489.0,-990,-130.0,-750.0,,,2,4,,,,,,,,,,,45458,0,0
326838,73607425535813604,,0,450,489.0,-880,-110.0,-600.0,62.0,,1,4,274.0,9836.0,,,,,,,,,45459,0,0
326839,73607425578597151,,0,3300,95.0,-1080,-180.0,-790.0,,,2,4,,,,,,,,,,,45458,0,0
326840,73607425578597151,,0,3300,490.0,-980,-100.0,-790.0,,,2,4,,,,,,,,,,,45458,0,0
326841,73607425578597151,,0,3300,460.0,-1090,-210.0,-790.0,,,2,4,,,,,,,,,,,45458,0,0
326842,73607425689124864,,0,3300,,-1010,-110.0,-660.0,-20.0,0.0,3,4,,,,,,,43211.0,44200.0,,23055618.0,0,0,0
326843,73607426173563833,,0,3300,406.0,-1090,-190.0,,,,2,4,,,,,,,,,,,45433,0,0
326844,73607426164810001,,0,3300,59.0,-1200,-300.0,-810.0,,,2,4,,,,,,,,,,,45461,0,0
326845,73607427109368378,,0,3300,492.0,-1160,-300.0,-760.0,,,2,4,,,,,,,,,,,45461,0,0
326846,73607428489495018,,0,3300,281.0,-1180,-300.0,-790.0,,,2,4,,,,,,,,,,,45461,0,0
326847,73607429516182970,,0,3300,490.0,-1000,-120.0,,,,2,4,,,,,,,,,,,45433,0,0
326848,73607429516182970,,0,3300,460.0,-1080,-190.0,,,,2,4,,,,,,,,,,,45433,0,0
326849,73607429516182970,,0,3300,95.0,-1100,-220.0,,,,2,4,,,,,,,,,,,45433,0,0
326850,73607429957681152,,0,3300,,-960,-110.0,-650.0,50.0,0.0,3,4,,,,,,,43211.0,44200.0,,23055619.0,0,0,0
326851,73607430385257200,,0,3300,406.0,-1070,-180.0,-790.0,,,2,4,,,,,,,,,,,45461,0,0
326852,73607430635219834,,0,1423,489.0,-830,-130.0,-600.0,,,2,4,,,,,,,,,,,45458,0,0
326853,73607430668774595,,0,1423,460.0,-1040,-300.0,-650.0,,,2,4,,,,,,,,,,,45458,0,0
326854,73607430687650522,,0,1423,406.0,-1030,-300.0,-630.0,,,2,4,,,,,,,,,,,45458,0,0
326855,73607430725397775,,0,1423,490.0,-930,-230.0,-610.0,,,2,4,,,,,,,,,,,45458,0,0
326856,73607431653653922,,0,3300,59.0,-1170,-300.0,-780.0,,,2,4,,,,,,,,,,,45461,0,0
326857,73607431734190040,,0,3300,474.0,-1040,-180.0,-760.0,,,2,4,,,,,,,,,,,45461,0,0
326858,73607431760353040,,0,3300,474.0,-1060,-250.0,,,,2,4,,,,,,,,,,,45433,0,0
326859,73607432086449538,,0,3300,347.0,-1160,-300.0,-770.0,,,2,4,,,,,,,,,,,45461,0,0
326860,73607432747519812,,0,3300,281.0,-1070,-190.0,-780.0,,,2,4,,,,,,,,,,,45461,0,0
326861,73607433670318431,,0,3300,490.0,-1000,-120.0,-780.0,,,2,4,,,,,,,,,,,45461,0,0
326862,73607433670318431,,0,3300,460.0,-1080,-200.0,-780.0,,,2,4,,,,,,,,,,,45461,0,0
326863,73607433707279353,,0,3300,95.0,-1160,-300.0,-770.0,,,2,4,,,,,,,,,,,45461,0,0
326864,73607433750088159,,0,3300,90.0,-1080,-190.0,,,,2,4,,,,,,,,,,,45433,0,0
326865,73607433723907159,,0,3300,90.0,-1080,-190.0,-790.0,,,2,4,,,,,,,,,,,45461,0,0
326866,73607434193469440,,0,3300,,-980,-120.0,-640.0,40.0,0.0,3,4,,,,,,,43211.0,44200.0,,23055619.0,0,0,0
326867,73607434464083981,,0,3300,492.0,-1180,-300.0,-790.0,,,2,4,,,,,,,,,,,45461,0,0
326868,73607434528303346,,0,3300,489.0,-970,-120.0,-680.0,35.0,,1,4,274.0,1389.0,,,,,,,,,45459,0,0
326869,73607434905786500,,0,3102,460.0,-1110,-220.0,-760.0,,,2,4,,,,,,,,,,,45458,0,0
326870,73607434948206419,,0,3300,406.0,-1120,-200.0,-810.0,,,2,4,,,,,,,,,,,45461,0,0
326871,73607434964508402,,0,3102,489.0,-1060,-190.0,-780.0,,,2,4,,,,,,,,,,,45458,0,0
