id,timestamp,location_timestamp,sim_id,technology,band,ul_arfcn,dl_arfcn,code,ul_bw,dl_bw,plmn_id,lac,rac,cell_id,param1,param2,param3,param4,param5,info,lifetime,source_id,frame_type,node_id,is_synced
173272,73603535488942080,,0,3,,,10838,,5,5,43211,34200,50.0,2697489,,,,,,,11138,3,0,0,0
173273,73603596582977536,,0,4,,,1423,,20,20,43211,44200,,23055629,,,,,,,0,3,0,0,0
173274,73603597072138240,,0,4,,,1423,,20,20,43211,44200,,23055629,,,,,,,9356,3,0,0,0
173275,73603597619691520,,0,4,,,1423,,20,20,43211,44200,,23055629,,,,,,,10446,3,0,0,0
173276,73603598189723648,,0,4,,,1423,,20,20,43211,44200,,23055629,,,,,,,10962,3,0,0,0
173277,73603598659813376,,0,4,,,1423,,20,20,43211,44200,,23055629,,,,,,,8837,3,0,0,0
173278,73603599210971136,,0,4,,,1423,,20,20,43211,44200,,23055629,,,,,,,10501,3,0,0,0
173279,73603599536255055,,0,4,-1.0,19423.0,1423,489.0,20,20,43211,44200,,23055629,,,,,,,12222,1,45250,0,0
173280,73603599636605949,,0,4,-1.0,21300.0,3300,490.0,20,20,43211,44200,,23055618,,,,,,,28,1,45250,0,0
173281,73603599823994880,,0,4,,,3300,,20,20,43211,44200,,23055618,,,,,,,2,3,0,0,0
173282,73603599848600474,,0,4,-1.0,21300.0,3300,490.0,20,20,43211,44200,,23055618,,,,,,,4761,1,45250,0,0
173283,73603600276455424,,0,4,,,3300,,20,20,43211,44200,,23055618,,,,,,,3881,3,0,0,0
173284,73603600760569856,,0,4,,,3300,,20,20,43211,44200,,23055618,,,,,,,9180,3,0,0,0
173285,73603601313955840,,0,4,,,3300,,20,20,43211,44200,,23055618,,,,,,,11969,3,0,0,0
173286,73603601798660096,,0,4,,,3300,,20,20,43211,44200,,23055618,,,,,,,7308,3,0,0,0
173287,73603602349162496,,0,4,,,3300,,20,20,43211,44200,,23055618,,,,,,,10551,3,0,0,0
173288,73603602900123648,,0,4,,,3300,,20,20,43211,44200,,23055618,,,,,,,14181,3,0,0,0
173289,73603603426836480,,0,4,,,3300,,20,20,43211,44200,,23055618,,,,,,,6286,3,0,0,0
173290,73603603661863208,,0,4,-1.0,21300.0,3300,490.0,20,20,43211,44200,,23055618,,,,,,,5948,1,45250,0,0
173291,73603603899219968,,0,4,,,3300,,20,20,43211,44200,,23055618,,,,,,,3816,3,0,0,0
173292,73603604534132736,,0,4,,,3300,,20,20,43211,44200,,23055618,,,,,,,15927,3,0,0,0
173293,73603604963852288,,0,4,,,3300,,20,20,43211,44200,,23055618,,,,,,,3626,3,0,0,0
173294,73603605514551296,,0,4,,,3300,,20,20,43211,44200,,23055618,,,,,,,10529,3,0,0,0
173295,73603606118465536,,0,4,,,3300,,20,20,43211,44200,,23055618,,,,,,,12575,3,0,0,0
173296,73603606669623296,,0,4,,,3300,,20,20,43211,44200,,23055618,,,,,,,9441,3,0,0,0
173297,73603607151378432,,0,4,,,3300,,20,20,43211,44200,,23055618,,,,,,,9242,3,0,0,0
173298,73603607547907255,,0,4,-1.0,21300.0,3300,490.0,20,20,43211,44200,,23055618,,,,,,,8664,1,45250,0,0
173299,73603607702667264,,0,4,,,3300,,20,20,43211,44200,,23055618,,,,,,,3813,3,0,0,0
173300,73603608218173440,,0,4,,,3300,,20,20,43211,44200,,23055618,,,,,,,10720,3,0,0,0
173301,73603608768806912,,0,4,,,3300,,20,20,43211,44200,,23055618,,,,,,,8334,3,0,0,0
173302,73603609240862720,,0,4,,,3300,,20,20,43211,44200,,23055618,,,,,,,13150,3,0,0,0
173303,73603609762922496,,0,4,,,3300,,20,20,43211,44200,,23055618,,,,,,,6010,3,0,0,0
173304,73603610313490432,,0,4,,,3300,,20,20,43211,44200,,23055618,,,,,,,9801,3,0,0,0
173305,73603610864189440,,0,4,,,3300,,20,20,43211,44200,,23055618,,,,,,,11609,3,0,0,0
173306,73603611336179712,,0,4,,,3300,,20,20,43211,44200,,23055618,,,,,,,7880,3,0,0,0
173307,73603611886878720,,0,4,,,3300,,20,20,43211,44200,,23055618,,,,,,,10496,3,0,0,0
173308,73603612207692199,,0,4,-1.0,21300.0,3300,489.0,20,20,43211,44200,,23055619,,,,,,,7042,1,45250,0,0
173309,73603612445310976,,0,4,,,3300,,20,20,43211,44200,,23055619,,,,,,,3588,3,0,0,0
173310,73603612996861952,,0,4,,,3300,,20,20,43211,44200,,23055619,,,,,,,10333,3,0,0,0
173311,73603613468786688,,0,4,,,3300,,20,20,43211,44200,,23055619,,,,,,,9003,3,0,0,0
173312,73603614022762496,,0,4,,,3300,,20,20,43211,44200,,23055619,,,,,,,10567,3,0,0,0
173313,73603614494818304,,0,4,,,3300,,20,20,43211,44200,,23055619,,,,,,,9010,3,0,0,0
173314,73603615045517312,,0,4,,,3300,,20,20,43211,44200,,23055619,,,,,,,14147,3,0,0,0
173315,73603615556632576,,0,4,,,3300,,20,20,43211,44200,,23055619,,,,,,,6153,3,0,0,0
173316,73603616107069440,,0,4,,,3300,,20,20,43211,44200,,23055619,,,,,,,10442,3,0,0,0
173317,73603616654098432,,0,4,,,3300,,20,20,43211,44200,,23055619,,,,,,,10434,3,0,0,0
173318,73603617126154240,,0,4,,,3300,,20,20,43211,44200,,23055619,,,,,,,9005,3,0,0,0
173319,73603617145688538,,0,4,-1.0,21300.0,3300,489.0,20,20,43211,44200,,23055619,,,,,,,1552,1,45250,0,0
173320,73603617677770752,,0,4,,,3300,,20,20,43211,44200,,23055619,,,,,,,8975,3,0,0,0
173321,73603618228207616,,0,4,,,3300,,20,20,43211,44200,,23055619,,,,,,,10502,3,0,0,0
173322,73603618778906624,,0,4,,,3300,,20,20,43211,44200,,23055619,,,,,,,10522,3,0,0,0
173323,73603619250962432,,0,4,,,3300,,20,20,43211,44200,,23055619,,,,,,,11627,3,0,0,0
173324,73603619839606784,,0,4,,,3300,,20,20,43211,44200,,23055619,,,,,,,8597,3,0,0,0
173325,73603620311597056,,0,4,,,3300,,20,20,43211,44200,,23055619,,,,,,,8995,3,0,0,0
173326,73603620887461888,,0,4,,,3300,,20,20,43211,44200,,23055619,,,,,,,11048,3,0,0,0
173327,73603621369675776,,0,4,,,3300,,20,20,43211,44200,,23055619,,,,,,,9129,3,0,0,0
173328,73603621252016426,,0,4,-1.0,21300.0,3300,489.0,20,20,43211,44200,,23055619,,,,,,,360,1,45250,0,0
173329,73603621913559040,,0,4,,,3300,,20,20,43211,44200,,23055619,,,,,,,10005,3,0,0,0
173330,73603622417596416,,0,4,,,3300,,20,20,43211,44200,,23055619,,,,,,,9638,3,0,0,0
173331,73603622968229888,,0,4,,,3300,,20,20,43211,44200,,23055619,,,,,,,10630,3,0,0,0
173332,73603623440285696,,0,4,,,3300,,20,20,43211,44200,,23055619,,,,,,,8854,3,0,0,0
173333,73603623990853632,,0,4,,,3300,,20,20,43211,44200,,23055619,,,,,,,10505,3,0,0,0
173334,73603624559116288,,0,4,,,3300,,20,20,43211,44200,,23055619,,,,,,,10856,3,0,0,0
173335,73603625267757056,,0,4,,,3300,,20,20,43211,44200,,23055619,,,,,,,13587,3,0,0,0
173336,73603625732407296,,0,4,,,3300,,20,20,43211,44200,,23055619,,,,,,,8798,3,0,0,0
173337,73603626283433984,,0,4,,,3300,,20,20,43211,44200,,23055619,,,,,,,10526,3,0,0,0
173338,73603626834460672,,0,4,,,3300,,20,20,43211,44200,,23055619,,,,,,,10464,3,0,0,0
173339,73603627355275264,,0,4,,,3300,,20,20,43211,44200,,23055619,,,,,,,9958,3,0,0,0
173340,73603627827200000,,0,4,,,3300,,20,20,43211,44200,,23055619,,,,,,,8978,3,0,0,0
173341,73603628383731712,,0,4,,,3300,,20,20,43211,44200,,23055619,,,,,,,10631,3,0,0,0
173342,73603628934365184,,0,4,,,3300,,20,20,43211,44200,,23055619,,,,,,,10522,3,0,0,0
173343,73603629406617600,,0,4,,,3300,,20,20,43211,44200,,23055619,,,,,,,9034,3,0,0,0
173344,73603629957251072,,0,4,,,3300,,20,20,43211,44200,,23055619,,,,,,,10458,3,0,0,0
173345,73603630455128064,,0,4,,,3300,,20,20,43211,44200,,23055619,,,,,,,9479,3,0,0,0
173346,73603631005696000,,0,4,,,3300,,20,20,43211,44200,,23055619,,,,,,,10501,3,0,0,0
173347,73603631277739445,,0,4,-1.0,21300.0,3300,489.0,20,20,43211,44200,,23055619,,,,,,,6600,1,45250,0,0
173348,73603631656206336,,0,4,,,3300,,20,20,43211,44200,,23055619,,,,,,,5957,3,0,0,0
173349,73603632127868928,,0,4,,,3300,,20,20,43211,44200,,23055619,,,,,,,8849,3,0,0,0
173350,73603632678371328,,0,4,,,3300,,20,20,43211,44200,,23055619,,,,,,,10500,3,0,0,0
173351,73603633229398016,,0,4,,,3300,,20,20,43211,44200,,23055619,,,,,,,10504,3,0,0,0
173352,73603633774133248,,0,4,,,3300,,20,20,43211,44200,,23055619,,,,,,,10414,3,0,0,0
173353,73603634246189056,,0,4,,,3300,,20,20,43211,44200,,23055619,,,,,,,8981,3,0,0,0
173354,73603634300540417,,0,4,-1.0,21300.0,3300,489.0,20,20,43211,44200,,23055619,,,,,,,2201,1,45250,0,0
173355,73603634806587392,,0,4,,,3300,,20,20,43211,44200,,23055619,,,,,,,8492,3,0,0,0
173356,73603635278512128,,0,4,,,3300,,20,20,43211,44200,,23055619,,,,,,,9013,3,0,0,0
173357,73603635829145600,,0,4,,,3300,,20,20,43211,44200,,23055619,,,,,,,10486,3,0,0,0
173358,73603636363395072,,0,4,,,3300,,20,20,43211,44200,,23055619,,,,,,,10190,3,0,0,0
173359,73603636914290688,,0,4,,,3300,,20,20,43211,44200,,23055619,,,,,,,10527,3,0,0,0
173360,73603637392572416,,0,4,,,3300,,20,20,43211,44200,,23055619,,,,,,,9491,3,0,0,0
173361,73603637817139465,,0,4,-1.0,21300.0,3300,489.0,20,20,43211,44200,,23055619,,,,,,,11867,1,45250,0,0
173362,73603638121136128,,0,4,,,3300,,20,20,43211,44200,,23055619,,,,,,,1750,3,0,0,0
173363,73603638593126400,,0,4,,,3300,,20,20,43211,44200,,23055619,,,,,,,8902,3,0,0,0
173364,73603639143694336,,0,4,,,3300,,20,20,43211,44200,,23055619,,,,,,,10498,3,0,0,0
173365,73603639629185024,,0,4,,,3300,,20,20,43211,44200,,23055619,,,,,,,9290,3,0,0,0
173366,73603640193515520,,0,4,,,3300,,20,20,43211,44200,,23055619,,,,,,,10739,3,0,0,0
173367,73603640665309184,,0,4,,,3300,,20,20,43211,44200,,23055619,,,,,,,9017,3,0,0,0
173368,73603641216008192,,0,4,,,3300,,20,20,43211,44200,,23055619,,,,,,,10492,3,0,0,0
173369,73603641746063360,,0,4,,,3300,,20,20,43211,44200,,23055619,,,,,,,10353,3,0,0,0
173370,73603642229653504,,0,4,,,3300,,20,20,43211,44200,,23055619,,,,,,,9080,3,0,0,0
173371,73603642831929344,,0,4,,,3300,,20,20,43211,44200,,23055619,,,,,,,11374,3,0,0,0
173372,73603643303854080,,0,4,,,3300,,20,20,43211,44200,,23055619,,,,,,,9000,3,0,0,0
173373,73603643674813279,,0,4,-1.0,21300.0,3300,489.0,20,20,43211,44200,,23055619,,,,,,,8235,1,45250,0,0
173374,73603643879325696,,0,4,,,3300,,20,20,43211,44200,,23055619,,,,,,,2744,3,0,0,0
173375,73603644392800256,,0,4,,,3300,,20,20,43211,44200,,23055619,,,,,,,9794,3,0,0,0
173376,73603644943368192,,0,4,,,3300,,20,20,43211,44200,,23055619,,,,,,,11817,3,0,0,0
173377,73603645548986368,,0,4,,,3300,,20,20,43211,44200,,23055619,,,,,,,11350,3,0,0,0
173378,73603645998301184,,0,4,,,3300,,20,20,43211,44200,,23055619,,,,,,,7632,3,0,0,0
173379,73603646217072331,,0,4,-1.0,21300.0,3300,489.0,20,20,43211,44200,,23055619,,,,,,,6079,1,45250,0,0
173380,73603646473568256,,0,4,,,450,,10,10,43211,44200,,23055639,,,,,,,3172,3,0,0,0
173381,73603646419644495,,0,4,-1.0,18450.0,450,489.0,10,10,43211,44200,,23055639,,,,,,,25,1,45250,0,0
173382,73603647039799296,,0,4,,,450,,10,10,43211,44200,,23055639,,,,,,,10415,3,0,0,0
173383,73603647501959168,,0,4,,,450,,10,10,43211,44200,,23055639,,,,,,,8834,3,0,0,0
173384,73603648111837184,,0,4,,,450,,10,10,43211,44200,,23055639,,,,,,,11736,3,0,0,0
173385,73603648583761920,,0,4,,,450,,10,10,43211,44200,,23055639,,,,,,,8911,3,0,0,0
173386,73603649141800960,,0,4,,,450,,10,10,43211,44200,,23055639,,,,,,,10609,3,0,0,0
173387,73603649693679616,,0,4,,,450,,10,10,43211,44200,,23055639,,,,,,,10751,3,0,0,0
173388,73603650166063104,,0,4,,,450,,10,10,43211,44200,,23055639,,,,,,,8812,3,0,0,0
173389,73603650551632116,,0,4,-1.0,18450.0,450,489.0,10,10,43211,44200,,23055639,,,,,,,8453,1,45250,0,0
173390,73603650716303360,,0,4,,,450,,10,10,43211,44200,,23055639,,,,,,,2051,3,0,0,0
173391,73603651266805760,,0,4,,,450,,10,10,43211,44200,,23055639,,,,,,,10475,3,0,0,0
173392,73603651738861568,,0,4,,,450,,10,10,43211,44200,,23055639,,,,,,,8992,3,0,0,0
173393,73603652282941440,,0,4,,,450,,10,10,43211,44200,,23055639,,,,,,,13788,3,0,0,0
173394,73603652801658880,,0,4,,,450,,10,10,43211,44200,,23055639,,,,,,,6851,3,0,0,0
173395,73603652822461693,,0,4,-1.0,18450.0,450,489.0,10,10,43211,44200,,23055639,,,,,,,1539,1,45250,0,0
173396,73603653296586752,,0,4,,,450,,10,10,43211,44200,,23055639,,,,,,,7553,3,0,0,0
173397,73603653847547904,,0,4,,,450,,10,10,43211,44200,,23055639,,,,,,,10486,3,0,0,0
173398,73603654397984768,,0,4,,,450,,10,10,43211,44200,,23055639,,,,,,,10507,3,0,0,0
173399,73603654869975040,,0,4,,,450,,10,10,43211,44200,,23055639,,,,,,,9013,3,0,0,0
173400,73603655420674048,,0,4,,,450,,10,10,43211,44200,,23055639,,,,,,,10537,3,0,0,0
173401,73603655971766272,,0,4,,,450,,10,10,43211,44200,,23055639,,,,,,,10491,3,0,0,0
173402,73603656443822080,,0,4,,,450,,10,10,43211,44200,,23055639,,,,,,,8989,3,0,0,0
173403,73603656994914304,,0,4,,,450,,10,10,43211,44200,,23055639,,,,,,,10492,3,0,0,0
173404,73603657545482240,,0,4,,,450,,10,10,43211,44200,,23055639,,,,,,,10503,3,0,0,0
173405,73603658096312320,,0,4,,,450,,10,10,43211,44200,,23055639,,,,,,,10513,3,0,0,0
173406,73603658568237056,,0,4,,,450,,10,10,43211,44200,,23055639,,,,,,,8993,3,0,0,0
173407,73603659119788032,,0,4,,,450,,10,10,43211,44200,,23055639,,,,,,,10760,3,0,0,0
173408,73603659670552576,,0,4,,,450,,10,10,43211,44200,,23055639,,,,,,,10275,3,0,0,0
173409,73603660143001600,,0,4,,,450,,10,10,43211,44200,,23055639,,,,,,,9030,3,0,0,0
173410,73603660693635072,,0,4,,,450,,10,10,43211,44200,,23055639,,,,,,,10518,3,0,0,0
173411,73603661068839431,,0,4,-1.0,18450.0,450,489.0,10,10,43211,44200,,23055639,,,,,,,8186,1,45250,0,0
173412,73603661244399616,,0,4,,,450,,10,10,43211,44200,,23055639,,,,,,,2278,3,0,0,0
173413,73603661720846336,,0,4,,,450,,10,10,43211,44200,,23055639,,,,,,,9087,3,0,0,0
173414,73603662279213056,,0,4,,,450,,10,10,43211,44200,,23055639,,,,,,,10651,3,0,0,0
173415,73603662829912064,,0,4,,,450,,10,10,43211,44200,,23055639,,,,,,,10533,3,0,0,0
173416,73603663380480000,,0,4,,,450,,10,10,43211,44200,,23055639,,,,,,,10479,3,0,0,0
173417,73603663852470272,,0,4,,,450,,10,10,43211,44200,,23055639,,,,,,,9027,3,0,0,0
173418,73603664403103744,,0,4,,,450,,10,10,43211,44200,,23055639,,,,,,,10475,3,0,0,0
173419,73603664954916864,,0,4,,,450,,10,10,43211,44200,,23055639,,,,,,,10521,3,0,0,0
173420,73603665426776064,,0,4,,,450,,10,10,43211,44200,,23055639,,,,,,,8997,3,0,0,0
173421,73603665977540608,,0,4,,,450,,10,10,43211,44200,,23055639,,,,,,,10518,3,0,0,0
173422,73603666376657702,,0,4,-1.0,18450.0,450,489.0,10,10,43211,44200,,23055639,,,,,,,8720,1,45250,0,0
173423,73603666528305152,,0,4,,,450,,10,10,43211,44200,,23055639,,,,,,,1771,3,0,0,0
173424,73603667000295424,,0,4,,,450,,10,10,43211,44200,,23055639,,,,,,,9021,3,0,0,0
173425,73603667550863360,,0,4,,,450,,10,10,43211,44200,,23055639,,,,,,,10487,3,0,0,0
173426,73603668101431296,,0,4,,,450,,10,10,43211,44200,,23055639,,,,,,,11687,3,0,0,0
173427,73603668613660672,,0,4,,,450,,10,10,43211,44200,,23055639,,,,,,,8588,3,0,0,0
173428,73603669085716480,,0,4,,,450,,10,10,43211,44200,,23055639,,,,,,,9001,3,0,0,0
173429,73603669657780224,,0,4,,,450,,10,10,43211,44200,,23055639,,,,,,,10922,3,0,0,0
173430,73603670208479232,,0,4,,,450,,10,10,43211,44200,,23055639,,,,,,,10491,3,0,0,0
173431,73603670471259278,,0,4,-1.0,18450.0,450,489.0,10,10,43211,44200,,23055639,,,,,,,6013,1,45250,0,0
173432,73603670681059328,,0,4,,,450,,10,10,43211,44200,,23055639,,,,,,,2998,3,0,0,0
173433,73603671235231744,,0,4,,,450,,10,10,43211,44200,,23055639,,,,,,,10584,3,0,0,0
173434,73603671755456512,,0,4,,,450,,10,10,43211,44200,,23055639,,,,,,,9919,3,0,0,0
173435,73603672318083072,,0,4,,,450,,10,10,43211,44200,,23055639,,,,,,,10785,3,0,0,0
173436,73603672789680128,,0,4,,,450,,10,10,43211,44200,,23055639,,,,,,,8933,3,0,0,0
173437,73603673304858624,,0,4,,,450,,10,10,43211,44200,,23055639,,,,,,,10365,3,0,0,0
173438,73603673855754240,,0,4,,,450,,10,10,43211,44200,,23055639,,,,,,,10122,3,0,0,0
173439,73603674415955968,,0,4,,,450,,10,10,43211,44200,,23055639,,,,,,,10640,3,0,0,0
173440,73603674591741314,,0,4,-1.0,18450.0,450,489.0,10,10,43211,44200,,23055639,,,,,,,4291,1,45250,0,0
173441,73603674899218432,,0,4,,,450,,10,10,43211,44200,,23055639,,,,,,,4815,3,0,0,0
173442,73603675449786368,,0,4,,,450,,10,10,43211,44200,,23055639,,,,,,,10512,3,0,0,0
173443,73603676000354304,,0,4,,,450,,10,10,43211,44200,,23055639,,,,,,,10751,3,0,0,0
173444,73603676551053312,,0,4,,,450,,10,10,43211,44200,,23055639,,,,,,,10245,3,0,0,0
173445,73603677023043584,,0,4,,,450,,10,10,43211,44200,,23055639,,,,,,,9025,3,0,0,0
173446,73603677576691712,,0,4,,,450,,10,10,43211,44200,,23055639,,,,,,,10543,3,0,0,0
173447,73603678127390720,,0,4,,,450,,10,10,43211,44200,,23055639,,,,,,,10505,3,0,0,0
173448,73603678599249920,,0,4,,,450,,10,10,43211,44200,,23055639,,,,,,,9008,3,0,0,0
173449,73603679150276608,,0,4,,,450,,10,10,43211,44200,,23055639,,,,,,,10506,3,0,0,0
173450,73603679202818071,,0,4,-1.0,18450.0,450,489.0,10,10,43211,44200,,23055639,,,,,,,2046,1,45250,0,0
173451,73603679648153600,,0,4,,,450,,10,10,43211,44200,,23055639,,,,,,,7445,3,0,0,0
173452,73603680198852608,,0,4,,,450,,10,10,43211,44200,,23055639,,,,,,,10500,3,0,0,0
173453,73603680749486080,,0,4,,,450,,10,10,43211,44200,,23055639,,,,,,,10505,3,0,0,0
173454,73603681221410816,,0,4,,,450,,10,10,43211,44200,,23055639,,,,,,,9011,3,0,0,0
173455,73603681772044288,,0,4,,,450,,10,10,43211,44200,,23055639,,,,,,,10489,3,0,0,0
173456,73603682560245760,,0,4,,,450,,10,10,43211,44200,,23055639,,,,,,,15179,3,0,0,0
173457,73603683113369600,,0,4,,,450,,10,10,43211,44200,,23055639,,,,,,,10414,3,0,0,0
173458,73603683585294336,,0,4,,,450,,10,10,43211,44200,,23055639,,,,,,,8995,3,0,0,0
173459,73603684011979189,,0,4,-1.0,21300.0,3300,490.0,20,20,43211,44200,,23055618,,,,,,,9302,1,45250,0,0
173460,73603684135993344,,0,4,,,3300,,20,20,43211,44200,,23055618,,,,,,,1202,3,0,0,0
173461,73603684686561280,,0,4,,,3300,,20,20,43211,44200,,23055618,,,,,,,10486,3,0,0,0
173462,73603685158551552,,0,4,,,3300,,20,20,43211,44200,,23055618,,,,,,,9243,3,0,0,0
173463,73603685709250560,,0,4,,,3300,,20,20,43211,44200,,23055618,,,,,,,10280,3,0,0,0
173464,73603686259884032,,0,4,,,3300,,20,20,43211,44200,,23055618,,,,,,,10510,3,0,0,0
173465,73603686732005376,,0,4,,,3300,,20,20,43211,44200,,23055618,,,,,,,9012,3,0,0,0
173466,73603687159338339,,0,4,-1.0,21300.0,3300,490.0,20,20,43211,44200,,23055618,,,,,,,9185,1,45250,0,0
173467,73603687282966528,,0,4,,,3300,,20,20,43211,44200,,23055618,,,,,,,1324,3,0,0,0
173468,73603687786086400,,0,4,,,3300,,20,20,43211,44200,,23055618,,,,,,,9578,3,0,0,0
173469,73603688336588800,,0,4,,,3300,,20,20,43211,44200,,23055618,,,,,,,10507,3,0,0,0
173470,73603689250357248,,0,4,,,3300,,20,20,43211,44200,,23055618,,,,,,,17703,3,0,0,0
173471,73603689735061504,,0,4,,,3300,,20,20,43211,44200,,23055618,,,,,,,8961,3,0,0,0
173472,73603689779105449,,0,4,-1.0,21300.0,3300,490.0,20,20,43211,44200,,23055618,,,,,,,2145,1,45250,0,0
173473,73603690292641792,,0,4,,,3300,,20,20,43211,44200,,23055618,,,,,,,8498,3,0,0,0
173474,73603690787635200,,0,4,,,3300,,20,20,43211,44200,,23055618,,,,,,,10470,3,0,0,0
173475,73603691338334208,,0,4,,,3300,,20,20,43211,44200,,23055618,,,,,,,10101,3,0,0,0
173476,73603691888902144,,0,4,,,3300,,20,20,43211,44200,,23055618,,,,,,,9868,3,0,0,0
173477,73603692360892416,,0,4,,,3300,,20,20,43211,44200,,23055618,,,,,,,9006,3,0,0,0
173478,73603692911525888,,0,4,,,3300,,20,20,43211,44200,,23055618,,,,,,,10512,3,0,0,0
173479,73603693462159360,,0,4,,,3300,,20,20,43211,44200,,23055618,,,,,,,10579,3,0,0,0
173480,73603693560404122,,0,4,-1.0,21300.0,3300,490.0,20,20,43211,44200,,23055618,,,,,,,2917,1,45250,0,0
173481,73603693956431872,,0,4,,,3300,,20,20,43211,44200,,23055618,,,,,,,6430,3,0,0,0
173482,73603694114983492,,0,4,-1.0,21300.0,3300,490.0,20,20,43211,44200,,23055618,,,,,,,4213,1,45250,0,0
173483,73603694507130880,,0,4,,,3300,,20,20,43211,44200,,23055618,,,,,,,6375,3,0,0,0
173484,73603694978859008,,0,4,,,3300,,20,20,43211,44200,,23055618,,,,,,,8933,3,0,0,0
173485,73603695686844416,,0,4,,,3300,,20,20,43211,44200,,23055618,,,,,,,13483,3,0,0,0
173486,73603696160407552,,0,4,,,3300,,20,20,43211,44200,,23055618,,,,,,,9070,3,0,0,0
173487,73603696681943040,,0,4,,,3300,,20,20,43211,44200,,23055618,,,,,,,10243,3,0,0,0
173488,73603697232510976,,0,4,,,3300,,20,20,43211,44200,,23055618,,,,,,,10160,3,0,0,0
173489,73603697530972062,,0,4,-1.0,21300.0,3300,490.0,20,20,43211,44200,,23055618,,,,,,,6792,1,45250,0,0
173490,73603697785962496,,0,4,,,3300,,20,20,43211,44200,,23055618,,,,,,,3778,3,0,0,0
173491,73603698257756160,,0,4,,,3300,,20,20,43211,44200,,23055618,,,,,,,8995,3,0,0,0
173492,73603698808455168,,0,4,,,3300,,20,20,43211,44200,,23055618,,,,,,,10500,3,0,0,0
173493,73603699359023104,,0,4,,,3300,,20,20,43211,44200,,23055618,,,,,,,10538,3,0,0,0
173494,73603699831275520,,0,4,,,3300,,20,20,43211,44200,,23055618,,,,,,,8982,3,0,0,0
173495,73603700382040064,,0,4,,,3300,,20,20,43211,44200,,23055618,,,,,,,10515,3,0,0,0
173496,73603700932739072,,0,4,,,3300,,20,20,43211,44200,,23055618,,,,,,,10478,3,0,0,0
173497,73603701404598272,,0,4,,,3300,,20,20,43211,44200,,23055618,,,,,,,10031,3,0,0,0
173498,73603702037020672,,0,4,,,3300,,20,20,43211,44200,,23055618,,,,,,,11790,3,0,0,0
173499,73603702583656448,,0,4,,,3300,,20,20,43211,44200,,23055618,,,,,,,9682,3,0,0,0
173500,73603702739375117,,0,4,-1.0,21300.0,3300,490.0,20,20,43211,44200,,23055618,,,,,,,4164,1,45250,0,0
173501,73603703103029248,,0,4,,,3300,,20,20,43211,44200,,23055618,,,,,,,5729,3,0,0,0
173502,73603703653597184,,0,4,,,3300,,20,20,43211,44200,,23055618,,,,,,,10503,3,0,0,0
173503,73603704125521920,,0,4,,,3300,,20,20,43211,44200,,23055618,,,,,,,9233,3,0,0,0
173504,73603704676286464,,0,4,,,3300,,20,20,43211,44200,,23055618,,,,,,,10273,3,0,0,0
173505,73603705226919936,,0,4,,,3300,,20,20,43211,44200,,23055618,,,,,,,12132,3,0,0,0
173506,73603705709264896,,0,4,,,3300,,20,20,43211,44200,,23055618,,,,,,,7598,3,0,0,0
173507,73603706259898368,,0,4,,,3300,,20,20,43211,44200,,23055618,,,,,,,10471,3,0,0,0
173508,73603706732740608,,0,4,,,3300,,20,20,43211,44200,,23055618,,,,,,,9051,3,0,0,0
173509,73603707038143253,,0,4,-1.0,21300.0,3300,490.0,20,20,43211,44200,,23055618,,,,,,,6897,1,45250,0,0
173510,73603707283374080,,0,4,,,3300,,20,20,43211,44200,,23055618,,,,,,,3575,3,0,0,0
173511,73603707812577280,,0,4,,,3300,,20,20,43211,44200,,23055618,,,,,,,11267,3,0,0,0
173512,73603707795251934,,0,4,-1.0,21300.0,3300,490.0,20,20,43211,44200,,23055618,,,,,,,343,1,45250,0,0
173513,73603708370092032,,0,4,,,3300,,20,20,43211,44200,,23055618,,,,,,,9123,3,0,0,0
173514,73603708920659968,,0,4,,,3300,,20,20,43211,44200,,23055618,,,,,,,13709,3,0,0,0
173515,73603709392650240,,0,4,,,3300,,20,20,43211,44200,,23055618,,,,,,,5813,3,0,0,0
173516,73603709943218176,,0,4,,,3300,,20,20,43211,44200,,23055618,,,,,,,11414,3,0,0,0
173517,73603710434803712,,0,4,,,3300,,20,20,43211,44200,,23055618,,,,,,,9122,3,0,0,0
173518,73603710955945984,,0,4,,,3300,,20,20,43211,44200,,23055618,,,,,,,9481,3,0,0,0
173519,73603711438983040,,0,4,-1.0,21300.0,3300,490.0,20,20,43211,44200,,23055618,,,,,,,10088,1,45250,0,0
173520,73603711506841600,,0,4,,,3300,,20,20,43211,44200,,23055618,,,,,,,201,3,0,0,0
173521,73603712026738688,,0,4,,,3300,,20,20,43211,44200,,23055618,,,,,,,9912,3,0,0,0
173522,73603712577175552,,0,4,,,3300,,20,20,43211,44200,,23055618,,,,,,,10508,3,0,0,0
173523,73603713049165824,,0,4,,,3300,,20,20,43211,44200,,23055618,,,,,,,8984,3,0,0,0
173524,73603713599799296,,0,4,,,3300,,20,20,43211,44200,,23055618,,,,,,,10511,3,0,0,0
173525,73603714150432768,,0,4,,,3300,,20,20,43211,44200,,23055618,,,,,,,10836,3,0,0,0
173526,73603714701197312,,0,4,,,3300,,20,20,43211,44200,,23055618,,,,,,,10184,3,0,0,0
173527,73603715173056512,,0,4,,,3300,,20,20,43211,44200,,23055618,,,,,,,8998,3,0,0,0
173528,73603715723755520,,0,4,,,3300,,20,20,43211,44200,,23055618,,,,,,,10493,3,0,0,0
173529,73603716274323456,,0,4,,,3300,,20,20,43211,44200,,23055618,,,,,,,10501,3,0,0,0
173530,73603716327240201,,0,4,-1.0,21300.0,3300,490.0,20,20,43211,44200,,23055618,,,,,,,1968,1,45250,0,0
173531,73603716746641408,,0,4,,,3300,,20,20,43211,44200,,23055618,,,,,,,7588,3,0,0,0
173532,73603717297012736,,0,4,,,3300,,20,20,43211,44200,,23055618,,,,,,,9938,3,0,0,0
173533,73603717847777280,,0,4,,,3300,,20,20,43211,44200,,23055618,,,,,,,10558,3,0,0,0
173534,73603718319702016,,0,4,,,3300,,20,20,43211,44200,,23055618,,,,,,,9720,3,0,0,0
173535,73603718870335488,,0,4,,,3300,,20,20,43211,44200,,23055618,,,,,,,9942,3,0,0,0
173536,73603719421034496,,0,4,,,3300,,20,20,43211,44200,,23055618,,,,,,,10321,3,0,0,0
173537,73603719892959232,,0,4,,,3300,,20,20,43211,44200,,23055618,,,,,,,8985,3,0,0,0
173538,73603720443723776,,0,4,,,3300,,20,20,43211,44200,,23055618,,,,,,,10508,3,0,0,0
173539,73603720852946068,,0,4,-1.0,21300.0,3300,490.0,20,20,43211,44200,,23055618,,,,,,,8795,1,45250,0,0
173540,73603721087418368,,0,4,,,3300,,20,20,43211,44200,,23055618,,,,,,,3594,3,0,0,0
173541,73603721569435648,,0,4,,,3300,,20,20,43211,44200,,23055618,,,,,,,9080,3,0,0,0
173542,73603722120003584,,0,4,,,3300,,20,20,43211,44200,,23055618,,,,,,,10499,3,0,0,0
173543,73603722670637056,,0,4,,,3300,,20,20,43211,44200,,23055618,,,,,,,10523,3,0,0,0
173544,73603723142627328,,0,4,,,3300,,20,20,43211,44200,,23055618,,,,,,,9618,3,0,0,0
173545,73603723693260800,,0,4,,,3300,,20,20,43211,44200,,23055618,,,,,,,10498,3,0,0,0
173546,73603724243894272,,0,4,,,3300,,20,20,43211,44200,,23055618,,,,,,,9899,3,0,0,0
173547,73603724715884544,,0,4,,,3300,,20,20,43211,44200,,23055618,,,,,,,9304,3,0,0,0
173548,73603725090166314,,0,4,-1.0,21300.0,3300,490.0,20,20,43211,44200,,23055618,,,,,,,7775,1,45250,0,0
173549,73603725266583552,,0,4,,,3300,,20,20,43211,44200,,23055618,,,,,,,2401,3,0,0,0
173550,73603725819183104,,0,4,,,3300,,20,20,43211,44200,,23055618,,,,,,,10565,3,0,0,0
173551,73603726291107840,,0,4,,,3300,,20,20,43211,44200,,23055618,,,,,,,8980,3,0,0,0
173552,73603726841872384,,0,4,,,3300,,20,20,43211,44200,,23055618,,,,,,,10511,3,0,0,0
173553,73603727484452864,,0,4,,,3300,,20,20,43211,44200,,23055618,,,,,,,12307,3,0,0,0
173554,73603727956508672,,0,4,,,3300,,20,20,43211,44200,,23055618,,,,,,,8943,3,0,0,0
173555,73603728090835238,,0,4,-1.0,21300.0,3300,490.0,20,20,43211,44200,,23055618,,,,,,,3598,1,45250,0,0
173556,73603728515268608,,0,4,,,3300,,20,20,43211,44200,,23055618,,,,,,,7823,3,0,0,0
173557,73603728991715328,,0,4,,,3300,,20,20,43211,44200,,23055618,,,,,,,8329,3,0,0,0
173558,73603729542348800,,0,4,,,3300,,20,20,43211,44200,,23055618,,,,,,,10513,3,0,0,0
173559,73603730092982272,,0,4,,,3300,,20,20,43211,44200,,23055618,,,,,,,10478,3,0,0,0
173560,73603730564972544,,0,4,,,3300,,20,20,43211,44200,,23055618,,,,,,,9147,3,0,0,0
173561,73603731115606016,,0,4,,,3300,,20,20,43211,44200,,23055618,,,,,,,10381,3,0,0,0
173562,73603731666370560,,0,4,,,3300,,20,20,43211,44200,,23055618,,,,,,,10499,3,0,0,0
173563,73603731962924369,,0,4,-1.0,21300.0,3300,490.0,20,20,43211,44200,,23055618,,,,,,,6768,1,45250,0,0
173564,73603732138622976,,0,4,,,3300,,20,20,43211,44200,,23055618,,,,,,,2232,3,0,0,0
173565,73603732693843968,,0,4,,,3300,,20,20,43211,44200,,23055618,,,,,,,11730,3,0,0,0
173566,73603733244477440,,0,4,,,3300,,20,20,43211,44200,,23055618,,,,,,,9367,3,0,0,0
173567,73603734171549696,,0,4,,,3300,,20,20,43211,44200,,23055618,,,,,,,17937,3,0,0,0
173568,73603734402039808,,0,4,,,3300,,20,20,43211,44200,,23055618,,,,,,,4167,3,0,0,0
173569,73603734696260289,,0,4,-1.0,21300.0,3300,490.0,20,20,43211,44200,,23055618,,,,,,,6733,1,45250,0,0
173570,73603734954442752,,0,4,,,3300,,20,20,43211,44200,,23055618,,,,,,,3771,3,0,0,0
173571,73603735426498560,,0,4,,,3300,,20,20,43211,44200,,23055618,,,,,,,8996,3,0,0,0
173572,73603735977066496,,0,4,,,3300,,20,20,43211,44200,,23055618,,,,,,,10523,3,0,0,0
173573,73603736527568896,,0,4,,,3300,,20,20,43211,44200,,23055618,,,,,,,13258,3,0,0,0
173574,73603737043533824,,0,4,,,3300,,20,20,43211,44200,,23055618,,,,,,,7090,3,0,0,0
173575,73603737515524096,,0,4,,,3300,,20,20,43211,44200,,23055618,,,,,,,8987,3,0,0,0
173576,73603738066157568,,0,4,,,3300,,20,20,43211,44200,,23055618,,,,,,,10513,3,0,0,0
173577,73603738526112773,,0,4,-1.0,21300.0,3300,490.0,20,20,43211,44200,,23055618,,,,,,,9727,1,45250,0,0
173578,73603738616856576,,0,4,,,3300,,20,20,43211,44200,,23055618,,,,,,,762,3,0,0,0
173579,73603739089305600,,0,4,,,3300,,20,20,43211,44200,,23055618,,,,,,,9011,3,0,0,0
173580,73603739639742464,,0,4,,,3300,,20,20,43211,44200,,23055618,,,,,,,10502,3,0,0,0
173581,73603740190441472,,0,4,,,3300,,20,20,43211,44200,,23055618,,,,,,,10505,3,0,0,0
173582,73603740741074944,,0,4,,,3300,,20,20,43211,44200,,23055618,,,,,,,10497,3,0,0,0
173583,73603741213065216,,0,4,,,3300,,20,20,43211,44200,,23055618,,,,,,,9043,3,0,0,0
173584,73603741763960832,,0,4,,,3300,,20,20,43211,44200,,23055618,,,,,,,10486,3,0,0,0
173585,73603742806966272,,0,4,,,3300,,20,20,43211,44200,,23055618,,,,,,,8082,3,0,0,0
173586,73603743074123189,,0,4,-1.0,21300.0,3300,490.0,20,20,43211,44200,,23055618,,,,,,,6138,1,45250,0,0
173587,73603743357730816,,0,4,,,3300,,20,20,43211,44200,,23055618,,,,,,,4365,3,0,0,0
173588,73603743908167680,,0,4,,,3300,,20,20,43211,44200,,23055618,,,,,,,10494,3,0,0,0
173589,73603744380092416,,0,4,,,3300,,20,20,43211,44200,,23055618,,,,,,,9004,3,0,0,0
173590,73603744930725888,,0,4,,,3300,,20,20,43211,44200,,23055618,,,,,,,11566,3,0,0,0
173591,73603745481359360,,0,4,,,3300,,20,20,43211,44200,,23055618,,,,,,,9456,3,0,0,0
173592,73603745605431059,,0,4,-1.0,21300.0,3300,490.0,20,20,43211,44200,,23055618,,,,,,,3436,1,45250,0,0
173593,73603745960230912,,0,4,,,3300,,20,20,43211,44200,,23055618,,,,,,,5682,3,0,0,0
173594,73603746589507584,,0,4,,,3300,,20,20,43211,44200,,23055618,,,,,,,12006,3,0,0,0
173595,73603747140141056,,0,4,,,3300,,20,20,43211,44200,,23055618,,,,,,,10497,3,0,0,0
173596,73603747690708992,,0,4,,,3300,,20,20,43211,44200,,23055618,,,,,,,10696,3,0,0,0
173597,73603748162830336,,0,4,,,3300,,20,20,43211,44200,,23055618,,,,,,,8890,3,0,0,0
173598,73603748713332736,,0,4,,,3300,,20,20,43211,44200,,23055618,,,,,,,10854,3,0,0,0
173599,73603749263966208,,0,4,,,3300,,20,20,43211,44200,,23055618,,,,,,,10068,3,0,0,0
173600,73603749617474075,,0,4,-1.0,21300.0,3300,490.0,20,20,43211,44200,,23055618,,,,,,,7765,1,45250,0,0
173601,73603749754503168,,0,4,,,3300,,20,20,43211,44200,,23055618,,,,,,,1780,3,0,0,0
173602,73603750305071104,,0,4,,,3300,,20,20,43211,44200,,23055618,,,,,,,10643,3,0,0,0
173603,73603750776995840,,0,4,,,3300,,20,20,43211,44200,,23055618,,,,,,,8673,3,0,0,0
173604,73603751327629312,,0,4,,,3300,,20,20,43211,44200,,23055618,,,,,,,10506,3,0,0,0
173605,73603751853555712,,0,4,,,3300,,20,20,43211,44200,,23055618,,,,,,,10046,3,0,0,0
173606,73603752404123648,,0,4,,,3300,,20,20,43211,44200,,23055618,,,,,,,11827,3,0,0,0
173607,73603752964521984,,0,4,,,3300,,20,20,43211,44200,,23055618,,,,,,,9345,3,0,0,0
173608,73603753436512256,,0,4,,,3300,,20,20,43211,44200,,23055618,,,,,,,12737,3,0,0,0
173609,73603753997959168,,0,4,,,3300,,20,20,43211,44200,,23055618,,,,,,,6973,3,0,0,0
173610,73603754066382288,,0,4,-1.0,21300.0,3300,490.0,20,20,43211,44200,,23055618,,,,,,,2330,1,45250,0,0
173611,73603754470014976,,0,4,,,3300,,20,20,43211,44200,,23055618,,,,,,,6663,3,0,0,0
173612,73603754605975545,,0,4,-1.0,21300.0,3300,490.0,20,20,43211,44200,,23055618,,,,,,,3902,1,45250,0,0
173613,73603754998890496,,0,4,,,3300,,20,20,43211,44200,,23055618,,,,,,,6474,3,0,0,0
173614,73603755549523968,,0,4,,,3300,,20,20,43211,44200,,23055618,,,,,,,10223,3,0,0,0
173615,73603756576866304,,0,4,,,3300,,20,20,43211,44200,,23055618,,,,,,,7020,3,0,0,0
173616,73603757127434240,,0,4,,,3300,,20,20,43211,44200,,23055618,,,,,,,13423,3,0,0,0
173617,73603757666598912,,0,4,,,3300,,20,20,43211,44200,,23055619,,,,,,,7514,3,0,0,0
173618,73603757578698917,,0,4,-1.0,21300.0,3300,489.0,20,20,43211,44200,,23055619,,,,,,,0,1,45250,0,0
173619,73603757795669724,,0,4,-1.0,21300.0,3300,489.0,20,20,43211,44200,,23055619,,,,,,,5832,1,45250,0,0
173620,73603758163099648,,0,4,,,3300,,20,20,43211,44200,,23055619,,,,,,,3726,3,0,0,0
173621,73603758669496320,,0,4,,,3300,,20,20,43211,44200,,23055619,,,,,,,9460,3,0,0,0
173622,73603759219933184,,0,4,,,3300,,20,20,43211,44200,,23055619,,,,,,,10461,3,0,0,0
173623,73603759770566656,,0,4,,,3300,,20,20,43211,44200,,23055619,,,,,,,13319,3,0,0,0
173624,73603760326246400,,0,4,,,3300,,20,20,43211,44200,,23055619,,,,,,,7831,3,0,0,0
173625,73603760798105600,,0,4,,,3300,,20,20,43211,44200,,23055619,,,,,,,8954,3,0,0,0
173626,73603761368334336,,0,4,,,3300,,20,20,43211,44200,,23055619,,,,,,,12105,3,0,0,0
173627,73603761850220544,,0,4,,,3300,,20,20,43211,44200,,23055619,,,,,,,8641,3,0,0,0
173628,73603762281355558,,0,4,-1.0,21300.0,3300,489.0,20,20,43211,44200,,23055619,,,,,,,8628,1,45250,0,0
173629,73603762407866368,,0,4,,,3300,,20,20,43211,44200,,23055619,,,,,,,1326,3,0,0,0
173630,73603762895781888,,0,4,,,3300,,20,20,43211,44200,,23055619,,,,,,,9307,3,0,0,0
173631,73603763446349824,,0,4,,,3300,,20,20,43211,44200,,23055619,,,,,,,10498,3,0,0,0
173632,73603763997573120,,0,4,,,3300,,20,20,43211,44200,,23055619,,,,,,,10527,3,0,0,0
173633,73603764483719168,,0,4,,,3300,,20,20,43211,44200,,23055619,,,,,,,9261,3,0,0,0
173634,73603765034352640,,0,4,,,3300,,20,20,43211,44200,,23055619,,,,,,,10501,3,0,0,0
173635,73603765668151296,,0,4,,,3300,,20,20,43211,44200,,23055619,,,,,,,12110,3,0,0,0
173636,73603766089390771,,0,4,-1.0,21300.0,3300,489.0,20,20,43211,44200,,23055619,,,,,,,9540,1,45250,0,0
173637,73603766363815936,,0,4,,,3300,,20,20,43211,44200,,23055619,,,,,,,4360,3,0,0,0
173638,73603766330284825,,0,4,-1.0,21300.0,3300,489.0,20,20,43211,44200,,23055619,,,,,,,135,1,45250,0,0
173639,73603766765289472,,0,4,,,3300,,20,20,43211,44200,,23055619,,,,,,,6874,3,0,0,0
173640,73603767237083136,,0,4,,,3300,,20,20,43211,44200,,23055619,,,,,,,9001,3,0,0,0
173641,73603767787716608,,0,4,,,3300,,20,20,43211,44200,,23055619,,,,,,,10510,3,0,0,0
173642,73603768338415616,,0,4,,,3300,,20,20,43211,44200,,23055619,,,,,,,10491,3,0,0,0
173643,73603768810340352,,0,4,,,3300,,20,20,43211,44200,,23055619,,,,,,,8999,3,0,0,0
173644,73603769360908288,,0,4,,,3300,,20,20,43211,44200,,23055619,,,,,,,10525,3,0,0,0
173645,73603770013843456,,0,4,,,3300,,20,20,43211,44200,,23055619,,,,,,,12625,3,0,0,0
173646,73603770387660800,,0,4,,,3300,,20,20,43211,44200,,23055619,,,,,,,7969,3,0,0,0
173647,73603770679080727,,0,4,-1.0,21300.0,3300,489.0,20,20,43211,44200,,23055619,,,,,,,5555,1,45250,0,0
173648,73603771001339904,,0,4,,,3300,,20,20,43211,44200,,23055619,,,,,,,8489,3,0,0,0
173649,73603771454128128,,0,4,,,3300,,20,20,43211,44200,,23055619,,,,,,,5269,3,0,0,0
173650,73603772004827136,,0,4,,,3300,,20,20,43211,44200,,23055619,,,,,,,10499,3,0,0,0
173651,73603772555395072,,0,4,,,3300,,20,20,43211,44200,,23055619,,,,,,,10734,3,0,0,0
173652,73603773108125696,,0,4,,,3300,,20,20,43211,44200,,23055619,,,,,,,10312,3,0,0,0
173653,73603773580050432,,0,4,,,3300,,20,20,43211,44200,,23055619,,,,,,,9000,3,0,0,0
173654,73603774101454848,,0,4,,,3300,,20,20,43211,44200,,23055619,,,,,,,9947,3,0,0,0
173655,73603774655627264,,0,4,,,3300,,20,20,43211,44200,,23055619,,,,,,,10773,3,0,0,0
173656,73603775141642240,,0,4,,,3300,,20,20,43211,44200,,23055619,,,,,,,9070,3,0,0,0
173657,73603775724584960,,0,4,,,3300,,20,20,43211,44200,,23055619,,,,,,,11111,3,0,0,0
173658,73603775773974029,,0,4,-1.0,21300.0,3300,489.0,20,20,43211,44200,,23055619,,,,,,,1958,1,45250,0,0
173659,73603776099287708,,0,4,-1.0,21300.0,3300,489.0,20,20,43211,44200,,23055619,,,,,,,8471,1,45250,0,0
173660,73603776228556800,,0,4,,,3300,,20,20,43211,44200,,23055619,,,,,,,44,3,0,0,0
173661,73603776737574912,,0,4,,,3300,,20,20,43211,44200,,23055619,,,,,,,8856,3,0,0,0
173662,73603777288339456,,0,4,,,3300,,20,20,43211,44200,,23055619,,,,,,,10513,3,0,0,0
173663,73603777760395264,,0,4,,,3300,,20,20,43211,44200,,23055619,,,,,,,8999,3,0,0,0
173664,73603778329378816,,0,4,,,3300,,20,20,43211,44200,,23055619,,,,,,,12124,3,0,0,0
173665,73603778897182720,,0,4,,,3300,,20,20,43211,44200,,23055619,,,,,,,9560,3,0,0,0
173666,73603779447291904,,0,4,,,3300,,20,20,43211,44200,,23055619,,,,,,,10499,3,0,0,0
173667,73603779923410944,,0,4,,,3300,,20,20,43211,44200,,23055619,,,,,,,9079,3,0,0,0
173668,73603780497965056,,0,4,,,3300,,20,20,43211,44200,,23055619,,,,,,,11205,3,0,0,0
173669,73603780969955328,,0,4,,,3300,,20,20,43211,44200,,23055619,,,,,,,8757,3,0,0,0
173670,73603781203333870,,0,4,-1.0,21300.0,3300,489.0,20,20,43211,44200,,23055619,,,,,,,5493,1,45250,0,0
173671,73603781537955840,,0,4,,,3300,,20,20,43211,44200,,23055619,,,,,,,5326,3,0,0,0
173672,73603782068666368,,0,4,,,3300,,20,20,43211,44200,,23055619,,,,,,,10314,3,0,0,0
173673,73603782540656640,,0,4,,,3300,,20,20,43211,44200,,23055619,,,,,,,9741,3,0,0,0
173674,73603783091224576,,0,4,,,3300,,20,20,43211,44200,,23055619,,,,,,,13475,3,0,0,0
173675,73603783608369152,,0,4,,,3300,,20,20,43211,44200,,23055619,,,,,,,5973,3,0,0,0
173676,73603784158871552,,0,4,,,3300,,20,20,43211,44200,,23055619,,,,,,,10487,3,0,0,0
173677,73603784709505024,,0,4,,,3300,,20,20,43211,44200,,23055619,,,,,,,10503,3,0,0,0
173678,73603785260138496,,0,4,,,3300,,20,20,43211,44200,,23055619,,,,,,,10512,3,0,0,0
173679,73603785787637760,,0,4,,,3300,,20,20,43211,44200,,23055619,,,,,,,10351,3,0,0,0
173680,73603785817088656,,0,4,-1.0,21300.0,3300,489.0,20,20,43211,44200,,23055619,,,,,,,1921,1,45250,0,0
173681,73603786263560192,,0,4,,,3300,,20,20,43211,44200,,23055619,,,,,,,6860,3,0,0,0
173682,73603786665108640,,0,4,-1.0,21300.0,3300,489.0,20,20,43211,44200,,23055619,,,,,,,8611,1,45250,0,0
173683,73603786792894464,,0,4,,,3300,,20,20,43211,44200,,23055619,,,,,,,1770,3,0,0,0
173684,73603787343396864,,0,4,,,3300,,20,20,43211,44200,,23055619,,,,,,,10216,3,0,0,0
173685,73603787973328896,,0,4,,,3300,,20,20,43211,44200,,23055619,,,,,,,12010,3,0,0,0
173686,73603788523896832,,0,4,,,3300,,20,20,43211,44200,,23055619,,,,,,,10499,3,0,0,0
173687,73603788996083712,,0,4,,,3300,,20,20,43211,44200,,23055619,,,,,,,8996,3,0,0,0
173688,73603789546717184,,0,4,,,3300,,20,20,43211,44200,,23055619,,,,,,,10513,3,0,0,0
173689,73603789657016482,,0,4,-1.0,21300.0,3300,489.0,20,20,43211,44200,,23055619,,,,,,,3148,1,45250,0,0
173690,73603790063861760,,0,4,,,3300,,20,20,43211,44200,,23055619,,,,,,,6908,3,0,0,0
173691,73603790607417344,,0,4,,,3300,,20,20,43211,44200,,23055619,,,,,,,10189,3,0,0,0
173692,73603791178301440,,0,4,,,3300,,20,20,43211,44200,,23055619,,,,,,,11061,3,0,0,0
173693,73603791677423616,,0,4,,,3300,,20,20,43211,44200,,23055619,,,,,,,9352,3,0,0,0
173694,73603792149413888,,0,4,,,3300,,20,20,43211,44200,,23055619,,,,,,,8986,3,0,0,0
173695,73603792705421312,,0,4,,,3300,,20,20,43211,44200,,23055619,,,,,,,10615,3,0,0,0
173696,73603793256054784,,0,4,,,3300,,20,20,43211,44200,,23055619,,,,,,,10550,3,0,0,0
173697,73603793728045056,,0,4,,,3300,,20,20,43211,44200,,23055619,,,,,,,8947,3,0,0,0
173698,73603794278678528,,0,4,,,3300,,20,20,43211,44200,,23055619,,,,,,,10543,3,0,0,0
173699,73603794405446331,,0,4,-1.0,21300.0,3300,489.0,20,20,43211,44200,,23055619,,,,,,,3513,1,45250,0,0
173700,73603794703428682,,0,4,-1.0,18450.0,450,489.0,10,10,43211,44200,,23055639,,,,,,,5747,1,45250,0,0
173701,73603794890326016,,0,4,,,450,,10,10,43211,44200,,23055639,,,,,,,2940,3,0,0,0
173702,73603795284000768,,0,4,,,450,,10,10,43211,44200,,23055639,,,,,,,6940,3,0,0,0
173703,73603795834503168,,0,4,,,450,,10,10,43211,44200,,23055639,,,,,,,10493,3,0,0,0
173704,73603796385202176,,0,4,,,450,,10,10,43211,44200,,23055639,,,,,,,10514,3,0,0,0
173705,73603796857126912,,0,4,,,450,,10,10,43211,44200,,23055639,,,,,,,9026,3,0,0,0
173706,73603797486403584,,0,4,,,450,,10,10,43211,44200,,23055639,,,,,,,11990,3,0,0,0
173707,73603797958393856,,0,4,,,450,,10,10,43211,44200,,23055639,,,,,,,8990,3,0,0,0
173708,73603798511779840,,0,4,,,450,,10,10,43211,44200,,23055639,,,,,,,10783,3,0,0,0
173709,73603798912349482,,0,4,-1.0,18450.0,450,489.0,10,10,43211,44200,,23055639,,,,,,,8537,1,45250,0,0
173710,73603799062609920,,0,4,,,450,,10,10,43211,44200,,23055639,,,,,,,1755,3,0,0,0
173711,73603799064896014,,0,4,-1.0,21300.0,3300,490.0,20,20,43211,44200,,23055618,,,,,,,1217,1,45250,0,0
173712,73603799544758272,,0,4,,,3300,,20,20,43211,44200,,23055618,,,,,,,7958,3,0,0,0
173713,73603800095326208,,0,4,,,3300,,20,20,43211,44200,,23055618,,,,,,,11629,3,0,0,0
173714,73603800646025216,,0,4,,,3300,,20,20,43211,44200,,23055618,,,,,,,9364,3,0,0,0
173715,73603801117884416,,0,4,,,3300,,20,20,43211,44200,,23055618,,,,,,,9020,3,0,0,0
173716,73603801668517888,,0,4,,,3300,,20,20,43211,44200,,23055618,,,,,,,10493,3,0,0,0
173717,73603801845967127,,0,4,-1.0,21300.0,3300,490.0,20,20,43211,44200,,23055618,,,,,,,4438,1,45250,0,0
173718,73603802158661632,,0,4,,,3300,,20,20,43211,44200,,23055618,,,,,,,6780,3,0,0,0
173719,73603802733150208,,0,4,,,3300,,20,20,43211,44200,,23055618,,,,,,,9116,3,0,0,0
173720,73603803205140480,,0,4,,,3300,,20,20,43211,44200,,23055618,,,,,,,8965,3,0,0,0
173721,73603803755773952,,0,4,,,3300,,20,20,43211,44200,,23055618,,,,,,,10504,3,0,0,0
173722,73603804304375808,,0,4,,,3300,,20,20,43211,44200,,23055618,,,,,,,10470,3,0,0,0
173723,73603804855009280,,0,4,,,3300,,20,20,43211,44200,,23055618,,,,,,,10517,3,0,0,0
173724,73603805326999552,,0,4,,,3300,,20,20,43211,44200,,23055618,,,,,,,8999,3,0,0,0
173725,73603805812437198,,0,4,-1.0,21300.0,3300,490.0,20,20,43211,44200,,23055618,,,,,,,10206,1,45250,0,0
173726,73603805877698560,,0,4,,,3300,,20,20,43211,44200,,23055618,,,,,,,381,3,0,0,0
173727,73603806428266496,,0,4,,,3300,,20,20,43211,44200,,23055618,,,,,,,10408,3,0,0,0
173728,73603806900191232,,0,4,,,3300,,20,20,43211,44200,,23055618,,,,,,,9001,3,0,0,0
173729,73603807450759168,,0,4,,,3300,,20,20,43211,44200,,23055618,,,,,,,10503,3,0,0,0
173730,73603808004276224,,0,4,,,3300,,20,20,43211,44200,,23055618,,,,,,,10579,3,0,0,0
173731,73603808476266496,,0,4,,,3300,,20,20,43211,44200,,23055618,,,,,,,8967,3,0,0,0
173732,73603809026899968,,0,4,,,3300,,20,20,43211,44200,,23055618,,,,,,,13178,3,0,0,0
173733,73603809526874112,,0,4,,,3300,,20,20,43211,44200,,23055618,,,,,,,7215,3,0,0,0
173734,73603810077966336,,0,4,,,3300,,20,20,43211,44200,,23055618,,,,,,,10176,3,0,0,0
173735,73603810375544505,,0,4,-1.0,21300.0,3300,490.0,20,20,43211,44200,,23055618,,,,,,,6757,1,45250,0,0
173736,73603810629255168,,0,4,,,3300,,20,20,43211,44200,,23055618,,,,,,,3794,3,0,0,0
173737,73603811180019712,,0,4,,,3300,,20,20,43211,44200,,23055618,,,,,,,10451,3,0,0,0
173738,73603811651682304,,0,4,,,3300,,20,20,43211,44200,,23055618,,,,,,,8995,3,0,0,0
173739,73603812202315776,,0,4,,,3300,,20,20,43211,44200,,23055618,,,,,,,10515,3,0,0,0
173740,73603812752949248,,0,4,,,3300,,20,20,43211,44200,,23055618,,,,,,,10497,3,0,0,0
173741,73603813225005056,,0,4,,,3300,,20,20,43211,44200,,23055618,,,,,,,9027,3,0,0,0
173742,73603813775638528,,0,4,,,3300,,20,20,43211,44200,,23055618,,,,,,,11638,3,0,0,0
173743,73603814326337536,,0,4,,,3300,,20,20,43211,44200,,23055618,,,,,,,9353,3,0,0,0
173744,73603814798327808,,0,4,,,3300,,20,20,43211,44200,,23055618,,,,,,,9002,3,0,0,0
173745,73603815349026816,,0,4,,,3300,,20,20,43211,44200,,23055618,,,,,,,10529,3,0,0,0
173746,73603815591230594,,0,4,-1.0,21300.0,3300,490.0,20,20,43211,44200,,23055618,,,,,,,5626,1,45250,0,0
173747,73603815916437504,,0,4,,,3300,,20,20,43211,44200,,23055618,,,,,,,5438,3,0,0,0
173748,73603816468774912,,0,4,,,3300,,20,20,43211,44200,,23055618,,,,,,,10254,3,0,0,0
173749,73603817019342848,,0,4,,,3300,,20,20,43211,44200,,23055618,,,,,,,10512,3,0,0,0
173750,73603817569976320,,0,4,,,3300,,20,20,43211,44200,,23055618,,,,,,,10513,3,0,0,0
173751,73603818043604992,,0,4,,,3300,,20,20,43211,44200,,23055618,,,,,,,9033,3,0,0,0
173752,73603818616979456,,0,4,,,3300,,20,20,43211,44200,,23055618,,,,,,,11063,3,0,0,0
173753,73603819088969728,,0,4,,,3300,,20,20,43211,44200,,23055618,,,,,,,8909,3,0,0,0
173754,73603819639603200,,0,4,,,3300,,20,20,43211,44200,,23055618,,,,,,,10469,3,0,0,0
173755,73603820190236672,,0,4,,,3300,,20,20,43211,44200,,23055618,,,,,,,10482,3,0,0,0
173756,73603820662685696,,0,4,,,3300,,20,20,43211,44200,,23055618,,,,,,,9028,3,0,0,0
173757,73603821087257826,,0,4,-1.0,21300.0,3300,490.0,20,20,43211,44200,,23055618,,,,,,,9228,1,45250,0,0
173758,73603821212925952,,0,4,,,3300,,20,20,43211,44200,,23055618,,,,,,,1994,3,0,0,0
173759,73603821763493888,,0,4,,,3300,,20,20,43211,44200,,23055618,,,,,,,9771,3,0,0,0
173760,73603822235418624,,0,4,,,3300,,20,20,43211,44200,,23055618,,,,,,,9012,3,0,0,0
173761,73603822864695296,,0,4,,,3300,,20,20,43211,44200,,23055618,,,,,,,12624,3,0,0,0
173762,73603823355953152,,0,4,,,3300,,20,20,43211,44200,,23055618,,,,,,,12008,3,0,0,0
173763,73603823924084736,,0,4,,,3300,,20,20,43211,44200,,23055618,,,,,,,7591,3,0,0,0
173764,73603824396075008,,0,4,,,3300,,20,20,43211,44200,,23055618,,,,,,,8994,3,0,0,0
173765,73603824955621376,,0,4,,,3300,,20,20,43211,44200,,23055618,,,,,,,10655,3,0,0,0
173766,73603824921256258,,0,4,-1.0,21300.0,3300,490.0,20,20,43211,44200,,23055618,,,,,,,1193,1,45250,0,0
173767,73603825443930112,,0,4,,,3300,,20,20,43211,44200,,23055618,,,,,,,8469,3,0,0,0
173768,73603825997053952,,0,4,,,3300,,20,20,43211,44200,,23055618,,,,,,,10205,3,0,0,0
173769,73603826547556352,,0,4,,,3300,,20,20,43211,44200,,23055618,,,,,,,10485,3,0,0,0
173770,73603827129384960,,0,4,,,3300,,20,20,43211,44200,,23055618,,,,,,,12890,3,0,0,0
173771,73603827542917120,,0,4,,,3300,,20,20,43211,44200,,23055618,,,,,,,6211,3,0,0,0
173772,73603828093485056,,0,4,,,3300,,20,20,43211,44200,,23055618,,,,,,,10401,3,0,0,0
173773,73603828659585024,,0,4,,,3300,,20,20,43211,44200,,23055618,,,,,,,10799,3,0,0,0
173774,73603829291417600,,0,4,,,3300,,20,20,43211,44200,,23055618,,,,,,,12205,3,0,0,0
173775,73603829822783488,,0,4,,,3300,,20,20,43211,44200,,23055618,,,,,,,10920,3,0,0,0
173776,73603830327803904,,0,4,,,3300,,20,20,43211,44200,,23055618,,,,,,,9321,3,0,0,0
173777,73603830799794176,,0,4,,,3300,,20,20,43211,44200,,23055618,,,,,,,8374,3,0,0,0
173778,73603831350296576,,0,4,,,3300,,20,20,43211,44200,,23055618,,,,,,,10500,3,0,0,0
173779,73603831858003968,,0,4,,,3300,,20,20,43211,44200,,23055618,,,,,,,9690,3,0,0,0
173780,73603832441798656,,0,4,,,3300,,20,20,43211,44200,,23055618,,,,,,,11458,3,0,0,0
173781,73603832934039552,,0,4,,,3300,,20,20,43211,44200,,23055618,,,,,,,9074,3,0,0,0
173782,73603833484673024,,0,4,,,3300,,20,20,43211,44200,,23055618,,,,,,,10485,3,0,0,0
173783,73603833956663296,,0,4,,,3300,,20,20,43211,44200,,23055618,,,,,,,9005,3,0,0,0
173784,73603834480885760,,0,4,,,3300,,20,20,43211,44200,,23055618,,,,,,,10009,3,0,0,0
173785,73603835032633344,,0,4,,,3300,,20,20,43211,44200,,23055618,,,,,,,10517,3,0,0,0
173786,73603835019677326,,0,4,-1.0,21300.0,3300,490.0,20,20,43211,44200,,23055618,,,,,,,829,1,45250,0,0
173787,73603835633532928,,0,4,,,3300,,20,20,43211,44200,,23055618,,,,,,,11837,3,0,0,0
173788,73603836118106112,,0,4,,,3300,,20,20,43211,44200,,23055618,,,,,,,8050,3,0,0,0
173789,73603836668805120,,0,4,,,3300,,20,20,43211,44200,,23055618,,,,,,,11720,3,0,0,0
173790,73603837140795392,,0,4,,,3300,,20,20,43211,44200,,23055618,,,,,,,8304,3,0,0,0
173791,73603837718036480,,0,4,,,3300,,20,20,43211,44200,,23055618,,,,,,,14146,3,0,0,0
173792,73603838208376832,,0,4,,,3300,,20,20,43211,44200,,23055618,,,,,,,5672,3,0,0,0
173793,73603838724538368,,0,4,,,3300,,20,20,43211,44200,,23055618,,,,,,,9934,3,0,0,0
173794,73603839285329920,,0,4,,,3300,,20,20,43211,44200,,23055618,,,,,,,10608,3,0,0,0
173795,73603839835963392,,0,4,,,3300,,20,20,43211,44200,,23055618,,,,,,,10509,3,0,0,0
173796,73603839860289629,,0,4,-1.0,21300.0,3300,490.0,20,20,43211,44200,,23055618,,,,,,,1580,1,45250,0,0
173797,73603840288751616,,0,4,,,3300,,20,20,43211,44200,,23055618,,,,,,,8706,3,0,0,0
173798,73603840853475328,,0,4,,,3300,,20,20,43211,44200,,23055618,,,,,,,9148,3,0,0,0
173799,73603841404043264,,0,4,,,3300,,20,20,43211,44200,,23055618,,,,,,,12014,3,0,0,0
173800,73603842052456448,,0,4,,,3300,,20,20,43211,44200,,23055618,,,,,,,11043,3,0,0,0
173801,73603842603089920,,0,4,,,3300,,20,20,43211,44200,,23055618,,,,,,,10303,3,0,0,0
173802,73603843153788928,,0,4,,,3300,,20,20,43211,44200,,23055618,,,,,,,10510,3,0,0,0
173803,73603843285814873,,0,4,-1.0,21300.0,3300,490.0,20,20,43211,44200,,23055618,,,,,,,3473,1,45250,0,0
173804,73603843625975808,,0,4,,,3300,,20,20,43211,44200,,23055618,,,,,,,5512,3,0,0,0
173805,73603844196007936,,0,4,,,3300,,20,20,43211,44200,,23055618,,,,,,,11404,3,0,0,0
173806,73603844654366720,,0,4,,,3300,,20,20,43211,44200,,23055618,,,,,,,8352,3,0,0,0
173807,73603845204803584,,0,4,,,3300,,20,20,43211,44200,,23055618,,,,,,,10357,3,0,0,0
173808,73603845755502592,,0,4,,,3300,,20,20,43211,44200,,23055618,,,,,,,10507,3,0,0,0
173809,73603846227492864,,0,4,,,3300,,20,20,43211,44200,,23055618,,,,,,,9016,3,0,0,0
173810,73603846778126336,,0,4,,,3300,,20,20,43211,44200,,23055618,,,,,,,10503,3,0,0,0
173811,73603847287144448,,0,4,,,3300,,20,20,43211,44200,,23055618,,,,,,,11769,3,0,0,0
173812,73603847868579840,,0,4,,,3300,,20,20,43211,44200,,23055618,,,,,,,9092,3,0,0,0
173813,73603848419278848,,0,4,,,3300,,20,20,43211,44200,,23055618,,,,,,,10424,3,0,0,0
173814,73603848689463329,,0,4,-1.0,21300.0,3300,490.0,20,20,43211,44200,,23055618,,,,,,,6903,1,45250,0,0
173815,73603848969846784,,0,4,,,3300,,20,20,43211,44200,,23055618,,,,,,,3600,3,0,0,0
173816,73603849441771520,,0,4,,,3300,,20,20,43211,44200,,23055618,,,,,,,9329,3,0,0,0
173817,73603849992404992,,0,4,,,3300,,20,20,43211,44200,,23055618,,,,,,,10289,3,0,0,0
173818,73603850543104000,,0,4,,,3300,,20,20,43211,44200,,23055618,,,,,,,10405,3,0,0,0
173819,73603851026825216,,0,4,,,3300,,20,20,43211,44200,,23055618,,,,,,,9210,3,0,0,0
173820,73603851579097088,,0,4,,,3300,,20,20,43211,44200,,23055618,,,,,,,10641,3,0,0,0
173821,73603852129665024,,0,4,,,3300,,20,20,43211,44200,,23055618,,,,,,,10382,3,0,0,0
173822,73603852377959355,,0,4,-1.0,21300.0,3300,490.0,20,20,43211,44200,,23055618,,,,,,,5758,1,45250,0,0
173823,73603852606636032,,0,4,,,3300,,20,20,43211,44200,,23055618,,,,,,,3351,3,0,0,0
173824,73603853157203968,,0,4,,,3300,,20,20,43211,44200,,23055618,,,,,,,10509,3,0,0,0
173825,73603853629128704,,0,4,,,3300,,20,20,43211,44200,,23055618,,,,,,,8994,3,0,0,0
173826,73603854179893248,,0,4,,,3300,,20,20,43211,44200,,23055618,,,,,,,10542,3,0,0,0
173827,73603854730461184,,0,4,,,3300,,20,20,43211,44200,,23055618,,,,,,,10534,3,0,0,0
173828,73603855281160192,,0,4,,,3300,,20,20,43211,44200,,23055618,,,,,,,10426,3,0,0,0
173829,73603855831728128,,0,4,,,3300,,20,20,43211,44200,,23055618,,,,,,,10508,3,0,0,0
173830,73603855826919509,,0,4,-1.0,21300.0,3300,490.0,20,20,43211,44200,,23055618,,,,,,,991,1,45250,0,0
173831,73603856304046080,,0,4,,,3300,,20,20,43211,44200,,23055618,,,,,,,8028,3,0,0,0
173832,73603856854614016,,0,4,,,3300,,20,20,43211,44200,,23055618,,,,,,,10479,3,0,0,0
173833,73603857405247488,,0,4,,,3300,,20,20,43211,44200,,23055618,,,,,,,10515,3,0,0,0
173834,73603857877434368,,0,4,,,3300,,20,20,43211,44200,,23055618,,,,,,,13599,3,0,0,0
173835,73603858439995392,,0,4,,,3300,,20,20,43211,44200,,23055618,,,,,,,6139,3,0,0,0
173836,73603858965069824,,0,4,,,3300,,20,20,43211,44200,,23055618,,,,,,,10017,3,0,0,0
173837,73603859515572224,,0,4,,,3300,,20,20,43211,44200,,23055618,,,,,,,10498,3,0,0,0
173838,73603859987628032,,0,4,,,3300,,20,20,43211,44200,,23055618,,,,,,,8990,3,0,0,0
173839,73603860323398206,,0,4,-1.0,21300.0,3300,490.0,20,20,43211,44200,,23055618,,,,,,,7507,1,45250,0,0
173840,73603860538458112,,0,4,,,3300,,20,20,43211,44200,,23055618,,,,,,,3015,3,0,0,0
173841,73603861091909632,,0,4,,,3300,,20,20,43211,44200,,23055618,,,,,,,10558,3,0,0,0
173842,73603861642608640,,0,4,,,3300,,20,20,43211,44200,,23055618,,,,,,,10558,3,0,0,0
173843,73603862114467840,,0,4,,,3300,,20,20,43211,44200,,23055618,,,,,,,12050,3,0,0,0
173844,73603862631809024,,0,4,,,3300,,20,20,43211,44200,,23055618,,,,,,,6988,3,0,0,0
173845,73603863182442496,,0,4,,,3300,,20,20,43211,44200,,23055618,,,,,,,10286,3,0,0,0
173846,73603863733010432,,0,4,,,3300,,20,20,43211,44200,,23055618,,,,,,,10486,3,0,0,0
173847,73603864205000704,,0,4,,,3300,,20,20,43211,44200,,23055618,,,,,,,8997,3,0,0,0
173848,73603864705697264,,0,4,-1.0,21300.0,3300,490.0,20,20,43211,44200,,23055618,,,,,,,29,1,45250,0,0
173849,73603865308954624,,0,4,,,3300,,20,20,43211,44200,,23055618,,,,,,,14202,3,0,0,0
173850,73603865805455360,,0,4,,,3300,,20,20,43211,44200,,23055618,,,,,,,5778,3,0,0,0
173851,73603866356023296,,0,4,,,3300,,20,20,43211,44200,,23055618,,,,,,,10502,3,0,0,0
173852,73603866826178560,,0,4,,,3300,,20,20,43211,44200,,23055618,,,,,,,9989,3,0,0,0
173853,73603867541110784,,0,4,,,3300,,20,20,43211,44200,,23055618,,,,,,,12795,3,0,0,0
173854,73603868091809792,,0,4,,,3300,,20,20,43211,44200,,23055618,,,,,,,10459,3,0,0,0
173855,73603868656795648,,0,4,,,3300,,20,20,43211,44200,,23055618,,,,,,,10646,3,0,0,0
173856,73603869128785920,,0,4,,,3300,,20,20,43211,44200,,23055618,,,,,,,10925,3,0,0,0
173857,73603869707010048,,0,4,,,3300,,20,20,43211,44200,,23055618,,,,,,,9106,3,0,0,0
173858,73603870179000320,,0,4,,,3300,,20,20,43211,44200,,23055618,,,,,,,8997,3,0,0,0
173859,73603870729830400,,0,4,,,3300,,20,20,43211,44200,,23055618,,,,,,,10494,3,0,0,0
173860,73603871201755136,,0,4,,,3300,,20,20,43211,44200,,23055618,,,,,,,9041,3,0,0,0
173861,73603871752454144,,0,4,,,3300,,20,20,43211,44200,,23055618,,,,,,,10474,3,0,0,0
173862,73603872163313439,,0,4,-1.0,21300.0,3300,490.0,20,20,43211,44200,,23055618,,,,,,,8961,1,45250,0,0
173863,73603872303087616,,0,4,,,3300,,20,20,43211,44200,,23055618,,,,,,,1533,3,0,0,0
173864,73603872775012352,,0,4,,,3300,,20,20,43211,44200,,23055618,,,,,,,11439,3,0,0,0
173865,73603873300480000,,0,4,,,3300,,20,20,43211,44200,,23055618,,,,,,,7617,3,0,0,0
173866,73603874045820928,,0,4,,,3300,,20,20,43211,44200,,23055618,,,,,,,14209,3,0,0,0
173867,73603874517745664,,0,4,,,3300,,20,20,43211,44200,,23055618,,,,,,,9002,3,0,0,0
173868,73603875042689024,,0,4,,,3300,,20,20,43211,44200,,23055618,,,,,,,10001,3,0,0,0
173869,73603875593388032,,0,4,,,3300,,20,20,43211,44200,,23055618,,,,,,,10518,3,0,0,0
173870,73603876150640640,,0,4,,,3300,,20,20,43211,44200,,23055618,,,,,,,10598,3,0,0,0
173871,73603876622565376,,0,4,,,3300,,20,20,43211,44200,,23055618,,,,,,,9025,3,0,0,0
173872,73603877065805851,,0,4,-1.0,21300.0,3300,490.0,20,20,43211,44200,,23055618,,,,,,,9667,1,45250,0,0
173873,73603877173329920,,0,4,,,3300,,20,20,43211,44200,,23055618,,,,,,,1009,3,0,0,0
173874,73603877720293376,,0,4,,,3300,,20,20,43211,44200,,23055618,,,,,,,10587,3,0,0,0
173875,73603878192021504,,0,4,,,3300,,20,20,43211,44200,,23055618,,,,,,,8671,3,0,0,0
173876,73603878742523904,,0,4,,,3300,,20,20,43211,44200,,23055618,,,,,,,10527,3,0,0,0
173877,73603879238172672,,0,4,,,3300,,20,20,43211,44200,,23055618,,,,,,,9424,3,0,0,0
173878,73603879788740608,,0,4,,,3300,,20,20,43211,44200,,23055618,,,,,,,10507,3,0,0,0
173879,73603880575369216,,0,4,,,3300,,20,20,43211,44200,,23055618,,,,,,,14994,3,0,0,0
173880,73603881125937152,,0,4,,,3300,,20,20,43211,44200,,23055618,,,,,,,10506,3,0,0,0
173881,73603881359075847,,0,4,-1.0,21300.0,3300,490.0,20,20,43211,44200,,23055618,,,,,,,5634,1,45250,0,0
173882,73603881598058496,,0,4,,,3300,,20,20,43211,44200,,23055618,,,,,,,3936,3,0,0,0
173883,73603882148757504,,0,4,,,3300,,20,20,43211,44200,,23055618,,,,,,,9935,3,0,0,0
173884,73603882699194368,,0,4,,,3300,,20,20,43211,44200,,23055618,,,,,,,10502,3,0,0,0
173885,73603883174461440,,0,4,,,3300,,20,20,43211,44200,,23055618,,,,,,,9892,3,0,0,0
173886,73603883696914432,,0,4,,,3300,,20,20,43211,44200,,23055618,,,,,,,9133,3,0,0,0
173887,73603884247547904,,0,4,,,3300,,20,20,43211,44200,,23055618,,,,,,,10504,3,0,0,0
173888,73603884798181376,,0,4,,,3300,,20,20,43211,44200,,23055618,,,,,,,10528,3,0,0,0
173889,73603885106370307,,0,4,-1.0,21300.0,3300,490.0,20,20,43211,44200,,23055618,,,,,,,7128,1,45250,0,0
173890,73603885270237184,,0,4,,,3300,,20,20,43211,44200,,23055618,,,,,,,1852,3,0,0,0
173891,73603885842235392,,0,4,,,3300,,20,20,43211,44200,,23055618,,,,,,,10913,3,0,0,0
173892,73603886314553344,,0,4,,,3300,,20,20,43211,44200,,23055618,,,,,,,9006,3,0,0,0
173893,73603886943436800,,0,4,,,3300,,20,20,43211,44200,,23055618,,,,,,,12127,3,0,0,0
173894,73603887494004736,,0,4,,,3300,,20,20,43211,44200,,23055618,,,,,,,10625,3,0,0,0
173895,73603888044703744,,0,4,,,3300,,20,20,43211,44200,,23055618,,,,,,,10243,3,0,0,0
173896,73603888516628480,,0,4,,,3300,,20,20,43211,44200,,23055618,,,,,,,8996,3,0,0,0
173897,73603889067261952,,0,4,,,3300,,20,20,43211,44200,,23055618,,,,,,,10505,3,0,0,0
173898,73603889691361280,,0,4,,,3300,,20,20,43211,44200,,23055618,,,,,,,12077,3,0,0,0
173899,73603889877756419,,0,4,-1.0,21300.0,3300,490.0,20,20,43211,44200,,23055618,,,,,,,4383,1,45250,0,0
173900,73603890136612864,,0,4,,,3300,,20,20,43211,44200,,23055618,,,,,,,3938,3,0,0,0
173901,73603890618761216,,0,4,,,3300,,20,20,43211,44200,,23055618,,,,,,,9211,3,0,0,0
173902,73603891169198080,,0,4,,,3300,,20,20,43211,44200,,23055618,,,,,,,10486,3,0,0,0
173903,73603891719831552,,0,4,,,3300,,20,20,43211,44200,,23055618,,,,,,,14252,3,0,0,0
173904,73603892332068864,,0,4,,,3300,,20,20,43211,44200,,23055618,,,,,,,9260,3,0,0,0
173905,73603892804190208,,0,4,,,3300,,20,20,43211,44200,,23055618,,,,,,,7677,3,0,0,0
173906,73603893354692608,,0,4,,,3300,,20,20,43211,44200,,23055618,,,,,,,10496,3,0,0,0
173907,73603893905326080,,0,4,,,3300,,20,20,43211,44200,,23055618,,,,,,,10528,3,0,0,0
173908,73603894377316352,,0,4,,,3300,,20,20,43211,44200,,23055618,,,,,,,8982,3,0,0,0
173909,73603894927949824,,0,4,,,3300,,20,20,43211,44200,,23055618,,,,,,,13958,3,0,0,0
173910,73603895433953280,,0,4,,,3300,,20,20,43211,44200,,23055618,,,,,,,6190,3,0,0,0
173911,73603895402521717,,0,4,-1.0,21300.0,3300,490.0,20,20,43211,44200,,23055618,,,,,,,1091,1,45250,0,0
173912,73603896007458816,,0,4,,,3300,,20,20,43211,44200,,23055618,,,,,,,9850,3,0,0,0
173913,73603896211476872,,0,4,-1.0,21300.0,3300,490.0,20,20,43211,44200,,23055618,,,,,,,5052,1,45250,0,0
173914,73603896479449088,,0,4,,,3300,,20,20,43211,44200,,23055618,,,,,,,3948,3,0,0,0
173915,73603897029951488,,0,4,,,3300,,20,20,43211,44200,,23055618,,,,,,,10521,3,0,0,0
173916,73603897602211840,,0,4,,,3300,,20,20,43211,44200,,23055618,,,,,,,10954,3,0,0,0
173917,73603898099302400,,0,4,,,3300,,20,20,43211,44200,,23055618,,,,,,,9408,3,0,0,0
173918,73603898571292672,,0,4,,,3300,,20,20,43211,44200,,23055618,,,,,,,9097,3,0,0,0
173919,73603899121860608,,0,4,,,3300,,20,20,43211,44200,,23055618,,,,,,,10425,3,0,0,0
173920,73603899850555392,,0,4,,,3300,,20,20,43211,44200,,23055618,,,,,,,14764,3,0,0,0
173921,73603900328378368,,0,4,,,3300,,20,20,43211,44200,,23055618,,,,,,,8246,3,0,0,0
173922,73603900413226990,,0,4,-1.0,21300.0,3300,490.0,20,20,43211,44200,,23055618,,,,,,,2756,1,45250,0,0
173923,73603900888186880,,0,4,,,3300,,20,20,43211,44200,,23055618,,,,,,,10480,3,0,0,0
173924,73603901099392324,,0,4,-1.0,21300.0,3300,490.0,20,20,43211,44200,,23055618,,,,,,,3413,1,45250,0,0
173925,73603901397073920,,0,4,,,3300,,20,20,43211,44200,,23055618,,,,,,,5584,3,0,0,0
173926,73603901898752000,,0,4,,,3300,,20,20,43211,44200,,23055618,,,,,,,7718,3,0,0,0
173927,73603902366744576,,0,4,,,3300,,20,20,43211,44200,,23055618,,,,,,,8919,3,0,0,0
173928,73603902921441280,,0,4,,,3300,,20,20,43211,44200,,23055618,,,,,,,10606,3,0,0,0
173929,73603903433605120,,0,4,,,3300,,20,20,43211,44200,,23055618,,,,,,,10079,3,0,0,0
173930,73603903984304128,,0,4,,,3300,,20,20,43211,44200,,23055618,,,,,,,14460,3,0,0,0
173931,73603904406404641,,0,4,-1.0,21300.0,3300,490.0,20,20,43211,44200,,23055618,,,,,,,4895,1,45250,0,0
173932,73603904525434880,,0,4,,,3300,,20,20,43211,44200,,23055618,,,,,,,1139,3,0,0,0
173933,73603905006075904,,0,4,,,3300,,20,20,43211,44200,,23055618,,,,,,,9167,3,0,0,0
173934,73603905556512768,,0,4,,,3300,,20,20,43211,44200,,23055618,,,,,,,10488,3,0,0,0
173935,73603906107211776,,0,4,,,3300,,20,20,43211,44200,,23055618,,,,,,,10537,3,0,0,0
173936,73603906753003520,,0,4,,,3300,,20,20,43211,44200,,23055618,,,,,,,13779,3,0,0,0
173937,73603907151265792,,0,4,,,3300,,20,20,43211,44200,,23055618,,,,,,,6119,3,0,0,0
173938,73603907701899264,,0,4,,,3300,,20,20,43211,44200,,23055618,,,,,,,10512,3,0,0,0
173939,73603907972847142,,0,4,-1.0,21300.0,3300,490.0,20,20,43211,44200,,23055618,,,,,,,6140,1,45250,0,0
173940,73603908174479360,,0,4,,,3300,,20,20,43211,44200,,23055618,,,,,,,2860,3,0,0,0
173941,73603908724457472,,0,4,,,3300,,20,20,43211,44200,,23055618,,,,,,,10515,3,0,0,0
173942,73603909275287552,,0,4,,,3300,,20,20,43211,44200,,23055618,,,,,,,10481,3,0,0,0
173943,73603909747277824,,0,4,,,3300,,20,20,43211,44200,,23055618,,,,,,,9018,3,0,0,0
173944,73603910332907520,,0,4,,,3300,,20,20,43211,44200,,23055618,,,,,,,12113,3,0,0,0
173945,73603910834454528,,0,4,,,3300,,20,20,43211,44200,,23055618,,,,,,,8626,3,0,0,0
173946,73603911385088000,,0,4,,,3300,,20,20,43211,44200,,23055618,,,,,,,10484,3,0,0,0
173947,73603911554512178,,0,4,-1.0,21300.0,3300,490.0,20,20,43211,44200,,23055618,,,,,,,4473,1,45250,0,0
173948,73603911857602560,,0,4,,,3300,,20,20,43211,44200,,23055618,,,,,,,4642,3,0,0,0
173949,73603912671035392,,0,4,,,3300,,20,20,43211,44200,,23055618,,,,,,,15423,3,0,0,0
173950,73603913221799936,,0,4,,,3300,,20,20,43211,44200,,23055618,,,,,,,10964,3,0,0,0
173951,73603913693724672,,0,4,,,3300,,20,20,43211,44200,,23055618,,,,,,,8531,3,0,0,0
173952,73603914252943360,,0,4,,,3300,,20,20,43211,44200,,23055618,,,,,,,10676,3,0,0,0
173953,73603914737188864,,0,4,,,3300,,20,20,43211,44200,,23055618,,,,,,,9227,3,0,0,0
173954,73603915287756800,,0,4,,,3300,,20,20,43211,44200,,23055618,,,,,,,11342,3,0,0,0
173955,73603915802148864,,0,4,,,3300,,20,20,43211,44200,,23055618,,,,,,,9050,3,0,0,0
173956,73603916237736025,,0,4,-1.0,21300.0,3300,490.0,20,20,43211,44200,,23055618,,,,,,,9353,1,45250,0,0
173957,73603916352782336,,0,4,,,3300,,20,20,43211,44200,,23055618,,,,,,,1056,3,0,0,0
173958,73603916837486592,,0,4,,,3300,,20,20,43211,44200,,23055618,,,,,,,9260,3,0,0,0
173959,73603917388054528,,0,4,,,3300,,20,20,43211,44200,,23055618,,,,,,,10502,3,0,0,0
173960,73603917938688000,,0,4,,,3300,,20,20,43211,44200,,23055618,,,,,,,10582,3,0,0,0
173961,73603918410612736,,0,4,,,3300,,20,20,43211,44200,,23055618,,,,,,,10132,3,0,0,0
173962,73603919022718976,,0,4,,,3300,,20,20,43211,44200,,23055618,,,,,,,10509,3,0,0,0
173963,73603919379832491,,0,4,-1.0,21300.0,3300,490.0,20,20,43211,44200,,23055618,,,,,,,7767,1,45250,0,0
173964,73603919601860608,,0,4,,,3300,,20,20,43211,44200,,23055618,,,,,,,3254,3,0,0,0
173965,73603920073785344,,0,4,,,3300,,20,20,43211,44200,,23055618,,,,,,,8992,3,0,0,0
173966,73603920624484352,,0,4,,,3300,,20,20,43211,44200,,23055618,,,,,,,10501,3,0,0,0
173967,73603921175117824,,0,4,,,3300,,20,20,43211,44200,,23055618,,,,,,,10540,3,0,0,0
173968,73603921647042560,,0,4,,,3300,,20,20,43211,44200,,23055618,,,,,,,10090,3,0,0,0
173969,73603922197610496,,0,4,,,3300,,20,20,43211,44200,,23055618,,,,,,,10084,3,0,0,0
173970,73603922748309504,,0,4,,,3300,,20,20,43211,44200,,23055618,,,,,,,11405,3,0,0,0
173971,73603923103925044,,0,4,-1.0,21300.0,3300,490.0,20,20,43211,44200,,23055618,,,,,,,6328,1,45250,0,0
173972,73603923230982144,,0,4,,,3300,,20,20,43211,44200,,23055618,,,,,,,1257,3,0,0,0
173973,73603923784695808,,0,4,,,3300,,20,20,43211,44200,,23055618,,,,,,,10603,3,0,0,0
173974,73603924256555008,,0,4,,,3300,,20,20,43211,44200,,23055618,,,,,,,8949,3,0,0,0
173975,73603924882685952,,0,4,,,3300,,20,20,43211,44200,,23055618,,,,,,,13019,3,0,0,0
173976,73603925433253888,,0,4,,,3300,,20,20,43211,44200,,23055618,,,,,,,9954,3,0,0,0
173977,73603925983887360,,0,4,,,3300,,20,20,43211,44200,,23055618,,,,,,,9982,3,0,0,0
173978,73603926455877632,,0,4,,,3300,,20,20,43211,44200,,23055618,,,,,,,9035,3,0,0,0
173979,73603927006445568,,0,4,,,3300,,20,20,43211,44200,,23055618,,,,,,,10464,3,0,0,0
173980,73603927557144576,,0,4,,,3300,,20,20,43211,44200,,23055618,,,,,,,10498,3,0,0,0
173981,73603927842113152,,0,4,-1.0,21300.0,3300,490.0,20,20,43211,44200,,23055618,,,,,,,6451,1,45250,0,0
173982,73603928029265920,,0,4,,,3300,,20,20,43211,44200,,23055618,,,,,,,2654,3,0,0,0
173983,73603928597397504,,0,4,,,3300,,20,20,43211,44200,,23055618,,,,,,,10827,3,0,0,0
173984,73603929148096512,,0,4,,,3300,,20,20,43211,44200,,23055618,,,,,,,10427,3,0,0,0
173985,73603929625001984,,0,4,,,3300,,20,20,43211,44200,,23055618,,,,,,,9255,3,0,0,0
173986,73603930203226112,,0,4,,,3300,,20,20,43211,44200,,23055618,,,,,,,10884,3,0,0,0
173987,73603930675216384,,0,4,,,3300,,20,20,43211,44200,,23055618,,,,,,,8988,3,0,0,0
173988,73603931225849856,,0,4,,,3300,,20,20,43211,44200,,23055618,,,,,,,10542,3,0,0,0
173989,73603931776483328,,0,4,,,3300,,20,20,43211,44200,,23055618,,,,,,,10471,3,0,0,0
173990,73603932248473600,,0,4,,,3300,,20,20,43211,44200,,23055618,,,,,,,11630,3,0,0,0
173991,73603932627427835,,0,4,-1.0,21300.0,3300,490.0,20,20,43211,44200,,23055618,,,,,,,5589,1,45250,0,0
173992,73603932785082368,,0,4,,,3300,,20,20,43211,44200,,23055618,,,,,,,2014,3,0,0,0
173993,73603933339910144,,0,4,,,3300,,20,20,43211,44200,,23055618,,,,,,,10582,3,0,0,0
173994,73603933811900416,,0,4,,,3300,,20,20,43211,44200,,23055618,,,,,,,9001,3,0,0,0
173995,73603934362533888,,0,4,,,3300,,20,20,43211,44200,,23055618,,,,,,,11226,3,0,0,0
173996,73603934913167360,,0,4,,,3300,,20,20,43211,44200,,23055618,,,,,,,9788,3,0,0,0
173997,73603935385223168,,0,4,,,3300,,20,20,43211,44200,,23055618,,,,,,,8995,3,0,0,0
173998,73603935935791104,,0,4,,,3300,,20,20,43211,44200,,23055618,,,,,,,12566,3,0,0,0
173999,73603936424034304,,0,4,,,3300,,20,20,43211,44200,,23055618,,,,,,,7236,3,0,0,0
174000,73603936974733312,,0,4,,,3300,,20,20,43211,44200,,23055618,,,,,,,10500,3,0,0,0
174001,73603937525301248,,0,4,,,3300,,20,20,43211,44200,,23055618,,,,,,,10528,3,0,0,0
174002,73603937625451773,,0,4,-1.0,21300.0,3300,490.0,20,20,43211,44200,,23055618,,,,,,,3075,1,45250,0,0
174003,73603938076000256,,0,4,,,3300,,20,20,43211,44200,,23055618,,,,,,,7420,3,0,0,0
174004,73603938626633728,,0,4,,,3300,,20,20,43211,44200,,23055618,,,,,,,10498,3,0,0,0
174005,73603939088400384,,0,4,,,3300,,20,20,43211,44200,,23055618,,,,,,,9337,3,0,0,0
174006,73603939638837248,,0,4,,,3300,,20,20,43211,44200,,23055618,,,,,,,9969,3,0,0,0
174007,73603940189732864,,0,4,,,3300,,20,20,43211,44200,,23055618,,,,,,,10842,3,0,0,0
174008,73603940724178944,,0,4,,,3300,,20,20,43211,44200,,23055618,,,,,,,9881,3,0,0,0
174009,73603940966810969,,0,4,-1.0,21300.0,3300,490.0,20,20,43211,44200,,23055618,,,,,,,5760,1,45250,0,0
174010,73603941196759040,,0,4,,,3300,,20,20,43211,44200,,23055618,,,,,,,3408,3,0,0,0
174011,73603941747392512,,0,4,,,3300,,20,20,43211,44200,,23055618,,,,,,,10314,3,0,0,0
174012,73603942298025984,,0,4,,,3300,,20,20,43211,44200,,23055618,,,,,,,10504,3,0,0,0
174013,73603942770016256,,0,4,,,3300,,20,20,43211,44200,,23055618,,,,,,,9631,3,0,0,0
174014,73603943320780800,,0,4,,,3300,,20,20,43211,44200,,23055618,,,,,,,9891,3,0,0,0
174015,73603943871348736,,0,4,,,3300,,20,20,43211,44200,,23055618,,,,,,,10507,3,0,0,0
174016,73603944421982208,,0,4,,,3300,,20,20,43211,44200,,23055618,,,,,,,10579,3,0,0,0
174017,73603944973139968,,0,4,,,3300,,20,20,43211,44200,,23055618,,,,,,,10428,3,0,0,0
174018,73603945523707904,,0,4,,,3300,,20,20,43211,44200,,23055618,,,,,,,10513,3,0,0,0
174019,73603945995829248,,0,4,,,3300,,20,20,43211,44200,,23055618,,,,,,,8995,3,0,0,0
174020,73603946546397184,,0,4,,,3300,,20,20,43211,44200,,23055618,,,,,,,10488,3,0,0,0
174021,73603947097227264,,0,4,,,3300,,20,20,43211,44200,,23055618,,,,,,,10502,3,0,0,0
174022,73603947569217536,,0,4,,,3300,,20,20,43211,44200,,23055618,,,,,,,9036,3,0,0,0
174023,73603948119785472,,0,4,,,3300,,20,20,43211,44200,,23055618,,,,,,,10470,3,0,0,0
174024,73603948591841280,,0,4,,,3300,,20,20,43211,44200,,23055618,,,,,,,9015,3,0,0,0
174025,73603949142409216,,0,4,,,3300,,20,20,43211,44200,,23055618,,,,,,,10504,3,0,0,0
174026,73603949693108224,,0,4,,,3300,,20,20,43211,44200,,23055618,,,,,,,10496,3,0,0,0
174027,73603950026295026,,0,4,-1.0,21300.0,3300,490.0,20,20,43211,44200,,23055618,,,,,,,7343,1,45250,0,0
174028,73603950165098496,,0,4,,,3300,,20,20,43211,44200,,23055618,,,,,,,1665,3,0,0,0
174029,73603950836580352,,0,4,,,3300,,20,20,43211,44200,,23055618,,,,,,,13371,3,0,0,0
174030,73603951308570624,,0,4,,,3300,,20,20,43211,44200,,23055618,,,,,,,8452,3,0,0,0
174031,73603951859204096,,0,4,,,3300,,20,20,43211,44200,,23055618,,,,,,,11622,3,0,0,0
174032,73603952331128832,,0,4,,,3300,,20,20,43211,44200,,23055618,,,,,,,7874,3,0,0,0
174033,73603952881827840,,0,4,,,3300,,20,20,43211,44200,,23055618,,,,,,,10500,3,0,0,0
174034,73603953432395776,,0,4,,,3300,,20,20,43211,44200,,23055618,,,,,,,10490,3,0,0,0
174035,73603953946329088,,0,4,,,3300,,20,20,43211,44200,,23055618,,,,,,,9825,3,0,0,0
174036,73603954418253824,,0,4,,,3300,,20,20,43211,44200,,23055618,,,,,,,8982,3,0,0,0
174037,73603954516894319,,0,4,-1.0,21300.0,3300,490.0,20,20,43211,44200,,23055618,,,,,,,3011,1,45250,0,0
174038,73603954969083904,,0,4,,,3300,,20,20,43211,44200,,23055618,,,,,,,7505,3,0,0,0
174039,73603955519586304,,0,4,,,3300,,20,20,43211,44200,,23055618,,,,,,,10509,3,0,0,0
174040,73603955991576576,,0,4,,,3300,,20,20,43211,44200,,23055618,,,,,,,9006,3,0,0,0
174041,73603956542144512,,0,4,,,3300,,20,20,43211,44200,,23055618,,,,,,,10989,3,0,0,0
174042,73603957105754112,,0,4,,,3300,,20,20,43211,44200,,23055618,,,,,,,10280,3,0,0,0
174043,73603957656322048,,0,4,,,3300,,20,20,43211,44200,,23055618,,,,,,,10481,3,0,0,0
174044,73603958128246784,,0,4,,,3300,,20,20,43211,44200,,23055618,,,,,,,8990,3,0,0,0
174045,73603958679076864,,0,4,,,3300,,20,20,43211,44200,,23055618,,,,,,,10520,3,0,0,0
174046,73603959230169088,,0,4,,,3300,,20,20,43211,44200,,23055618,,,,,,,10495,3,0,0,0
174047,73603959331398999,,0,4,-1.0,21300.0,3300,490.0,20,20,43211,44200,,23055618,,,,,,,3599,1,45250,0,0
174048,73603959702355968,,0,4,,,3300,,20,20,43211,44200,,23055618,,,,,,,5409,3,0,0,0
174049,73603960254300160,,0,4,,,3300,,20,20,43211,44200,,23055618,,,,,,,10531,3,0,0,0
174050,73603960726159360,,0,4,,,3300,,20,20,43211,44200,,23055618,,,,,,,8998,3,0,0,0
174051,73603961276792832,,0,4,,,3300,,20,20,43211,44200,,23055618,,,,,,,10504,3,0,0,0
174052,73603961827426304,,0,4,,,3300,,20,20,43211,44200,,23055618,,,,,,,10486,3,0,0,0
174053,73603962299482112,,0,4,,,3300,,20,20,43211,44200,,23055618,,,,,,,9036,3,0,0,0
174054,73604027715289088,,0,4,,,3300,,20,20,43211,44200,,23055619,,,,,,,1249546,3,0,0,0
174055,73603966964966876,,0,4,-1.0,21300.0,3300,490.0,20,20,43211,44200,,23055618,,,,,,,6,1,45250,0,0
174056,73603963771140318,,0,4,-1.0,21300.0,3300,490.0,20,20,43211,44200,,23055618,,,,,,,526,1,45250,0,0
174057,73603965941158982,,0,4,-1.0,21300.0,3300,490.0,20,20,43211,44200,,23055618,,,,,,,12,1,45250,0,0
174058,73604027817852928,,0,4,,,3300,,20,20,43211,44200,,23055619,,,,,,,3947,3,0,0,0
174059,73604028329058487,,0,4,-1.0,21300.0,3300,489.0,20,20,43211,44200,,23055619,,,,,,,10325,1,45250,0,0
174060,73604028644982784,,0,4,,,3300,,20,20,43211,44200,,23055619,,,,,,,1090,3,0,0,0
174061,73604028802334720,,0,4,,,3300,,20,20,43211,44200,,23055619,,,,,,,2974,3,0,0,0
174062,73604029353099264,,0,4,,,3300,,20,20,43211,44200,,23055619,,,,,,,10501,3,0,0,0
174063,73604029825024000,,0,4,,,3300,,20,20,43211,44200,,23055619,,,,,,,9021,3,0,0,0
174064,73604030376968192,,0,4,,,3300,,20,20,43211,44200,,23055619,,,,,,,10846,3,0,0,0
174065,73604030927732736,,0,4,,,3300,,20,20,43211,44200,,23055619,,,,,,,10375,3,0,0,0
174066,73604031399591936,,0,4,,,3300,,20,20,43211,44200,,23055619,,,,,,,8793,3,0,0,0
174067,73604031950225408,,0,4,,,3300,,20,20,43211,44200,,23055619,,,,,,,10498,3,0,0,0
174068,73604032474513408,,0,4,,,3300,,20,20,43211,44200,,23055619,,,,,,,10146,3,0,0,0
174069,73604033037533184,,0,4,,,3300,,20,20,43211,44200,,23055619,,,,,,,10612,3,0,0,0
174070,73604033509457920,,0,4,,,3300,,20,20,43211,44200,,23055619,,,,,,,8972,3,0,0,0
174071,73604034078834688,,0,4,,,3300,,20,20,43211,44200,,23055619,,,,,,,10875,3,0,0,0
174072,73604034408830665,,0,4,-1.0,21300.0,3300,489.0,20,20,43211,44200,,23055619,,,,,,,7423,1,45250,0,0
174073,73604034637398016,,0,4,,,3300,,20,20,43211,44200,,23055619,,,,,,,3302,3,0,0,0
174074,73604035113254912,,0,4,,,3300,,20,20,43211,44200,,23055619,,,,,,,9070,3,0,0,0
174075,73604035663888384,,0,4,,,3300,,20,20,43211,44200,,23055619,,,,,,,10455,3,0,0,0
174076,73604036186013696,,0,4,,,3300,,20,20,43211,44200,,23055619,,,,,,,9957,3,0,0,0
174077,73604036657938432,,0,4,,,3300,,20,20,43211,44200,,23055619,,,,,,,9003,3,0,0,0
174078,73604037208506368,,0,4,,,3300,,20,20,43211,44200,,23055619,,,,,,,10481,3,0,0,0
174079,73604037763661824,,0,4,,,3300,,20,20,43211,44200,,23055619,,,,,,,10591,3,0,0,0
174080,73604037875951060,,0,4,-1.0,21300.0,3300,489.0,20,20,43211,44200,,23055619,,,,,,,3225,1,45250,0,0
174081,73604038309380096,,0,4,,,3300,,20,20,43211,44200,,23055619,,,,,,,7650,3,0,0,0
174082,73604038781435904,,0,4,,,3300,,20,20,43211,44200,,23055619,,,,,,,8543,3,0,0,0
174083,73604039331938304,,0,4,,,3300,,20,20,43211,44200,,23055619,,,,,,,10496,3,0,0,0
174084,73604039901511680,,0,4,,,3300,,20,20,43211,44200,,23055619,,,,,,,11516,3,0,0,0
174085,73604040466694144,,0,4,,,3300,,20,20,43211,44200,,23055619,,,,,,,10127,3,0,0,0
174086,73604041017262080,,0,4,,,3300,,20,20,43211,44200,,23055619,,,,,,,10578,3,0,0,0
174087,73604041489383424,,0,4,,,3300,,20,20,43211,44200,,23055619,,,,,,,9153,3,0,0,0
174088,73604042043031552,,0,4,,,3300,,20,20,43211,44200,,23055619,,,,,,,10338,3,0,0,0
174089,73604042593796096,,0,4,,,3300,,20,20,43211,44200,,23055619,,,,,,,10497,3,0,0,0
174090,73604043104059392,,0,4,,,3300,,20,20,43211,44200,,23055619,,,,,,,10199,3,0,0,0
174091,73604043576049664,,0,4,,,3300,,20,20,43211,44200,,23055619,,,,,,,8545,3,0,0,0
174092,73604044126683136,,0,4,,,3300,,20,20,43211,44200,,23055619,,,,,,,10510,3,0,0,0
174093,73604044677578752,,0,4,,,3300,,20,20,43211,44200,,23055619,,,,,,,10530,3,0,0,0
174094,73604044737242336,,0,4,-1.0,21300.0,3300,489.0,20,20,43211,44200,,23055619,,,,,,,2506,1,45250,0,0
174095,73604045011173022,,0,4,-1.0,21300.0,3300,489.0,20,20,43211,44200,,23055619,,,,,,,7872,1,45250,0,0
174096,73604045164904448,,0,4,,,3300,,20,20,43211,44200,,23055619,,,,,,,295,3,0,0,0
174097,73604045673594880,,0,4,,,3300,,20,20,43211,44200,,23055619,,,,,,,8318,3,0,0,0
174098,73604046224031744,,0,4,,,3300,,20,20,43211,44200,,23055619,,,,,,,10468,3,0,0,0
174099,73604046797930496,,0,4,,,3300,,20,20,43211,44200,,23055619,,,,,,,10964,3,0,0,0
174100,73604047269855232,,0,4,,,3300,,20,20,43211,44200,,23055619,,,,,,,9010,3,0,0,0
174101,73604047821406208,,0,4,,,3300,,20,20,43211,44200,,23055619,,,,,,,10578,3,0,0,0
174102,73604048373284864,,0,4,,,3300,,20,20,43211,44200,,23055619,,,,,,,10508,3,0,0,0
174103,73604048602220797,,0,4,-1.0,21300.0,3300,489.0,20,20,43211,44200,,23055619,,,,,,,5571,1,45250,0,0
174104,73604048845996032,,0,4,,,3300,,20,20,43211,44200,,23055619,,,,,,,3645,3,0,0,0
174105,73604049396432896,,0,4,,,3300,,20,20,43211,44200,,23055619,,,,,,,10267,3,0,0,0
174106,73604049947394048,,0,4,,,3300,,20,20,43211,44200,,23055619,,,,,,,10472,3,0,0,0
174107,73604050419122176,,0,4,,,3300,,20,20,43211,44200,,23055619,,,,,,,9001,3,0,0,0
174108,73604050969690112,,0,4,,,3300,,20,20,43211,44200,,23055619,,,,,,,10506,3,0,0,0
174109,73604051520323584,,0,4,,,3300,,20,20,43211,44200,,23055619,,,,,,,10508,3,0,0,0
174110,73604052013875200,,0,4,,,3300,,20,20,43211,44200,,23055619,,,,,,,9535,3,0,0,0
174111,73604052025517026,,0,4,-1.0,21300.0,3300,489.0,20,20,43211,44200,,23055619,,,,,,,1188,1,45250,0,0
174112,73604052582137856,,0,4,,,3300,,20,20,43211,44200,,23055619,,,,,,,11031,3,0,0,0
174113,73604053214429184,,0,4,,,3300,,20,20,43211,44200,,23055619,,,,,,,10878,3,0,0,0
174114,73604053689303040,,0,4,,,3300,,20,20,43211,44200,,23055619,,,,,,,10563,3,0,0,0
174115,73604054252388352,,0,4,,,3300,,20,20,43211,44200,,23055619,,,,,,,8913,3,0,0,0
174116,73604054799810560,,0,4,,,3300,,20,20,43211,44200,,23055619,,,,,,,10880,3,0,0,0
174117,73604055271735296,,0,4,,,3300,,20,20,43211,44200,,23055619,,,,,,,8557,3,0,0,0
174118,73604055787831296,,0,4,,,3300,,20,20,43211,44200,,23055619,,,,,,,10021,3,0,0,0
174119,73604055889777394,,0,4,-1.0,21300.0,3300,489.0,20,20,43211,44200,,23055619,,,,,,,4302,1,45250,0,0
174120,73604056399413248,,0,4,,,3300,,20,20,43211,44200,,23055619,,,,,,,7797,3,0,0,0
174121,73604056902533120,,0,4,,,3300,,20,20,43211,44200,,23055619,,,,,,,8970,3,0,0,0
174122,73604057374523392,,0,4,,,3300,,20,20,43211,44200,,23055619,,,,,,,9035,3,0,0,0
174123,73604057925091328,,0,4,,,3300,,20,20,43211,44200,,23055619,,,,,,,10487,3,0,0,0
174124,73604058404749312,,0,4,,,3300,,20,20,43211,44200,,23055619,,,,,,,9208,3,0,0,0
174125,73604058666798601,,0,4,-1.0,21300.0,3300,489.0,20,20,43211,44200,,23055619,,,,,,,5940,1,45250,0,0
174126,73604058959970304,,0,4,,,3300,,20,20,43211,44200,,23055619,,,,,,,4837,3,0,0,0
174127,73604059510472704,,0,4,,,3300,,20,20,43211,44200,,23055619,,,,,,,10262,3,0,0,0
174128,73604060061040640,,0,4,,,3300,,20,20,43211,44200,,23055619,,,,,,,10837,3,0,0,0
174129,73604060611870720,,0,4,,,3300,,20,20,43211,44200,,23055619,,,,,,,10154,3,0,0,0
174130,73604061083860992,,0,4,,,3300,,20,20,43211,44200,,23055619,,,,,,,9017,3,0,0,0
174131,73604061556131593,,0,4,-1.0,21300.0,3300,489.0,20,20,43211,44200,,23055619,,,,,,,10102,1,45250,0,0
174132,73604061634494464,,0,4,,,3300,,20,20,43211,44200,,23055619,,,,,,,389,3,0,0,0
174133,73604061700868615,,0,4,-1.0,18450.0,450,489.0,10,10,43211,44200,,23055639,,,,,,,2665,1,45250,0,0
174134,73604062197710848,,0,4,,,450,,10,10,43211,44200,,23055639,,,,,,,8113,3,0,0,0
174135,73604062669504512,,0,4,,,450,,10,10,43211,44200,,23055639,,,,,,,8961,3,0,0,0
174136,73604063220072448,,0,4,,,450,,10,10,43211,44200,,23055639,,,,,,,10502,3,0,0,0
174137,73604063770771456,,0,4,,,450,,10,10,43211,44200,,23055639,,,,,,,10506,3,0,0,0
174138,73604063956710130,,0,4,-1.0,18450.0,450,489.0,10,10,43211,44200,,23055639,,,,,,,4703,1,45250,0,0
174139,73604064243089408,,0,4,,,450,,10,10,43211,44200,,23055639,,,,,,,4312,3,0,0,0
174140,73604064793657344,,0,4,,,450,,10,10,43211,44200,,23055639,,,,,,,10495,3,0,0,0
174141,73604065344290816,,0,4,,,450,,10,10,43211,44200,,23055639,,,,,,,10489,3,0,0,0
174142,73604065973567488,,0,4,,,450,,10,10,43211,44200,,23055639,,,,,,,12024,3,0,0,0
174143,73604066524266496,,0,4,,,450,,10,10,43211,44200,,23055639,,,,,,,10498,3,0,0,0
174144,73604066996256768,,0,4,,,450,,10,10,43211,44200,,23055639,,,,,,,9022,3,0,0,0
174145,73604067079098770,,0,4,-1.0,18450.0,450,489.0,10,10,43211,44200,,23055639,,,,,,,2981,1,45250,0,0
174146,73604067532275712,,0,4,,,450,,10,10,43211,44200,,23055639,,,,,,,7223,3,0,0,0
174147,73604068084678656,,0,4,,,450,,10,10,43211,44200,,23055639,,,,,,,10532,3,0,0,0
174148,73604068556668928,,0,4,,,450,,10,10,43211,44200,,23055639,,,,,,,9026,3,0,0,0
174149,73604069107302400,,0,4,,,450,,10,10,43211,44200,,23055639,,,,,,,10483,3,0,0,0
174150,73604069657935872,,0,4,,,450,,10,10,43211,44200,,23055639,,,,,,,10510,3,0,0,0
174151,73604070130188288,,0,4,,,450,,10,10,43211,44200,,23055639,,,,,,,9001,3,0,0,0
174152,73604070684164096,,0,4,,,450,,10,10,43211,44200,,23055639,,,,,,,10565,3,0,0,0
174153,73604070695110231,,0,4,-1.0,18450.0,450,489.0,10,10,43211,44200,,23055639,,,,,,,1436,1,45250,0,0
174154,73604071195475968,,0,4,,,450,,10,10,43211,44200,,23055639,,,,,,,8317,3,0,0,0
174155,73604071746568192,,0,4,,,450,,10,10,43211,44200,,23055639,,,,,,,10512,3,0,0,0
174156,73604072297332736,,0,4,,,450,,10,10,43211,44200,,23055639,,,,,,,10606,3,0,0,0
174157,73604072769191936,,0,4,,,450,,10,10,43211,44200,,23055639,,,,,,,8913,3,0,0,0
174158,73604073322315776,,0,4,,,450,,10,10,43211,44200,,23055639,,,,,,,10542,3,0,0,0
174159,73604073872752640,,0,4,,,450,,10,10,43211,44200,,23055639,,,,,,,10509,3,0,0,0
174160,73604074344153088,,0,4,,,450,,10,10,43211,44200,,23055639,,,,,,,10642,3,0,0,0
174161,73604074898587648,,0,4,,,450,,10,10,43211,44200,,23055639,,,,,,,8943,3,0,0,0
174162,73604075177521534,,0,4,-1.0,18450.0,450,489.0,10,10,43211,44200,,23055639,,,,,,,6471,1,45250,0,0
174163,73604075392598016,,0,4,,,450,,10,10,43211,44200,,23055639,,,,,,,2924,3,0,0,0
174164,73604075943100416,,0,4,,,450,,10,10,43211,44200,,23055639,,,,,,,10511,3,0,0,0
174165,73604076493602816,,0,4,,,450,,10,10,43211,44200,,23055639,,,,,,,10478,3,0,0,0
174166,73604076965593088,,0,4,,,450,,10,10,43211,44200,,23055639,,,,,,,9021,3,0,0,0
174167,73604077516357632,,0,4,,,450,,10,10,43211,44200,,23055639,,,,,,,10489,3,0,0,0
174168,73604078066925568,,0,4,,,450,,10,10,43211,44200,,23055639,,,,,,,10517,3,0,0,0
174169,73604078617624576,,0,4,,,450,,10,10,43211,44200,,23055639,,,,,,,10538,3,0,0,0
174170,73604078975949274,,0,4,-1.0,18450.0,450,489.0,10,10,43211,44200,,23055639,,,,,,,8008,1,45250,0,0
174171,73604079365718016,,0,4,,,450,,10,10,43211,44200,,23055639,,,,,,,6575,3,0,0,0
174172,73604079268100072,,0,4,-1.0,18450.0,450,489.0,10,10,43211,44200,,23055639,,,,,,,393,1,45250,0,0
174173,73604079680290816,,0,4,,,450,,10,10,43211,44200,,23055639,,,,,,,5239,3,0,0,0
174174,73604080152150016,,0,4,,,450,,10,10,43211,44200,,23055639,,,,,,,9023,3,0,0,0
174175,73604080702783488,,0,4,,,450,,10,10,43211,44200,,23055639,,,,,,,10483,3,0,0,0
174176,73604081253416960,,0,4,,,450,,10,10,43211,44200,,23055639,,,,,,,10510,3,0,0,0
174177,73604081725407232,,0,4,,,450,,10,10,43211,44200,,23055639,,,,,,,8995,3,0,0,0
174178,73604082300616704,,0,4,,,450,,10,10,43211,44200,,23055639,,,,,,,11009,3,0,0,0
174179,73604082666087877,,0,4,-1.0,18450.0,450,489.0,10,10,43211,44200,,23055639,,,,,,,8059,1,45250,0,0
174180,73604082773065728,,0,4,,,450,,10,10,43211,44200,,23055639,,,,,,,2150,3,0,0,0
174181,73604083298729984,,0,4,,,450,,10,10,43211,44200,,23055639,,,,,,,8809,3,0,0,0
174182,73604083850018816,,0,4,,,450,,10,10,43211,44200,,23055639,,,,,,,11124,3,0,0,0
174183,73604084454064128,,0,4,,,450,,10,10,43211,44200,,23055639,,,,,,,10927,3,0,0,0
174184,73604085132689408,,0,4,,,450,,10,10,43211,44200,,23055639,,,,,,,12908,3,0,0,0
174185,73604085604614144,,0,4,,,450,,10,10,43211,44200,,23055639,,,,,,,9015,3,0,0,0
174186,73604086155247616,,0,4,,,450,,10,10,43211,44200,,23055639,,,,,,,10490,3,0,0,0
174187,73604086705881088,,0,4,,,450,,10,10,43211,44200,,23055639,,,,,,,10499,3,0,0,0
174188,73604086795207802,,0,4,-1.0,18450.0,450,489.0,10,10,43211,44200,,23055639,,,,,,,2827,1,45250,0,0
174189,73604087180165120,,0,4,,,450,,10,10,43211,44200,,23055639,,,,,,,6210,3,0,0,0
174190,73604087730798592,,0,4,,,450,,10,10,43211,44200,,23055639,,,,,,,10517,3,0,0,0
174191,73604088281300992,,0,4,,,450,,10,10,43211,44200,,23055639,,,,,,,12595,3,0,0,0
174192,73604088790712320,,0,4,,,450,,10,10,43211,44200,,23055639,,,,,,,7639,3,0,0,0
174193,73604089341411328,,0,4,,,450,,10,10,43211,44200,,23055639,,,,,,,10481,3,0,0,0
174194,73604089864650752,,0,4,,,450,,10,10,43211,44200,,23055639,,,,,,,10012,3,0,0,0
174195,73604090336772096,,0,4,,,450,,10,10,43211,44200,,23055639,,,,,,,9004,3,0,0,0
174196,73604090950189056,,0,4,,,450,,10,10,43211,44200,,23055639,,,,,,,11689,3,0,0,0
174197,73604091422179328,,0,4,,,450,,10,10,43211,44200,,23055639,,,,,,,8995,3,0,0,0
174198,73604091972943872,,0,4,,,450,,10,10,43211,44200,,23055639,,,,,,,10496,3,0,0,0
174199,73604092268382940,,0,4,-1.0,18450.0,450,489.0,10,10,43211,44200,,23055639,,,,,,,6751,1,45250,0,0
174200,73604092524625920,,0,4,,,450,,10,10,43211,44200,,23055639,,,,,,,4116,3,0,0,0
174201,73604092996485120,,0,4,,,450,,10,10,43211,44200,,23055639,,,,,,,8655,3,0,0,0
174202,73604093547118592,,0,4,,,450,,10,10,43211,44200,,23055639,,,,,,,10507,3,0,0,0
174203,73604094097752064,,0,4,,,450,,10,10,43211,44200,,23055639,,,,,,,10502,3,0,0,0
174204,73604094569676800,,0,4,,,450,,10,10,43211,44200,,23055639,,,,,,,8998,3,0,0,0
174205,73604095121293312,,0,4,,,450,,10,10,43211,44200,,23055639,,,,,,,10547,3,0,0,0
174206,73604095671926784,,0,4,,,450,,10,10,43211,44200,,23055639,,,,,,,10518,3,0,0,0
174207,73604095993091992,,0,4,-1.0,18450.0,450,489.0,10,10,43211,44200,,23055639,,,,,,,7195,1,45250,0,0
174208,73604096144769024,,0,4,,,450,,10,10,43211,44200,,23055639,,,,,,,1783,3,0,0,0
174209,73604096168713999,,0,4,-1.0,21300.0,3300,490.0,20,20,43211,44200,,23055618,,,,,,,1726,1,45250,0,0
174210,73604096695140352,,0,4,,,3300,,20,20,43211,44200,,23055618,,,,,,,8769,3,0,0,0
174211,73604097245773824,,0,4,,,3300,,20,20,43211,44200,,23055618,,,,,,,10494,3,0,0,0
174212,73604097796341760,,0,4,,,3300,,20,20,43211,44200,,23055618,,,,,,,10525,3,0,0,0
174213,73604098268332032,,0,4,,,3300,,20,20,43211,44200,,23055618,,,,,,,9187,3,0,0,0
174214,73604098818965504,,0,4,,,3300,,20,20,43211,44200,,23055618,,,,,,,11236,3,0,0,0
174215,73604099369598976,,0,4,,,3300,,20,20,43211,44200,,23055618,,,,,,,9583,3,0,0,0
174216,73604099858366464,,0,4,,,3300,,20,20,43211,44200,,23055618,,,,,,,9313,3,0,0,0
174217,73604100101790926,,0,4,-1.0,21300.0,3300,490.0,20,20,43211,44200,,23055618,,,,,,,6818,1,45250,0,0
174218,73604100409131008,,0,4,,,3300,,20,20,43211,44200,,23055618,,,,,,,3683,3,0,0,0
174219,73604100880990208,,0,4,,,3300,,20,20,43211,44200,,23055618,,,,,,,9081,3,0,0,0
174220,73604101436735488,,0,4,,,3300,,20,20,43211,44200,,23055618,,,,,,,10525,3,0,0,0
174221,73604101962072064,,0,4,,,3300,,20,20,43211,44200,,23055618,,,,,,,12365,3,0,0,0
174222,73604102503858176,,0,4,,,3300,,20,20,43211,44200,,23055618,,,,,,,7983,3,0,0,0
174223,73604102976176128,,0,4,,,3300,,20,20,43211,44200,,23055618,,,,,,,9017,3,0,0,0
174224,73604103526744064,,0,4,,,3300,,20,20,43211,44200,,23055618,,,,,,,10498,3,0,0,0
174225,73604104370782208,,0,4,,,3300,,20,20,43211,44200,,23055618,,,,,,,16204,3,0,0,0
174226,73604104842772480,,0,4,,,3300,,20,20,43211,44200,,23055618,,,,,,,9123,3,0,0,0
174227,73604105109941628,,0,4,-1.0,21300.0,3300,490.0,20,20,43211,44200,,23055618,,,,,,,6003,1,45250,0,0
174228,73604105422766080,,0,4,,,3300,,20,20,43211,44200,,23055618,,,,,,,5149,3,0,0,0
174229,73604105912188928,,0,4,,,3300,,20,20,43211,44200,,23055618,,,,,,,9019,3,0,0,0
174230,73604106463215616,,0,4,,,3300,,20,20,43211,44200,,23055618,,,,,,,10497,3,0,0,0
174231,73604107013455872,,0,4,,,3300,,20,20,43211,44200,,23055618,,,,,,,10943,3,0,0,0
174232,73604107499012096,,0,4,,,3300,,20,20,43211,44200,,23055618,,,,,,,11660,3,0,0,0
174233,73604108053118976,,0,4,,,3300,,20,20,43211,44200,,23055618,,,,,,,7730,3,0,0,0
174234,73604108094244002,,0,4,-1.0,21300.0,3300,490.0,20,20,43211,44200,,23055618,,,,,,,2066,1,45250,0,0
174235,73604108542803968,,0,4,,,3300,,20,20,43211,44200,,23055618,,,,,,,8105,3,0,0,0
174236,73604109093437440,,0,4,,,3300,,20,20,43211,44200,,23055618,,,,,,,11515,3,0,0,0
174237,73604109565493248,,0,4,,,3300,,20,20,43211,44200,,23055618,,,,,,,7159,3,0,0,0
174238,73604110116061184,,0,4,,,3300,,20,20,43211,44200,,23055618,,,,,,,11060,3,0,0,0
174239,73604110680457216,,0,4,,,3300,,20,20,43211,44200,,23055618,,,,,,,10196,3,0,0,0
174240,73604111231090688,,0,4,,,3300,,20,20,43211,44200,,23055618,,,,,,,10536,3,0,0,0
174241,73604111703080960,,0,4,,,3300,,20,20,43211,44200,,23055618,,,,,,,9006,3,0,0,0
174242,73604112254304256,,0,4,,,3300,,20,20,43211,44200,,23055618,,,,,,,10763,3,0,0,0
174243,73604112453036575,,0,4,-1.0,21300.0,3300,490.0,20,20,43211,44200,,23055618,,,,,,,4688,1,45250,0,0
174244,73604112662113828,,0,4,-1.0,18450.0,450,489.0,10,10,43211,44200,,23055639,,,,,,,4052,1,45250,0,0
174245,73604112807100416,,0,4,,,450,,10,10,43211,44200,,23055639,,,,,,,1542,3,0,0,0
174246,73604113278828544,,0,4,,,450,,10,10,43211,44200,,23055639,,,,,,,8998,3,0,0,0
174247,73604113829527552,,0,4,,,450,,10,10,43211,44200,,23055639,,,,,,,10491,3,0,0,0
174248,73604114380161024,,0,4,,,450,,10,10,43211,44200,,23055639,,,,,,,12243,3,0,0,0
174249,73604114871287808,,0,4,,,450,,10,10,43211,44200,,23055639,,,,,,,7633,3,0,0,0
174250,73604115421855744,,0,4,,,450,,10,10,43211,44200,,23055639,,,,,,,10501,3,0,0,0
174251,73604115893846016,,0,4,,,450,,10,10,43211,44200,,23055639,,,,,,,8995,3,0,0,0
174252,73604115950289228,,0,4,-1.0,18450.0,450,489.0,10,10,43211,44200,,23055639,,,,,,,2320,1,45250,0,0
174253,73604116460797952,,0,4,,,450,,10,10,43211,44200,,23055639,,,,,,,8495,3,0,0,0
174254,73604117011496960,,0,4,,,450,,10,10,43211,44200,,23055639,,,,,,,10517,3,0,0,0
174255,73604117562130432,,0,4,,,450,,10,10,43211,44200,,23055639,,,,,,,10681,3,0,0,0
174256,73604118056992768,,0,4,,,450,,10,10,43211,44200,,23055639,,,,,,,9252,3,0,0,0
174257,73604118607429632,,0,4,,,450,,10,10,43211,44200,,23055639,,,,,,,10495,3,0,0,0
174258,73604119079419904,,0,4,,,450,,10,10,43211,44200,,23055639,,,,,,,9010,3,0,0,0
174259,73604119446861227,,0,4,-1.0,18450.0,450,489.0,10,10,43211,44200,,23055639,,,,,,,8214,1,45250,0,0
174260,73604119633068032,,0,4,,,450,,10,10,43211,44200,,23055639,,,,,,,4484,3,0,0,0
174261,73604120251858944,,0,4,,,450,,10,10,43211,44200,,23055639,,,,,,,10654,3,0,0,0
174262,73604120648155136,,0,4,,,450,,10,10,43211,44200,,23055639,,,,,,,6567,3,0,0,0
174263,73604121198985216,,0,4,,,450,,10,10,43211,44200,,23055639,,,,,,,10501,3,0,0,0
174264,73604121757417472,,0,4,,,450,,10,10,43211,44200,,23055639,,,,,,,10650,3,0,0,0
174265,73604122288979968,,0,4,,,450,,10,10,43211,44200,,23055639,,,,,,,10378,3,0,0,0
174266,73604122760970240,,0,4,,,450,,10,10,43211,44200,,23055639,,,,,,,8780,3,0,0,0
174267,73604123396931584,,0,4,,,450,,10,10,43211,44200,,23055639,,,,,,,12195,3,0,0,0
174268,73604123947565056,,0,4,,,450,,10,10,43211,44200,,23055639,,,,,,,10445,3,0,0,0
174269,73604124498198528,,0,4,,,450,,10,10,43211,44200,,23055639,,,,,,,10515,3,0,0,0
174270,73604124555568299,,0,4,-1.0,21300.0,3300,490.0,20,20,43211,44200,,23055618,,,,,,,3172,1,45250,0,0
174271,73604124812146056,,0,4,-1.0,21300.0,3300,489.0,20,20,43211,44200,,23055619,,,,,,,5076,1,45250,0,0
174272,73604124987555840,,0,4,,,3300,,20,20,43211,44200,,23055619,,,,,,,1088,3,0,0,0
174273,73604125539565568,,0,4,,,3300,,20,20,43211,44200,,23055619,,,,,,,10511,3,0,0,0
174274,73604126011424768,,0,4,,,3300,,20,20,43211,44200,,23055619,,,,,,,8988,3,0,0,0
174275,73604126561992704,,0,4,,,3300,,20,20,43211,44200,,23055619,,,,,,,10534,3,0,0,0
174276,73604127112691712,,0,4,,,3300,,20,20,43211,44200,,23055619,,,,,,,10544,3,0,0,0
174277,73604127582584832,,0,4,,,3300,,20,20,43211,44200,,23055619,,,,,,,8963,3,0,0,0
174278,73604128133218304,,0,4,,,3300,,20,20,43211,44200,,23055619,,,,,,,10604,3,0,0,0
174279,73604128641777664,,0,4,,,3300,,20,20,43211,44200,,23055619,,,,,,,9519,3,0,0,0
174280,73604128889323629,,0,4,-1.0,21300.0,3300,489.0,20,20,43211,44200,,23055619,,,,,,,5963,1,45250,0,0
174281,73604129261223936,,0,4,,,3300,,20,20,43211,44200,,23055619,,,,,,,6903,3,0,0,0
174282,73604129851375616,,0,4,,,3300,,20,20,43211,44200,,23055619,,,,,,,10244,3,0,0,0
174283,73604130320809984,,0,4,,,3300,,20,20,43211,44200,,23055619,,,,,,,8922,3,0,0,0
174284,73604130871508992,,0,4,,,3300,,20,20,43211,44200,,23055619,,,,,,,10538,3,0,0,0
174285,73604131427844096,,0,4,,,3300,,20,20,43211,44200,,23055619,,,,,,,10571,3,0,0,0
174286,73604131899768832,,0,4,,,3300,,20,20,43211,44200,,23055619,,,,,,,8999,3,0,0,0
174287,73604132450402304,,0,4,,,3300,,20,20,43211,44200,,23055619,,,,,,,10523,3,0,0,0
174288,73604132717224238,,0,4,-1.0,21300.0,3300,489.0,20,20,43211,44200,,23055619,,,,,,,6380,1,45250,0,0
174289,73604133001232384,,0,4,,,3300,,20,20,43211,44200,,23055619,,,,,,,4101,3,0,0,0
174290,73604133479514112,,0,4,,,3300,,20,20,43211,44200,,23055619,,,,,,,9136,3,0,0,0
174291,73604134030147584,,0,4,,,3300,,20,20,43211,44200,,23055619,,,,,,,10491,3,0,0,0
174292,73604134502137856,,0,4,,,3300,,20,20,43211,44200,,23055619,,,,,,,9012,3,0,0,0
174293,73604135057162240,,0,4,,,3300,,20,20,43211,44200,,23055619,,,,,,,11593,3,0,0,0
174294,73604135641284608,,0,4,,,3300,,20,20,43211,44200,,23055619,,,,,,,10335,3,0,0,0
174295,73604136259682304,,0,4,,,3300,,20,20,43211,44200,,23055619,,,,,,,11825,3,0,0,0
174296,73604136559713418,,0,4,-1.0,21300.0,3300,489.0,20,20,43211,44200,,23055619,,,,,,,6582,1,45250,0,0
174297,73604136842690560,,0,4,,,3300,,20,20,43211,44200,,23055619,,,,,,,6597,3,0,0,0
174298,73604136907314275,,0,4,-1.0,21300.0,3300,489.0,20,20,43211,44200,,23055619,,,,,,,714,1,45250,0,0
174299,73604137354657792,,0,4,,,3300,,20,20,43211,44200,,23055619,,,,,,,7756,3,0,0,0
174300,73604137788899328,,0,4,,,3300,,20,20,43211,44200,,23055619,,,,,,,7283,3,0,0,0
174301,73604138339532800,,0,4,,,3300,,20,20,43211,44200,,23055619,,,,,,,11053,3,0,0,0
174302,73604138898292736,,0,4,,,3300,,20,20,43211,44200,,23055619,,,,,,,10604,3,0,0,0
174303,73604139370086400,,0,4,,,3300,,20,20,43211,44200,,23055619,,,,,,,8486,3,0,0,0
174304,73604139920719872,,0,4,,,3300,,20,20,43211,44200,,23055619,,,,,,,10515,3,0,0,0
174305,73604140471418880,,0,4,,,3300,,20,20,43211,44200,,23055619,,,,,,,10522,3,0,0,0
174306,73604140943409152,,0,4,,,3300,,20,20,43211,44200,,23055619,,,,,,,8977,3,0,0,0
174307,73604141494108160,,0,4,,,3300,,20,20,43211,44200,,23055619,,,,,,,10573,3,0,0,0
174308,73604141436656110,,0,4,-1.0,21300.0,3300,489.0,20,20,43211,44200,,23055619,,,,,,,132,1,45250,0,0
174309,73604142044741632,,0,4,,,3300,,20,20,43211,44200,,23055619,,,,,,,10308,3,0,0,0
174310,73604142646362112,,0,4,,,3300,,20,20,43211,44200,,23055619,,,,,,,11478,3,0,0,0
174311,73604143197061120,,0,4,,,3300,,20,20,43211,44200,,23055619,,,,,,,10500,3,0,0,0
174312,73604143668985856,,0,4,,,3300,,20,20,43211,44200,,23055619,,,,,,,9016,3,0,0,0
174313,73604144251928576,,0,4,,,3300,,20,20,43211,44200,,23055619,,,,,,,11143,3,0,0,0
174314,73604144723984384,,0,4,,,3300,,20,20,43211,44200,,23055619,,,,,,,9018,3,0,0,0
174315,73604144965559919,,0,4,-1.0,21300.0,3300,489.0,20,20,43211,44200,,23055619,,,,,,,5718,1,45250,0,0
174316,73604145274814464,,0,4,,,3300,,20,20,43211,44200,,23055619,,,,,,,4745,3,0,0,0
174317,73604145756045312,,0,4,,,3300,,20,20,43211,44200,,23055619,,,,,,,9170,3,0,0,0
174318,73604146306678784,,0,4,,,3300,,20,20,43211,44200,,23055619,,,,,,,10513,3,0,0,0
174319,73604146860326912,,0,4,,,3300,,20,20,43211,44200,,23055619,,,,,,,10568,3,0,0,0
174320,73604147329236992,,0,4,,,3300,,20,20,43211,44200,,23055619,,,,,,,8968,3,0,0,0
174321,73604147879870464,,0,4,,,3300,,20,20,43211,44200,,23055619,,,,,,,10473,3,0,0,0
174322,73604148449902592,,0,4,,,3300,,20,20,43211,44200,,23055619,,,,,,,11136,3,0,0,0
174323,73604149079834624,,0,4,,,3300,,20,20,43211,44200,,23055619,,,,,,,11742,3,0,0,0
174324,73604149187415549,,0,4,-1.0,21300.0,3300,489.0,20,20,43211,44200,,23055619,,,,,,,3285,1,45250,0,0
174325,73604149630468096,,0,4,,,3300,,20,20,43211,44200,,23055619,,,,,,,7219,3,0,0,0
174326,73604150103834624,,0,4,,,3300,,20,20,43211,44200,,23055619,,,,,,,9071,3,0,0,0
174327,73604150655909888,,0,4,,,3300,,20,20,43211,44200,,23055619,,,,,,,10501,3,0,0,0
174328,73604151151230976,,0,4,,,3300,,20,20,43211,44200,,23055619,,,,,,,9601,3,0,0,0
174329,73604151701798912,,0,4,,,3300,,20,20,43211,44200,,23055619,,,,,,,10350,3,0,0,0
174330,73604152252366848,,0,4,,,3300,,20,20,43211,44200,,23055619,,,,,,,10478,3,0,0,0
174331,73604152731303936,,0,4,,,3300,,20,20,43211,44200,,23055619,,,,,,,9271,3,0,0,0
174332,73604153236127744,,0,4,,,3300,,20,20,43211,44200,,23055619,,,,,,,10239,3,0,0,0
174333,73604153497975385,,0,4,-1.0,21300.0,3300,489.0,20,20,43211,44200,,23055619,,,,,,,5521,1,45250,0,0
174334,73604153810026496,,0,4,,,3300,,20,20,43211,44200,,23055619,,,,,,,4680,3,0,0,0
174335,73604154163077989,,0,4,-1.0,21300.0,3300,489.0,20,20,43211,44200,,23055619,,,,,,,7829,1,45250,0,0
174336,73604154305019904,,0,4,,,3300,,20,20,43211,44200,,23055619,,,,,,,5745,3,0,0,0
174337,73604154826883072,,0,4,,,3300,,20,20,43211,44200,,23055619,,,,,,,5830,3,0,0,0
174338,73604155534802944,,0,4,,,3300,,20,20,43211,44200,,23055619,,,,,,,13509,3,0,0,0
174339,73604156006727680,,0,4,,,3300,,20,20,43211,44200,,23055619,,,,,,,8989,3,0,0,0
174340,73604156557557760,,0,4,,,3300,,20,20,43211,44200,,23055619,,,,,,,10514,3,0,0,0
174341,73604157050564607,,0,4,-1.0,21300.0,3300,489.0,20,20,43211,44200,,23055619,,,,,,,11607,1,45250,0,0
174342,73604157169008640,,0,4,,,3300,,20,20,43211,44200,,23055619,,,,,,,541,3,0,0,0
174343,73604157599383552,,0,4,,,3300,,20,20,43211,44200,,23055619,,,,,,,9454,3,0,0,0
174344,73604158118625280,,0,4,,,3300,,20,20,43211,44200,,23055619,,,,,,,8166,3,0,0,0
174345,73604158669258752,,0,4,,,3300,,20,20,43211,44200,,23055619,,,,,,,10503,3,0,0,0
174346,73604159141314560,,0,4,,,3300,,20,20,43211,44200,,23055619,,,,,,,12649,3,0,0,0
174347,73604159720521728,,0,4,,,3300,,20,20,43211,44200,,23055619,,,,,,,7407,3,0,0,0
174348,73604160192577536,,0,4,,,3300,,20,20,43211,44200,,23055619,,,,,,,9004,3,0,0,0
174349,73604160743145472,,0,4,,,3300,,20,20,43211,44200,,23055619,,,,,,,11278,3,0,0,0
174350,73604161307803648,,0,4,,,3300,,20,20,43211,44200,,23055619,,,,,,,9990,3,0,0,0
174351,73604161334621770,,0,4,-1.0,21300.0,3300,489.0,20,20,43211,44200,,23055619,,,,,,,1959,1,45250,0,0
174352,73604161861844992,,0,4,,,3300,,20,20,43211,44200,,23055619,,,,,,,11433,3,0,0,0
174353,73604162337112064,,0,4,,,3300,,20,20,43211,44200,,23055619,,,,,,,6243,3,0,0,0
174354,73604162887745536,,0,4,,,3300,,20,20,43211,44200,,23055619,,,,,,,10496,3,0,0,0
174355,73604163438313472,,0,4,,,3300,,20,20,43211,44200,,23055619,,,,,,,10592,3,0,0,0
174356,73604163911548928,,0,4,,,3300,,20,20,43211,44200,,23055619,,,,,,,9281,3,0,0,0
174357,73604164397536302,,0,4,-1.0,21300.0,3300,489.0,20,20,43211,44200,,23055619,,,,,,,10123,1,45250,0,0
174358,73604164468080640,,0,4,,,3300,,20,20,43211,44200,,23055619,,,,,,,145,3,0,0,0
174359,73604164942692352,,0,4,,,3300,,20,20,43211,44200,,23055619,,,,,,,9068,3,0,0,0
174360,73604165493260288,,0,4,,,3300,,20,20,43211,44200,,23055619,,,,,,,10501,3,0,0,0
174361,73604166045597696,,0,4,,,3300,,20,20,43211,44200,,23055619,,,,,,,10752,3,0,0,0
174362,73604166517456896,,0,4,,,3300,,20,20,43211,44200,,23055619,,,,,,,9188,3,0,0,0
174363,73604167048232960,,0,4,,,3300,,20,20,43211,44200,,23055619,,,,,,,9707,3,0,0,0
174364,73604167598866432,,0,4,,,3300,,20,20,43211,44200,,23055619,,,,,,,10540,3,0,0,0
174365,73604168197013504,,0,4,,,3300,,20,20,43211,44200,,23055619,,,,,,,11450,3,0,0,0
174366,73604168747646976,,0,4,,,3300,,20,20,43211,44200,,23055619,,,,,,,10407,3,0,0,0
174367,73604169219571712,,0,4,,,3300,,20,20,43211,44200,,23055619,,,,,,,9047,3,0,0,0
174368,73604169331796407,,0,4,-1.0,21300.0,3300,489.0,20,20,43211,44200,,23055619,,,,,,,5155,1,45250,0,0
174369,73604169792618496,,0,4,,,3300,,20,20,43211,44200,,23055619,,,,,,,5747,3,0,0,0
174370,73604169823056231,,0,4,-1.0,18450.0,450,489.0,10,10,43211,44200,,23055639,,,,,,,1758,1,45250,0,0
174371,73604170314547200,,0,4,,,450,,10,10,43211,44200,,23055639,,,,,,,8192,3,0,0,0
174372,73604170787192832,,0,4,,,450,,10,10,43211,44200,,23055639,,,,,,,9116,3,0,0,0
174373,73604171337760768,,0,4,,,450,,10,10,43211,44200,,23055639,,,,,,,11466,3,0,0,0
174374,73604171888459776,,0,4,,,450,,10,10,43211,44200,,23055639,,,,,,,9445,3,0,0,0
174375,73604172360318976,,0,4,,,450,,10,10,43211,44200,,23055639,,,,,,,8999,3,0,0,0
174376,73604172911017984,,0,4,,,450,,10,10,43211,44200,,23055639,,,,,,,10516,3,0,0,0
174377,73604173461716992,,0,4,,,450,,10,10,43211,44200,,23055639,,,,,,,10497,3,0,0,0
174378,73604173943144448,,0,4,,,450,,10,10,43211,44200,,23055639,,,,,,,9174,3,0,0,0
174379,73604174300625358,,0,4,-1.0,18450.0,450,489.0,10,10,43211,44200,,23055639,,,,,,,8693,1,45250,0,0
174380,73604174426491190,,0,4,-1.0,18450.0,450,489.0,10,10,43211,44200,,23055639,,,,,,,7472,1,45250,0,0
174381,73604174872182784,,0,4,,,450,,10,10,43211,44200,,23055639,,,,,,,6931,3,0,0,0
174382,73604175364358144,,0,4,,,450,,10,10,43211,44200,,23055639,,,,,,,4014,3,0,0,0
174383,73604175836610560,,0,4,,,450,,10,10,43211,44200,,23055639,,,,,,,9027,3,0,0,0
174384,73604176387244032,,0,4,,,450,,10,10,43211,44200,,23055639,,,,,,,11100,3,0,0,0
174385,73604176887414784,,0,4,,,450,,10,10,43211,44200,,23055639,,,,,,,8939,3,0,0,0
174386,73604177438048256,,0,4,,,450,,10,10,43211,44200,,23055639,,,,,,,10505,3,0,0,0
174387,73604177929306112,,0,4,,,450,,10,10,43211,44200,,23055639,,,,,,,11102,3,0,0,0
174388,73604178230031983,,0,4,-1.0,18450.0,450,489.0,10,10,43211,44200,,23055639,,,,,,,5196,1,45250,0,0
174389,73604178499993600,,0,4,,,450,,10,10,43211,44200,,23055639,,,,,,,3995,3,0,0,0
174390,73604178971852800,,0,4,,,450,,10,10,43211,44200,,23055639,,,,,,,8954,3,0,0,0
174391,73604179493126144,,0,4,,,450,,10,10,43211,44200,,23055639,,,,,,,9934,3,0,0,0
174392,73604180043759616,,0,4,,,450,,10,10,43211,44200,,23055639,,,,,,,10496,3,0,0,0
174393,73604180540260352,,0,4,,,450,,10,10,43211,44200,,23055639,,,,,,,9470,3,0,0,0
174394,73604181248245760,,0,4,,,450,,10,10,43211,44200,,23055639,,,,,,,13504,3,0,0,0
174395,73604181366045799,,0,4,-1.0,18450.0,450,489.0,10,10,43211,44200,,23055639,,,,,,,3415,1,45250,0,0
174396,73604181516435076,,0,4,-1.0,19423.0,1423,489.0,20,20,43211,44200,,23055629,,,,,,,6153,1,45250,0,0
174397,73604181622210852,,0,4,-1.0,19423.0,1423,489.0,20,20,43211,44200,,23055629,,,,,,,3,1,45250,0,0
174398,73604181622953809,,0,4,-1.0,19423.0,1423,489.0,20,20,43211,44200,,23055629,,,,,,,0,1,45250,0,0
174399,73604181631601409,,0,4,-1.0,19423.0,1423,489.0,20,20,43211,44200,,23055629,,,,,,,1150,1,45250,0,0
174400,73604181816770560,,0,4,,,1423,,20,20,43211,44200,,23055629,,,,,,,1642,3,0,0,0
174401,73604182224369712,,0,4,-1.0,19423.0,1423,489.0,20,20,43211,44200,,23055629,,,,,,,8108,1,45250,0,0
174402,73604182326378496,,0,4,,,1423,,20,20,43211,44200,,23055629,,,,,,,413,3,0,0,0
174403,73604182816718848,,0,4,,,1423,,20,20,43211,44200,,23055629,,,,,,,9033,3,0,0,0
174404,73604183288643584,,0,4,,,1423,,20,20,43211,44200,,23055629,,,,,,,9001,3,0,0,0
174405,73604183839277056,,0,4,,,1423,,20,20,43211,44200,,23055629,,,,,,,10516,3,0,0,0
174406,73604184389976064,,0,4,,,1423,,20,20,43211,44200,,23055629,,,,,,,10493,3,0,0,0
174407,73604184861966336,,0,4,,,1423,,20,20,43211,44200,,23055629,,,,,,,8999,3,0,0,0
174408,73604185457426432,,0,4,,,1423,,20,20,43211,44200,,23055629,,,,,,,11362,3,0,0,0
174409,73604185929416704,,0,4,,,1423,,20,20,43211,44200,,23055629,,,,,,,9001,3,0,0,0
174410,73604186480246784,,0,4,,,1423,,20,20,43211,44200,,23055629,,,,,,,10640,3,0,0,0
174411,73604187030749184,,0,4,,,1423,,20,20,43211,44200,,23055629,,,,,,,10367,3,0,0,0
174412,73604187587477504,,0,4,,,3300,,20,20,43211,44200,,23055618,,,,,,,9325,3,0,0,0
174413,73604188137979904,,0,4,,,3300,,20,20,43211,44200,,23055618,,,,,,,10517,3,0,0,0
174414,73604188696936448,,0,4,,,3300,,20,20,43211,44200,,23055618,,,,,,,10653,3,0,0,0
174415,73604189247635456,,0,4,,,3300,,20,20,43211,44200,,23055618,,,,,,,10618,3,0,0,0
174416,73604189719494656,,0,4,,,3300,,20,20,43211,44200,,23055618,,,,,,,8906,3,0,0,0
174417,73604190270193664,,0,4,,,3300,,20,20,43211,44200,,23055618,,,,,,,10489,3,0,0,0
174418,73604190820892672,,0,4,,,3300,,20,20,43211,44200,,23055618,,,,,,,11809,3,0,0,0
174419,73604191292882944,,0,4,,,3300,,20,20,43211,44200,,23055618,,,,,,,7683,3,0,0,0
174420,73604191859638272,,0,4,,,3300,,20,20,43211,44200,,23055618,,,,,,,12090,3,0,0,0
174421,73604192357384192,,0,4,,,3300,,20,20,43211,44200,,23055618,,,,,,,8463,3,0,0,0
174422,73604192908148736,,0,4,,,3300,,20,20,43211,44200,,23055618,,,,,,,10257,3,0,0,0
174423,73604193458716672,,0,4,,,3300,,20,20,43211,44200,,23055618,,,,,,,10504,3,0,0,0
174424,73604193930772480,,0,4,,,3300,,20,20,43211,44200,,23055618,,,,,,,9032,3,0,0,0
174425,73604194488418304,,0,4,,,3300,,20,20,43211,44200,,23055618,,,,,,,10605,3,0,0,0
174426,73604194960474112,,0,4,,,3300,,20,20,43211,44200,,23055618,,,,,,,9007,3,0,0,0
174427,73604195511042048,,0,4,,,3300,,20,20,43211,44200,,23055618,,,,,,,10501,3,0,0,0
174428,73604195654214952,,0,4,-1.0,21300.0,3300,490.0,20,20,43211,44200,,23055618,,,,,,,3852,1,45250,0,0
174429,73604196074258432,,0,4,,,3300,,20,20,43211,44200,,23055618,,,,,,,6888,3,0,0,0
174430,73604196546183168,,0,4,,,3300,,20,20,43211,44200,,23055618,,,,,,,9752,3,0,0,0
174431,73604197096751104,,0,4,,,3300,,20,20,43211,44200,,23055618,,,,,,,9774,3,0,0,0
174432,73604197647384576,,0,4,,,3300,,20,20,43211,44200,,23055618,,,,,,,10486,3,0,0,0
174433,73604198119374848,,0,4,,,3300,,20,20,43211,44200,,23055618,,,,,,,9814,3,0,0,0
174434,73604198669942784,,0,4,,,3300,,20,20,43211,44200,,23055618,,,,,,,9669,3,0,0,0
174435,73604199220641792,,0,4,,,3300,,20,20,43211,44200,,23055618,,,,,,,10504,3,0,0,0
174436,73604199692566528,,0,4,,,3300,,20,20,43211,44200,,23055618,,,,,,,9445,3,0,0,0
174437,73604199736326372,,0,4,-1.0,21300.0,3300,489.0,20,20,43211,44200,,23055619,,,,,,,3040,1,45250,0,0
174438,73604200203681792,,0,4,,,3300,,20,20,43211,44200,,23055619,,,,,,,6277,3,0,0,0
174439,73604200754184192,,0,4,,,3300,,20,20,43211,44200,,23055619,,,,,,,10520,3,0,0,0
174440,73604201304817664,,0,4,,,3300,,20,20,43211,44200,,23055619,,,,,,,10481,3,0,0,0
174441,73604201777135616,,0,4,,,3300,,20,20,43211,44200,,23055619,,,,,,,9014,3,0,0,0
174442,73604202301882368,,0,4,,,3300,,20,20,43211,44200,,23055619,,,,,,,10425,3,0,0,0
174443,73604202852319232,,0,4,,,3300,,20,20,43211,44200,,23055619,,,,,,,10266,3,0,0,0
174444,73604203043456095,,0,4,-1.0,21300.0,3300,489.0,20,20,43211,44200,,23055619,,,,,,,4676,1,45250,0,0
174445,73604203357077504,,0,4,,,3300,,20,20,43211,44200,,23055619,,,,,,,9276,3,0,0,0
174446,73604203943690240,,0,4,,,3300,,20,20,43211,44200,,23055619,,,,,,,6677,3,0,0,0
174447,73604204415680512,,0,4,,,3300,,20,20,43211,44200,,23055619,,,,,,,9007,3,0,0,0
174448,73604204980994048,,0,4,,,3300,,20,20,43211,44200,,23055619,,,,,,,10836,3,0,0,0
174449,73604205453049856,,0,4,,,3300,,20,20,43211,44200,,23055619,,,,,,,8945,3,0,0,0
174450,73604206024458240,,0,4,,,3300,,20,20,43211,44200,,23055619,,,,,,,11199,3,0,0,0
174451,73604206497890304,,0,4,,,3300,,20,20,43211,44200,,23055619,,,,,,,8835,3,0,0,0
174452,73604207157641216,,0,4,,,3300,,20,20,43211,44200,,23055619,,,,,,,12841,3,0,0,0
174453,73604207541813248,,0,4,,,3300,,20,20,43211,44200,,23055619,,,,,,,6978,3,0,0,0
174454,73604207941365877,,0,4,-1.0,21102.0,3102,489.0,20,20,43211,44200,,23055669,,,,,,,8720,1,45250,0,0
174455,73604208096575488,,0,4,,,3102,,20,20,43211,44200,,23055669,,,,,,,1852,3,0,0,0
174456,73604208414057094,,0,4,-1.0,21102.0,3102,489.0,20,20,43211,44200,,23055669,,,,,,,7260,1,45250,0,0
174457,73604209160814592,,0,4,,,3102,,20,20,43211,44200,,23055669,,,,,,,9470,3,0,0,0
174458,73604209711382528,,0,4,,,3102,,20,20,43211,44200,,23055669,,,,,,,10501,3,0,0,0
174459,73604210183372800,,0,4,,,3102,,20,20,43211,44200,,23055669,,,,,,,9002,3,0,0,0
174460,73604210734006272,,0,4,,,3102,,20,20,43211,44200,,23055669,,,,,,,10506,3,0,0,0
174461,73604211284705280,,0,4,,,3102,,20,20,43211,44200,,23055669,,,,,,,10527,3,0,0,0
174462,73604211756630016,,0,4,,,3102,,20,20,43211,44200,,23055669,,,,,,,8995,3,0,0,0
174463,73604212307197952,,0,4,,,3102,,20,20,43211,44200,,23055669,,,,,,,10492,3,0,0,0
174464,73604212857896960,,0,4,,,3102,,20,20,43211,44200,,23055669,,,,,,,10496,3,0,0,0
174465,73604213433237504,,0,4,,,3102,,20,20,43211,44200,,23055669,,,,,,,11491,3,0,0,0
174466,73604213421783424,,0,4,-1.0,21102.0,3102,489.0,20,20,43211,44200,,23055669,,,,,,,456,1,45250,0,0
174467,73604213911060480,,0,4,,,3102,,20,20,43211,44200,,23055669,,,,,,,8147,3,0,0,0
174468,73604214461562880,,0,4,,,3102,,20,20,43211,44200,,23055669,,,,,,,10489,3,0,0,0
174469,73604214933553152,,0,4,,,3102,,20,20,43211,44200,,23055669,,,,,,,9009,3,0,0,0
174470,73604215484121088,,0,4,,,3102,,20,20,43211,44200,,23055669,,,,,,,10508,3,0,0,0
174471,73604216034754560,,0,4,,,3102,,20,20,43211,44200,,23055669,,,,,,,10506,3,0,0,0
174472,73604216506679296,,0,4,,,3102,,20,20,43211,44200,,23055669,,,,,,,9007,3,0,0,0
174473,73604217057378304,,0,4,,,3102,,20,20,43211,44200,,23055669,,,,,,,11853,3,0,0,0
174474,73604217320837985,,0,4,-1.0,21102.0,3102,489.0,20,20,43211,44200,,23055669,,,,,,,4727,1,45250,0,0
174475,73604217621184512,,0,4,,,3102,,20,20,43211,44200,,23055669,,,,,,,5818,3,0,0,0
174476,73604218093043712,,0,4,,,3102,,20,20,43211,44200,,23055669,,,,,,,7846,3,0,0,0
174477,73604218643677184,,0,4,,,3102,,20,20,43211,44200,,23055669,,,,,,,10498,3,0,0,0
174478,73604219430240256,,0,4,,,3102,,20,20,43211,44200,,23055669,,,,,,,15003,3,0,0,0
174479,73604219980873728,,0,4,,,3102,,20,20,43211,44200,,23055669,,,,,,,10502,3,0,0,0
174480,73604220531507200,,0,4,,,3102,,20,20,43211,44200,,23055669,,,,,,,10502,3,0,0,0
174481,73604221003431936,,0,4,,,3102,,20,20,43211,44200,,23055669,,,,,,,9014,3,0,0,0
174482,73604221554130944,,0,4,,,3102,,20,20,43211,44200,,23055669,,,,,,,10511,3,0,0,0
174483,73604221650109222,,0,4,-1.0,21102.0,3102,489.0,20,20,43211,44200,,23055669,,,,,,,3925,1,45250,0,0
174484,73604221926762149,,0,4,-1.0,21300.0,3300,490.0,20,20,43211,44200,,23055618,,,,,,,6762,1,45250,0,0
174485,73604222105157632,,0,4,,,3300,,20,20,43211,44200,,23055618,,,,,,,726,3,0,0,0
174486,73604222618828800,,0,4,,,3300,,20,20,43211,44200,,23055618,,,,,,,8875,3,0,0,0
174487,73604223169593344,,0,4,,,3300,,20,20,43211,44200,,23055618,,,,,,,10517,3,0,0,0
174488,73604223641452544,,0,4,,,3300,,20,20,43211,44200,,23055618,,,,,,,8972,3,0,0,0
174489,73604224145424384,,0,4,,,3300,,20,20,43211,44200,,23055618,,,,,,,10056,3,0,0,0
174490,73604224696057856,,0,4,,,3300,,20,20,43211,44200,,23055618,,,,,,,10073,3,0,0,0
174491,73604225246756864,,0,4,,,3300,,20,20,43211,44200,,23055618,,,,,,,10496,3,0,0,0
174492,73604225384692874,,0,4,-1.0,21300.0,3300,490.0,20,20,43211,44200,,23055618,,,,,,,3858,1,45250,0,0
174493,73604225815150592,,0,4,,,3300,,20,20,43211,44200,,23055618,,,,,,,8620,3,0,0,0
174494,73604226298740736,,0,4,,,3300,,20,20,43211,44200,,23055618,,,,,,,7595,3,0,0,0
174495,73604226849308672,,0,4,,,3300,,20,20,43211,44200,,23055618,,,,,,,12938,3,0,0,0
174496,73604227375431680,,0,4,,,3300,,20,20,43211,44200,,23055618,,,,,,,7599,3,0,0,0
174497,73604227926130688,,0,4,,,3300,,20,20,43211,44200,,23055618,,,,,,,10492,3,0,0,0
174498,73604228398055424,,0,4,,,3300,,20,20,43211,44200,,23055618,,,,,,,9027,3,0,0,0
174499,73604228948623360,,0,4,,,3300,,20,20,43211,44200,,23055618,,,,,,,10489,3,0,0,0
174500,73604229499387904,,0,4,,,3300,,20,20,43211,44200,,23055618,,,,,,,10616,3,0,0,0
174501,73604229869023640,,0,4,-1.0,21300.0,3300,490.0,20,20,43211,44200,,23055618,,,,,,,8117,1,45250,0,0
174502,73604229971378176,,0,4,,,3300,,20,20,43211,44200,,23055618,,,,,,,868,3,0,0,0
174503,73604230521946112,,0,4,,,3300,,20,20,43211,44200,,23055618,,,,,,,10405,3,0,0,0
174504,73604231072514048,,0,4,,,3300,,20,20,43211,44200,,23055618,,,,,,,10519,3,0,0,0
174505,73604231544504320,,0,4,,,3300,,20,20,43211,44200,,23055618,,,,,,,9007,3,0,0,0
174506,73604232256159744,,0,4,,,3300,,20,20,43211,44200,,23055618,,,,,,,13826,3,0,0,0
174507,73604232829730816,,0,4,,,3300,,20,20,43211,44200,,23055618,,,,,,,10674,3,0,0,0
174508,73604233301721088,,0,4,,,3300,,20,20,43211,44200,,23055618,,,,,,,8993,3,0,0,0
174509,73604233754263327,,0,4,-1.0,21300.0,3300,489.0,20,20,43211,44200,,23055619,,,,,,,9741,1,45250,0,0
174510,73604233854976000,,0,4,,,3300,,20,20,43211,44200,,23055619,,,,,,,813,3,0,0,0
174511,73604234414587904,,0,4,,,3300,,20,20,43211,44200,,23055619,,,,,,,10672,3,0,0,0
174512,73604234886381568,,0,4,,,3300,,20,20,43211,44200,,23055619,,,,,,,8999,3,0,0,0
174513,73604235450777600,,0,4,,,3300,,20,20,43211,44200,,23055619,,,,,,,10762,3,0,0,0
174514,73604235922702336,,0,4,,,3300,,20,20,43211,44200,,23055619,,,,,,,9009,3,0,0,0
174515,73604236437815296,,0,4,,,3300,,20,20,43211,44200,,23055619,,,,,,,9827,3,0,0,0
174516,73604236988514304,,0,4,,,3300,,20,20,43211,44200,,23055619,,,,,,,10525,3,0,0,0
174517,73604237539082240,,0,4,,,3300,,20,20,43211,44200,,23055619,,,,,,,10472,3,0,0,0
174518,73604237919287737,,0,4,-1.0,21300.0,3300,489.0,20,20,43211,44200,,23055619,,,,,,,8364,1,45250,0,0
174519,73604238051835904,,0,4,,,3300,,20,20,43211,44200,,23055619,,,,,,,1550,3,0,0,0
174520,73604238648475648,,0,4,,,3300,,20,20,43211,44200,,23055619,,,,,,,11264,3,0,0,0
174521,73604239120400384,,0,4,,,3300,,20,20,43211,44200,,23055619,,,,,,,8988,3,0,0,0
174522,73604239670968320,,0,4,,,3300,,20,20,43211,44200,,23055619,,,,,,,10499,3,0,0,0
174523,73604240181559296,,0,4,,,3300,,20,20,43211,44200,,23055619,,,,,,,9972,3,0,0,0
174524,73604240732192768,,0,4,,,3300,,20,20,43211,44200,,23055619,,,,,,,10289,3,0,0,0
174525,73604241204183040,,0,4,,,3300,,20,20,43211,44200,,23055619,,,,,,,9033,3,0,0,0
174526,73604241320533034,,0,4,-1.0,21300.0,3300,489.0,20,20,43211,44200,,23055619,,,,,,,3877,1,45250,0,0
174527,73604241748197376,,0,4,,,3300,,20,20,43211,44200,,23055619,,,,,,,9030,3,0,0,0
174528,73604242045770702,,0,4,-1.0,21300.0,3300,489.0,20,20,43211,44200,,23055619,,,,,,,4459,1,45250,0,0
174529,73604242362728448,,0,4,,,3300,,20,20,43211,44200,,23055619,,,,,,,5161,3,0,0,0
174530,73604242821611520,,0,4,,,3300,,20,20,43211,44200,,23055619,,,,,,,8259,3,0,0,0
174531,73604243401932800,,0,4,,,3300,,20,20,43211,44200,,23055619,,,,,,,13170,3,0,0,0
174532,73604243868549120,,0,4,,,3300,,20,20,43211,44200,,23055619,,,,,,,6811,3,0,0,0
174533,73604244419117056,,0,4,,,3300,,20,20,43211,44200,,23055619,,,,,,,10506,3,0,0,0
174534,73604244969750528,,0,4,,,3300,,20,20,43211,44200,,23055619,,,,,,,10561,3,0,0,0
174535,73604245458321408,,0,4,,,3300,,20,20,43211,44200,,23055619,,,,,,,9255,3,0,0,0
174536,73604246010396672,,0,4,,,3300,,20,20,43211,44200,,23055619,,,,,,,11262,3,0,0,0
174537,73604246560964608,,0,4,,,3300,,20,20,43211,44200,,23055619,,,,,,,9768,3,0,0,0
174538,73604246690355158,,0,4,-1.0,21300.0,3300,489.0,20,20,43211,44200,,23055619,,,,,,,3620,1,45250,0,0
174539,73604247085776896,,0,4,,,3300,,20,20,43211,44200,,23055619,,,,,,,6560,3,0,0,0
174540,73604247557636096,,0,4,,,3300,,20,20,43211,44200,,23055619,,,,,,,8832,3,0,0,0
174541,73604248108138496,,0,4,,,3300,,20,20,43211,44200,,23055619,,,,,,,10488,3,0,0,0
174542,73604248747376640,,0,4,,,3300,,20,20,43211,44200,,23055619,,,,,,,13004,3,0,0,0
174543,73604249219366912,,0,4,,,3300,,20,20,43211,44200,,23055619,,,,,,,8206,3,0,0,0
174544,73604249769934848,,0,4,,,3300,,20,20,43211,44200,,23055619,,,,,,,10499,3,0,0,0
174545,73604250325614592,,0,4,,,3300,,20,20,43211,44200,,23055619,,,,,,,10603,3,0,0,0
174546,73604250380229477,,0,4,-1.0,21300.0,3300,489.0,20,20,43211,44200,,23055619,,,,,,,2264,1,45250,0,0
174547,73604250801602560,,0,4,,,3300,,20,20,43211,44200,,23055619,,,,,,,6831,3,0,0,0
174548,73604251079941860,,0,4,-1.0,21300.0,3300,489.0,20,20,43211,44200,,23055619,,,,,,,6417,1,45250,0,0
174549,73604251316846592,,0,4,,,3300,,20,20,43211,44200,,23055619,,,,,,,3393,3,0,0,0
174550,73604251867348992,,0,4,,,3300,,20,20,43211,44200,,23055619,,,,,,,10813,3,0,0,0
174551,73604252446752768,,0,4,,,3300,,20,20,43211,44200,,23055619,,,,,,,11404,3,0,0,0
174552,73604252918743040,,0,4,,,3300,,20,20,43211,44200,,23055619,,,,,,,8359,3,0,0,0
174553,73604253469442048,,0,4,,,3300,,20,20,43211,44200,,23055619,,,,,,,10660,3,0,0,0
174554,73604253941366784,,0,4,,,3300,,20,20,43211,44200,,23055619,,,,,,,8819,3,0,0,0
174555,73604253942316283,,0,4,-1.0,21300.0,3300,489.0,20,20,43211,44200,,23055619,,,,,,,1198,1,45250,0,0
174556,73604254504452096,,0,4,,,3300,,20,20,43211,44200,,23055619,,,,,,,9835,3,0,0,0
174557,73604255054954496,,0,4,,,3300,,20,20,43211,44200,,23055619,,,,,,,10205,3,0,0,0
174558,73604255526944768,,0,4,,,3300,,20,20,43211,44200,,23055619,,,,,,,9031,3,0,0,0
174559,73604256077578240,,0,4,,,3300,,20,20,43211,44200,,23055619,,,,,,,10476,3,0,0,0
174560,73604256711049216,,0,4,,,3300,,20,20,43211,44200,,23055619,,,,,,,12204,3,0,0,0
174561,73604257135656960,,0,4,,,3300,,20,20,43211,44200,,23055619,,,,,,,8111,3,0,0,0
174562,73604257138511891,,0,4,-1.0,21300.0,3300,489.0,20,20,43211,44200,,23055619,,,,,,,1009,1,45250,0,0
174563,73604257609416704,,0,4,,,3300,,20,20,43211,44200,,23055619,,,,,,,7925,3,0,0,0
174564,73604258159984640,,0,4,,,3300,,20,20,43211,44200,,23055619,,,,,,,10489,3,0,0,0
174565,73604258710618112,,0,4,,,3300,,20,20,43211,44200,,23055619,,,,,,,10942,3,0,0,0
174566,73604259182542848,,0,4,,,3300,,20,20,43211,44200,,23055619,,,,,,,8563,3,0,0,0
174567,73604259733176320,,0,4,,,3300,,20,20,43211,44200,,23055619,,,,,,,10482,3,0,0,0
174568,73604260283809792,,0,4,,,3300,,20,20,43211,44200,,23055619,,,,,,,10503,3,0,0,0
174569,73604260755800064,,0,4,,,3300,,20,20,43211,44200,,23055619,,,,,,,9067,3,0,0,0
174570,73604261290835968,,0,4,,,3300,,20,20,43211,44200,,23055619,,,,,,,10128,3,0,0,0
174571,73604261841600512,,0,4,,,3300,,20,20,43211,44200,,23055619,,,,,,,10516,3,0,0,0
174572,73604262392627200,,0,4,,,3300,,20,20,43211,44200,,23055619,,,,,,,10510,3,0,0,0
174573,73604262864617472,,0,4,,,3300,,20,20,43211,44200,,23055619,,,,,,,9755,3,0,0,0
174574,73604263415513088,,0,4,,,3300,,20,20,43211,44200,,23055619,,,,,,,9764,3,0,0,0
174575,73604263966212096,,0,4,,,3300,,20,20,43211,44200,,23055619,,,,,,,10482,3,0,0,0
174576,73604264455700480,,0,4,,,3300,,20,20,43211,44200,,23055619,,,,,,,9350,3,0,0,0
174577,73604264969437184,,0,4,,,3300,,20,20,43211,44200,,23055619,,,,,,,9815,3,0,0,0
174578,73604265520136192,,0,4,,,3300,,20,20,43211,44200,,23055619,,,,,,,10488,3,0,0,0
174579,73604266070769664,,0,4,,,3300,,20,20,43211,44200,,23055619,,,,,,,10511,3,0,0,0
174580,73604266543284224,,0,4,,,3300,,20,20,43211,44200,,23055619,,,,,,,9006,3,0,0,0
174581,73604266827901812,,0,4,-1.0,18450.0,450,489.0,10,10,43211,44200,,23055639,,,,,,,6649,1,45250,0,0
174582,73604267102371840,,0,4,,,450,,10,10,43211,44200,,23055639,,,,,,,4622,3,0,0,0
174583,73604267574231040,,0,4,,,450,,10,10,43211,44200,,23055639,,,,,,,8394,3,0,0,0
174584,73604268169428992,,0,4,,,450,,10,10,43211,44200,,23055639,,,,,,,11348,3,0,0,0
174585,73604268655640576,,0,4,,,450,,10,10,43211,44200,,23055639,,,,,,,9275,3,0,0,0
174586,73604269206274048,,0,4,,,450,,10,10,43211,44200,,23055639,,,,,,,10522,3,0,0,0
174587,73604269678264320,,0,4,,,450,,10,10,43211,44200,,23055639,,,,,,,13849,3,0,0,0
174588,73604270327267328,,0,4,,,450,,10,10,43211,44200,,23055639,,,,,,,7614,3,0,0,0
174589,73604270877769728,,0,4,,,450,,10,10,43211,44200,,23055639,,,,,,,10400,3,0,0,0
174590,73604271026894896,,0,4,-1.0,18450.0,450,489.0,10,10,43211,44200,,23055639,,,,,,,4008,1,45250,0,0
174591,73604271208837259,,0,4,-1.0,21300.0,3300,490.0,20,20,43211,44200,,23055618,,,,,,,6348,1,45250,0,0
174592,73604271501869056,,0,4,,,3300,,20,20,43211,44200,,23055618,,,,,,,4882,3,0,0,0
174593,73604271914614784,,0,4,,,3300,,20,20,43211,44200,,23055618,,,,,,,5324,3,0,0,0
174594,73604272499785728,,0,4,,,3300,,20,20,43211,44200,,23055618,,,,,,,10374,3,0,0,0
174595,73604272971710464,,0,4,,,3300,,20,20,43211,44200,,23055618,,,,,,,9342,3,0,0,0
174596,73604273522409472,,0,4,,,3300,,20,20,43211,44200,,23055618,,,,,,,10164,3,0,0,0
174597,73604274073239552,,0,4,,,3300,,20,20,43211,44200,,23055618,,,,,,,10548,3,0,0,0
174598,73604274660048896,,0,4,,,3300,,20,20,43211,44200,,23055618,,,,,,,11437,3,0,0,0
174599,73604275053133824,,0,4,,,3300,,20,20,43211,44200,,23055618,,,,,,,7198,3,0,0,0
174600,73604275655540736,,0,4,,,3300,,20,20,43211,44200,,23055618,,,,,,,11502,3,0,0,0
174601,73604276127596544,,0,4,,,3300,,20,20,43211,44200,,23055618,,,,,,,9003,3,0,0,0
174602,73604276207492123,,0,4,-1.0,21300.0,3300,490.0,20,20,43211,44200,,23055618,,,,,,,2983,1,45250,0,0
174603,73604276641988608,,0,4,,,3300,,20,20,43211,44200,,23055618,,,,,,,7378,3,0,0,0
174604,73604277192491008,,0,4,,,3300,,20,20,43211,44200,,23055618,,,,,,,9969,3,0,0,0
174605,73604277743124480,,0,4,,,3300,,20,20,43211,44200,,23055618,,,,,,,10564,3,0,0,0
174606,73604278215114752,,0,4,,,3300,,20,20,43211,44200,,23055618,,,,,,,8941,3,0,0,0
174607,73604278765682688,,0,4,,,3300,,20,20,43211,44200,,23055618,,,,,,,10484,3,0,0,0
174608,73604279316381696,,0,4,,,3300,,20,20,43211,44200,,23055618,,,,,,,10701,3,0,0,0
174609,73604279788371968,,0,4,,,3300,,20,20,43211,44200,,23055618,,,,,,,8922,3,0,0,0
174610,73604280073756675,,0,4,-1.0,21300.0,3300,490.0,20,20,43211,44200,,23055618,,,,,,,6546,1,45250,0,0
174611,73604280339202048,,0,4,,,3300,,20,20,43211,44200,,23055618,,,,,,,3843,3,0,0,0
174612,73604280752407624,,0,4,-1.0,21300.0,3300,490.0,20,20,43211,44200,,23055618,,,,,,,8935,1,45250,0,0
174613,73604280871944192,,0,4,,,3300,,20,20,43211,44200,,23055618,,,,,,,1568,3,0,0,0
174614,73604281422381056,,0,4,,,3300,,20,20,43211,44200,,23055618,,,,,,,10156,3,0,0,0
174615,73604281894305792,,0,4,,,3300,,20,20,43211,44200,,23055618,,,,,,,9003,3,0,0,0
174616,73604282444873728,,0,4,,,3300,,20,20,43211,44200,,23055618,,,,,,,10491,3,0,0,0
174617,73604283152859136,,0,4,,,3300,,20,20,43211,44200,,23055618,,,,,,,14440,3,0,0,0
174618,73604283672756224,,0,4,,,3300,,20,20,43211,44200,,23055618,,,,,,,9013,3,0,0,0
174619,73604284144615424,,0,4,,,3300,,20,20,43211,44200,,23055618,,,,,,,8966,3,0,0,0
174620,73604284695314432,,0,4,,,3300,,20,20,43211,44200,,23055618,,,,,,,10535,3,0,0,0
174621,73604285245882368,,0,4,,,3300,,20,20,43211,44200,,23055618,,,,,,,10483,3,0,0,0
174622,73604285330769136,,0,4,-1.0,21300.0,3300,490.0,20,20,43211,44200,,23055618,,,,,,,2805,1,45250,0,0
174623,73604285771677696,,0,4,,,3300,,20,20,43211,44200,,23055618,,,,,,,11278,3,0,0,0
174624,73604285998539795,,0,4,-1.0,21300.0,3300,490.0,20,20,43211,44200,,23055618,,,,,,,2351,1,45250,0,0
174625,73604286259331072,,0,4,,,3300,,20,20,43211,44200,,23055618,,,,,,,2896,3,0,0,0
174626,73604286812323840,,0,4,,,3300,,20,20,43211,44200,,23055618,,,,,,,10543,3,0,0,0
174627,73604287363088384,,0,4,,,3300,,20,20,43211,44200,,23055618,,,,,,,10522,3,0,0,0
174628,73604287833702400,,0,4,,,3300,,20,20,43211,44200,,23055618,,,,,,,9034,3,0,0,0
174629,73604288384270336,,0,4,,,3300,,20,20,43211,44200,,23055618,,,,,,,10416,3,0,0,0
174630,73604288935034880,,0,4,,,3300,,20,20,43211,44200,,23055618,,,,,,,11355,3,0,0,0
174631,73604289485668352,,0,4,,,3300,,20,20,43211,44200,,23055618,,,,,,,9664,3,0,0,0
174632,73604289957658624,,0,4,,,3300,,20,20,43211,44200,,23055618,,,,,,,8990,3,0,0,0
174633,73604290508292096,,0,4,,,3300,,20,20,43211,44200,,23055618,,,,,,,10524,3,0,0,0
174634,73604291117907968,,0,4,,,3300,,20,20,43211,44200,,23055618,,,,,,,11798,3,0,0,0
174635,73604291530981376,,0,4,,,3300,,20,20,43211,44200,,23055618,,,,,,,7809,3,0,0,0
174636,73604292081483776,,0,4,,,3300,,20,20,43211,44200,,23055618,,,,,,,10400,3,0,0,0
174637,73604292585455616,,0,4,,,3300,,20,20,43211,44200,,23055618,,,,,,,10095,3,0,0,0
174638,73604293655134208,,0,4,,,3300,,20,20,43211,44200,,23055618,,,,,,,12926,3,0,0,0
174639,73604294048973319,,0,4,-1.0,21300.0,3300,490.0,20,20,43211,44200,,23055618,,,,,,,4780,1,45250,0,0
174640,73604294133022720,,0,4,,,3300,,20,20,43211,44200,,23055618,,,,,,,569,3,0,0,0
174641,73604294690340864,,0,4,,,3300,,20,20,43211,44200,,23055618,,,,,,,11259,3,0,0,0
174642,73604295240908800,,0,4,,,3300,,20,20,43211,44200,,23055618,,,,,,,9898,3,0,0,0
174643,73604296035270656,,0,4,,,3300,,20,20,43211,44200,,23055618,,,,,,,15246,3,0,0,0
174644,73604296578760704,,0,4,,,3300,,20,20,43211,44200,,23055618,,,,,,,10242,3,0,0,0
174645,73604297129328640,,0,4,,,3300,,20,20,43211,44200,,23055618,,,,,,,10524,3,0,0,0
174646,73604297601318912,,0,4,,,3300,,20,20,43211,44200,,23055618,,,,,,,9006,3,0,0,0
174647,73604298151952384,,0,4,,,3300,,20,20,43211,44200,,23055618,,,,,,,11931,3,0,0,0
174648,73604298415235777,,0,4,-1.0,21300.0,3300,490.0,20,20,43211,44200,,23055618,,,,,,,4658,1,45250,0,0
174649,73604298703634432,,0,4,,,3300,,20,20,43211,44200,,23055618,,,,,,,5265,3,0,0,0
174650,73604299175624704,,0,4,,,3300,,20,20,43211,44200,,23055618,,,,,,,8508,3,0,0,0
174651,73604299726061568,,0,4,,,3300,,20,20,43211,44200,,23055618,,,,,,,10145,3,0,0,0
174652,73604300276695040,,0,4,,,3300,,20,20,43211,44200,,23055618,,,,,,,10820,3,0,0,0
174653,73604300777062400,,0,4,,,3300,,20,20,43211,44200,,23055618,,,,,,,9410,3,0,0,0
174654,73604301327630336,,0,4,,,3300,,20,20,43211,44200,,23055618,,,,,,,10305,3,0,0,0
174655,73604301799751680,,0,4,,,3300,,20,20,43211,44200,,23055618,,,,,,,9106,3,0,0,0
174656,73604302428962816,,0,4,,,3300,,20,20,43211,44200,,23055618,,,,,,,11909,3,0,0,0
174657,73604302528612191,,0,4,-1.0,21300.0,3300,489.0,20,20,43211,44200,,23055619,,,,,,,5131,1,45250,0,0
174658,73604302937915392,,0,4,,,3300,,20,20,43211,44200,,23055619,,,,,,,4590,3,0,0,0
174659,73604303488417792,,0,4,,,3300,,20,20,43211,44200,,23055619,,,,,,,10488,3,0,0,0
174660,73604303960342528,,0,4,,,3300,,20,20,43211,44200,,23055619,,,,,,,9003,3,0,0,0
174661,73604304511041536,,0,4,,,3300,,20,20,43211,44200,,23055619,,,,,,,10533,3,0,0,0
174662,73604304982966272,,0,4,,,3300,,20,20,43211,44200,,23055619,,,,,,,8979,3,0,0,0
174663,73604305539629056,,0,4,,,3300,,20,20,43211,44200,,23055619,,,,,,,10635,3,0,0,0
174664,73604306091048960,,0,4,,,3300,,20,20,43211,44200,,23055619,,,,,,,10509,3,0,0,0
174665,73604306583027712,,0,4,,,3300,,20,20,43211,44200,,23055619,,,,,,,9722,3,0,0,0
174666,73604306621331578,,0,4,-1.0,21300.0,3300,489.0,20,20,43211,44200,,23055619,,,,,,,1684,1,45250,0,0
174667,73604307128483840,,0,4,,,3300,,20,20,43211,44200,,23055619,,,,,,,9501,3,0,0,0
174668,73604307618430976,,0,4,,,3300,,20,20,43211,44200,,23055619,,,,,,,8206,3,0,0,0
174669,73604308169129984,,0,4,,,3300,,20,20,43211,44200,,23055619,,,,,,,10503,3,0,0,0
174670,73604308798341120,,0,4,,,3300,,20,20,43211,44200,,23055619,,,,,,,12037,3,0,0,0
174671,73604309270265856,,0,4,,,3300,,20,20,43211,44200,,23055619,,,,,,,8965,3,0,0,0
174672,73604309820964864,,0,4,,,3300,,20,20,43211,44200,,23055619,,,,,,,10588,3,0,0,0
174673,73604310371532800,,0,4,,,3300,,20,20,43211,44200,,23055619,,,,,,,10807,3,0,0,0
174674,73604310843523072,,0,4,,,3300,,20,20,43211,44200,,23055619,,,,,,,8604,3,0,0,0
174675,73604311410147328,,0,4,,,3300,,20,20,43211,44200,,23055619,,,,,,,10819,3,0,0,0
174676,73604311763257666,,0,4,-1.0,21300.0,3300,489.0,20,20,43211,44200,,23055619,,,,,,,8429,1,45250,0,0
174677,73604311937253376,,0,4,,,3300,,20,20,43211,44200,,23055619,,,,,,,1635,3,0,0,0
174678,73604312409178112,,0,4,,,3300,,20,20,43211,44200,,23055619,,,,,,,9871,3,0,0,0
174679,73604312959680512,,0,4,,,3300,,20,20,43211,44200,,23055619,,,,,,,9619,3,0,0,0
174680,73604313510248448,,0,4,,,3300,,20,20,43211,44200,,23055619,,,,,,,10500,3,0,0,0
174681,73604313982238720,,0,4,,,3300,,20,20,43211,44200,,23055619,,,,,,,14001,3,0,0,0
174682,73604314566230016,,0,4,,,3300,,20,20,43211,44200,,23055619,,,,,,,9675,3,0,0,0
174683,73604315138883584,,0,4,,,3300,,20,20,43211,44200,,23055619,,,,,,,7378,3,0,0,0
174684,73604315610873856,,0,4,,,3300,,20,20,43211,44200,,23055619,,,,,,,9027,3,0,0,0
174685,73604316105543752,,0,4,-1.0,21300.0,3300,489.0,20,20,43211,44200,,23055619,,,,,,,10826,1,45250,0,0
174686,73604316182020096,,0,4,,,3300,,20,20,43211,44200,,23055619,,,,,,,159,3,0,0,0
174687,73604316569222608,,0,4,-1.0,18450.0,450,489.0,10,10,43211,44200,,23055639,,,,,,,11118,1,45250,0,0
174688,73604316773220352,,0,4,,,450,,10,10,43211,44200,,23055639,,,,,,,8155,3,0,0,0
174689,73604317185179648,,0,4,,,450,,10,10,43211,44200,,23055639,,,,,,,2162,3,0,0,0
174690,73604316979933576,,0,4,-1.0,18450.0,450,489.0,10,10,43211,44200,,23055639,,,,,,,183,1,45250,0,0
174691,73604317721067520,,0,4,,,450,,10,10,43211,44200,,23055639,,,,,,,8193,3,0,0,0
174692,73604318271700992,,0,4,,,450,,10,10,43211,44200,,23055639,,,,,,,9946,3,0,0,0
174693,73604318743625728,,0,4,,,450,,10,10,43211,44200,,23055639,,,,,,,8996,3,0,0,0
174694,73604319294259200,,0,4,,,450,,10,10,43211,44200,,23055639,,,,,,,10535,3,0,0,0
174695,73604319844892672,,0,4,,,450,,10,10,43211,44200,,23055639,,,,,,,10487,3,0,0,0
174696,73604320316817408,,0,4,,,450,,10,10,43211,44200,,23055639,,,,,,,9011,3,0,0,0
174697,73604320867778560,,0,4,,,450,,10,10,43211,44200,,23055639,,,,,,,10568,3,0,0,0
174698,73604321418084352,,0,4,,,450,,10,10,43211,44200,,23055639,,,,,,,10411,3,0,0,0
174699,73604321559488494,,0,4,-1.0,18450.0,450,489.0,10,10,43211,44200,,23055639,,,,,,,4189,1,45250,0,0
174700,73604321926840320,,0,4,,,450,,10,10,43211,44200,,23055639,,,,,,,5514,3,0,0,0
174701,73604322478915584,,0,4,,,450,,10,10,43211,44200,,23055639,,,,,,,10544,3,0,0,0
174702,73604323029614592,,0,4,,,450,,10,10,43211,44200,,23055639,,,,,,,10504,3,0,0,0
174703,73604323501539328,,0,4,,,450,,10,10,43211,44200,,23055639,,,,,,,8986,3,0,0,0
174704,73604324052107264,,0,4,,,450,,10,10,43211,44200,,23055639,,,,,,,10523,3,0,0,0
174705,73604324602675200,,0,4,,,450,,10,10,43211,44200,,23055639,,,,,,,10481,3,0,0,0
174706,73604325076959232,,0,4,,,450,,10,10,43211,44200,,23055639,,,,,,,9059,3,0,0,0
174707,73604325627527168,,0,4,,,450,,10,10,43211,44200,,23055639,,,,,,,10490,3,0,0,0
174708,73604325794028997,,0,4,-1.0,18450.0,450,489.0,10,10,43211,44200,,23055639,,,,,,,4338,1,45250,0,0
174709,73604326083295706,,0,4,-1.0,18450.0,450,489.0,10,10,43211,44200,,23055639,,,,,,,6042,1,45250,0,0
174710,73604326181896192,,0,4,,,450,,10,10,43211,44200,,23055639,,,,,,,206,3,0,0,0
174711,73604326656966656,,0,4,,,450,,10,10,43211,44200,,23055639,,,,,,,9057,3,0,0,0
174712,73604327234207744,,0,4,,,450,,10,10,43211,44200,,23055639,,,,,,,11013,3,0,0,0
174713,73604327784972288,,0,4,,,450,,10,10,43211,44200,,23055639,,,,,,,10495,3,0,0,0
174714,73604328291041280,,0,4,,,450,,10,10,43211,44200,,23055639,,,,,,,9762,3,0,0,0
174715,73604328789245952,,0,4,,,450,,10,10,43211,44200,,23055639,,,,,,,9403,3,0,0,0
174716,73604329052409928,,0,4,-1.0,18450.0,450,489.0,10,10,43211,44200,,23055639,,,,,,,7338,1,45250,0,0
174717,73604329235965865,,0,4,-1.0,21300.0,3300,490.0,20,20,43211,44200,,23055618,,,,,,,2889,1,45250,0,0
174718,73604329320808448,,0,4,,,3300,,20,20,43211,44200,,23055618,,,,,,,46,3,0,0,0
174719,73604329957687296,,0,4,,,3300,,20,20,43211,44200,,23055618,,,,,,,13864,3,0,0,0
174720,73604330402676736,,0,4,,,3300,,20,20,43211,44200,,23055618,,,,,,,6611,3,0,0,0
174721,73604330885414912,,0,4,,,3300,,20,20,43211,44200,,23055618,,,,,,,9433,3,0,0,0
174722,73604331406229504,,0,4,,,3300,,20,20,43211,44200,,23055618,,,,,,,12408,3,0,0,0
174723,73604331975475200,,0,4,,,3300,,20,20,43211,44200,,23055618,,,,,,,8171,3,0,0,0
174724,73604332447465472,,0,4,,,3300,,20,20,43211,44200,,23055618,,,,,,,8989,3,0,0,0
174725,73604332998492160,,0,4,,,3300,,20,20,43211,44200,,23055618,,,,,,,11977,3,0,0,0
174726,73604333550239744,,0,4,,,3300,,20,20,43211,44200,,23055618,,,,,,,9058,3,0,0,0
174727,73604333787777039,,0,4,-1.0,21300.0,3300,490.0,20,20,43211,44200,,23055618,,,,,,,6128,1,45250,0,0
174728,73604334107361280,,0,4,,,3300,,20,20,43211,44200,,23055618,,,,,,,4697,3,0,0,0
174729,73604334579154944,,0,4,,,3300,,20,20,43211,44200,,23055618,,,,,,,9356,3,0,0,0
174730,73604335129788416,,0,4,,,3300,,20,20,43211,44200,,23055618,,,,,,,9964,3,0,0,0
174731,73604335680421888,,0,4,,,3300,,20,20,43211,44200,,23055618,,,,,,,10486,3,0,0,0
174732,73604336152412160,,0,4,,,3300,,20,20,43211,44200,,23055618,,,,,,,14332,3,0,0,0
174733,73604336680370176,,0,4,,,3300,,20,20,43211,44200,,23055618,,,,,,,5290,3,0,0,0
174734,73604337231069184,,0,4,,,3300,,20,20,43211,44200,,23055618,,,,,,,9981,3,0,0,0
174735,73604337781768192,,0,4,,,3300,,20,20,43211,44200,,23055618,,,,,,,10539,3,0,0,0
174736,73604338134256082,,0,4,-1.0,21300.0,3300,490.0,20,20,43211,44200,,23055618,,,,,,,7872,1,45250,0,0
174737,73604338253955072,,0,4,,,3300,,20,20,43211,44200,,23055618,,,,,,,1082,3,0,0,0
174738,73604338788532224,,0,4,,,3300,,20,20,43211,44200,,23055618,,,,,,,10201,3,0,0,0
174739,73604339338969088,,0,4,,,3300,,20,20,43211,44200,,23055618,,,,,,,10499,3,0,0,0
174740,73604339810959360,,0,4,,,3300,,20,20,43211,44200,,23055618,,,,,,,8989,3,0,0,0
174741,73604340361527296,,0,4,,,3300,,20,20,43211,44200,,23055618,,,,,,,10513,3,0,0,0
174742,73604340913012736,,0,4,,,3300,,20,20,43211,44200,,23055618,,,,,,,10543,3,0,0,0
174743,73604341463646208,,0,4,,,3300,,20,20,43211,44200,,23055618,,,,,,,10500,3,0,0,0
174744,73604341935767552,,0,4,,,3300,,20,20,43211,44200,,23055618,,,,,,,8991,3,0,0,0
174745,73604342374704346,,0,4,-1.0,21300.0,3300,490.0,20,20,43211,44200,,23055618,,,,,,,9561,1,45250,0,0
174746,73604342486466560,,0,4,,,3300,,20,20,43211,44200,,23055618,,,,,,,932,3,0,0,0
174747,73604343036903424,,0,4,,,3300,,20,20,43211,44200,,23055618,,,,,,,10531,3,0,0,0
174748,73604343508893696,,0,4,,,3300,,20,20,43211,44200,,23055618,,,,,,,8977,3,0,0,0
174749,73604344059527168,,0,4,,,3300,,20,20,43211,44200,,23055618,,,,,,,10511,3,0,0,0
174750,73604344610160640,,0,4,,,3300,,20,20,43211,44200,,23055618,,,,,,,10499,3,0,0,0
174751,73604345082019840,,0,4,,,3300,,20,20,43211,44200,,23055618,,,,,,,9853,3,0,0,0
174752,73604345632784384,,0,4,,,3300,,20,20,43211,44200,,23055618,,,,,,,12365,3,0,0,0
174753,73604346145538048,,0,4,,,3300,,20,20,43211,44200,,23055618,,,,,,,7066,3,0,0,0
174754,73604346696105984,,0,4,,,3300,,20,20,43211,44200,,23055618,,,,,,,10490,3,0,0,0
174755,73604346851369921,,0,4,-1.0,21300.0,3300,490.0,20,20,43211,44200,,23055618,,,,,,,4058,1,45250,0,0
174756,73604347250802688,,0,4,,,3300,,20,20,43211,44200,,23055618,,,,,,,6530,3,0,0,0
174757,73604347773714432,,0,4,,,3300,,20,20,43211,44200,,23055618,,,,,,,9968,3,0,0,0
174758,73604348324151296,,0,4,,,3300,,20,20,43211,44200,,23055618,,,,,,,10487,3,0,0,0
174759,73604348807217152,,0,4,,,3300,,20,20,43211,44200,,23055618,,,,,,,14346,3,0,0,0
174760,73604349356605440,,0,4,,,3300,,20,20,43211,44200,,23055618,,,,,,,5358,3,0,0,0
174761,73604349907107840,,0,4,,,3300,,20,20,43211,44200,,23055618,,,,,,,10499,3,0,0,0
174762,73604350402035712,,0,4,,,3300,,20,20,43211,44200,,23055618,,,,,,,9430,3,0,0,0
174763,73604350952538112,,0,4,,,3300,,20,20,43211,44200,,23055618,,,,,,,10515,3,0,0,0
174764,73604351424528384,,0,4,,,3300,,20,20,43211,44200,,23055618,,,,,,,9753,3,0,0,0
174765,73604351975161856,,0,4,,,3300,,20,20,43211,44200,,23055618,,,,,,,11550,3,0,0,0
174766,73604352527630336,,0,4,,,3300,,20,20,43211,44200,,23055618,,,,,,,8736,3,0,0,0
174767,73604353078198272,,0,4,,,3300,,20,20,43211,44200,,23055618,,,,,,,10505,3,0,0,0
174768,73604353629028352,,0,4,,,3300,,20,20,43211,44200,,23055618,,,,,,,10519,3,0,0,0
174769,73604354177957888,,0,4,,,3300,,20,20,43211,44200,,23055618,,,,,,,10585,3,0,0,0
174770,73604354355046524,,0,4,-1.0,21300.0,3300,490.0,20,20,43211,44200,,23055618,,,,,,,4551,1,45250,0,0
174771,73604354650079232,,0,4,,,3300,,20,20,43211,44200,,23055618,,,,,,,4325,3,0,0,0
174772,73604355200712704,,0,4,,,3300,,20,20,43211,44200,,23055618,,,,,,,10487,3,0,0,0
174773,73604355751280640,,0,4,,,3300,,20,20,43211,44200,,23055618,,,,,,,10523,3,0,0,0
174774,73604356223139840,,0,4,,,3300,,20,20,43211,44200,,23055618,,,,,,,9520,3,0,0,0
174775,73604356826267648,,0,4,,,3300,,20,20,43211,44200,,23055618,,,,,,,11306,3,0,0,0
174776,73604357286068224,,0,4,,,3300,,20,20,43211,44200,,23055618,,,,,,,8445,3,0,0,0
174777,73604357754805763,,0,4,-1.0,21300.0,3300,490.0,20,20,43211,44200,,23055618,,,,,,,10334,1,45250,0,0
174778,73604357836898304,,0,4,,,3300,,20,20,43211,44200,,23055618,,,,,,,571,3,0,0,0
174779,73604358308757504,,0,4,,,3300,,20,20,43211,44200,,23055618,,,,,,,8600,3,0,0,0
174780,73604358859259904,,0,4,,,3300,,20,20,43211,44200,,23055618,,,,,,,10494,3,0,0,0
174781,73604359488733184,,0,4,,,3300,,20,20,43211,44200,,23055618,,,,,,,12032,3,0,0,0
174782,73604360039170048,,0,4,,,3300,,20,20,43211,44200,,23055618,,,,,,,10472,3,0,0,0
174783,73604360511160320,,0,4,,,3300,,20,20,43211,44200,,23055618,,,,,,,9013,3,0,0,0
174784,73604361061728256,,0,4,,,3300,,20,20,43211,44200,,23055618,,,,,,,10503,3,0,0,0
174785,73604361612361728,,0,4,,,3300,,20,20,43211,44200,,23055618,,,,,,,12764,3,0,0,0
174786,73604362127933440,,0,4,,,3300,,20,20,43211,44200,,23055618,,,,,,,7619,3,0,0,0
174787,73604362599923712,,0,4,,,3300,,20,20,43211,44200,,23055618,,,,,,,9001,3,0,0,0
174788,73604362599072945,,0,4,-1.0,21300.0,3300,490.0,20,20,43211,44200,,23055618,,,,,,,959,1,45250,0,0
174789,73604363150819328,,0,4,,,3300,,20,20,43211,44200,,23055618,,,,,,,9496,3,0,0,0
174790,73604363647057920,,0,4,,,3300,,20,20,43211,44200,,23055618,,,,,,,9465,3,0,0,0
174791,73604364197560320,,0,4,,,3300,,20,20,43211,44200,,23055618,,,,,,,10510,3,0,0,0
174792,73604364748193792,,0,4,,,3300,,20,20,43211,44200,,23055618,,,,,,,10488,3,0,0,0
174793,73604365225295872,,0,4,,,3300,,20,20,43211,44200,,23055618,,,,,,,9219,3,0,0,0
174794,73604365775929344,,0,4,,,3300,,20,20,43211,44200,,23055618,,,,,,,10392,3,0,0,0
174795,73604366326628352,,0,4,,,3300,,20,20,43211,44200,,23055618,,,,,,,10587,3,0,0,0
174796,73604366657028168,,0,4,-1.0,21300.0,3300,490.0,20,20,43211,44200,,23055618,,,,,,,7642,1,45250,0,0
174797,73604366877458432,,0,4,,,3300,,20,20,43211,44200,,23055618,,,,,,,2776,3,0,0,0
174798,73604367419834368,,0,4,,,3300,,20,20,43211,44200,,23055618,,,,,,,10670,3,0,0,0
174799,73604367891562496,,0,4,,,3300,,20,20,43211,44200,,23055618,,,,,,,9341,3,0,0,0
174800,73604368442458112,,0,4,,,3300,,20,20,43211,44200,,23055618,,,,,,,9840,3,0,0,0
174801,73604368971595776,,0,4,,,3300,,20,20,43211,44200,,23055618,,,,,,,10254,3,0,0,0
174802,73604369522229248,,0,4,,,3300,,20,20,43211,44200,,23055618,,,,,,,10333,3,0,0,0
174803,73604369994219520,,0,4,,,3300,,20,20,43211,44200,,23055618,,,,,,,8996,3,0,0,0
174804,73604370544787456,,0,4,,,3300,,20,20,43211,44200,,23055618,,,,,,,10514,3,0,0,0
174805,73604371095355392,,0,4,,,3300,,20,20,43211,44200,,23055618,,,,,,,10502,3,0,0,0
174806,73604371567542272,,0,4,,,3300,,20,20,43211,44200,,23055618,,,,,,,9008,3,0,0,0
174807,73604371559555628,,0,4,-1.0,21300.0,3300,490.0,20,20,43211,44200,,23055618,,,,,,,943,1,45250,0,0
174808,73604372126760960,,0,4,,,3300,,20,20,43211,44200,,23055618,,,,,,,9725,3,0,0,0
174809,73604372677263360,,0,4,,,3300,,20,20,43211,44200,,23055618,,,,,,,10482,3,0,0,0
174810,73604373149253632,,0,4,,,3300,,20,20,43211,44200,,23055618,,,,,,,9026,3,0,0,0
174811,73604373816279040,,0,4,,,3300,,20,20,43211,44200,,23055618,,,,,,,13505,3,0,0,0
174812,73604374219784192,,0,4,,,3300,,20,20,43211,44200,,23055618,,,,,,,6919,3,0,0,0
174813,73604374770352128,,0,4,,,3300,,20,20,43211,44200,,23055618,,,,,,,10527,3,0,0,0
174814,73604375321116672,,0,4,,,3300,,20,20,43211,44200,,23055618,,,,,,,10491,3,0,0,0
174815,73604375810015232,,0,4,,,3300,,20,20,43211,44200,,23055618,,,,,,,9308,3,0,0,0
174816,73604376262751962,,0,4,-1.0,21300.0,3300,490.0,20,20,43211,44200,,23055618,,,,,,,9769,1,45250,0,0
174817,73604376362024960,,0,4,,,3300,,20,20,43211,44200,,23055618,,,,,,,736,3,0,0,0
174818,73604376835588096,,0,4,,,3300,,20,20,43211,44200,,23055618,,,,,,,9050,3,0,0,0
174819,73604377386156032,,0,4,,,3300,,20,20,43211,44200,,23055618,,,,,,,10497,3,0,0,0
174820,73604377936789504,,0,4,,,3300,,20,20,43211,44200,,23055618,,,,,,,10503,3,0,0,0
174821,73604378644774912,,0,4,,,3300,,20,20,43211,44200,,23055618,,,,,,,14641,3,0,0,0
174822,73604379195736064,,0,4,,,3300,,20,20,43211,44200,,23055618,,,,,,,9375,3,0,0,0
174823,73604379263540350,,0,4,-1.0,21300.0,3300,490.0,20,20,43211,44200,,23055618,,,,,,,2488,1,45250,0,0
174824,73604379668447232,,0,4,,,3300,,20,20,43211,44200,,23055618,,,,,,,6533,3,0,0,0
174825,73604380218884096,,0,4,,,3300,,20,20,43211,44200,,23055618,,,,,,,11519,3,0,0,0
174826,73604380769517568,,0,4,,,3300,,20,20,43211,44200,,23055618,,,,,,,10633,3,0,0,0
174827,73604381241442304,,0,4,,,3300,,20,20,43211,44200,,23055618,,,,,,,11452,3,0,0,0
174828,73604381797842944,,0,4,,,3300,,20,20,43211,44200,,23055618,,,,,,,7035,3,0,0,0
174829,73604382269898752,,0,4,,,3300,,20,20,43211,44200,,23055618,,,,,,,8962,3,0,0,0
174830,73604382820466688,,0,4,,,3300,,20,20,43211,44200,,23055618,,,,,,,10516,3,0,0,0
174831,73604383371034624,,0,4,,,3300,,20,20,43211,44200,,23055618,,,,,,,10493,3,0,0,0
174832,73604383843024896,,0,4,,,3300,,20,20,43211,44200,,23055618,,,,,,,9018,3,0,0,0
174833,73604383825966470,,0,4,-1.0,21300.0,3300,490.0,20,20,43211,44200,,23055618,,,,,,,780,1,45250,0,0
174834,73604384396804096,,0,4,,,3300,,20,20,43211,44200,,23055618,,,,,,,9786,3,0,0,0
174835,73604384937279488,,0,4,,,3300,,20,20,43211,44200,,23055618,,,,,,,10316,3,0,0,0
174836,73604385487847424,,0,4,,,3300,,20,20,43211,44200,,23055618,,,,,,,10464,3,0,0,0
174837,73604386007351296,,0,4,,,3300,,20,20,43211,44200,,23055618,,,,,,,10277,3,0,0,0
174838,73604386562179072,,0,4,,,3300,,20,20,43211,44200,,23055618,,,,,,,10958,3,0,0,0
174839,73604387034103808,,0,4,,,3300,,20,20,43211,44200,,23055618,,,,,,,8270,3,0,0,0
174840,73604387584737280,,0,4,,,3300,,20,20,43211,44200,,23055618,,,,,,,10684,3,0,0,0
174841,73604387609143293,,0,4,-1.0,21300.0,3300,490.0,20,20,43211,44200,,23055618,,,,,,,1381,1,45250,0,0
174842,73604388182097920,,0,4,,,3300,,20,20,43211,44200,,23055618,,,,,,,11670,3,0,0,0
174843,73604388677419008,,0,4,,,3300,,20,20,43211,44200,,23055618,,,,,,,7617,3,0,0,0
174844,73604389149278208,,0,4,,,3300,,20,20,43211,44200,,23055618,,,,,,,8998,3,0,0,0
174845,73604389699846144,,0,4,,,3300,,20,20,43211,44200,,23055618,,,,,,,10501,3,0,0,0
174846,73604390250479616,,0,4,,,3300,,20,20,43211,44200,,23055618,,,,,,,10507,3,0,0,0
174847,73604390734856192,,0,4,,,3300,,20,20,43211,44200,,23055618,,,,,,,9262,3,0,0,0
174848,73604391031429242,,0,4,-1.0,21300.0,3300,490.0,20,20,43211,44200,,23055618,,,,,,,7344,1,45250,0,0
174849,73604391409614848,,0,4,,,3300,,20,20,43211,44200,,23055618,,,,,,,5645,3,0,0,0
174850,73604391802634240,,0,4,,,3300,,20,20,43211,44200,,23055618,,,,,,,7344,3,0,0,0
174851,73604392353333248,,0,4,,,3300,,20,20,43211,44200,,23055618,,,,,,,10507,3,0,0,0
174852,73604392903901184,,0,4,,,3300,,20,20,43211,44200,,23055618,,,,,,,10509,3,0,0,0
174853,73604393376022528,,0,4,,,3300,,20,20,43211,44200,,23055618,,,,,,,9002,3,0,0,0
174854,73604393926524928,,0,4,,,3300,,20,20,43211,44200,,23055618,,,,,,,12365,3,0,0,0
174855,73604394419093504,,0,4,,,3300,,20,20,43211,44200,,23055618,,,,,,,7959,3,0,0,0
174856,73604394969858048,,0,4,,,3300,,20,20,43211,44200,,23055618,,,,,,,11211,3,0,0,0
174857,73604395468980224,,0,4,,,3300,,20,20,43211,44200,,23055618,,,,,,,8391,3,0,0,0
174858,73604396027019264,,0,4,,,3300,,20,20,43211,44200,,23055618,,,,,,,10820,3,0,0,0
174859,73604396577587200,,0,4,,,3300,,20,20,43211,44200,,23055618,,,,,,,10322,3,0,0,0
174860,73604396657738554,,0,4,-1.0,21300.0,3300,490.0,20,20,43211,44200,,23055618,,,,,,,2668,1,45250,0,0
174861,73604397128548352,,0,4,,,3300,,20,20,43211,44200,,23055618,,,,,,,8039,3,0,0,0
174862,73604397868908544,,0,4,,,3300,,20,20,43211,44200,,23055618,,,,,,,16126,3,0,0,0
174863,73604398359576576,,0,4,,,3300,,20,20,43211,44200,,23055618,,,,,,,7145,3,0,0,0
174864,73604398912503808,,0,4,,,3300,,20,20,43211,44200,,23055618,,,,,,,10553,3,0,0,0
174865,73604399480373248,,0,4,,,3300,,20,20,43211,44200,,23055618,,,,,,,11253,3,0,0,0
174866,73604399952429056,,0,4,,,3300,,20,20,43211,44200,,23055618,,,,,,,8579,3,0,0,0
174867,73604400424484864,,0,4,,,3300,,20,20,43211,44200,,23055618,,,,,,,9126,3,0,0,0
174868,73604400974987264,,0,4,,,3300,,20,20,43211,44200,,23055618,,,,,,,10373,3,0,0,0
174869,73604401019058015,,0,4,-1.0,21300.0,3300,490.0,20,20,43211,44200,,23055618,,,,,,,1867,1,45250,0,0
174870,73604401525620736,,0,4,,,3300,,20,20,43211,44200,,23055618,,,,,,,8650,3,0,0,0
174871,73604401477915720,,0,4,-1.0,21300.0,3300,490.0,20,20,43211,44200,,23055618,,,,,,,339,1,45250,0,0
174872,73604402064850944,,0,4,,,3300,,20,20,43211,44200,,23055618,,,,,,,10675,3,0,0,0
174873,73604402536775680,,0,4,,,3300,,20,20,43211,44200,,23055618,,,,,,,8260,3,0,0,0
174874,73604403087605760,,0,4,,,3300,,20,20,43211,44200,,23055618,,,,,,,10520,3,0,0,0
174875,73604403638239232,,0,4,,,3300,,20,20,43211,44200,,23055618,,,,,,,10492,3,0,0,0
174876,73604404503511040,,0,4,,,3300,,20,20,43211,44200,,23055618,,,,,,,16509,3,0,0,0
174877,73604404975435776,,0,4,,,3300,,20,20,43211,44200,,23055618,,,,,,,8993,3,0,0,0
174878,73604405526134784,,0,4,,,3300,,20,20,43211,44200,,23055618,,,,,,,10507,3,0,0,0
174879,73604406076637184,,0,4,,,3300,,20,20,43211,44200,,23055618,,,,,,,10495,3,0,0,0
174880,73604406216268627,,0,4,-1.0,21300.0,3300,490.0,20,20,43211,44200,,23055618,,,,,,,4163,1,45250,0,0
174881,73604406557671424,,0,4,,,3300,,20,20,43211,44200,,23055618,,,,,,,5768,3,0,0,0
174882,73604407130390528,,0,4,,,3300,,20,20,43211,44200,,23055618,,,,,,,10325,3,0,0,0
174883,73604407602380800,,0,4,,,3300,,20,20,43211,44200,,23055618,,,,,,,8845,3,0,0,0
174884,73604408153079808,,0,4,,,3300,,20,20,43211,44200,,23055618,,,,,,,10513,3,0,0,0
174885,73604408625070080,,0,4,,,3300,,20,20,43211,44200,,23055618,,,,,,,9014,3,0,0,0
174886,73604409175572480,,0,4,,,3300,,20,20,43211,44200,,23055618,,,,,,,10482,3,0,0,0
174887,73604409726205952,,0,4,,,3300,,20,20,43211,44200,,23055618,,,,,,,10488,3,0,0,0
174888,73604410198065152,,0,4,,,3300,,20,20,43211,44200,,23055618,,,,,,,9012,3,0,0,0
174889,73604410335830957,,0,4,-1.0,21300.0,3300,490.0,20,20,43211,44200,,23055618,,,,,,,3753,1,45250,0,0
174890,73604410865942528,,0,4,,,3300,,20,20,43211,44200,,23055618,,,,,,,9007,3,0,0,0
174891,73604411416444928,,0,4,,,3300,,20,20,43211,44200,,23055618,,,,,,,10495,3,0,0,0
174892,73604411936342016,,0,4,,,3300,,20,20,43211,44200,,23055618,,,,,,,9927,3,0,0,0
174893,73604412408332288,,0,4,,,3300,,20,20,43211,44200,,23055618,,,,,,,8963,3,0,0,0
174894,73604412958965760,,0,4,,,3300,,20,20,43211,44200,,23055618,,,,,,,10528,3,0,0,0
174895,73604413509533696,,0,4,,,3300,,20,20,43211,44200,,23055618,,,,,,,10720,3,0,0,0
174896,73604413981720576,,0,4,,,3300,,20,20,43211,44200,,23055618,,,,,,,8778,3,0,0,0
174897,73604414533402624,,0,4,,,3300,,20,20,43211,44200,,23055618,,,,,,,10530,3,0,0,0
174898,73604414811502351,,0,4,-1.0,21300.0,3300,490.0,20,20,43211,44200,,23055618,,,,,,,6473,1,45250,0,0
174899,73604415100420096,,0,4,,,3300,,20,20,43211,44200,,23055618,,,,,,,6456,3,0,0,0
174900,73604415610683392,,0,4,,,3300,,20,20,43211,44200,,23055618,,,,,,,7613,3,0,0,0
174901,73604416082673664,,0,4,,,3300,,20,20,43211,44200,,23055618,,,,,,,9013,3,0,0,0
174902,73604416633241600,,0,4,,,3300,,20,20,43211,44200,,23055618,,,,,,,10485,3,0,0,0
174903,73604417209958400,,0,4,,,3300,,20,20,43211,44200,,23055618,,,,,,,13543,3,0,0,0
174904,73604417741258752,,0,4,,,3300,,20,20,43211,44200,,23055618,,,,,,,7595,3,0,0,0
174905,73604418291957760,,0,4,,,3300,,20,20,43211,44200,,23055618,,,,,,,10514,3,0,0,0
174906,73604418763882496,,0,4,,,3300,,20,20,43211,44200,,23055618,,,,,,,8986,3,0,0,0
174907,73604419314647040,,0,4,,,3300,,20,20,43211,44200,,23055618,,,,,,,11338,3,0,0,0
174908,73604419865542656,,0,4,,,3300,,20,20,43211,44200,,23055618,,,,,,,9766,3,0,0,0
174909,73604420337467392,,0,4,,,3300,,20,20,43211,44200,,23055618,,,,,,,8910,3,0,0,0
174910,73604420370915646,,0,4,-1.0,21300.0,3300,490.0,20,20,43211,44200,,23055618,,,,,,,1826,1,45250,0,0
174911,73604420862607360,,0,4,,,3300,,20,20,43211,44200,,23055618,,,,,,,8226,3,0,0,0
174912,73604421412978688,,0,4,,,3300,,20,20,43211,44200,,23055618,,,,,,,10462,3,0,0,0
174913,73604421963612160,,0,4,,,3300,,20,20,43211,44200,,23055618,,,,,,,10519,3,0,0,0
174914,73604422435930112,,0,4,,,3300,,20,20,43211,44200,,23055618,,,,,,,9003,3,0,0,0
174915,73604422954450944,,0,4,,,3300,,20,20,43211,44200,,23055618,,,,,,,11212,3,0,0,0
174916,73604423583662080,,0,4,,,3300,,20,20,43211,44200,,23055618,,,,,,,10674,3,0,0,0
174917,73604424134361088,,0,4,,,3300,,20,20,43211,44200,,23055618,,,,,,,10509,3,0,0,0
174918,73604424684929024,,0,4,,,3300,,20,20,43211,44200,,23055618,,,,,,,10478,3,0,0,0
174919,73604424795249466,,0,4,-1.0,21300.0,3300,490.0,20,20,43211,44200,,23055618,,,,,,,3236,1,45250,0,0
174920,73604425157181440,,0,4,,,3300,,20,20,43211,44200,,23055618,,,,,,,5789,3,0,0,0
174921,73604425680289792,,0,4,,,3300,,20,20,43211,44200,,23055618,,,,,,,10722,3,0,0,0
174922,73604426230792192,,0,4,,,3300,,20,20,43211,44200,,23055618,,,,,,,9755,3,0,0,0
174923,73604426781491200,,0,4,,,3300,,20,20,43211,44200,,23055618,,,,,,,13652,3,0,0,0
174924,73604427282251776,,0,4,,,3300,,20,20,43211,44200,,23055618,,,,,,,6454,3,0,0,0
174925,73604427833016320,,0,4,,,3300,,20,20,43211,44200,,23055618,,,,,,,10476,3,0,0,0
174926,73604428383518720,,0,4,,,3300,,20,20,43211,44200,,23055618,,,,,,,10473,3,0,0,0
174927,73604428510072306,,0,4,-1.0,21300.0,3300,490.0,20,20,43211,44200,,23055618,,,,,,,3514,1,45250,0,0
174928,73604428893978624,,0,4,,,3300,,20,20,43211,44200,,23055618,,,,,,,6221,3,0,0,0
174929,73604429444481024,,0,4,,,3300,,20,20,43211,44200,,23055618,,,,,,,10842,3,0,0,0
174930,73604429995048960,,0,4,,,3300,,20,20,43211,44200,,23055618,,,,,,,10187,3,0,0,0
174931,73604430510161920,,0,4,,,3300,,20,20,43211,44200,,23055618,,,,,,,10541,3,0,0,0
174932,73604431027699712,,0,4,,,3300,,20,20,43211,44200,,23055618,,,,,,,10767,3,0,0,0
174933,73604431590850560,,0,4,,,3300,,20,20,43211,44200,,23055618,,,,,,,9104,3,0,0,0
174934,73604431545518748,,0,4,-1.0,21300.0,3300,490.0,20,20,43211,44200,,23055618,,,,,,,1716,1,45250,0,0
174935,73604432086892544,,0,4,,,3300,,20,20,43211,44200,,23055618,,,,,,,7745,3,0,0,0
174936,73604432604823552,,0,4,,,3300,,20,20,43211,44200,,23055618,,,,,,,9880,3,0,0,0
174937,73604433155325952,,0,4,,,3300,,20,20,43211,44200,,23055618,,,,,,,10504,3,0,0,0
174938,73604433627578368,,0,4,,,3300,,20,20,43211,44200,,23055618,,,,,,,9012,3,0,0,0
174939,73604434178015232,,0,4,,,3300,,20,20,43211,44200,,23055618,,,,,,,11648,3,0,0,0
174940,73604434728714240,,0,4,,,3300,,20,20,43211,44200,,23055618,,,,,,,9336,3,0,0,0
174941,73604435200573440,,0,4,,,3300,,20,20,43211,44200,,23055618,,,,,,,10853,3,0,0,0
174942,73604435773751296,,0,4,,,3300,,20,20,43211,44200,,23055618,,,,,,,9095,3,0,0,0
174943,73604436403159040,,0,4,,,3300,,20,20,43211,44200,,23055618,,,,,,,12927,3,0,0,0
174944,73604436966768640,,0,4,,,3300,,20,20,43211,44200,,23055618,,,,,,,9818,3,0,0,0
174945,73604436941175211,,0,4,-1.0,21300.0,3300,490.0,20,20,43211,44200,,23055618,,,,,,,712,1,45250,0,0
174946,73604437517926400,,0,4,,,3300,,20,20,43211,44200,,23055618,,,,,,,9806,3,0,0,0
174947,73604437989720064,,0,4,,,3300,,20,20,43211,44200,,23055618,,,,,,,8999,3,0,0,0
174948,73604438546317312,,0,4,,,3300,,20,20,43211,44200,,23055618,,,,,,,10606,3,0,0,0
174949,73604439029579776,,0,4,,,3300,,20,20,43211,44200,,23055618,,,,,,,9276,3,0,0,0
174950,73604439580213248,,0,4,,,3300,,20,20,43211,44200,,23055618,,,,,,,10454,3,0,0,0
174951,73604440130781184,,0,4,,,3300,,20,20,43211,44200,,23055618,,,,,,,10517,3,0,0,0
174952,73604440602771456,,0,4,,,3300,,20,20,43211,44200,,23055618,,,,,,,9345,3,0,0,0
174953,73604441014040241,,0,4,-1.0,21300.0,3300,490.0,20,20,43211,44200,,23055618,,,,,,,8608,1,45250,0,0
174954,73604441160679424,,0,4,,,3300,,20,20,43211,44200,,23055618,,,,,,,1672,3,0,0,0
174955,73604441711247360,,0,4,,,3300,,20,20,43211,44200,,23055618,,,,,,,10507,3,0,0,0
174956,73604442183041024,,0,4,,,3300,,20,20,43211,44200,,23055618,,,,,,,8998,3,0,0,0
174957,73604442812383232,,0,4,,,3300,,20,20,43211,44200,,23055618,,,,,,,12024,3,0,0,0
174958,73604443362951168,,0,4,,,3300,,20,20,43211,44200,,23055618,,,,,,,13860,3,0,0,0
174959,73604443861024768,,0,4,,,3300,,20,20,43211,44200,,23055618,,,,,,,6119,3,0,0,0
174960,73604444411592704,,0,4,,,3300,,20,20,43211,44200,,23055618,,,,,,,13157,3,0,0,0
174961,73604444939091968,,0,4,,,3300,,20,20,43211,44200,,23055618,,,,,,,9038,3,0,0,0
174962,73604445306253874,,0,4,-1.0,21300.0,3300,490.0,20,20,43211,44200,,23055618,,,,,,,6431,1,45250,0,0
174963,73604445422485504,,0,4,,,3300,,20,20,43211,44200,,23055618,,,,,,,1154,3,0,0,0
174964,73604445973118976,,0,4,,,3300,,20,20,43211,44200,,23055618,,,,,,,10506,3,0,0,0
174965,73604446444847104,,0,4,,,3300,,20,20,43211,44200,,23055618,,,,,,,8997,3,0,0,0
174966,73604446995742720,,0,4,,,3300,,20,20,43211,44200,,23055618,,,,,,,10523,3,0,0,0
174967,73604447598411776,,0,4,,,3300,,20,20,43211,44200,,23055618,,,,,,,12316,3,0,0,0
174968,73604448070336512,,0,4,,,3300,,20,20,43211,44200,,23055618,,,,,,,8163,3,0,0,0
174969,73604448542326784,,0,4,,,3300,,20,20,43211,44200,,23055618,,,,,,,9027,3,0,0,0
174970,73604449171537920,,0,4,,,3300,,20,20,43211,44200,,23055618,,,,,,,11976,3,0,0,0
174971,73604449390958320,,0,4,-1.0,21300.0,3300,490.0,20,20,43211,44200,,23055618,,,,,,,5334,1,45250,0,0
174972,73604449653882880,,0,4,,,3300,,20,20,43211,44200,,23055618,,,,,,,3891,3,0,0,0
174973,73604450204385280,,0,4,,,3300,,20,20,43211,44200,,23055618,,,,,,,10504,3,0,0,0
174974,73604450754953216,,0,4,,,3300,,20,20,43211,44200,,23055618,,,,,,,11501,3,0,0,0
174975,73604451378593792,,0,4,,,3300,,20,20,43211,44200,,23055618,,,,,,,12450,3,0,0,0
174976,73604451782492160,,0,4,,,3300,,20,20,43211,44200,,23055618,,,,,,,6108,3,0,0,0
174977,73604452333060096,,0,4,,,3300,,20,20,43211,44200,,23055618,,,,,,,10501,3,0,0,0
174978,73604452510293494,,0,4,-1.0,21300.0,3300,490.0,20,20,43211,44200,,23055618,,,,,,,4581,1,45250,0,0
174979,73604452847845376,,0,4,,,3300,,20,20,43211,44200,,23055618,,,,,,,6082,3,0,0,0
174980,73604453319704576,,0,4,,,3300,,20,20,43211,44200,,23055618,,,,,,,8160,3,0,0,0
174981,73604453870338048,,0,4,,,3300,,20,20,43211,44200,,23055618,,,,,,,10847,3,0,0,0
174982,73604454402162688,,0,4,,,3300,,20,20,43211,44200,,23055618,,,,,,,10130,3,0,0,0
174983,73604454907117568,,0,4,,,3300,,20,20,43211,44200,,23055618,,,,,,,9309,3,0,0,0
174984,73604455615037440,,0,4,,,3300,,20,20,43211,44200,,23055618,,,,,,,14120,3,0,0,0
174985,73604456165736448,,0,4,,,3300,,20,20,43211,44200,,23055618,,,,,,,10230,3,0,0,0
174986,73604456637792256,,0,4,,,3300,,20,20,43211,44200,,23055618,,,,,,,8671,3,0,0,0
174987,73604456923093961,,0,4,-1.0,21300.0,3300,490.0,20,20,43211,44200,,23055618,,,,,,,6528,1,45250,0,0
174988,73604457277358080,,0,4,,,3300,,20,20,43211,44200,,23055618,,,,,,,8326,3,0,0,0
174989,73604457739649024,,0,4,,,3300,,20,20,43211,44200,,23055618,,,,,,,6156,3,0,0,0
174990,73604458211639296,,0,4,,,3300,,20,20,43211,44200,,23055618,,,,,,,8999,3,0,0,0
174991,73604458762272768,,0,4,,,3300,,20,20,43211,44200,,23055618,,,,,,,10513,3,0,0,0
174992,73604459269586944,,0,4,,,3300,,20,20,43211,44200,,23055618,,,,,,,9667,3,0,0,0
174993,73604459820220416,,0,4,,,3300,,20,20,43211,44200,,23055618,,,,,,,10730,3,0,0,0
174994,73604460292800512,,0,4,,,3300,,20,20,43211,44200,,23055618,,,,,,,8784,3,0,0,0
174995,73604460843433984,,0,4,,,3300,,20,20,43211,44200,,23055618,,,,,,,10489,3,0,0,0
174996,73604461394001920,,0,4,,,3300,,20,20,43211,44200,,23055618,,,,,,,10512,3,0,0,0
174997,73604461410802891,,0,4,-1.0,21300.0,3300,490.0,20,20,43211,44200,,23055618,,,,,,,1571,1,45250,0,0
174998,73604461927792640,,0,4,,,3300,,20,20,43211,44200,,23055618,,,,,,,8615,3,0,0,0
174999,73604462977810432,,0,4,,,3300,,20,20,43211,44200,,23055618,,,,,,,9042,3,0,0,0
175000,73604463528378368,,0,4,,,3300,,20,20,43211,44200,,23055618,,,,,,,10492,3,0,0,0
175001,73604464079011840,,0,4,,,3300,,20,20,43211,44200,,23055618,,,,,,,10582,3,0,0,0
175002,73604464551002112,,0,4,,,3300,,20,20,43211,44200,,23055618,,,,,,,8921,3,0,0,0
175003,73604465101635584,,0,4,,,3300,,20,20,43211,44200,,23055618,,,,,,,13061,3,0,0,0
175004,73604465621467136,,0,4,,,3300,,20,20,43211,44200,,23055618,,,,,,,7342,3,0,0,0
175005,73604466172100608,,0,4,,,3300,,20,20,43211,44200,,23055618,,,,,,,10502,3,0,0,0
175006,73604466195376268,,0,4,-1.0,21300.0,3300,490.0,20,20,43211,44200,,23055618,,,,,,,1887,1,45250,0,0
175007,73604466645729280,,0,4,,,3300,,20,20,43211,44200,,23055618,,,,,,,7491,3,0,0,0
175008,73604467196362752,,0,4,,,3300,,20,20,43211,44200,,23055618,,,,,,,11410,3,0,0,0
175009,73604467746996224,,0,4,,,3300,,20,20,43211,44200,,23055618,,,,,,,9276,3,0,0,0
175010,73604468297564160,,0,4,,,3300,,20,20,43211,44200,,23055618,,,,,,,10510,3,0,0,0
175011,73604468772241408,,0,4,,,3300,,20,20,43211,44200,,23055618,,,,,,,9023,3,0,0,0
175012,73604469322809344,,0,4,,,3300,,20,20,43211,44200,,23055618,,,,,,,10500,3,0,0,0
175013,73604469873508352,,0,4,,,3300,,20,20,43211,44200,,23055618,,,,,,,14202,3,0,0,0
175014,73604470409265152,,0,4,,,3300,,20,20,43211,44200,,23055618,,,,,,,6899,3,0,0,0
175015,73604470315720484,,0,4,-1.0,21300.0,3300,490.0,20,20,43211,44200,,23055618,,,,,,,164,1,45250,0,0
175016,73604470881648640,,0,4,,,3300,,20,20,43211,44200,,23055618,,,,,,,8480,3,0,0,0
175017,73604471432151040,,0,4,,,3300,,20,20,43211,44200,,23055618,,,,,,,10500,3,0,0,0
175018,73604471982784512,,0,4,,,3300,,20,20,43211,44200,,23055618,,,,,,,10515,3,0,0,0
175019,73604472597708800,,0,4,,,3300,,20,20,43211,44200,,23055618,,,,,,,11760,3,0,0,0
175020,73604473023954944,,0,4,,,3300,,20,20,43211,44200,,23055618,,,,,,,8086,3,0,0,0
175021,73604473495879680,,0,4,,,3300,,20,20,43211,44200,,23055618,,,,,,,10229,3,0,0,0
175022,73604474046513152,,0,4,,,3300,,20,20,43211,44200,,23055618,,,,,,,9291,3,0,0,0
175023,73604474676051968,,0,4,,,3300,,20,20,43211,44200,,23055618,,,,,,,15988,3,0,0,0
175024,73604475154202624,,0,4,,,3300,,20,20,43211,44200,,23055618,,,,,,,5124,3,0,0,0
175025,73604475503640949,,0,4,-1.0,21300.0,3300,490.0,20,20,43211,44200,,23055618,,,,,,,8009,1,45250,0,0
175026,73604475807072256,,0,4,,,3300,,20,20,43211,44200,,23055618,,,,,,,5391,3,0,0,0
175027,73604476201664512,,0,4,,,3300,,20,20,43211,44200,,23055618,,,,,,,6581,3,0,0,0
175028,73604476730998784,,0,4,,,3300,,20,20,43211,44200,,23055618,,,,,,,10108,3,0,0,0
175029,73604477281632256,,0,4,,,3300,,20,20,43211,44200,,23055618,,,,,,,10506,3,0,0,0
175030,73604477842620416,,0,4,,,3300,,20,20,43211,44200,,23055618,,,,,,,11214,3,0,0,0
175031,73604478301765632,,0,4,,,3300,,20,20,43211,44200,,23055618,,,,,,,8222,3,0,0,0
175032,73604478852333568,,0,4,,,3300,,20,20,43211,44200,,23055618,,,,,,,10505,3,0,0,0
175033,73604479403032576,,0,4,,,3300,,20,20,43211,44200,,23055618,,,,,,,10507,3,0,0,0
175034,73604479874891776,,0,4,,,3300,,20,20,43211,44200,,23055618,,,,,,,9003,3,0,0,0
175035,73604480427163648,,0,4,,,3300,,20,20,43211,44200,,23055618,,,,,,,10524,3,0,0,0
175036,73604480692733406,,0,4,-1.0,21300.0,3300,490.0,20,20,43211,44200,,23055618,,,,,,,6250,1,45250,0,0
175037,73604480977862656,,0,4,,,3300,,20,20,43211,44200,,23055618,,,,,,,4254,3,0,0,0
175038,73604481528430592,,0,4,,,3300,,20,20,43211,44200,,23055618,,,,,,,11933,3,0,0,0
175039,73604482001076224,,0,4,,,3300,,20,20,43211,44200,,23055618,,,,,,,7593,3,0,0,0
175040,73604482551709696,,0,4,,,3300,,20,20,43211,44200,,23055618,,,,,,,10505,3,0,0,0
175041,73604483102474240,,0,4,,,3300,,20,20,43211,44200,,23055618,,,,,,,10509,3,0,0,0
175042,73604483574661120,,0,4,,,3300,,20,20,43211,44200,,23055618,,,,,,,9008,3,0,0,0
175043,73604484124901376,,0,4,,,3300,,20,20,43211,44200,,23055618,,,,,,,10468,3,0,0,0
175044,73604484675534848,,0,4,,,3300,,20,20,43211,44200,,23055618,,,,,,,13542,3,0,0,0
175045,73604485153292288,,0,4,,,3300,,20,20,43211,44200,,23055618,,,,,,,6096,3,0,0,0
175046,73604485543789282,,0,4,-1.0,21300.0,3300,490.0,20,20,43211,44200,,23055618,,,,,,,8484,1,45250,0,0
175047,73604485704450048,,0,4,,,3300,,20,20,43211,44200,,23055618,,,,,,,2019,3,0,0,0
175048,73604486249447424,,0,4,,,3300,,20,20,43211,44200,,23055618,,,,,,,10399,3,0,0,0
175049,73604486721372160,,0,4,,,3300,,20,20,43211,44200,,23055618,,,,,,,9004,3,0,0,0
175050,73604487350583296,,0,4,,,3300,,20,20,43211,44200,,23055618,,,,,,,11995,3,0,0,0
175051,73604487901216768,,0,4,,,3300,,20,20,43211,44200,,23055618,,,,,,,10509,3,0,0,0
175052,73604488451850240,,0,4,,,3300,,20,20,43211,44200,,23055618,,,,,,,10563,3,0,0,0
175053,73604488923840512,,0,4,,,3300,,20,20,43211,44200,,23055618,,,,,,,8935,3,0,0,0
175054,73604489474539520,,0,4,,,3300,,20,20,43211,44200,,23055618,,,,,,,10831,3,0,0,0
175055,73604490025107456,,0,4,,,3300,,20,20,43211,44200,,23055618,,,,,,,10167,3,0,0,0
175056,73604490487529472,,0,4,,,3300,,20,20,43211,44200,,23055618,,,,,,,8824,3,0,0,0
175057,73604490510958224,,0,4,-1.0,21300.0,3300,490.0,20,20,43211,44200,,23055618,,,,,,,1606,1,45250,0,0
175058,73604491037179904,,0,4,,,3300,,20,20,43211,44200,,23055618,,,,,,,8889,3,0,0,0
175059,73604491587616768,,0,4,,,3300,,20,20,43211,44200,,23055618,,,,,,,10486,3,0,0,0
175060,73604492059607040,,0,4,,,3300,,20,20,43211,44200,,23055618,,,,,,,9007,3,0,0,0
175061,73604492610174976,,0,4,,,3300,,20,20,43211,44200,,23055618,,,,,,,10830,3,0,0,0
175062,73604493160939520,,0,4,,,3300,,20,20,43211,44200,,23055618,,,,,,,10227,3,0,0,0
175063,73604493461842150,,0,4,-1.0,21300.0,3300,490.0,20,20,43211,44200,,23055618,,,,,,,6785,1,45250,0,0
175064,73604493819379712,,0,4,,,3300,,20,20,43211,44200,,23055618,,,,,,,6220,3,0,0,0
175065,73604494212595712,,0,4,,,3300,,20,20,43211,44200,,23055618,,,,,,,7013,3,0,0,0
175066,73604494763294720,,0,4,,,3300,,20,20,43211,44200,,23055618,,,,,,,10491,3,0,0,0
175067,73604495235219456,,0,4,,,3300,,20,20,43211,44200,,23055618,,,,,,,9017,3,0,0,0
175068,73604495785984000,,0,4,,,3300,,20,20,43211,44200,,23055618,,,,,,,10478,3,0,0,0
175069,73604496293953536,,0,4,,,3300,,20,20,43211,44200,,23055618,,,,,,,9703,3,0,0,0
175070,73604496844521472,,0,4,,,3300,,20,20,43211,44200,,23055618,,,,,,,10505,3,0,0,0
175071,73604497051566179,,0,4,-1.0,21300.0,3300,490.0,20,20,43211,44200,,23055618,,,,,,,5345,1,45250,0,0
175072,73604497260526064,,0,4,-1.0,19423.0,1423,489.0,20,20,43211,44200,,23055629,,,,,,,3830,1,45250,0,0
175073,73604497395810304,,0,4,,,1423,,20,20,43211,44200,,23055629,,,,,,,1570,3,0,0,0
175074,73604497372184779,,0,4,-1.0,21300.0,3300,490.0,20,20,43211,44200,,23055618,,,,,,,784,1,45250,0,0
175075,73604497886347264,,0,4,,,3300,,20,20,43211,44200,,23055618,,,,,,,8326,3,0,0,0
175076,73604498436915200,,0,4,,,3300,,20,20,43211,44200,,23055618,,,,,,,10511,3,0,0,0
175077,73604498908905472,,0,4,,,3300,,20,20,43211,44200,,23055618,,,,,,,9010,3,0,0,0
175078,73604499459473408,,0,4,,,3300,,20,20,43211,44200,,23055618,,,,,,,10499,3,0,0,0
175079,73604500242038784,,0,4,,,3300,,20,20,43211,44200,,23055618,,,,,,,15594,3,0,0,0
175080,73604500655505408,,0,4,,,3300,,20,20,43211,44200,,23055618,,,,,,,7211,3,0,0,0
175081,73604501206138880,,0,4,,,3300,,20,20,43211,44200,,23055618,,,,,,,10504,3,0,0,0
175082,73604501335972066,,0,4,-1.0,21300.0,3300,490.0,20,20,43211,44200,,23055618,,,,,,,3609,1,45250,0,0
175083,73604501681602560,,0,4,,,3300,,20,20,43211,44200,,23055618,,,,,,,5449,3,0,0,0
175084,73604502232104960,,0,4,,,3300,,20,20,43211,44200,,23055618,,,,,,,10499,3,0,0,0
175085,73604502782738432,,0,4,,,3300,,20,20,43211,44200,,23055618,,,,,,,10502,3,0,0,0
175086,73604503254663168,,0,4,,,3300,,20,20,43211,44200,,23055618,,,,,,,9242,3,0,0,0
175087,73604503823581184,,0,4,,,3300,,20,20,43211,44200,,23055618,,,,,,,10627,3,0,0,0
175088,73604504374280192,,0,4,,,3300,,20,20,43211,44200,,23055618,,,,,,,10506,3,0,0,0
175089,73604504846204928,,0,4,,,3300,,20,20,43211,44200,,23055618,,,,,,,8992,3,0,0,0
175090,73604504906864989,,0,4,-1.0,21300.0,3300,490.0,20,20,43211,44200,,23055618,,,,,,,2355,1,45250,0,0
175091,73604505397035008,,0,4,,,3300,,20,20,43211,44200,,23055618,,,,,,,8189,3,0,0,0
175092,73604505947471872,,0,4,,,3300,,20,20,43211,44200,,23055618,,,,,,,10462,3,0,0,0
175093,73604506498039808,,0,4,,,3300,,20,20,43211,44200,,23055618,,,,,,,10499,3,0,0,0
175094,73604506970030080,,0,4,,,3300,,20,20,43211,44200,,23055618,,,,,,,9350,3,0,0,0
175095,73604507520598016,,0,4,,,3300,,20,20,43211,44200,,23055618,,,,,,,10161,3,0,0,0
175096,73604508071428096,,0,4,,,3300,,20,20,43211,44200,,23055618,,,,,,,14040,3,0,0,0
175097,73604508576841728,,0,4,,,3300,,20,20,43211,44200,,23055618,,,,,,,6093,3,0,0,0
175098,73604509094950040,,0,4,-1.0,21300.0,3300,490.0,20,20,43211,44200,,23055618,,,,,,,11096,1,45250,0,0
175099,73604509136388096,,0,4,,,3300,,20,20,43211,44200,,23055618,,,,,,,14,3,0,0,0
175100,73604509723459584,,0,4,,,3300,,20,20,43211,44200,,23055618,,,,,,,11547,3,0,0,0
175101,73604510116478976,,0,4,,,3300,,20,20,43211,44200,,23055618,,,,,,,6719,3,0,0,0
175102,73604510667177984,,0,4,,,3300,,20,20,43211,44200,,23055618,,,,,,,10492,3,0,0,0
175103,73604511217745920,,0,4,,,3300,,20,20,43211,44200,,23055618,,,,,,,10516,3,0,0,0
175104,73604511689736192,,0,4,,,3300,,20,20,43211,44200,,23055618,,,,,,,8998,3,0,0,0
175105,73604512227590144,,0,4,,,3300,,20,20,43211,44200,,23055618,,,,,,,10562,3,0,0,0
175106,73604512919322624,,0,4,,,3300,,20,20,43211,44200,,23055618,,,,,,,14189,3,0,0,0
175107,73604512920840729,,0,4,-1.0,21300.0,3300,490.0,20,20,43211,44200,,23055618,,,,,,,44,1,45250,0,0
175108,73604513344454656,,0,4,,,3300,,20,20,43211,44200,,23055618,,,,,,,6767,3,0,0,0
175109,73604513816248320,,0,4,,,3300,,20,20,43211,44200,,23055618,,,,,,,9024,3,0,0,0
175110,73604514453454848,,0,4,,,3300,,20,20,43211,44200,,23055618,,,,,,,12530,3,0,0,0
175111,73604514925510656,,0,4,,,3300,,20,20,43211,44200,,23055618,,,,,,,8620,3,0,0,0
175112,73604515472343040,,0,4,,,3300,,20,20,43211,44200,,23055618,,,,,,,10831,3,0,0,0
175113,73604515925524480,,0,4,,,3300,,20,20,43211,44200,,23055618,,,,,,,8248,3,0,0,0
175114,73604516476157952,,0,4,,,3300,,20,20,43211,44200,,23055618,,,,,,,10486,3,0,0,0
175115,73604517067423744,,0,4,,,3300,,20,20,43211,44200,,23055618,,,,,,,11302,3,0,0,0
175116,73604517489672192,,0,4,,,3300,,20,20,43211,44200,,23055618,,,,,,,8291,3,0,0,0
175117,73604518040371200,,0,4,,,3300,,20,20,43211,44200,,23055618,,,,,,,10236,3,0,0,0
175118,73604518590939136,,0,4,,,3300,,20,20,43211,44200,,23055618,,,,,,,10492,3,0,0,0
175119,73604518812347348,,0,4,-1.0,21300.0,3300,490.0,20,20,43211,44200,,23055618,,,,,,,5369,1,45250,0,0
175120,73604519141769216,,0,4,,,3300,,20,20,43211,44200,,23055618,,,,,,,5148,3,0,0,0
175121,73604519692468224,,0,4,,,3300,,20,20,43211,44200,,23055618,,,,,,,10536,3,0,0,0
175122,73604520164392960,,0,4,,,3300,,20,20,43211,44200,,23055618,,,,,,,9305,3,0,0,0
175123,73604520692875264,,0,4,,,3300,,20,20,43211,44200,,23055618,,,,,,,11340,3,0,0,0
175124,73604521257402368,,0,4,,,3300,,20,20,43211,44200,,23055618,,,,,,,9408,3,0,0,0
175125,73604521729327104,,0,4,,,3300,,20,20,43211,44200,,23055618,,,,,,,8766,3,0,0,0
175126,73604522353491968,,0,4,,,3300,,20,20,43211,44200,,23055618,,,,,,,11986,3,0,0,0
175127,73604522834329600,,0,4,,,3300,,20,20,43211,44200,,23055618,,,,,,,9317,3,0,0,0
175128,73604522949963357,,0,4,-1.0,21300.0,3300,490.0,20,20,43211,44200,,23055618,,,,,,,3182,1,45250,0,0
175129,73604523373494272,,0,4,,,3300,,20,20,43211,44200,,23055618,,,,,,,7175,3,0,0,0
175130,73604523845353472,,0,4,,,3300,,20,20,43211,44200,,23055618,,,,,,,8698,3,0,0,0
175131,73604524395921408,,0,4,,,3300,,20,20,43211,44200,,23055618,,,,,,,10500,3,0,0,0
175132,73604524867911680,,0,4,,,3300,,20,20,43211,44200,,23055618,,,,,,,9017,3,0,0,0
175133,73604525497122816,,0,4,,,3300,,20,20,43211,44200,,23055618,,,,,,,12802,3,0,0,0
175134,73604525961117696,,0,4,,,3300,,20,20,43211,44200,,23055618,,,,,,,8043,3,0,0,0
175135,73604526511882240,,0,4,,,3300,,20,20,43211,44200,,23055618,,,,,,,10518,3,0,0,0
175136,73604527062384640,,0,4,,,3300,,20,20,43211,44200,,23055618,,,,,,,10479,3,0,0,0
175137,73604527129564593,,0,4,-1.0,21300.0,3300,490.0,20,20,43211,44200,,23055618,,,,,,,2499,1,45250,0,0
175138,73604527534505984,,0,4,,,3300,,20,20,43211,44200,,23055618,,,,,,,6505,3,0,0,0
175139,73604528084942848,,0,4,,,3300,,20,20,43211,44200,,23055618,,,,,,,10502,3,0,0,0
175140,73604528635510784,,0,4,,,3300,,20,20,43211,44200,,23055618,,,,,,,10506,3,0,0,0
175141,73604529121918976,,0,4,,,3300,,20,20,43211,44200,,23055618,,,,,,,11366,3,0,0,0
175142,73604529670586368,,0,4,,,3300,,20,20,43211,44200,,23055618,,,,,,,8393,3,0,0,0
175143,73604530191138816,,0,4,,,3300,,20,20,43211,44200,,23055618,,,,,,,9904,3,0,0,0
175144,73604530663129088,,0,4,,,3300,,20,20,43211,44200,,23055618,,,,,,,9015,3,0,0,0
175145,73604531213762560,,0,4,,,3300,,20,20,43211,44200,,23055618,,,,,,,11256,3,0,0,0
175146,73604531813351424,,0,4,,,3300,,20,20,43211,44200,,23055618,,,,,,,10679,3,0,0,0
175147,73604532363984896,,0,4,,,3300,,20,20,43211,44200,,23055618,,,,,,,10498,3,0,0,0
175148,73604532443100325,,0,4,-1.0,21300.0,3300,490.0,20,20,43211,44200,,23055618,,,,,,,2911,1,45250,0,0
175149,73604532905902080,,0,4,,,3300,,20,20,43211,44200,,23055618,,,,,,,8323,3,0,0,0
175150,73604533387984896,,0,4,,,3300,,20,20,43211,44200,,23055618,,,,,,,8463,3,0,0,0
175151,73604533938618368,,0,4,,,3300,,20,20,43211,44200,,23055618,,,,,,,10333,3,0,0,0
175152,73604534410608640,,0,4,,,3300,,20,20,43211,44200,,23055618,,,,,,,9003,3,0,0,0
175153,73604534961242112,,0,4,,,3300,,20,20,43211,44200,,23055618,,,,,,,11862,3,0,0,0
175154,73604535475896320,,0,4,,,3300,,20,20,43211,44200,,23055618,,,,,,,9313,3,0,0,0
175155,73604536026464256,,0,4,,,3300,,20,20,43211,44200,,23055618,,,,,,,10285,3,0,0,0
175156,73604536498454528,,0,4,,,3300,,20,20,43211,44200,,23055618,,,,,,,8367,3,0,0,0
175157,73604536953614503,,0,4,-1.0,21300.0,3300,490.0,20,20,43211,44200,,23055618,,,,,,,11238,1,45250,0,0
175158,73604537049219072,,0,4,,,3300,,20,20,43211,44200,,23055618,,,,,,,324,3,0,0,0
175159,73604537601490944,,0,4,,,3300,,20,20,43211,44200,,23055618,,,,,,,9918,3,0,0,0
175160,73604538230767616,,0,4,,,3300,,20,20,43211,44200,,23055618,,,,,,,11740,3,0,0,0
175161,73604538702692352,,0,4,,,3300,,20,20,43211,44200,,23055618,,,,,,,8923,3,0,0,0
175162,73604539280523264,,0,4,,,3300,,20,20,43211,44200,,23055618,,,,,,,11408,3,0,0,0
175163,73604539752513536,,0,4,,,3300,,20,20,43211,44200,,23055618,,,,,,,8535,3,0,0,0
175164,73604540263890944,,0,4,,,3300,,20,20,43211,44200,,23055618,,,,,,,12654,3,0,0,0
175165,73604540826320896,,0,4,,,3300,,20,20,43211,44200,,23055618,,,,,,,7812,3,0,0,0
175166,73604541277365140,,0,4,-1.0,21300.0,3300,490.0,20,20,43211,44200,,23055618,,,,,,,9592,1,45250,0,0
175167,73604541377019904,,0,4,,,3300,,20,20,43211,44200,,23055618,,,,,,,893,3,0,0,0
175168,73604541850386432,,0,4,,,3300,,20,20,43211,44200,,23055618,,,,,,,9039,3,0,0,0
175169,73604542400888832,,0,4,,,3300,,20,20,43211,44200,,23055618,,,,,,,10502,3,0,0,0
175170,73604542951456768,,0,4,,,3300,,20,20,43211,44200,,23055618,,,,,,,10631,3,0,0,0
175171,73604543423447040,,0,4,,,3300,,20,20,43211,44200,,23055618,,,,,,,8879,3,0,0,0
175172,73604543974014976,,0,4,,,3300,,20,20,43211,44200,,23055618,,,,,,,11328,3,0,0,0
175173,73604544524648448,,0,4,,,3300,,20,20,43211,44200,,23055618,,,,,,,9657,3,0,0,0
175174,73604545076330496,,0,4,,,3300,,20,20,43211,44200,,23055618,,,,,,,10524,3,0,0,0
175175,73604545275729679,,0,4,-1.0,21300.0,3300,490.0,20,20,43211,44200,,23055618,,,,,,,4777,1,45250,0,0
175176,73604545549631488,,0,4,,,3300,,20,20,43211,44200,,23055618,,,,,,,4258,3,0,0,0
175177,73604546100068352,,0,4,,,3300,,20,20,43211,44200,,23055618,,,,,,,10502,3,0,0,0
175178,73604546650701824,,0,4,,,3300,,20,20,43211,44200,,23055618,,,,,,,10503,3,0,0,0
175179,73604547122692096,,0,4,,,3300,,20,20,43211,44200,,23055618,,,,,,,10935,3,0,0,0
175180,73604547682369536,,0,4,,,3300,,20,20,43211,44200,,23055618,,,,,,,8744,3,0,0,0
175181,73604548408246272,,0,4,,,3300,,20,20,43211,44200,,23055618,,,,,,,14029,3,0,0,0
175182,73604548880236544,,0,4,,,3300,,20,20,43211,44200,,23055618,,,,,,,8815,3,0,0,0
175183,73604549352226816,,0,4,,,3300,,20,20,43211,44200,,23055618,,,,,,,9019,3,0,0,0
175184,73604549902008320,,0,4,,,3300,,20,20,43211,44200,,23055618,,,,,,,10505,3,0,0,0
175185,73604550218989567,,0,4,-1.0,21300.0,3300,490.0,20,20,43211,44200,,23055618,,,,,,,7889,1,45250,0,0
175186,73604550402572288,,0,4,,,3300,,20,20,43211,44200,,23055618,,,,,,,1883,3,0,0,0
175187,73604550874300416,,0,4,,,3300,,20,20,43211,44200,,23055618,,,,,,,8737,3,0,0,0
175188,73604551424933888,,0,4,,,3300,,20,20,43211,44200,,23055618,,,,,,,10492,3,0,0,0
175189,73604551975567360,,0,4,,,3300,,20,20,43211,44200,,23055618,,,,,,,10520,3,0,0,0
175190,73604552447688704,,0,4,,,3300,,20,20,43211,44200,,23055618,,,,,,,11943,3,0,0,0
175191,73604552980561920,,0,4,,,3300,,20,20,43211,44200,,23055618,,,,,,,7554,3,0,0,0
175192,73604553531326464,,0,4,,,3300,,20,20,43211,44200,,23055618,,,,,,,10180,3,0,0,0
175193,73604554084581376,,0,4,,,3300,,20,20,43211,44200,,23055618,,,,,,,11679,3,0,0,0
175194,73604554582851584,,0,4,,,3300,,20,20,43211,44200,,23055618,,,,,,,8356,3,0,0,0
175195,73604555034080697,,0,4,-1.0,21300.0,3300,490.0,20,20,43211,44200,,23055618,,,,,,,10345,1,45250,0,0
175196,73604555140694016,,0,4,,,3300,,20,20,43211,44200,,23055618,,,,,,,310,3,0,0,0
175197,73604555605344256,,0,4,,,3300,,20,20,43211,44200,,23055618,,,,,,,8861,3,0,0,0
175198,73604556155912192,,0,4,,,3300,,20,20,43211,44200,,23055618,,,,,,,10520,3,0,0,0
175199,73604556706545664,,0,4,,,3300,,20,20,43211,44200,,23055618,,,,,,,10483,3,0,0,0
175200,73604557260324864,,0,4,,,3300,,20,20,43211,44200,,23055618,,,,,,,10679,3,0,0,0
175201,73604557827014656,,0,4,,,3300,,20,20,43211,44200,,23055618,,,,,,,10678,3,0,0,0
175202,73604558299201536,,0,4,,,3300,,20,20,43211,44200,,23055618,,,,,,,11422,3,0,0,0
175203,73604558819033088,,0,4,,,3300,,20,20,43211,44200,,23055618,,,,,,,7518,3,0,0,0
175204,73604559369601024,,0,4,,,3300,,20,20,43211,44200,,23055618,,,,,,,12015,3,0,0,0
175205,73604559876521984,,0,4,,,3300,,20,20,43211,44200,,23055618,,,,,,,8638,3,0,0,0
175206,73604560150511430,,0,4,-1.0,21300.0,3300,489.0,20,20,43211,44200,,23055619,,,,,,,6809,1,45250,0,0
175207,73604560440393728,,0,4,,,3300,,20,20,43211,44200,,23055619,,,,,,,4000,3,0,0,0
175208,73604560503504932,,0,4,-1.0,18450.0,450,489.0,10,10,43211,44200,,23055639,,,,,,,1736,1,45250,0,0
175209,73604560830866476,,0,4,-1.0,18450.0,450,489.0,10,10,43211,44200,,23055639,,,,,,,6629,1,45250,0,0
175210,73604560924835840,,0,4,,,450,,10,10,43211,44200,,23055639,,,,,,,483,3,0,0,0
175211,73604561509744640,,0,4,,,450,,10,10,43211,44200,,23055639,,,,,,,11646,3,0,0,0
175212,73604561981538304,,0,4,,,450,,10,10,43211,44200,,23055639,,,,,,,8359,3,0,0,0
175213,73604562532106240,,0,4,,,450,,10,10,43211,44200,,23055639,,,,,,,10501,3,0,0,0
175214,73604563004030976,,0,4,,,450,,10,10,43211,44200,,23055639,,,,,,,9003,3,0,0,0
175215,73604563712016384,,0,4,,,450,,10,10,43211,44200,,23055639,,,,,,,13512,3,0,0,0
175216,73604564184006656,,0,4,,,450,,10,10,43211,44200,,23055639,,,,,,,9000,3,0,0,0
175217,73604564768194560,,0,4,,,450,,10,10,43211,44200,,23055639,,,,,,,11167,3,0,0,0
175218,73604565240053760,,0,4,,,450,,10,10,43211,44200,,23055639,,,,,,,8972,3,0,0,0
175219,73604565455241378,,0,4,-1.0,18450.0,450,489.0,10,10,43211,44200,,23055639,,,,,,,5114,1,45250,0,0
175220,73604565818867712,,0,4,,,450,,10,10,43211,44200,,23055639,,,,,,,6027,3,0,0,0
175221,73604566290530304,,0,4,,,450,,10,10,43211,44200,,23055639,,,,,,,8919,3,0,0,0
175222,73604566841163776,,0,4,,,450,,10,10,43211,44200,,23055639,,,,,,,10482,3,0,0,0
175223,73604567391731712,,0,4,,,450,,10,10,43211,44200,,23055639,,,,,,,12459,3,0,0,0
175224,73604567863656448,,0,4,,,450,,10,10,43211,44200,,23055639,,,,,,,7039,3,0,0,0
175225,73604568426610688,,0,4,,,450,,10,10,43211,44200,,23055639,,,,,,,10741,3,0,0,0
175226,73604568898600960,,0,4,,,450,,10,10,43211,44200,,23055639,,,,,,,8996,3,0,0,0
175227,73604569002778598,,0,4,-1.0,18450.0,450,489.0,10,10,43211,44200,,23055639,,,,,,,3109,1,45250,0,0
175228,73604569453035520,,0,4,,,450,,10,10,43211,44200,,23055639,,,,,,,7469,3,0,0,0
175229,73604570111082496,,0,4,,,450,,10,10,43211,44200,,23055639,,,,,,,12549,3,0,0,0
175230,73604570583007232,,0,4,,,450,,10,10,43211,44200,,23055639,,,,,,,9006,3,0,0,0
175231,73604571133771776,,0,4,,,450,,10,10,43211,44200,,23055639,,,,,,,10543,3,0,0,0
175232,73604571684274176,,0,4,,,450,,10,10,43211,44200,,23055639,,,,,,,10459,3,0,0,0
175233,73604572229533696,,0,4,,,450,,10,10,43211,44200,,23055639,,,,,,,10590,3,0,0,0
175234,73604572701392896,,0,4,,,450,,10,10,43211,44200,,23055639,,,,,,,8820,3,0,0,0
175235,73604573212377088,,0,4,,,450,,10,10,43211,44200,,23055639,,,,,,,9738,3,0,0,0
175236,73604573779001344,,0,4,,,450,,10,10,43211,44200,,23055639,,,,,,,10804,3,0,0,0
175237,73604574252892160,,0,4,,,450,,10,10,43211,44200,,23055639,,,,,,,9045,3,0,0,0
175238,73604574803525632,,0,4,,,450,,10,10,43211,44200,,23055639,,,,,,,10497,3,0,0,0
175239,73604575354159104,,0,4,,,450,,10,10,43211,44200,,23055639,,,,,,,10517,3,0,0,0
175240,73604575826149376,,0,4,,,450,,10,10,43211,44200,,23055639,,,,,,,8987,3,0,0,0
175241,73604576377110528,,0,4,,,450,,10,10,43211,44200,,23055639,,,,,,,10511,3,0,0,0
175242,73604576539907079,,0,4,-1.0,18450.0,450,489.0,10,10,43211,44200,,23055639,,,,,,,4142,1,45250,0,0
175243,73604576941572096,,0,4,,,450,,10,10,43211,44200,,23055639,,,,,,,6623,3,0,0,0
175244,73604577492074496,,0,4,,,450,,10,10,43211,44200,,23055639,,,,,,,10530,3,0,0,0
175245,73604577964064768,,0,4,,,450,,10,10,43211,44200,,23055639,,,,,,,8974,3,0,0,0
175246,73604578514698240,,0,4,,,450,,10,10,43211,44200,,23055639,,,,,,,12731,3,0,0,0
175247,73604579066052608,,0,4,,,450,,10,10,43211,44200,,23055639,,,,,,,8324,3,0,0,0
175248,73604579569631232,,0,4,,,450,,10,10,43211,44200,,23055639,,,,,,,9577,3,0,0,0
175249,73604580120330240,,0,4,,,450,,10,10,43211,44200,,23055639,,,,,,,10512,3,0,0,0
175250,73604580592189440,,0,4,,,450,,10,10,43211,44200,,23055639,,,,,,,8982,3,0,0,0
175251,73604580748802264,,0,4,-1.0,18450.0,450,489.0,10,10,43211,44200,,23055639,,,,,,,4062,1,45250,0,0
175252,73604581143019520,,0,4,,,450,,10,10,43211,44200,,23055639,,,,,,,6432,3,0,0,0
175253,73604581693456384,,0,4,,,450,,10,10,43211,44200,,23055639,,,,,,,10616,3,0,0,0
175254,73604582165446656,,0,4,,,450,,10,10,43211,44200,,23055639,,,,,,,8909,3,0,0,0
175255,73604582873366528,,0,4,,,450,,10,10,43211,44200,,23055639,,,,,,,13502,3,0,0,0
175256,73604583424000000,,0,4,,,450,,10,10,43211,44200,,23055639,,,,,,,12836,3,0,0,0
175257,73604583863003126,,0,4,-1.0,18450.0,450,489.0,10,10,43211,44200,,23055639,,,,,,,7006,1,45250,0,0
175258,73604583943569408,,0,4,,,450,,10,10,43211,44200,,23055639,,,,,,,558,3,0,0,0
175259,73604584438366208,,0,4,,,450,,10,10,43211,44200,,23055639,,,,,,,9768,3,0,0,0
175260,73604584957739008,,0,4,,,450,,10,10,43211,44200,,23055639,,,,,,,9581,3,0,0,0
175261,73604585508372480,,0,4,,,450,,10,10,43211,44200,,23055639,,,,,,,10505,3,0,0,0
175262,73604585980297216,,0,4,,,450,,10,10,43211,44200,,23055639,,,,,,,8995,3,0,0,0
175263,73604586530930688,,0,4,,,450,,10,10,43211,44200,,23055639,,,,,,,10505,3,0,0,0
175264,73604587081564160,,0,4,,,450,,10,10,43211,44200,,23055639,,,,,,,10502,3,0,0,0
175265,73604587553423360,,0,4,,,450,,10,10,43211,44200,,23055639,,,,,,,9290,3,0,0,0
175266,73604588116377600,,0,4,,,450,,10,10,43211,44200,,23055639,,,,,,,10462,3,0,0,0
175267,73604588667011072,,0,4,,,450,,10,10,43211,44200,,23055639,,,,,,,10486,3,0,0,0
175268,73604589217906688,,0,4,,,450,,10,10,43211,44200,,23055639,,,,,,,10524,3,0,0,0
175269,73604589689831424,,0,4,,,450,,10,10,43211,44200,,23055639,,,,,,,9952,3,0,0,0
175270,73604590241120256,,0,4,,,450,,10,10,43211,44200,,23055639,,,,,,,9592,3,0,0,0
175271,73604590791032832,,0,4,,,450,,10,10,43211,44200,,23055639,,,,,,,10444,3,0,0,0
175272,73604591263023104,,0,4,,,450,,10,10,43211,44200,,23055639,,,,,,,9012,3,0,0,0
175273,73604591813591040,,0,4,,,450,,10,10,43211,44200,,23055639,,,,,,,10504,3,0,0,0
175274,73604592457154560,,0,4,,,450,,10,10,43211,44200,,23055639,,,,,,,12697,3,0,0,0
175275,73604592885825536,,0,4,,,450,,10,10,43211,44200,,23055639,,,,,,,7782,3,0,0,0
175276,73604593409458176,,0,4,,,450,,10,10,43211,44200,,23055639,,,,,,,9948,3,0,0,0
175277,73604593992466432,,0,4,,,450,,10,10,43211,44200,,23055639,,,,,,,11757,3,0,0,0
175278,73604594260531295,,0,4,-1.0,18450.0,450,489.0,10,10,43211,44200,,23055639,,,,,,,5616,1,45250,0,0
175279,73604594465112064,,0,4,,,450,,10,10,43211,44200,,23055639,,,,,,,2765,3,0,0,0
175280,73604594942935040,,0,4,,,450,,10,10,43211,44200,,23055639,,,,,,,9110,3,0,0,0
175281,73604595470630912,,0,4,,,450,,10,10,43211,44200,,23055639,,,,,,,10080,3,0,0,0
175282,73604596020936704,,0,4,,,450,,10,10,43211,44200,,23055639,,,,,,,10492,3,0,0,0
175283,73604596601257984,,0,4,,,450,,10,10,43211,44200,,23055639,,,,,,,11075,3,0,0,0
175284,73604597073182720,,0,4,,,450,,10,10,43211,44200,,23055639,,,,,,,8999,3,0,0,0
175285,73604597623750656,,0,4,,,450,,10,10,43211,44200,,23055639,,,,,,,10489,3,0,0,0
175286,73604598095937536,,0,4,,,450,,10,10,43211,44200,,23055639,,,,,,,9005,3,0,0,0
175287,73604598646636544,,0,4,,,450,,10,10,43211,44200,,23055639,,,,,,,10505,3,0,0,0
175288,73604599191764992,,0,4,,,450,,10,10,43211,44200,,23055639,,,,,,,10453,3,0,0,0
175289,73604599665065984,,0,4,,,450,,10,10,43211,44200,,23055639,,,,,,,9344,3,0,0,0
175290,73604599962076167,,0,4,-1.0,18450.0,450,489.0,10,10,43211,44200,,23055639,,,,,,,6226,1,45250,0,0
175291,73604600214585344,,0,4,,,450,,10,10,43211,44200,,23055639,,,,,,,3881,3,0,0,0
175292,73604600765022208,,0,4,,,450,,10,10,43211,44200,,23055639,,,,,,,10536,3,0,0,0
175293,73604601237012480,,0,4,,,450,,10,10,43211,44200,,23055639,,,,,,,8983,3,0,0,0
175294,73604601866223616,,0,4,,,450,,10,10,43211,44200,,23055639,,,,,,,11996,3,0,0,0
175295,73604602416988160,,0,4,,,450,,10,10,43211,44200,,23055639,,,,,,,10519,3,0,0,0
175296,73604602888847360,,0,4,,,450,,10,10,43211,44200,,23055639,,,,,,,9407,3,0,0,0
175297,73604603449245696,,0,4,,,450,,10,10,43211,44200,,23055639,,,,,,,10274,3,0,0,0
175298,73604603922874368,,0,4,,,450,,10,10,43211,44200,,23055639,,,,,,,9456,3,0,0,0
175299,73604604485959680,,0,4,,,450,,10,10,43211,44200,,23055639,,,,,,,10337,3,0,0,0
175300,73604605037576192,,0,4,,,450,,10,10,43211,44200,,23055639,,,,,,,10494,3,0,0,0
175301,73604605508452352,,0,4,,,450,,10,10,43211,44200,,23055639,,,,,,,8960,3,0,0,0
175302,73604605995484673,,0,4,-1.0,18450.0,450,489.0,10,10,43211,44200,,23055639,,,,,,,10470,1,45250,0,0
175303,73604606059151360,,0,4,,,450,,10,10,43211,44200,,23055639,,,,,,,43,3,0,0,0
175304,73604606543069184,,0,4,,,450,,10,10,43211,44200,,23055639,,,,,,,9230,3,0,0,0
175305,73604607093440512,,0,4,,,450,,10,10,43211,44200,,23055639,,,,,,,10538,3,0,0,0
175306,73604607644073984,,0,4,,,450,,10,10,43211,44200,,23055639,,,,,,,10464,3,0,0,0
175307,73604608194707456,,0,4,,,450,,10,10,43211,44200,,23055639,,,,,,,10506,3,0,0,0
175308,73604608745275392,,0,4,,,450,,10,10,43211,44200,,23055639,,,,,,,10597,3,0,0,0
175309,73604609295908864,,0,4,,,450,,10,10,43211,44200,,23055639,,,,,,,10419,3,0,0,0
175310,73604609471761253,,0,4,-1.0,18450.0,450,489.0,10,10,43211,44200,,23055639,,,,,,,4368,1,45250,0,0
175311,73604609768226816,,0,4,,,450,,10,10,43211,44200,,23055639,,,,,,,4730,3,0,0,0
175312,73604610333278208,,0,4,,,450,,10,10,43211,44200,,23055639,,,,,,,10674,3,0,0,0
175313,73604610805202944,,0,4,,,450,,10,10,43211,44200,,23055639,,,,,,,8999,3,0,0,0
175314,73604611355836416,,0,4,,,450,,10,10,43211,44200,,23055639,,,,,,,10509,3,0,0,0
175315,73604611906469888,,0,4,,,450,,10,10,43211,44200,,23055639,,,,,,,10508,3,0,0,0
175316,73604612378460160,,0,4,,,450,,10,10,43211,44200,,23055639,,,,,,,9654,3,0,0,0
175317,73604612925358080,,0,4,,,450,,10,10,43211,44200,,23055639,,,,,,,9799,3,0,0,0
175318,73604613476319232,,0,4,,,450,,10,10,43211,44200,,23055639,,,,,,,10607,3,0,0,0
175319,73604614027476992,,0,4,,,450,,10,10,43211,44200,,23055639,,,,,,,10383,3,0,0,0
175320,73604614568148992,,0,4,,,450,,10,10,43211,44200,,23055639,,,,,,,10318,3,0,0,0
175321,73604614718103319,,0,4,-1.0,18450.0,450,489.0,10,10,43211,44200,,23055639,,,,,,,3892,1,45250,0,0
175322,73604614960298136,,0,4,-1.0,18450.0,450,489.0,10,10,43211,44200,,23055639,,,,,,,4663,1,45250,0,0
175323,73604615151353856,,0,4,,,450,,10,10,43211,44200,,23055639,,,,,,,2582,3,0,0,0
175324,73604615623213056,,0,4,,,450,,10,10,43211,44200,,23055639,,,,,,,9028,3,0,0,0
175325,73604616173780992,,0,4,,,450,,10,10,43211,44200,,23055639,,,,,,,10470,3,0,0,0
175326,73604616645705728,,0,4,,,450,,10,10,43211,44200,,23055639,,,,,,,8998,3,0,0,0
175327,73604617211609088,,0,4,,,450,,10,10,43211,44200,,23055639,,,,,,,10835,3,0,0,0
175328,73604617762308096,,0,4,,,450,,10,10,43211,44200,,23055639,,,,,,,10537,3,0,0,0
175329,73604618234232832,,0,4,,,450,,10,10,43211,44200,,23055639,,,,,,,10107,3,0,0,0
175330,73604618798366720,,0,4,,,450,,10,10,43211,44200,,23055639,,,,,,,9586,3,0,0,0
175331,73604619292901376,,0,4,,,450,,10,10,43211,44200,,23055639,,,,,,,9492,3,0,0,0
175332,73604619696781821,,0,4,-1.0,18450.0,450,489.0,10,10,43211,44200,,23055639,,,,,,,8611,1,45250,0,0
175333,73604619843665920,,0,4,,,450,,10,10,43211,44200,,23055639,,,,,,,1818,3,0,0,0
175334,73604620321882112,,0,4,,,450,,10,10,43211,44200,,23055639,,,,,,,9131,3,0,0,0
175335,73604620951158784,,0,4,,,450,,10,10,43211,44200,,23055639,,,,,,,12012,3,0,0,0
175336,73604621423083520,,0,4,,,450,,10,10,43211,44200,,23055639,,,,,,,9179,3,0,0,0
175337,73604622031454208,,0,4,,,450,,10,10,43211,44200,,23055639,,,,,,,11594,3,0,0,0
175338,73604622503313408,,0,4,,,450,,10,10,43211,44200,,23055639,,,,,,,8810,3,0,0,0
175339,73604622975303680,,0,4,,,450,,10,10,43211,44200,,23055639,,,,,,,9005,3,0,0,0
175340,73604623525937152,,0,4,,,450,,10,10,43211,44200,,23055639,,,,,,,10665,3,0,0,0
175341,73604624076636160,,0,4,,,450,,10,10,43211,44200,,23055639,,,,,,,12069,3,0,0,0
175342,73604624425705276,,0,4,-1.0,18450.0,450,489.0,10,10,43211,44200,,23055639,,,,,,,5928,1,45250,0,0
175343,73604624567042048,,0,4,,,450,,10,10,43211,44200,,23055639,,,,,,,1694,3,0,0,0
175344,73604625114726400,,0,4,,,450,,10,10,43211,44200,,23055639,,,,,,,10933,3,0,0,0
175345,73604625655332864,,0,4,,,450,,10,10,43211,44200,,23055639,,,,,,,9841,3,0,0,0
175346,73604626127323136,,0,4,,,450,,10,10,43211,44200,,23055639,,,,,,,8995,3,0,0,0
175347,73604626677891072,,0,4,,,450,,10,10,43211,44200,,23055639,,,,,,,10495,3,0,0,0
175348,73604627385810944,,0,4,,,450,,10,10,43211,44200,,23055639,,,,,,,13525,3,0,0,0
175349,73604627913506816,,0,4,,,450,,10,10,43211,44200,,23055639,,,,,,,10039,3,0,0,0
175350,73604628385431552,,0,4,,,450,,10,10,43211,44200,,23055639,,,,,,,9021,3,0,0,0
175351,73604628910702592,,0,4,,,450,,10,10,43211,44200,,23055639,,,,,,,10002,3,0,0,0
175352,73604629461336064,,0,4,,,450,,10,10,43211,44200,,23055639,,,,,,,10515,3,0,0,0
175353,73604629889199994,,0,4,-1.0,18450.0,450,489.0,10,10,43211,44200,,23055639,,,,,,,9124,1,45250,0,0
175354,73604630012362752,,0,4,,,450,,10,10,43211,44200,,23055639,,,,,,,1373,3,0,0,0
175355,73604630520201216,,0,4,,,450,,10,10,43211,44200,,23055639,,,,,,,9686,3,0,0,0
175356,73604631135649792,,0,4,,,450,,10,10,43211,44200,,23055639,,,,,,,11745,3,0,0,0
175357,73604631528865792,,0,4,,,450,,10,10,43211,44200,,23055639,,,,,,,7503,3,0,0,0
175358,73604632079499264,,0,4,,,450,,10,10,43211,44200,,23055639,,,,,,,10495,3,0,0,0
175359,73604632630132736,,0,4,,,450,,10,10,43211,44200,,23055639,,,,,,,10502,3,0,0,0
175360,73604633129648128,,0,4,,,450,,10,10,43211,44200,,23055639,,,,,,,9526,3,0,0,0
175361,73604633758924800,,0,4,,,450,,10,10,43211,44200,,23055639,,,,,,,12005,3,0,0,0
175362,73604634309427200,,0,4,,,450,,10,10,43211,44200,,23055639,,,,,,,10525,3,0,0,0
175363,73604634781417472,,0,4,,,450,,10,10,43211,44200,,23055639,,,,,,,8977,3,0,0,0
175364,73604635332050944,,0,4,,,450,,10,10,43211,44200,,23055639,,,,,,,10534,3,0,0,0
175365,73604635882684416,,0,4,,,450,,10,10,43211,44200,,23055639,,,,,,,10503,3,0,0,0
175366,73604636354609152,,0,4,,,450,,10,10,43211,44200,,23055639,,,,,,,8988,3,0,0,0
175367,73604636905242624,,0,4,,,450,,10,10,43211,44200,,23055639,,,,,,,10504,3,0,0,0
175368,73604637456596992,,0,4,,,450,,10,10,43211,44200,,23055639,,,,,,,10529,3,0,0,0
175369,73604637424028212,,0,4,-1.0,18450.0,450,489.0,10,10,43211,44200,,23055639,,,,,,,357,1,45250,0,0
175370,73604637623793164,,0,4,-1.0,21300.0,3300,490.0,20,20,43211,44200,,23055618,,,,,,,4175,1,45250,0,0
175371,73604637937893376,,0,4,,,3300,,20,20,43211,44200,,23055618,,,,,,,4615,3,0,0,0
175372,73604638488526848,,0,4,,,3300,,20,20,43211,44200,,23055618,,,,,,,10488,3,0,0,0
175373,73604639044075520,,0,4,,,3300,,20,20,43211,44200,,23055618,,,,,,,10810,3,0,0,0
175374,73604639553617920,,0,4,,,3300,,20,20,43211,44200,,23055618,,,,,,,9550,3,0,0,0
175375,73604640104185856,,0,4,,,3300,,20,20,43211,44200,,23055618,,,,,,,10470,3,0,0,0
175376,73604640576241664,,0,4,,,3300,,20,20,43211,44200,,23055618,,,,,,,9019,3,0,0,0
175377,73604641126744064,,0,4,,,3300,,20,20,43211,44200,,23055618,,,,,,,10483,3,0,0,0
175378,73604641522716148,,0,4,-1.0,21300.0,3300,490.0,20,20,43211,44200,,23055618,,,,,,,8381,1,45250,0,0
175379,73604641699987456,,0,4,,,3300,,20,20,43211,44200,,23055618,,,,,,,2586,3,0,0,0
175380,73604642172043264,,0,4,,,3300,,20,20,43211,44200,,23055618,,,,,,,9045,3,0,0,0
175381,73604642722414592,,0,4,,,3300,,20,20,43211,44200,,23055618,,,,,,,10430,3,0,0,0
175382,73604643273048064,,0,4,,,3300,,20,20,43211,44200,,23055618,,,,,,,12530,3,0,0,0
175383,73604643734028288,,0,4,,,3300,,20,20,43211,44200,,23055618,,,,,,,8096,3,0,0,0
175384,73604644296982528,,0,4,,,3300,,20,20,43211,44200,,23055618,,,,,,,11116,3,0,0,0
175385,73604644782538752,,0,4,,,3300,,20,20,43211,44200,,23055618,,,,,,,7547,3,0,0,0
175386,73604645333106688,,0,4,,,3300,,20,20,43211,44200,,23055618,,,,,,,10501,3,0,0,0
175387,73604645459026943,,0,4,-1.0,21300.0,3300,489.0,20,20,43211,44200,,23055619,,,,,,,3536,1,45250,0,0
175388,73604645609237918,,0,4,-1.0,18450.0,450,489.0,10,10,43211,44200,,23055639,,,,,,,3253,1,45250,0,0
175389,73604645899862016,,0,4,,,450,,10,10,43211,44200,,23055639,,,,,,,5821,3,0,0,0
175390,73604645955852489,,0,4,-1.0,18450.0,450,489.0,10,10,43211,44200,,23055639,,,,,,,156,1,45250,0,0
175391,73604646471663616,,0,4,,,450,,10,10,43211,44200,,23055639,,,,,,,8952,3,0,0,0
175392,73604646943457280,,0,4,,,450,,10,10,43211,44200,,23055639,,,,,,,9015,3,0,0,0
175393,73604647494090752,,0,4,,,450,,10,10,43211,44200,,23055639,,,,,,,10519,3,0,0,0
175394,73604648044658688,,0,4,,,450,,10,10,43211,44200,,23055639,,,,,,,12146,3,0,0,0
175395,73604648531197952,,0,4,,,450,,10,10,43211,44200,,23055639,,,,,,,7601,3,0,0,0
175396,73604649081765888,,0,4,,,450,,10,10,43211,44200,,23055639,,,,,,,10602,3,0,0,0
175397,73604649648652288,,0,4,,,450,,10,10,43211,44200,,23055639,,,,,,,10750,3,0,0,0
175398,73604649602364202,,0,4,-1.0,18450.0,450,489.0,10,10,43211,44200,,23055639,,,,,,,1520,1,45250,0,0
175399,73604650084597760,,0,4,,,450,,10,10,43211,44200,,23055639,,,,,,,7909,3,0,0,0
175400,73604650679795712,,0,4,,,450,,10,10,43211,44200,,23055639,,,,,,,10283,3,0,0,0
175401,73604651151785984,,0,4,,,450,,10,10,43211,44200,,23055639,,,,,,,8927,3,0,0,0
175402,73604651702419456,,0,4,,,450,,10,10,43211,44200,,23055639,,,,,,,10490,3,0,0,0
175403,73604652253052928,,0,4,,,450,,10,10,43211,44200,,23055639,,,,,,,10509,3,0,0,0
175404,73604652960972800,,0,4,,,450,,10,10,43211,44200,,23055639,,,,,,,13519,3,0,0,0
175405,73604653433028608,,0,4,,,450,,10,10,43211,44200,,23055639,,,,,,,8987,3,0,0,0
175406,73604653746707647,,0,4,-1.0,18450.0,450,489.0,10,10,43211,44200,,23055639,,,,,,,6918,1,45250,0,0
175407,73604654004699136,,0,4,,,450,,10,10,43211,44200,,23055639,,,,,,,4142,3,0,0,0
175408,73604654543929344,,0,4,,,450,,10,10,43211,44200,,23055639,,,,,,,10131,3,0,0,0
175409,73604655015919616,,0,4,,,450,,10,10,43211,44200,,23055639,,,,,,,8997,3,0,0,0
175410,73604655566553088,,0,4,,,450,,10,10,43211,44200,,23055639,,,,,,,10521,3,0,0,0
175411,73604656117121024,,0,4,,,450,,10,10,43211,44200,,23055639,,,,,,,11045,3,0,0,0
175412,73604656605102080,,0,4,,,450,,10,10,43211,44200,,23055639,,,,,,,8758,3,0,0,0
175413,73604657155801088,,0,4,,,450,,10,10,43211,44200,,23055639,,,,,,,10489,3,0,0,0
175414,73604657122915009,,0,4,-1.0,18450.0,450,489.0,10,10,43211,44200,,23055639,,,,,,,213,1,45250,0,0
175415,73604657658986496,,0,4,,,450,,10,10,43211,44200,,23055639,,,,,,,10783,3,0,0,0
175416,73604658212700160,,0,4,,,450,,10,10,43211,44200,,23055639,,,,,,,9169,3,0,0,0
175417,73604658684624896,,0,4,,,450,,10,10,43211,44200,,23055639,,,,,,,9004,3,0,0,0
175418,73604659322355712,,0,4,,,450,,10,10,43211,44200,,23055639,,,,,,,12163,3,0,0,0
175419,73604659795066880,,0,4,,,450,,10,10,43211,44200,,23055639,,,,,,,9032,3,0,0,0
175420,73604660344979456,,0,4,,,450,,10,10,43211,44200,,23055639,,,,,,,10471,3,0,0,0
175421,73604660895612928,,0,4,,,450,,10,10,43211,44200,,23055639,,,,,,,10508,3,0,0,0
175422,73604661367603200,,0,4,,,450,,10,10,43211,44200,,23055639,,,,,,,8996,3,0,0,0
175423,73604661910634496,,0,4,,,450,,10,10,43211,44200,,23055639,,,,,,,10357,3,0,0,0
175424,73604662469853184,,0,4,,,450,,10,10,43211,44200,,23055639,,,,,,,10667,3,0,0,0
175425,73604662529301068,,0,4,-1.0,18450.0,450,489.0,10,10,43211,44200,,23055639,,,,,,,2082,1,45250,0,0
175426,73604662950100992,,0,4,,,450,,10,10,43211,44200,,23055639,,,,,,,7073,3,0,0,0
175427,73604663501520896,,0,4,,,450,,10,10,43211,44200,,23055639,,,,,,,10604,3,0,0,0
175428,73604664052219904,,0,4,,,450,,10,10,43211,44200,,23055639,,,,,,,10420,3,0,0,0
175429,73604664524144640,,0,4,,,450,,10,10,43211,44200,,23055639,,,,,,,9016,3,0,0,0
175430,73604665074712576,,0,4,,,450,,10,10,43211,44200,,23055639,,,,,,,10489,3,0,0,0
175431,73604665625411584,,0,4,,,450,,10,10,43211,44200,,23055639,,,,,,,12946,3,0,0,0
175432,73604666167328768,,0,4,,,450,,10,10,43211,44200,,23055639,,,,,,,7902,3,0,0,0
175433,73604666639319040,,0,4,,,450,,10,10,43211,44200,,23055639,,,,,,,8996,3,0,0,0
175434,73604667181105152,,0,4,,,450,,10,10,43211,44200,,23055639,,,,,,,10491,3,0,0,0
175435,73604667384142693,,0,4,-1.0,18450.0,450,489.0,10,10,43211,44200,,23055639,,,,,,,4714,1,45250,0,0
175436,73604667735670784,,0,4,,,450,,10,10,43211,44200,,23055639,,,,,,,5706,3,0,0,0
175437,73604668289056768,,0,4,,,450,,10,10,43211,44200,,23055639,,,,,,,10570,3,0,0,0
175438,73604668761047040,,0,4,,,450,,10,10,43211,44200,,23055639,,,,,,,8983,3,0,0,0
175439,73604669322952704,,0,4,,,450,,10,10,43211,44200,,23055639,,,,,,,10718,3,0,0,0
175440,73604669873520640,,0,4,,,450,,10,10,43211,44200,,23055639,,,,,,,10521,3,0,0,0
175441,73604670345510912,,0,4,,,450,,10,10,43211,44200,,23055639,,,,,,,8995,3,0,0,0
175442,73604670897651712,,0,4,,,450,,10,10,43211,44200,,23055639,,,,,,,10529,3,0,0,0
175443,73604671448219648,,0,4,,,450,,10,10,43211,44200,,23055639,,,,,,,10553,3,0,0,0
175444,73604671981289472,,0,4,,,450,,10,10,43211,44200,,23055639,,,,,,,10103,3,0,0,0
175445,73604672078948314,,0,4,-1.0,18450.0,450,489.0,10,10,43211,44200,,23055639,,,,,,,2764,1,45250,0,0
175446,73604672509444096,,0,4,,,450,,10,10,43211,44200,,23055639,,,,,,,7774,3,0,0,0
175447,73604672616864994,,0,4,-1.0,18450.0,450,489.0,10,10,43211,44200,,23055639,,,,,,,3454,1,45250,0,0
175448,73604673154318336,,0,4,,,450,,10,10,43211,44200,,23055639,,,,,,,9895,3,0,0,0
175449,73604673482391552,,0,4,,,450,,10,10,43211,44200,,23055639,,,,,,,4758,3,0,0,0
175450,73604674033025024,,0,4,,,450,,10,10,43211,44200,,23055639,,,,,,,10494,3,0,0,0
175451,73604674583592960,,0,4,,,450,,10,10,43211,44200,,23055639,,,,,,,12240,3,0,0,0
175452,73604675069018112,,0,4,,,450,,10,10,43211,44200,,23055639,,,,,,,8761,3,0,0,0
175453,73604675625287680,,0,4,,,450,,10,10,43211,44200,,23055639,,,,,,,9366,3,0,0,0
175454,73604676175921152,,0,4,,,450,,10,10,43211,44200,,23055639,,,,,,,10502,3,0,0,0
175455,73604676647845888,,0,4,,,450,,10,10,43211,44200,,23055639,,,,,,,9008,3,0,0,0
175456,73604677198479360,,0,4,,,450,,10,10,43211,44200,,23055639,,,,,,,10516,3,0,0,0
175457,73604677749112832,,0,4,,,450,,10,10,43211,44200,,23055639,,,,,,,10488,3,0,0,0
175458,73604677884192767,,0,4,-1.0,18450.0,450,489.0,10,10,43211,44200,,23055639,,,,,,,3565,1,45250,0,0
175459,73604678280347648,,0,4,,,450,,10,10,43211,44200,,23055639,,,,,,,6776,3,0,0,0
175460,73604678830718976,,0,4,,,450,,10,10,43211,44200,,23055639,,,,,,,10956,3,0,0,0
175461,73604679302709248,,0,4,,,450,,10,10,43211,44200,,23055639,,,,,,,8331,3,0,0,0
175462,73604679853408256,,0,4,,,450,,10,10,43211,44200,,23055639,,,,,,,10510,3,0,0,0
175463,73604680389951488,,0,4,,,450,,10,10,43211,44200,,23055639,,,,,,,14505,3,0,0,0
175464,73604680925446144,,0,4,,,450,,10,10,43211,44200,,23055639,,,,,,,5942,3,0,0,0
175465,73604681416441856,,0,4,,,450,,10,10,43211,44200,,23055639,,,,,,,9732,3,0,0,0
175466,73604681968123904,,0,4,,,450,,10,10,43211,44200,,23055639,,,,,,,10198,3,0,0,0
175467,73604682501849088,,0,4,,,450,,10,10,43211,44200,,23055639,,,,,,,10172,3,0,0,0
175468,73604682975674368,,0,4,,,450,,10,10,43211,44200,,23055639,,,,,,,10910,3,0,0,0
175469,73604683127155080,,0,4,-1.0,18450.0,450,489.0,10,10,43211,44200,,23055639,,,,,,,1811,1,45250,0,0
175470,73604683218064782,,0,4,-1.0,19423.0,1423,489.0,20,20,43211,44200,,23055629,,,,,,,1760,1,45250,0,0
175471,73604683474927616,,0,4,,,1423,,20,20,43211,44200,,23055629,,,,,,,4040,3,0,0,0
175472,73604684025364480,,0,4,,,1423,,20,20,43211,44200,,23055629,,,,,,,10499,3,0,0,0
175473,73604684654641152,,0,4,,,1423,,20,20,43211,44200,,23055629,,,,,,,12013,3,0,0,0
175474,73604685205209088,,0,4,,,1423,,20,20,43211,44200,,23055629,,,,,,,10521,3,0,0,0
175475,73604685755908096,,0,4,,,1423,,20,20,43211,44200,,23055629,,,,,,,10471,3,0,0,0
175476,73604686245593088,,0,4,,,1423,,20,20,43211,44200,,23055629,,,,,,,9350,3,0,0,0
175477,73604686570357609,,0,4,-1.0,19423.0,1423,489.0,20,20,43211,44200,,23055629,,,,,,,7098,1,45250,0,0
175478,73604686796423168,,0,4,,,1423,,20,20,43211,44200,,23055629,,,,,,,3397,3,0,0,0
175479,73604686909273002,,0,4,-1.0,21300.0,3300,490.0,20,20,43211,44200,,23055618,,,,,,,3717,1,45250,0,0
175480,73604687279816704,,0,4,,,3300,,20,20,43211,44200,,23055618,,,,,,,5539,3,0,0,0
175481,73604687830253568,,0,4,,,3300,,20,20,43211,44200,,23055618,,,,,,,10468,3,0,0,0
175482,73604688380821504,,0,4,,,3300,,20,20,43211,44200,,23055618,,,,,,,10490,3,0,0,0
175483,73604688852811776,,0,4,,,3300,,20,20,43211,44200,,23055618,,,,,,,9001,3,0,0,0
175484,73604689403445248,,0,4,,,3300,,20,20,43211,44200,,23055618,,,,,,,10532,3,0,0,0
175485,73604689954209792,,0,4,,,3300,,20,20,43211,44200,,23055618,,,,,,,10504,3,0,0,0
175486,73604690426200064,,0,4,,,3300,,20,20,43211,44200,,23055618,,,,,,,8980,3,0,0,0
175487,73604690863671227,,0,4,-1.0,21300.0,3300,490.0,20,20,43211,44200,,23055618,,,,,,,9572,1,45250,0,0
175488,73604691058622464,,0,4,,,3300,,20,20,43211,44200,,23055618,,,,,,,2774,3,0,0,0
175489,73604691609059328,,0,4,,,3300,,20,20,43211,44200,,23055618,,,,,,,10220,3,0,0,0
175490,73604692092583936,,0,4,,,3300,,20,20,43211,44200,,23055618,,,,,,,10654,3,0,0,0
175491,73604692643217408,,0,4,,,3300,,20,20,43211,44200,,23055618,,,,,,,10788,3,0,0,0
175492,73604693128904704,,0,4,,,3300,,20,20,43211,44200,,23055618,,,,,,,7532,3,0,0,0
175493,73604693679538176,,0,4,,,3300,,20,20,43211,44200,,23055618,,,,,,,10517,3,0,0,0
175494,73604694230237184,,0,4,,,3300,,20,20,43211,44200,,23055618,,,,,,,10731,3,0,0,0
175495,73604694777200640,,0,4,,,3300,,20,20,43211,44200,,23055618,,,,,,,10213,3,0,0,0
175496,73604708438310912,,0,4,,,1423,,20,20,43211,44200,,23055629,,,,,,,0,3,0,0,0
175497,73604708988420096,,0,4,,,1423,,20,20,43211,44200,,23055629,,,,,,,10488,3,0,0,0
175498,73604709460541440,,0,4,,,1423,,20,20,43211,44200,,23055629,,,,,,,9834,3,0,0,0
175499,73604710057836544,,0,4,,,1423,,20,20,43211,44200,,23055629,,,,,,,10952,3,0,0,0
175500,73604710529236992,,0,4,,,1423,,20,20,43211,44200,,23055629,,,,,,,8594,3,0,0,0
175501,73604710621945267,,0,4,-1.0,19423.0,1423,489.0,20,20,43211,44200,,23055629,,,,,,,2868,1,45250,0,0
175502,73604711080919040,,0,4,,,1423,,20,20,43211,44200,,23055629,,,,,,,7660,3,0,0,0
175503,73604711552909312,,0,4,,,1423,,20,20,43211,44200,,23055629,,,,,,,9015,3,0,0,0
175504,73604712103673856,,0,4,,,1423,,20,20,43211,44200,,23055629,,,,,,,10497,3,0,0,0
175505,73604712654307328,,0,4,,,1423,,20,20,43211,44200,,23055629,,,,,,,10526,3,0,0,0
175506,73604713126428672,,0,4,,,1423,,20,20,43211,44200,,23055629,,,,,,,8983,3,0,0,0
175507,73604713677193216,,0,4,,,1423,,20,20,43211,44200,,23055629,,,,,,,10507,3,0,0,0
175508,73604714227957760,,0,4,,,1423,,20,20,43211,44200,,23055629,,,,,,,10513,3,0,0,0
175509,73604714558955906,,0,4,-1.0,19423.0,1423,489.0,20,20,43211,44200,,23055629,,,,,,,7370,1,45250,0,0
175510,73604714700210176,,0,4,,,1423,,20,20,43211,44200,,23055629,,,,,,,1619,3,0,0,0
175511,73604715269128192,,0,4,,,1423,,20,20,43211,44200,,23055629,,,,,,,10847,3,0,0,0
175512,73604715740987392,,0,4,,,1423,,20,20,43211,44200,,23055629,,,,,,,9000,3,0,0,0
175513,73604716292079616,,0,4,,,1423,,20,20,43211,44200,,23055629,,,,,,,10909,3,0,0,0
175514,73604716842319872,,0,4,,,1423,,20,20,43211,44200,,23055629,,,,,,,10118,3,0,0,0
175515,73604717314375680,,0,4,,,1423,,20,20,43211,44200,,23055629,,,,,,,9010,3,0,0,0
175516,73604717865074688,,0,4,,,1423,,20,20,43211,44200,,23055629,,,,,,,10497,3,0,0,0
175517,73604718415708160,,0,4,,,1423,,20,20,43211,44200,,23055629,,,,,,,10483,3,0,0,0
175518,73604718884159488,,0,4,,,1423,,20,20,43211,44200,,23055629,,,,,,,8935,3,0,0,0
175519,73604719162919539,,0,4,-1.0,19423.0,1423,489.0,20,20,43211,44200,,23055629,,,,,,,6513,1,45250,0,0
175520,73604719435972608,,0,4,,,1423,,20,20,43211,44200,,23055629,,,,,,,4010,3,0,0,0
175521,73604719986212864,,0,4,,,1423,,20,20,43211,44200,,23055629,,,,,,,10517,3,0,0,0
175522,73604720458334208,,0,4,,,1423,,20,20,43211,44200,,23055629,,,,,,,8989,3,0,0,0
175523,73604721008967680,,0,4,,,1423,,20,20,43211,44200,,23055629,,,,,,,10502,3,0,0,0
175524,73604721559797760,,0,4,,,1423,,20,20,43211,44200,,23055629,,,,,,,10516,3,0,0,0
175525,73604722031722496,,0,4,,,1423,,20,20,43211,44200,,23055629,,,,,,,9008,3,0,0,0
175526,73604722582487040,,0,4,,,1423,,20,20,43211,44200,,23055629,,,,,,,10499,3,0,0,0
175527,73604722908568652,,0,4,-1.0,19423.0,1423,489.0,20,20,43211,44200,,23055629,,,,,,,7632,1,45250,0,0
175528,73604723141378048,,0,4,,,1423,,20,20,43211,44200,,23055629,,,,,,,5665,3,0,0,0
175529,73604723599671296,,0,4,,,1423,,20,20,43211,44200,,23055629,,,,,,,6087,3,0,0,0
175530,73604724152729600,,0,4,,,1423,,20,20,43211,44200,,23055629,,,,,,,10553,3,0,0,0
175531,73604724703494144,,0,4,,,1423,,20,20,43211,44200,,23055629,,,,,,,10516,3,0,0,0
175532,73604725175615488,,0,4,,,1423,,20,20,43211,44200,,23055629,,,,,,,9028,3,0,0,0
175533,73604725726904320,,0,4,,,1423,,20,20,43211,44200,,23055629,,,,,,,10480,3,0,0,0
175534,73604726278389760,,0,4,,,1423,,20,20,43211,44200,,23055629,,,,,,,10524,3,0,0,0
175535,73604726750314496,,0,4,,,1423,,20,20,43211,44200,,23055629,,,,,,,8997,3,0,0,0
175536,73604727275192320,,0,4,,,1423,,20,20,43211,44200,,23055629,,,,,,,10010,3,0,0,0
175537,73604727825760256,,0,4,,,1423,,20,20,43211,44200,,23055629,,,,,,,10500,3,0,0,0
175538,73604727934313692,,0,4,-1.0,19423.0,1423,489.0,20,20,43211,44200,,23055629,,,,,,,3191,1,45250,0,0
175539,73604728379015168,,0,4,,,1423,,20,20,43211,44200,,23055629,,,,,,,7370,3,0,0,0
175540,73604728851333120,,0,4,,,1423,,20,20,43211,44200,,23055629,,,,,,,9020,3,0,0,0
175541,73604729401835520,,0,4,,,1423,,20,20,43211,44200,,23055629,,,,,,,10508,3,0,0,0
175542,73604729952534528,,0,4,,,1423,,20,20,43211,44200,,23055629,,,,,,,15309,3,0,0,0
175543,73604730445037568,,0,4,,,1423,,20,20,43211,44200,,23055629,,,,,,,4572,3,0,0,0
175544,73604730996457472,,0,4,,,1423,,20,20,43211,44200,,23055629,,,,,,,10516,3,0,0,0
175545,73604731468447744,,0,4,,,1423,,20,20,43211,44200,,23055629,,,,,,,9012,3,0,0,0
175546,73604731560899726,,0,4,-1.0,19423.0,1423,489.0,20,20,43211,44200,,23055629,,,,,,,2937,1,45250,0,0
175547,73604732029632512,,0,4,,,1423,,20,20,43211,44200,,23055629,,,,,,,7749,3,0,0,0
175548,73604732181552166,,0,4,-1.0,19423.0,1423,489.0,20,20,43211,44200,,23055629,,,,,,,3969,1,45250,0,0
175549,73604732531769344,,0,4,,,1423,,20,20,43211,44200,,23055629,,,,,,,5819,3,0,0,0
175550,73604733082206208,,0,4,,,1423,,20,20,43211,44200,,23055629,,,,,,,11045,3,0,0,0
175551,73604733554196480,,0,4,,,1423,,20,20,43211,44200,,23055629,,,,,,,8271,3,0,0,0
175552,73604734104764416,,0,4,,,1423,,20,20,43211,44200,,23055629,,,,,,,10528,3,0,0,0
175553,73604734655463424,,0,4,,,1423,,20,20,43211,44200,,23055629,,,,,,,10470,3,0,0,0
175554,73604735127388160,,0,4,,,1423,,20,20,43211,44200,,23055629,,,,,,,8980,3,0,0,0
175555,73604735434053858,,0,4,-1.0,19423.0,1423,489.0,20,20,43211,44200,,23055629,,,,,,,7038,1,45250,0,0
175556,73604735678283776,,0,4,,,1423,,20,20,43211,44200,,23055629,,,,,,,3485,3,0,0,0
175557,73604736228851712,,0,4,,,1423,,20,20,43211,44200,,23055629,,,,,,,10501,3,0,0,0
175558,73604736779485184,,0,4,,,1423,,20,20,43211,44200,,23055629,,,,,,,10513,3,0,0,0
175559,73604737251540992,,0,4,,,1423,,20,20,43211,44200,,23055629,,,,,,,8993,3,0,0,0
175560,73604737802305536,,0,4,,,1423,,20,20,43211,44200,,23055629,,,,,,,11493,3,0,0,0
175561,73604738353004544,,0,4,,,1423,,20,20,43211,44200,,23055629,,,,,,,9559,3,0,0,0
175562,73604738830827520,,0,4,,,1423,,20,20,43211,44200,,23055629,,,,,,,9063,3,0,0,0
175563,73604739381460992,,0,4,,,1423,,20,20,43211,44200,,23055629,,,,,,,12832,3,0,0,0
175564,73604739960209408,,0,4,,,1423,,20,20,43211,44200,,23055629,,,,,,,8971,3,0,0,0
175565,73604740157549081,,0,4,-1.0,19423.0,1423,489.0,20,20,43211,44200,,23055629,,,,,,,4581,1,45250,0,0
175566,73604740429250560,,0,4,,,1423,,20,20,43211,44200,,23055629,,,,,,,4100,3,0,0,0
175567,73604740443890919,,0,4,-1.0,21300.0,3300,490.0,20,20,43211,44200,,23055618,,,,,,,1382,1,45250,0,0
175568,73604740983685120,,0,4,,,3300,,20,20,43211,44200,,23055618,,,,,,,9199,3,0,0,0
175569,73604741455544320,,0,4,,,3300,,20,20,43211,44200,,23055618,,,,,,,11140,3,0,0,0
175570,73604742020988928,,0,4,,,3300,,20,20,43211,44200,,23055618,,,,,,,8972,3,0,0,0
175571,73604743166558208,,0,4,,,3300,,20,20,43211,44200,,23055618,,,,,,,9527,3,0,0,0
175572,73604743634485248,,0,4,,,3300,,20,20,43211,44200,,23055618,,,,,,,8776,3,0,0,0
175573,73604744185184256,,0,4,,,3300,,20,20,43211,44200,,23055618,,,,,,,12299,3,0,0,0
175574,73604744679587840,,0,4,,,3300,,20,20,43211,44200,,23055618,,,,,,,9019,3,0,0,0
175575,73604745126318015,,0,4,-1.0,21300.0,3300,490.0,20,20,43211,44200,,23055618,,,,,,,9010,1,45250,0,0
175576,73604745230286848,,0,4,,,3300,,20,20,43211,44200,,23055618,,,,,,,167,3,0,0,0
175577,73604745722396672,,0,4,,,3300,,20,20,43211,44200,,23055618,,,,,,,11203,3,0,0,0
175578,73604746215555072,,0,4,,,3300,,20,20,43211,44200,,23055618,,,,,,,7479,3,0,0,0
175579,73604746766188544,,0,4,,,3300,,20,20,43211,44200,,23055618,,,,,,,10497,3,0,0,0
175580,73604747316822016,,0,4,,,3300,,20,20,43211,44200,,23055618,,,,,,,10586,3,0,0,0
175581,73604748379553792,,0,4,,,3300,,20,20,43211,44200,,23055618,,,,,,,7024,3,0,0,0
175582,73604748852133888,,0,4,,,3300,,20,20,43211,44200,,23055618,,,,,,,9968,3,0,0,0
175583,73604749480951808,,0,4,,,3300,,20,20,43211,44200,,23055618,,,,,,,11019,3,0,0,0
175584,73604750031585280,,0,4,,,3300,,20,20,43211,44200,,23055618,,,,,,,10503,3,0,0,0
175585,73604750557708288,,0,4,,,3300,,20,20,43211,44200,,23055618,,,,,,,12410,3,0,0,0
175586,73604751074197504,,0,4,,,3300,,20,20,43211,44200,,23055618,,,,,,,7508,3,0,0,0
175587,73604752113532928,,0,4,,,3300,,20,20,43211,44200,,23055618,,,,,,,10781,3,0,0,0
175588,73604752585392128,,0,4,,,3300,,20,20,43211,44200,,23055618,,,,,,,9012,3,0,0,0
175589,73604753136156672,,0,4,,,3300,,20,20,43211,44200,,23055618,,,,,,,10485,3,0,0,0
175590,73604753687445504,,0,4,,,3300,,20,20,43211,44200,,23055618,,,,,,,12142,3,0,0,0
175591,73604753960814654,,0,4,-1.0,21300.0,3300,490.0,20,20,43211,44200,,23055618,,,,,,,5038,1,45250,0,0
175592,73604754250727424,,0,4,,,3300,,20,20,43211,44200,,23055618,,,,,,,4093,3,0,0,0
175593,73604754710200320,,0,4,,,3300,,20,20,43211,44200,,23055618,,,,,,,11770,3,0,0,0
175594,73604754838520272,,0,4,-1.0,21300.0,3300,490.0,20,20,43211,44200,,23055618,,,,,,,584,1,45250,0,0
175595,73604755263979520,,0,4,,,3300,,20,20,43211,44200,,23055618,,,,,,,6968,3,0,0,0
175596,73604755893321728,,0,4,,,3300,,20,20,43211,44200,,23055618,,,,,,,12080,3,0,0,0
175597,73604756602486784,,0,4,,,3300,,20,20,43211,44200,,23055618,,,,,,,14995,3,0,0,0
175598,73604757160656896,,0,4,,,3300,,20,20,43211,44200,,23055618,,,,,,,9205,3,0,0,0
175599,73604757711814656,,0,4,,,3300,,20,20,43211,44200,,23055618,,,,,,,10412,3,0,0,0
175600,73604758183542784,,0,4,,,3300,,20,20,43211,44200,,23055618,,,,,,,9047,3,0,0,0
175601,73604758734307328,,0,4,,,3300,,20,20,43211,44200,,23055618,,,,,,,10464,3,0,0,0
175602,73604759244898304,,0,4,,,3300,,20,20,43211,44200,,23055618,,,,,,,9730,3,0,0,0
175603,73604759795531776,,0,4,,,3300,,20,20,43211,44200,,23055618,,,,,,,10502,3,0,0,0
175604,73604759950872931,,0,4,-1.0,21300.0,3300,490.0,20,20,43211,44200,,23055618,,,,,,,4000,1,45250,0,0
175605,73604760346492928,,0,4,,,3300,,20,20,43211,44200,,23055618,,,,,,,6504,3,0,0,0
175606,73604760845680640,,0,4,,,3300,,20,20,43211,44200,,23055618,,,,,,,12257,3,0,0,0
175607,73604761336872960,,0,4,,,3300,,20,20,43211,44200,,23055618,,,,,,,6637,3,0,0,0
175608,73604761887571968,,0,4,,,3300,,20,20,43211,44200,,23055618,,,,,,,10504,3,0,0,0
175609,73604762438467584,,0,4,,,3300,,20,20,43211,44200,,23055618,,,,,,,10554,3,0,0,0
175610,73604763475836928,,0,4,,,3300,,20,20,43211,44200,,23055618,,,,,,,9367,3,0,0,0
175611,73604764026404864,,0,4,,,3300,,20,20,43211,44200,,23055618,,,,,,,10918,3,0,0,0
175612,73604764578283520,,0,4,,,3300,,20,20,43211,44200,,23055618,,,,,,,10125,3,0,0,0
175613,73604764524882406,,0,4,-1.0,21300.0,3300,490.0,20,20,43211,44200,,23055618,,,,,,,108,1,45250,0,0
175614,73604765049487360,,0,4,,,3300,,20,20,43211,44200,,23055618,,,,,,,8866,3,0,0,0
175615,73604765563551744,,0,4,,,3300,,20,20,43211,44200,,23055618,,,,,,,9803,3,0,0,0
175616,73604766114250752,,0,4,,,3300,,20,20,43211,44200,,23055618,,,,,,,10513,3,0,0,0
175617,73604766630019072,,0,4,,,3300,,20,20,43211,44200,,23055618,,,,,,,10307,3,0,0,0
175618,73604767155290112,,0,4,,,3300,,20,20,43211,44200,,23055618,,,,,,,9544,3,0,0,0
175619,73604767705989120,,0,4,,,3300,,20,20,43211,44200,,23055618,,,,,,,10504,3,0,0,0
175620,73604768178765824,,0,4,,,3300,,20,20,43211,44200,,23055618,,,,,,,9047,3,0,0,0
175621,73604768808042496,,0,4,,,3300,,20,20,43211,44200,,23055618,,,,,,,12488,3,0,0,0
175622,73604769044473466,,0,4,-1.0,21300.0,3300,490.0,20,20,43211,44200,,23055618,,,,,,,5182,1,45250,0,0
175623,73604769456652288,,0,4,,,3300,,20,20,43211,44200,,23055618,,,,,,,7278,3,0,0,0
175624,73604769849606144,,0,4,,,3300,,20,20,43211,44200,,23055618,,,,,,,6888,3,0,0,0
175625,73604770400239616,,0,4,,,3300,,20,20,43211,44200,,23055618,,,,,,,10560,3,0,0,0
175626,73604770872164352,,0,4,,,3300,,20,20,43211,44200,,23055618,,,,,,,8976,3,0,0,0
175627,73604771453468672,,0,4,,,3300,,20,20,43211,44200,,23055618,,,,,,,11054,3,0,0,0
175628,73604771925524480,,0,4,,,3300,,20,20,43211,44200,,23055618,,,,,,,9005,3,0,0,0
175629,73604772476092416,,0,4,,,3300,,20,20,43211,44200,,23055618,,,,,,,10513,3,0,0,0
175630,73604773026791424,,0,4,,,3300,,20,20,43211,44200,,23055618,,,,,,,10507,3,0,0,0
175631,73604773498781696,,0,4,,,3300,,20,20,43211,44200,,23055618,,,,,,,8974,3,0,0,0
175632,73604773478185477,,0,4,-1.0,21300.0,3300,490.0,20,20,43211,44200,,23055618,,,,,,,618,1,45250,0,0
175633,73604774124781568,,0,4,,,3300,,20,20,43211,44200,,23055618,,,,,,,11995,3,0,0,0
175634,73604774593626112,,0,4,,,3300,,20,20,43211,44200,,23055618,,,,,,,8335,3,0,0,0
175635,73604775222837248,,0,4,,,3300,,20,20,43211,44200,,23055618,,,,,,,11950,3,0,0,0
175636,73604775694958592,,0,4,,,3300,,20,20,43211,44200,,23055618,,,,,,,10621,3,0,0,0
175637,73604776254373888,,0,4,,,3300,,20,20,43211,44200,,23055618,,,,,,,12413,3,0,0,0
175638,73604776810971136,,0,4,,,3300,,20,20,43211,44200,,23055618,,,,,,,7266,3,0,0,0
175639,73604777317105664,,0,4,,,3300,,20,20,43211,44200,,23055618,,,,,,,11306,3,0,0,0
175640,73604777805807616,,0,4,,,3300,,20,20,43211,44200,,23055618,,,,,,,7659,3,0,0,0
175641,73604778530045952,,0,4,,,3300,,20,20,43211,44200,,23055618,,,,,,,14560,3,0,0,0
175642,73604778857005056,,0,4,,,3300,,20,20,43211,44200,,23055618,,,,,,,7004,3,0,0,0
175643,73604779126116467,,0,4,-1.0,21300.0,3300,490.0,20,20,43211,44200,,23055618,,,,,,,4746,1,45250,0,0
175644,73604779421859840,,0,4,,,3300,,20,20,43211,44200,,23055618,,,,,,,4515,3,0,0,0
175645,73604779897520128,,0,4,,,3300,,20,20,43211,44200,,23055618,,,,,,,9074,3,0,0,0
175646,73604780448022528,,0,4,,,3300,,20,20,43211,44200,,23055618,,,,,,,11026,3,0,0,0
175647,73604780998656000,,0,4,,,3300,,20,20,43211,44200,,23055618,,,,,,,9973,3,0,0,0
175648,73604781549551616,,0,4,,,3300,,20,20,43211,44200,,23055618,,,,,,,11045,3,0,0,0
175649,73604782044872704,,0,4,,,3300,,20,20,43211,44200,,23055618,,,,,,,9142,3,0,0,0
175650,73604782575452160,,0,4,,,3300,,20,20,43211,44200,,23055618,,,,,,,11623,3,0,0,0
175651,73604783142797312,,0,4,,,3300,,20,20,43211,44200,,23055618,,,,,,,9616,3,0,0,0
175652,73604783410516305,,0,4,-1.0,21300.0,3300,490.0,20,20,43211,44200,,23055618,,,,,,,5592,1,45250,0,0
175653,73604783615115264,,0,4,,,3300,,20,20,43211,44200,,23055618,,,,,,,4319,3,0,0,0
175654,73604784180494336,,0,4,,,3300,,20,20,43211,44200,,23055618,,,,,,,9349,3,0,0,0
175655,73604784653467648,,0,4,,,3300,,20,20,43211,44200,,23055618,,,,,,,9111,3,0,0,0
175656,73604785214390272,,0,4,,,3300,,20,20,43211,44200,,23055618,,,,,,,10616,3,0,0,0
175657,73604785764958208,,0,4,,,3300,,20,20,43211,44200,,23055618,,,,,,,10499,3,0,0,0
175658,73604786237014016,,0,4,,,3300,,20,20,43211,44200,,23055618,,,,,,,8989,3,0,0,0
175659,73604786825527296,,0,4,,,3300,,20,20,43211,44200,,23055618,,,,,,,12230,3,0,0,0
175660,73604787320127488,,0,4,,,3300,,20,20,43211,44200,,23055618,,,,,,,8776,3,0,0,0
175661,73604787986300928,,0,4,,,3300,,20,20,43211,44200,,23055618,,,,,,,14352,3,0,0,0
175662,73604788260717446,,0,4,-1.0,21300.0,3300,490.0,20,20,43211,44200,,23055618,,,,,,,4421,1,45250,0,0
175663,73604788520484864,,0,4,,,3300,,20,20,43211,44200,,23055618,,,,,,,7540,3,0,0,0
175664,73604789028913152,,0,4,,,3300,,20,20,43211,44200,,23055618,,,,,,,6245,3,0,0,0
175665,73604789579415552,,0,4,,,3300,,20,20,43211,44200,,23055618,,,,,,,10091,3,0,0,0
175666,73604790051405824,,0,4,,,3300,,20,20,43211,44200,,23055618,,,,,,,8985,3,0,0,0
175667,73604790602104832,,0,4,,,3300,,20,20,43211,44200,,23055618,,,,,,,10506,3,0,0,0
175668,73604791231774720,,0,4,,,3300,,20,20,43211,44200,,23055618,,,,,,,12218,3,0,0,0
175669,73604791624990720,,0,4,,,3300,,20,20,43211,44200,,23055618,,,,,,,7292,3,0,0,0
175670,73604792175689728,,0,4,,,3300,,20,20,43211,44200,,23055618,,,,,,,10721,3,0,0,0
175671,73604792665112576,,0,4,,,3300,,20,20,43211,44200,,23055618,,,,,,,10351,3,0,0,0
175672,73604793282723840,,0,4,,,3300,,20,20,43211,44200,,23055618,,,,,,,10549,3,0,0,0
175673,73604793723387904,,0,4,,,3300,,20,20,43211,44200,,23055618,,,,,,,8423,3,0,0,0
175674,73604794273890304,,0,4,,,3300,,20,20,43211,44200,,23055618,,,,,,,10528,3,0,0,0
175675,73604794574512807,,0,4,-1.0,21300.0,3300,490.0,20,20,43211,44200,,23055618,,,,,,,6721,1,45250,0,0
175676,73604794840121344,,0,4,,,3300,,20,20,43211,44200,,23055618,,,,,,,4074,3,0,0,0
175677,73604795311849472,,0,4,,,3300,,20,20,43211,44200,,23055618,,,,,,,8992,3,0,0,0
175678,73604795862482944,,0,4,,,3300,,20,20,43211,44200,,23055618,,,,,,,10813,3,0,0,0
175679,73604796413444096,,0,4,,,3300,,20,20,43211,44200,,23055618,,,,,,,10197,3,0,0,0
175680,73604796904243200,,0,4,,,3300,,20,20,43211,44200,,23055618,,,,,,,9522,3,0,0,0
175681,73604797501341696,,0,4,,,3300,,20,20,43211,44200,,23055618,,,,,,,11267,3,0,0,0
175682,73604797916473179,,0,4,-1.0,21300.0,3300,490.0,20,20,43211,44200,,23055618,,,,,,,8941,1,45250,0,0
175683,73604797973331968,,0,4,,,3300,,20,20,43211,44200,,23055618,,,,,,,8,3,0,0,0
175684,73604798509481984,,0,4,,,3300,,20,20,43211,44200,,23055618,,,,,,,10224,3,0,0,0
175685,73604799059918848,,0,4,,,3300,,20,20,43211,44200,,23055618,,,,,,,10625,3,0,0,0
175686,73604799531909120,,0,4,,,3300,,20,20,43211,44200,,23055618,,,,,,,8872,3,0,0,0
175687,73604800082608128,,0,4,,,3300,,20,20,43211,44200,,23055618,,,,,,,10499,3,0,0,0
175688,73604800633372672,,0,4,,,3300,,20,20,43211,44200,,23055618,,,,,,,10491,3,0,0,0
175689,73604801228898304,,0,4,,,3300,,20,20,43211,44200,,23055618,,,,,,,11531,3,0,0,0
175690,73604801692041216,,0,4,,,3300,,20,20,43211,44200,,23055618,,,,,,,8678,3,0,0,0
175691,73604802163965952,,0,4,,,3300,,20,20,43211,44200,,23055618,,,,,,,8998,3,0,0,0
175692,73604802195129601,,0,4,-1.0,21300.0,3300,490.0,20,20,43211,44200,,23055618,,,,,,,1600,1,45250,0,0
175693,73604802694479872,,0,4,,,3300,,20,20,43211,44200,,23055618,,,,,,,8506,3,0,0,0
175694,73604803244982272,,0,4,,,3300,,20,20,43211,44200,,23055618,,,,,,,10499,3,0,0,0
175695,73604804267474944,,0,4,,,3300,,20,20,43211,44200,,23055618,,,,,,,7639,3,0,0,0
175696,73604804790321152,,0,4,,,3300,,20,20,43211,44200,,23055618,,,,,,,9851,3,0,0,0
175697,73604804760732226,,0,4,-1.0,21300.0,3300,490.0,20,20,43211,44200,,23055618,,,,,,,428,1,45250,0,0
175698,73604805435981824,,0,4,,,3300,,20,20,43211,44200,,23055618,,,,,,,11886,3,0,0,0
175699,73604805829132288,,0,4,,,3300,,20,20,43211,44200,,23055618,,,,,,,7434,3,0,0,0
175700,73604806379700224,,0,4,,,3300,,20,20,43211,44200,,23055618,,,,,,,10502,3,0,0,0
175701,73604806930464768,,0,4,,,3300,,20,20,43211,44200,,23055618,,,,,,,10494,3,0,0,0
175702,73604807498268672,,0,4,,,3300,,20,20,43211,44200,,23055618,,,,,,,10858,3,0,0,0
175703,73604808049164288,,0,4,,,3300,,20,20,43211,44200,,23055618,,,,,,,10479,3,0,0,0
175704,73604808376014638,,0,4,-1.0,21300.0,3300,490.0,20,20,43211,44200,,23055618,,,,,,,7329,1,45250,0,0
175705,73604808521351168,,0,4,,,3300,,20,20,43211,44200,,23055618,,,,,,,1992,3,0,0,0
175706,73604809059205120,,0,4,,,3300,,20,20,43211,44200,,23055618,,,,,,,10033,3,0,0,0
175707,73604809609641984,,0,4,,,3300,,20,20,43211,44200,,23055618,,,,,,,10745,3,0,0,0
175708,73604810081632256,,0,4,,,3300,,20,20,43211,44200,,23055618,,,,,,,8667,3,0,0,0
175709,73604810632265728,,0,4,,,3300,,20,20,43211,44200,,23055618,,,,,,,10509,3,0,0,0
175710,73604811182899200,,0,4,,,3300,,20,20,43211,44200,,23055618,,,,,,,10496,3,0,0,0
175711,73604811654823936,,0,4,,,3300,,20,20,43211,44200,,23055618,,,,,,,10339,3,0,0,0
175712,73604812205522944,,0,4,,,3300,,20,20,43211,44200,,23055618,,,,,,,9154,3,0,0,0
175713,73604812756090880,,0,4,,,3300,,20,20,43211,44200,,23055618,,,,,,,10511,3,0,0,0
175714,73604813306855424,,0,4,,,3300,,20,20,43211,44200,,23055618,,,,,,,10737,3,0,0,0
175715,73604813411128683,,0,4,-1.0,21300.0,3300,490.0,20,20,43211,44200,,23055618,,,,,,,2940,1,45250,0,0
175716,73604813859717120,,0,4,,,3300,,20,20,43211,44200,,23055618,,,,,,,8191,3,0,0,0
175717,73604814410219520,,0,4,,,3300,,20,20,43211,44200,,23055618,,,,,,,9670,3,0,0,0
175718,73604814883651584,,0,4,,,3300,,20,20,43211,44200,,23055618,,,,,,,9068,3,0,0,0
175719,73604815435071488,,0,4,,,3300,,20,20,43211,44200,,23055618,,,,,,,10534,3,0,0,0
175720,73604815985115136,,0,4,,,3300,,20,20,43211,44200,,23055618,,,,,,,10584,3,0,0,0
175721,73604816456908800,,0,4,,,3300,,20,20,43211,44200,,23055618,,,,,,,12288,3,0,0,0
175722,73604816979296256,,0,4,,,3300,,20,20,43211,44200,,23055618,,,,,,,6625,3,0,0,0
175723,73604817529995264,,0,4,,,3300,,20,20,43211,44200,,23055618,,,,,,,10440,3,0,0,0
175724,73604817961794784,,0,4,-1.0,21300.0,3300,490.0,20,20,43211,44200,,23055618,,,,,,,9371,1,45250,0,0
175725,73604818084167680,,0,4,,,3300,,20,20,43211,44200,,23055618,,,,,,,1178,3,0,0,0
175726,73604818601902080,,0,4,,,3300,,20,20,43211,44200,,23055618,,,,,,,11294,3,0,0,0
175727,73604819076055040,,0,4,,,3300,,20,20,43211,44200,,23055618,,,,,,,7630,3,0,0,0
175728,73604819660177408,,0,4,,,3300,,20,20,43211,44200,,23055618,,,,,,,11141,3,0,0,0
175729,73604820210810880,,0,4,,,3300,,20,20,43211,44200,,23055618,,,,,,,10498,3,0,0,0
175730,73604820714455040,,0,4,,,3300,,20,20,43211,44200,,23055618,,,,,,,10073,3,0,0,0
175731,73604821196734464,,0,4,,,3300,,20,20,43211,44200,,23055618,,,,,,,10059,3,0,0,0
175732,73604821747367936,,0,4,,,3300,,20,20,43211,44200,,23055618,,,,,,,9788,3,0,0,0
175733,73604822157707152,,0,4,-1.0,21300.0,3300,490.0,20,20,43211,44200,,23055618,,,,,,,8396,1,45250,0,0
175734,73604822304096256,,0,4,,,3300,,20,20,43211,44200,,23055618,,,,,,,1947,3,0,0,0
175735,73604822921248768,,0,4,,,3300,,20,20,43211,44200,,23055618,,,,,,,11771,3,0,0,0
175736,73604823314661376,,0,4,,,3300,,20,20,43211,44200,,23055618,,,,,,,7173,3,0,0,0
175737,73604823865229312,,0,4,,,3300,,20,20,43211,44200,,23055618,,,,,,,10480,3,0,0,0
175738,73604824337219584,,0,4,,,3300,,20,20,43211,44200,,23055618,,,,,,,9745,3,0,0,0
175739,73604824887787520,,0,4,,,3300,,20,20,43211,44200,,23055618,,,,,,,9829,3,0,0,0
175740,73604825438420992,,0,4,,,3300,,20,20,43211,44200,,23055618,,,,,,,17165,3,0,0,0
175741,73604826037551104,,0,4,,,3300,,20,20,43211,44200,,23055618,,,,,,,5138,3,0,0,0
175742,73604826251568172,,0,4,-1.0,21300.0,3300,490.0,20,20,43211,44200,,23055618,,,,,,,4674,1,45250,0,0
175743,73604826506330112,,0,4,,,3300,,20,20,43211,44200,,23055618,,,,,,,7053,3,0,0,0
175744,73604826782661684,,0,4,-1.0,21300.0,3300,490.0,20,20,43211,44200,,23055618,,,,,,,3116,1,45250,0,0
175745,73604827040186368,,0,4,,,3300,,20,20,43211,44200,,23055618,,,,,,,3851,3,0,0,0
175746,73604827664416768,,0,4,,,3300,,20,20,43211,44200,,23055618,,,,,,,12546,3,0,0,0
175747,73604828057763840,,0,4,,,3300,,20,20,43211,44200,,23055618,,,,,,,6865,3,0,0,0
175748,73604828603482112,,0,4,,,3300,,20,20,43211,44200,,23055618,,,,,,,10422,3,0,0,0
175749,73604829194354688,,0,4,,,3300,,20,20,43211,44200,,23055618,,,,,,,11553,3,0,0,0
175750,73604829627678720,,0,4,,,3300,,20,20,43211,44200,,23055618,,,,,,,8433,3,0,0,0
175751,73604830176411648,,0,4,,,3300,,20,20,43211,44200,,23055618,,,,,,,10346,3,0,0,0
175752,73604830726848512,,0,4,,,3300,,20,20,43211,44200,,23055618,,,,,,,10260,3,0,0,0
175753,73604830821398326,,0,4,-1.0,21300.0,3300,490.0,20,20,43211,44200,,23055618,,,,,,,2843,1,45250,0,0
175754,73604831280234496,,0,4,,,3300,,20,20,43211,44200,,23055618,,,,,,,11790,3,0,0,0
175755,73604831800721408,,0,4,,,3300,,20,20,43211,44200,,23055618,,,,,,,5776,3,0,0,0
175756,73604832351092736,,0,4,,,3300,,20,20,43211,44200,,23055618,,,,,,,10450,3,0,0,0
175757,73604832901660672,,0,4,,,3300,,20,20,43211,44200,,23055618,,,,,,,10946,3,0,0,0
175758,73604833452294144,,0,4,,,3300,,20,20,43211,44200,,23055618,,,,,,,10162,3,0,0,0
175759,73604833924349952,,0,4,,,3300,,20,20,43211,44200,,23055618,,,,,,,8901,3,0,0,0
175760,73604834474983424,,0,4,,,3300,,20,20,43211,44200,,23055618,,,,,,,13954,3,0,0,0
175761,73604834975023104,,0,4,,,3300,,20,20,43211,44200,,23055618,,,,,,,6098,3,0,0,0
175762,73604835525656576,,0,4,,,3300,,20,20,43211,44200,,23055618,,,,,,,11129,3,0,0,0
175763,73604836009115648,,0,4,,,3300,,20,20,43211,44200,,23055618,,,,,,,8604,3,0,0,0
175764,73604836062421357,,0,4,-1.0,21300.0,3300,490.0,20,20,43211,44200,,23055618,,,,,,,2185,1,45250,0,0
175765,73604836561453056,,0,4,,,3300,,20,20,43211,44200,,23055618,,,,,,,8344,3,0,0,0
175766,73604837111955456,,0,4,,,3300,,20,20,43211,44200,,23055618,,,,,,,10520,3,0,0,0
175767,73604837583945728,,0,4,,,3300,,20,20,43211,44200,,23055618,,,,,,,8990,3,0,0,0
175768,73604838134579200,,0,4,,,3300,,20,20,43211,44200,,23055618,,,,,,,10493,3,0,0,0
175769,73604838685212672,,0,4,,,3300,,20,20,43211,44200,,23055618,,,,,,,10502,3,0,0,0
175770,73604839256489984,,0,4,,,3300,,20,20,43211,44200,,23055618,,,,,,,10900,3,0,0,0
175771,73604839728480256,,0,4,,,3300,,20,20,43211,44200,,23055618,,,,,,,10117,3,0,0,0
175772,73604840279113728,,0,4,,,3300,,20,20,43211,44200,,23055618,,,,,,,9373,3,0,0,0
175773,73604840829681664,,0,4,,,3300,,20,20,43211,44200,,23055618,,,,,,,10513,3,0,0,0
175774,73604840779619556,,0,4,-1.0,21300.0,3300,490.0,20,20,43211,44200,,23055618,,,,,,,169,1,45250,0,0
175775,73604841303048192,,0,4,,,3300,,20,20,43211,44200,,23055618,,,,,,,8858,3,0,0,0
175776,73604841853419520,,0,4,,,3300,,20,20,43211,44200,,23055618,,,,,,,10500,3,0,0,0
175777,73604842404184064,,0,4,,,3300,,20,20,43211,44200,,23055618,,,,,,,10505,3,0,0,0
175778,73604842876108800,,0,4,,,3300,,20,20,43211,44200,,23055618,,,,,,,8991,3,0,0,0
175779,73604843426742272,,0,4,,,3300,,20,20,43211,44200,,23055618,,,,,,,10517,3,0,0,0
175780,73604843977375744,,0,4,,,3300,,20,20,43211,44200,,23055618,,,,,,,10737,3,0,0,0
175781,73604844449366016,,0,4,,,3300,,20,20,43211,44200,,23055618,,,,,,,8750,3,0,0,0
175782,73604844653922241,,0,4,-1.0,21300.0,3300,490.0,20,20,43211,44200,,23055618,,,,,,,4963,1,45250,0,0
175783,73604845045415936,,0,4,,,3300,,20,20,43211,44200,,23055618,,,,,,,6461,3,0,0,0
175784,73604845517209600,,0,4,,,3300,,20,20,43211,44200,,23055618,,,,,,,9171,3,0,0,0
175785,73604846079442944,,0,4,,,3300,,20,20,43211,44200,,23055618,,,,,,,10519,3,0,0,0
175786,73604846630076416,,0,4,,,3300,,20,20,43211,44200,,23055618,,,,,,,10494,3,0,0,0
175787,73604847180709888,,0,4,,,3300,,20,20,43211,44200,,23055618,,,,,,,10505,3,0,0,0
175788,73604847652700160,,0,4,,,3300,,20,20,43211,44200,,23055618,,,,,,,8987,3,0,0,0
175789,73604848203333632,,0,4,,,3300,,20,20,43211,44200,,23055618,,,,,,,10511,3,0,0,0
175790,73604848758423552,,0,4,,,3300,,20,20,43211,44200,,23055618,,,,,,,14044,3,0,0,0
175791,73604849250336768,,0,4,,,3300,,20,20,43211,44200,,23055618,,,,,,,5982,3,0,0,0
175792,73604849234315214,,0,4,-1.0,21300.0,3300,490.0,20,20,43211,44200,,23055618,,,,,,,735,1,45250,0,0
175793,73604849802674176,,0,4,,,3300,,20,20,43211,44200,,23055618,,,,,,,9993,3,0,0,0
175794,73604850274664448,,0,4,,,3300,,20,20,43211,44200,,23055618,,,,,,,8756,3,0,0,0
175795,73604850856951808,,0,4,,,3300,,20,20,43211,44200,,23055618,,,,,,,11131,3,0,0,0
175796,73604851485966336,,0,4,,,3300,,20,20,43211,44200,,23055618,,,,,,,12161,3,0,0,0
175797,73604851968901120,,0,4,,,3300,,20,20,43211,44200,,23055618,,,,,,,9075,3,0,0,0
175798,73604852510031872,,0,4,,,3300,,20,20,43211,44200,,23055618,,,,,,,10352,3,0,0,0
175799,73604853062565888,,0,4,,,3300,,20,20,43211,44200,,23055618,,,,,,,10443,3,0,0,0
175800,73604853534359552,,0,4,,,3300,,20,20,43211,44200,,23055618,,,,,,,11282,3,0,0,0
175801,73604854216458240,,0,4,,,3300,,20,20,43211,44200,,23055618,,,,,,,19932,3,0,0,0
175802,73604854683795456,,0,4,,,3300,,20,20,43211,44200,,23055618,,,,,,,93,3,0,0,0
175803,73604854947929482,,0,4,-1.0,21300.0,3300,490.0,20,20,43211,44200,,23055618,,,,,,,6937,1,45250,0,0
175804,73604855113777152,,0,4,,,3300,,20,20,43211,44200,,23055618,,,,,,,972,3,0,0,0
175805,73604855668867072,,0,4,,,3300,,20,20,43211,44200,,23055618,,,,,,,10512,3,0,0,0
175806,73604856140660736,,0,4,,,3300,,20,20,43211,44200,,23055618,,,,,,,8981,3,0,0,0
175807,73604856694308864,,0,4,,,3300,,20,20,43211,44200,,23055618,,,,,,,10577,3,0,0,0
175808,73604857244942336,,0,4,,,3300,,20,20,43211,44200,,23055618,,,,,,,10729,3,0,0,0
175809,73604857874153472,,0,4,,,3300,,20,20,43211,44200,,23055618,,,,,,,11850,3,0,0,0
175810,73604858208606098,,0,4,-1.0,21300.0,3300,490.0,20,20,43211,44200,,23055618,,,,,,,7304,1,45250,0,0
175811,73604858346340352,,0,4,,,3300,,20,20,43211,44200,,23055618,,,,,,,1626,3,0,0,0
175812,73604858871808000,,0,4,,,3300,,20,20,43211,44200,,23055618,,,,,,,11637,3,0,0,0
175813,73604858972179760,,0,4,-1.0,21300.0,3300,490.0,20,20,43211,44200,,23055618,,,,,,,1720,1,45250,0,0
175814,73604859467792384,,0,4,,,3300,,20,20,43211,44200,,23055618,,,,,,,9617,3,0,0,0
175815,73604859950399488,,0,4,,,3300,,20,20,43211,44200,,23055618,,,,,,,7635,3,0,0,0
175816,73604860535504896,,0,4,,,3300,,20,20,43211,44200,,23055618,,,,,,,11639,3,0,0,0
175817,73604860986654720,,0,4,,,3300,,20,20,43211,44200,,23055618,,,,,,,11973,3,0,0,0
175818,73604861510156288,,0,4,,,3300,,20,20,43211,44200,,23055618,,,,,,,6195,3,0,0,0
175819,73604862060724224,,0,4,,,3300,,20,20,43211,44200,,23055618,,,,,,,14305,3,0,0,0
175820,73604862538547200,,0,4,,,3300,,20,20,43211,44200,,23055618,,,,,,,5240,3,0,0,0
175821,73604862502079997,,0,4,-1.0,21300.0,3300,489.0,20,20,43211,44200,,23055619,,,,,,,476,1,45250,0,0
175822,73604863104450560,,0,4,,,3300,,20,20,43211,44200,,23055619,,,,,,,10318,3,0,0,0
175823,73604863576244224,,0,4,,,3300,,20,20,43211,44200,,23055619,,,,,,,9000,3,0,0,0
175824,73604864205520896,,0,4,,,3300,,20,20,43211,44200,,23055619,,,,,,,12019,3,0,0,0
175825,73604864756154368,,0,4,,,3300,,20,20,43211,44200,,23055619,,,,,,,10506,3,0,0,0
175826,73604865337393152,,0,4,,,3300,,20,20,43211,44200,,23055619,,,,,,,11441,3,0,0,0
175827,73604865798963200,,0,4,,,3300,,20,20,43211,44200,,23055619,,,,,,,8505,3,0,0,0
175828,73604866350252032,,0,4,,,3300,,20,20,43211,44200,,23055619,,,,,,,10479,3,0,0,0
175829,73604866942828544,,0,4,,,3300,,20,20,43211,44200,,23055619,,,,,,,11289,3,0,0,0
175830,73604867436314624,,0,4,,,3300,,20,20,43211,44200,,23055619,,,,,,,9754,3,0,0,0
175831,73604867904831488,,0,4,,,3300,,20,20,43211,44200,,23055619,,,,,,,8593,3,0,0,0
175832,73604867901786754,,0,4,-1.0,21300.0,3300,489.0,20,20,43211,44200,,23055619,,,,,,,1057,1,45250,0,0
175833,73604868499374080,,0,4,,,3300,,20,20,43211,44200,,23055619,,,,,,,10872,3,0,0,0
175834,73604868987224064,,0,4,,,3300,,20,20,43211,44200,,23055619,,,,,,,8704,3,0,0,0
175835,73604869537660928,,0,4,,,3300,,20,20,43211,44200,,23055619,,,,,,,10480,3,0,0,0
175836,73604870009651200,,0,4,,,3300,,20,20,43211,44200,,23055619,,,,,,,9007,3,0,0,0
175837,73604870638927872,,0,4,,,3300,,20,20,43211,44200,,23055619,,,,,,,11998,3,0,0,0
175838,73604871189692416,,0,4,,,3300,,20,20,43211,44200,,23055619,,,,,,,10514,3,0,0,0
175839,73604871218418422,,0,4,-1.0,21300.0,3300,489.0,20,20,43211,44200,,23055619,,,,,,,1682,1,45250,0,0
175840,73604871668826112,,0,4,,,3300,,20,20,43211,44200,,23055619,,,,,,,7452,3,0,0,0
175841,73604872219328512,,0,4,,,3300,,20,20,43211,44200,,23055619,,,,,,,10483,3,0,0,0
175842,73604872691318784,,0,4,,,3300,,20,20,43211,44200,,23055619,,,,,,,9004,3,0,0,0
175843,73604873241952256,,0,4,,,3300,,20,20,43211,44200,,23055619,,,,,,,10513,3,0,0,0
175844,73604873792651264,,0,4,,,3300,,20,20,43211,44200,,23055619,,,,,,,10510,3,0,0,0
175845,73604874387128320,,0,4,,,3300,,20,20,43211,44200,,23055619,,,,,,,12452,3,0,0,0
175846,73604874843848704,,0,4,,,3300,,20,20,43211,44200,,23055619,,,,,,,7884,3,0,0,0
175847,73604874828125197,,0,4,-1.0,21300.0,3300,489.0,20,20,43211,44200,,23055619,,,,,,,621,1,45250,0,0
175848,73604875316035584,,0,4,,,3300,,20,20,43211,44200,,23055619,,,,,,,8093,3,0,0,0
175849,73604875893932032,,0,4,,,3300,,20,20,43211,44200,,23055619,,,,,,,11029,3,0,0,0
175850,73604876365660160,,0,4,,,3300,,20,20,43211,44200,,23055619,,,,,,,8992,3,0,0,0
175851,73604876995002368,,0,4,,,3300,,20,20,43211,44200,,23055619,,,,,,,12016,3,0,0,0
175852,73604877545635840,,0,4,,,3300,,20,20,43211,44200,,23055619,,,,,,,10491,3,0,0,0
175853,73604878017560576,,0,4,,,3300,,20,20,43211,44200,,23055619,,,,,,,9017,3,0,0,0
175854,73604878569570304,,0,4,,,3300,,20,20,43211,44200,,23055619,,,,,,,10602,3,0,0,0
175855,73604879067054080,,0,4,,,3300,,20,20,43211,44200,,23055619,,,,,,,9406,3,0,0,0
175856,73604879167674420,,0,4,-1.0,21300.0,3300,489.0,20,20,43211,44200,,23055619,,,,,,,3056,1,45250,0,0
175857,73604879727591424,,0,4,,,3300,,20,20,43211,44200,,23055619,,,,,,,10105,3,0,0,0
175858,73604880114253824,,0,4,,,3300,,20,20,43211,44200,,23055619,,,,,,,6839,3,0,0,0
175859,73604880664887296,,0,4,,,3300,,20,20,43211,44200,,23055619,,,,,,,10472,3,0,0,0
175860,73604881215455232,,0,4,,,3300,,20,20,43211,44200,,23055619,,,,,,,10680,3,0,0,0
175861,73604881692295168,,0,4,,,3300,,20,20,43211,44200,,23055619,,,,,,,9780,3,0,0,0
175862,73604882208980992,,0,4,,,3300,,20,20,43211,44200,,23055619,,,,,,,9195,3,0,0,0
175863,73604882760073216,,0,4,,,3300,,20,20,43211,44200,,23055619,,,,,,,10329,3,0,0,0
175864,73604883315097600,,0,4,,,3300,,20,20,43211,44200,,23055619,,,,,,,10564,3,0,0,0
175865,73604883800326144,,0,4,,,3300,,20,20,43211,44200,,23055619,,,,,,,10116,3,0,0,0
175866,73604884342898688,,0,4,,,3300,,20,20,43211,44200,,23055619,,,,,,,10383,3,0,0,0
175867,73604884893401088,,0,4,,,3300,,20,20,43211,44200,,23055619,,,,,,,11144,3,0,0,0
175868,73604885373059072,,0,4,,,3300,,20,20,43211,44200,,23055619,,,,,,,7599,3,0,0,0
175869,73604885943287808,,0,4,,,3300,,20,20,43211,44200,,23055619,,,,,,,11318,3,0,0,0
175870,73604886310685047,,0,4,-1.0,21300.0,3300,489.0,20,20,43211,44200,,23055619,,,,,,,7657,1,45250,0,0
175871,73604886415343616,,0,4,,,3300,,20,20,43211,44200,,23055619,,,,,,,913,3,0,0,0
175872,73604886967156736,,0,4,,,3300,,20,20,43211,44200,,23055619,,,,,,,10525,3,0,0,0
175873,73604887517921280,,0,4,,,3300,,20,20,43211,44200,,23055619,,,,,,,11047,3,0,0,0
175874,73604888545132544,,0,4,,,3300,,20,20,43211,44200,,23055619,,,,,,,10811,3,0,0,0
175875,73604889146228736,,0,4,,,3300,,20,20,43211,44200,,23055619,,,,,,,11352,3,0,0,0
175876,73604889500001096,,0,4,-1.0,21300.0,3300,489.0,20,20,43211,44200,,23055619,,,,,,,7525,1,45250,0,0
175877,73604889788743680,,0,4,,,3300,,20,20,43211,44200,,23055619,,,,,,,6022,3,0,0,0
175878,73604889758363886,,0,4,-1.0,21300.0,3300,489.0,20,20,43211,44200,,23055619,,,,,,,201,1,45250,0,0
175879,73604890155483136,,0,4,,,3300,,20,20,43211,44200,,23055619,,,,,,,4476,3,0,0,0
175880,73604890705920000,,0,4,,,3300,,20,20,43211,44200,,23055619,,,,,,,10489,3,0,0,0
175881,73604891177910272,,0,4,,,3300,,20,20,43211,44200,,23055619,,,,,,,9005,3,0,0,0
175882,73604891728543744,,0,4,,,3300,,20,20,43211,44200,,23055619,,,,,,,10532,3,0,0,0
175883,73604892297134080,,0,4,,,3300,,20,20,43211,44200,,23055619,,,,,,,10828,3,0,0,0
175884,73604892769058816,,0,4,,,3300,,20,20,43211,44200,,23055619,,,,,,,9009,3,0,0,0
175885,73604893339942912,,0,4,,,3300,,20,20,43211,44200,,23055619,,,,,,,10872,3,0,0,0
175886,73604893870981120,,0,4,,,3300,,20,20,43211,44200,,23055619,,,,,,,10128,3,0,0,0
175887,73604894342840320,,0,4,,,3300,,20,20,43211,44200,,23055619,,,,,,,8996,3,0,0,0
175888,73604894409190149,,0,4,-1.0,21300.0,3300,489.0,20,20,43211,44200,,23055619,,,,,,,2392,1,45250,0,0
175889,73604894894784512,,0,4,,,3300,,20,20,43211,44200,,23055619,,,,,,,8139,3,0,0,0
175890,73604895366643712,,0,4,,,3300,,20,20,43211,44200,,23055619,,,,,,,8987,3,0,0,0
175891,73604896094683136,,0,4,,,3300,,20,20,43211,44200,,23055619,,,,,,,13911,3,0,0,0
175892,73604896649314304,,0,4,,,3300,,20,20,43211,44200,,23055619,,,,,,,10553,3,0,0,0
175893,73604897168359424,,0,4,,,3300,,20,20,43211,44200,,23055619,,,,,,,10549,3,0,0,0
175894,73604897640415232,,0,4,,,3300,,20,20,43211,44200,,23055619,,,,,,,8383,3,0,0,0
175895,73604898045728132,,0,4,-1.0,21300.0,3300,489.0,20,20,43211,44200,,23055619,,,,,,,9033,1,45250,0,0
175896,73604898213199872,,0,4,,,3300,,20,20,43211,44200,,23055619,,,,,,,1861,3,0,0,0
175897,73604898719924224,,0,4,,,3300,,20,20,43211,44200,,23055619,,,,,,,9816,3,0,0,0
175898,73604899192569856,,0,4,,,3300,,20,20,43211,44200,,23055619,,,,,,,8880,3,0,0,0
175899,73604899743137792,,0,4,,,3300,,20,20,43211,44200,,23055619,,,,,,,10512,3,0,0,0
175900,73604900293771264,,0,4,,,3300,,20,20,43211,44200,,23055619,,,,,,,10590,3,0,0,0
175901,73604900765696000,,0,4,,,3300,,20,20,43211,44200,,23055619,,,,,,,8899,3,0,0,0
175902,73604901321113600,,0,4,,,3300,,20,20,43211,44200,,23055619,,,,,,,10599,3,0,0,0
175903,73604901951569920,,0,4,,,3300,,20,20,43211,44200,,23055619,,,,,,,12030,3,0,0,0
175904,73604902501810176,,0,4,,,3300,,20,20,43211,44200,,23055619,,,,,,,10541,3,0,0,0
175905,73604902518988555,,0,4,-1.0,21300.0,3300,489.0,20,20,43211,44200,,23055619,,,,,,,1407,1,45250,0,0
175906,73604902987825152,,0,4,,,3300,,20,20,43211,44200,,23055619,,,,,,,7829,3,0,0,0
175907,73604903538327552,,0,4,,,3300,,20,20,43211,44200,,23055619,,,,,,,10478,3,0,0,0
175908,73604904010252288,,0,4,,,3300,,20,20,43211,44200,,23055619,,,,,,,9045,3,0,0,0
175909,73604904560951296,,0,4,,,3300,,20,20,43211,44200,,23055619,,,,,,,10460,3,0,0,0
175910,73604905083469824,,0,4,,,3300,,20,20,43211,44200,,23055619,,,,,,,9969,3,0,0,0
175911,73604905444333651,,0,4,-1.0,21300.0,3300,489.0,20,20,43211,44200,,23055619,,,,,,,7950,1,45250,0,0
175912,73604905634037760,,0,4,,,3300,,20,20,43211,44200,,23055619,,,,,,,2553,3,0,0,0
175913,73604906117496832,,0,4,,,3300,,20,20,43211,44200,,23055619,,,,,,,9248,3,0,0,0
175914,73604906667999232,,0,4,,,3300,,20,20,43211,44200,,23055619,,,,,,,10457,3,0,0,0
175915,73604907218632704,,0,4,,,3300,,20,20,43211,44200,,23055619,,,,,,,10849,3,0,0,0
175916,73604907690622976,,0,4,,,3300,,20,20,43211,44200,,23055619,,,,,,,9964,3,0,0,0
175917,73604908210585600,,0,4,,,3300,,20,20,43211,44200,,23055619,,,,,,,8649,3,0,0,0
175918,73604908786647040,,0,4,,,3300,,20,20,43211,44200,,23055619,,,,,,,11404,3,0,0,0
175919,73604909258571776,,0,4,,,3300,,20,20,43211,44200,,23055619,,,,,,,8549,3,0,0,0
175920,73604909743882212,,0,4,-1.0,21300.0,3300,489.0,20,20,43211,44200,,23055619,,,,,,,10297,1,45250,0,0
175921,73604909809270784,,0,4,,,3300,,20,20,43211,44200,,23055619,,,,,,,216,3,0,0,0
175922,73604910340243456,,0,4,,,3300,,20,20,43211,44200,,23055619,,,,,,,10134,3,0,0,0
175923,73604910890745856,,0,4,,,3300,,20,20,43211,44200,,23055619,,,,,,,10498,3,0,0,0
175924,73604911362801664,,0,4,,,3300,,20,20,43211,44200,,23055619,,,,,,,9012,3,0,0,0
175925,73604911913369600,,0,4,,,3300,,20,20,43211,44200,,23055619,,,,,,,10511,3,0,0,0
175926,73604912438312960,,0,4,,,3300,,20,20,43211,44200,,23055619,,,,,,,9994,3,0,0,0
175927,73604912989011968,,0,4,,,3300,,20,20,43211,44200,,23055619,,,,,,,10489,3,0,0,0
175928,73604913477058560,,0,4,,,3300,,20,20,43211,44200,,23055619,,,,,,,9348,3,0,0,0
175929,73604914037194752,,0,4,,,3300,,20,20,43211,44200,,23055619,,,,,,,10659,3,0,0,0
175930,73604914021421808,,0,4,-1.0,21300.0,3300,489.0,20,20,43211,44200,,23055619,,,,,,,842,1,45250,0,0
175931,73604914522750976,,0,4,,,3300,,20,20,43211,44200,,23055619,,,,,,,8815,3,0,0,0
175932,73604915231653888,,0,4,,,3300,,20,20,43211,44200,,23055619,,,,,,,13128,3,0,0,0
175933,73604915703709696,,0,4,,,3300,,20,20,43211,44200,,23055619,,,,,,,9067,3,0,0,0
175934,73604916254277632,,0,4,,,3300,,20,20,43211,44200,,23055619,,,,,,,10447,3,0,0,0
175935,73604916805828608,,0,4,,,3300,,20,20,43211,44200,,23055619,,,,,,,10834,3,0,0,0
175936,73604917277884416,,0,4,,,3300,,20,20,43211,44200,,23055619,,,,,,,8711,3,0,0,0
175937,73604917797715968,,0,4,,,3300,,20,20,43211,44200,,23055619,,,,,,,10061,3,0,0,0
175938,73604918358573056,,0,4,,,3300,,20,20,43211,44200,,23055619,,,,,,,10843,3,0,0,0
175939,73604918387849923,,0,4,-1.0,21300.0,3300,489.0,20,20,43211,44200,,23055619,,,,,,,1341,1,45250,0,0
175940,73604918917595136,,0,4,,,3300,,20,20,43211,44200,,23055619,,,,,,,8989,3,0,0,0
175941,73604919389454336,,0,4,,,3300,,20,20,43211,44200,,23055619,,,,,,,9003,3,0,0,0
175942,73604919939956736,,0,4,,,3300,,20,20,43211,44200,,23055619,,,,,,,10519,3,0,0,0
175943,73604920491769856,,0,4,,,3300,,20,20,43211,44200,,23055619,,,,,,,11728,3,0,0,0
175944,73604920963694592,,0,4,,,3300,,20,20,43211,44200,,23055619,,,,,,,10618,3,0,0,0
175945,73604921589628928,,0,4,,,3300,,20,20,43211,44200,,23055619,,,,,,,9721,3,0,0,0
175946,73604922110246912,,0,4,,,3300,,20,20,43211,44200,,23055619,,,,,,,9313,3,0,0,0
175947,73604922585055232,,0,4,,,3300,,20,20,43211,44200,,23055619,,,,,,,9064,3,0,0,0
175948,73604923133394944,,0,4,,,3300,,20,20,43211,44200,,23055619,,,,,,,11149,3,0,0,0
175949,73604923651981312,,0,4,,,3300,,20,20,43211,44200,,23055619,,,,,,,9553,3,0,0,0
175950,73604924074394676,,0,4,-1.0,21300.0,3300,489.0,20,20,43211,44200,,23055619,,,,,,,8728,1,45250,0,0
175951,73604924247244800,,0,4,,,3300,,20,20,43211,44200,,23055619,,,,,,,2261,3,0,0,0
175952,73604924705538048,,0,4,,,3300,,20,20,43211,44200,,23055619,,,,,,,8743,3,0,0,0
175953,73604925256171520,,0,4,,,3300,,20,20,43211,44200,,23055619,,,,,,,10507,3,0,0,0
175954,73604925806739456,,0,4,,,3300,,20,20,43211,44200,,23055619,,,,,,,10504,3,0,0,0
175955,73604926339416064,,0,4,,,3300,,20,20,43211,44200,,23055619,,,,,,,10189,3,0,0,0
175956,73604926811471872,,0,4,,,3300,,20,20,43211,44200,,23055619,,,,,,,9230,3,0,0,0
175957,73604927318523904,,0,4,,,3300,,20,20,43211,44200,,23055619,,,,,,,9423,3,0,0,0
175958,73604927869157376,,0,4,,,3300,,20,20,43211,44200,,23055619,,,,,,,10493,3,0,0,0
175959,73604928420052992,,0,4,,,3300,,20,20,43211,44200,,23055619,,,,,,,10653,3,0,0,0
175960,73604928974618624,,0,4,,,3300,,20,20,43211,44200,,23055619,,,,,,,10425,3,0,0,0
175961,73604929463189504,,0,4,,,3300,,20,20,43211,44200,,23055619,,,,,,,9542,3,0,0,0
175962,73604929788579663,,0,4,-1.0,21300.0,3300,489.0,20,20,43211,44200,,23055619,,,,,,,7505,1,45250,0,0
175963,73604930017296384,,0,4,,,3300,,20,20,43211,44200,,23055619,,,,,,,2852,3,0,0,0
175964,73604930489155584,,0,4,,,3300,,20,20,43211,44200,,23055619,,,,,,,9008,3,0,0,0
175965,73604931039657984,,0,4,,,3300,,20,20,43211,44200,,23055619,,,,,,,10470,3,0,0,0
175966,73604931590422528,,0,4,,,3300,,20,20,43211,44200,,23055619,,,,,,,10519,3,0,0,0
175967,73604932062216192,,0,4,,,3300,,20,20,43211,44200,,23055619,,,,,,,9839,3,0,0,0
175968,73604932613046272,,0,4,,,3300,,20,20,43211,44200,,23055619,,,,,,,9681,3,0,0,0
175969,73604933163614208,,0,4,,,3300,,20,20,43211,44200,,23055619,,,,,,,10485,3,0,0,0
175970,73604933635670016,,0,4,,,3300,,20,20,43211,44200,,23055619,,,,,,,9027,3,0,0,0
175971,73604934312591360,,0,4,,,3300,,20,20,43211,44200,,23055619,,,,,,,13145,3,0,0,0
175972,73604934377575191,,0,4,-1.0,21300.0,3300,489.0,20,20,43211,44200,,23055619,,,,,,,2147,1,45250,0,0
175973,73604934828687360,,0,4,,,3300,,20,20,43211,44200,,23055619,,,,,,,7573,3,0,0,0
175974,73604935300481024,,0,4,,,3300,,20,20,43211,44200,,23055619,,,,,,,8867,3,0,0,0
175975,73604935854718976,,0,4,,,3300,,20,20,43211,44200,,23055619,,,,,,,10575,3,0,0,0
175976,73604936325529600,,0,4,,,3300,,20,20,43211,44200,,23055619,,,,,,,9359,3,0,0,0
175977,73604936878915584,,0,4,,,3300,,20,20,43211,44200,,23055619,,,,,,,11590,3,0,0,0
175978,73604937382166528,,0,4,,,3300,,20,20,43211,44200,,23055619,,,,,,,8234,3,0,0,0
175979,73604937907765248,,0,4,,,3300,,20,20,43211,44200,,23055619,,,,,,,10231,3,0,0,0
175980,73604937924160488,,0,4,-1.0,21300.0,3300,489.0,20,20,43211,44200,,23055619,,,,,,,1709,1,45250,0,0
175981,73604938475110400,,0,4,,,3300,,20,20,43211,44200,,23055619,,,,,,,8851,3,0,0,0
175982,73604938946969600,,0,4,,,3300,,20,20,43211,44200,,23055619,,,,,,,9001,3,0,0,0
175983,73604939497668608,,0,4,,,3300,,20,20,43211,44200,,23055619,,,,,,,10517,3,0,0,0
175984,73604940048433152,,0,4,,,3300,,20,20,43211,44200,,23055619,,,,,,,10523,3,0,0,0
175985,73604940633931776,,0,4,,,3300,,20,20,43211,44200,,23055619,,,,,,,11143,3,0,0,0
175986,73604941184630784,,0,4,,,3300,,20,20,43211,44200,,23055619,,,,,,,10510,3,0,0,0
175987,73604941656489984,,0,4,,,3300,,20,20,43211,44200,,23055619,,,,,,,8988,3,0,0,0
175988,73604942207188992,,0,4,,,3300,,20,20,43211,44200,,23055619,,,,,,,10500,3,0,0,0
175989,73604942757756928,,0,4,,,3300,,20,20,43211,44200,,23055619,,,,,,,10515,3,0,0,0
175990,73604943153156160,,0,4,-1.0,21300.0,3300,489.0,20,20,43211,44200,,23055619,,,,,,,8669,1,45250,0,0
175991,73604943259435008,,0,4,,,3300,,20,20,43211,44200,,23055619,,,,,,,886,3,0,0,0
175992,73604943757836288,,0,4,,,3300,,20,20,43211,44200,,23055619,,,,,,,9520,3,0,0,0
175993,73604944308338688,,0,4,,,3300,,20,20,43211,44200,,23055619,,,,,,,10489,3,0,0,0
175994,73604944858906624,,0,4,,,3300,,20,20,43211,44200,,23055619,,,,,,,10505,3,0,0,0
175995,73604945330962432,,0,4,,,3300,,20,20,43211,44200,,23055619,,,,,,,9000,3,0,0,0
175996,73604945881858048,,0,4,,,3300,,20,20,43211,44200,,23055619,,,,,,,10512,3,0,0,0
175997,73604946432491520,,0,4,,,3300,,20,20,43211,44200,,23055619,,,,,,,10498,3,0,0,0
175998,73604947017859072,,0,4,,,3300,,20,20,43211,44200,,23055619,,,,,,,11153,3,0,0,0
175999,73604947494174720,,0,4,,,3300,,20,20,43211,44200,,23055619,,,,,,,9103,3,0,0,0
176000,73604948016234496,,0,4,,,3300,,20,20,43211,44200,,23055619,,,,,,,10531,3,0,0,0
176001,73604948534886400,,0,4,,,3300,,20,20,43211,44200,,23055619,,,,,,,9311,3,0,0,0
176002,73604949085323264,,0,4,,,3300,,20,20,43211,44200,,23055619,,,,,,,10497,3,0,0,0
176003,73604949635956736,,0,4,,,3300,,20,20,43211,44200,,23055619,,,,,,,10509,3,0,0,0
176004,73604950107947008,,0,4,,,3300,,20,20,43211,44200,,23055619,,,,,,,11993,3,0,0,0
176005,73604950702817280,,0,4,,,3300,,20,20,43211,44200,,23055619,,,,,,,11611,3,0,0,0
176006,73604951109577927,,0,4,-1.0,21300.0,3300,489.0,20,20,43211,44200,,23055619,,,,,,,6430,1,45250,0,0
176007,73604951174610944,,0,4,,,3300,,20,20,43211,44200,,23055619,,,,,,,1,3,0,0,0
176008,73604951715414016,,0,4,,,3300,,20,20,43211,44200,,23055619,,,,,,,9644,3,0,0,0
176009,73604952265850880,,0,4,,,3300,,20,20,43211,44200,,23055619,,,,,,,10480,3,0,0,0
176010,73604952737906688,,0,4,,,3300,,20,20,43211,44200,,23055619,,,,,,,9003,3,0,0,0
176011,73604953553108992,,0,4,,,3300,,20,20,43211,44200,,23055619,,,,,,,16150,3,0,0,0
176012,73604954110361600,,0,4,,,3300,,20,20,43211,44200,,23055619,,,,,,,10022,3,0,0,0
176013,73604954661191680,,0,4,,,3300,,20,20,43211,44200,,23055619,,,,,,,10504,3,0,0,0
176014,73604955007435300,,0,4,-1.0,21300.0,3300,489.0,20,20,43211,44200,,23055619,,,,,,,7768,1,45250,0,0
176015,73604955134361600,,0,4,,,3300,,20,20,43211,44200,,23055619,,,,,,,1275,3,0,0,0
176016,73604955690106880,,0,4,,,3300,,20,20,43211,44200,,23055619,,,,,,,11323,3,0,0,0
176017,73604956240609280,,0,4,,,3300,,20,20,43211,44200,,23055619,,,,,,,9769,3,0,0,0
176018,73604956712730624,,0,4,,,3300,,20,20,43211,44200,,23055619,,,,,,,12319,3,0,0,0
176019,73604957319462912,,0,4,,,3300,,20,20,43211,44200,,23055619,,,,,,,8390,3,0,0,0
176020,73604957791387648,,0,4,,,3300,,20,20,43211,44200,,23055619,,,,,,,8867,3,0,0,0
176021,73604958341955584,,0,4,,,3300,,20,20,43211,44200,,23055619,,,,,,,11135,3,0,0,0
176022,73604958813945856,,0,4,,,3300,,20,20,43211,44200,,23055619,,,,,,,8374,3,0,0,0
176023,73604958948734598,,0,4,-1.0,21300.0,3300,489.0,20,20,43211,44200,,23055619,,,,,,,3785,1,45250,0,0
176024,73604959330172928,,0,4,,,3300,,20,20,43211,44200,,23055619,,,,,,,6125,3,0,0,0
176025,73604959959252992,,0,4,,,3300,,20,20,43211,44200,,23055619,,,,,,,11930,3,0,0,0
176026,73604960509886464,,0,4,,,3300,,20,20,43211,44200,,23055619,,,,,,,10513,3,0,0,0
176027,73604960981876736,,0,4,,,3300,,20,20,43211,44200,,23055619,,,,,,,9006,3,0,0,0
176028,73604961532510208,,0,4,,,3300,,20,20,43211,44200,,23055619,,,,,,,10515,3,0,0,0
176029,73604962084651008,,0,4,,,3300,,20,20,43211,44200,,23055619,,,,,,,11411,3,0,0,0
176030,73604962624471040,,0,4,,,3300,,20,20,43211,44200,,23055619,,,,,,,9392,3,0,0,0
176031,73604962675668004,,0,4,-1.0,21300.0,3300,489.0,20,20,43211,44200,,23055619,,,,,,,2036,1,45250,0,0
176032,73604963132112896,,0,4,,,3300,,20,20,43211,44200,,23055619,,,,,,,8099,3,0,0,0
176033,73604963604103168,,0,4,,,3300,,20,20,43211,44200,,23055619,,,,,,,8549,3,0,0,0
176034,73604964154671104,,0,4,,,3300,,20,20,43211,44200,,23055619,,,,,,,10511,3,0,0,0
176035,73604964705304576,,0,4,,,3300,,20,20,43211,44200,,23055619,,,,,,,10497,3,0,0,0
176036,73604965177360384,,0,4,,,3300,,20,20,43211,44200,,23055619,,,,,,,8997,3,0,0,0
176037,73604965727862784,,0,4,,,3300,,20,20,43211,44200,,23055619,,,,,,,10502,3,0,0,0
176038,73604965947249015,,0,4,-1.0,21300.0,3300,489.0,20,20,43211,44200,,23055619,,,,,,,5381,1,45250,0,0
176039,73604966504923136,,0,4,,,3300,,20,20,43211,44200,,23055619,,,,,,,9706,3,0,0,0
176040,73604966976913408,,0,4,,,3300,,20,20,43211,44200,,23055619,,,,,,,10497,3,0,0,0
176041,73604967452442624,,0,4,,,3300,,20,20,43211,44200,,23055619,,,,,,,7319,3,0,0,0
176042,73604968003076096,,0,4,,,3300,,20,20,43211,44200,,23055619,,,,,,,11124,3,0,0,0
176043,73604968553775104,,0,4,,,3300,,20,20,43211,44200,,23055619,,,,,,,9874,3,0,0,0
176044,73604969137045504,,0,4,,,3300,,20,20,43211,44200,,23055619,,,,,,,11700,3,0,0,0
176045,73604969675292672,,0,4,,,3300,,20,20,43211,44200,,23055619,,,,,,,10021,3,0,0,0
176046,73604970068574208,,0,4,,,3300,,20,20,43211,44200,,23055619,,,,,,,7211,3,0,0,0
176047,73604970251950441,,0,4,-1.0,21300.0,3300,489.0,20,20,43211,44200,,23055619,,,,,,,4637,1,45250,0,0
176048,73604970686316544,,0,4,,,3300,,20,20,43211,44200,,23055619,,,,,,,7366,3,0,0,0
176049,73604971157127168,,0,4,,,3300,,20,20,43211,44200,,23055619,,,,,,,8721,3,0,0,0
176050,73604971707695104,,0,4,,,3300,,20,20,43211,44200,,23055619,,,,,,,10502,3,0,0,0
176051,73604972179685376,,0,4,,,3300,,20,20,43211,44200,,23055619,,,,,,,8999,3,0,0,0
176052,73604972810076160,,0,4,,,3300,,20,20,43211,44200,,23055619,,,,,,,12031,3,0,0,0
176053,73604973321125888,,0,4,,,3300,,20,20,43211,44200,,23055619,,,,,,,10107,3,0,0,0
176054,73604973850132480,,0,4,,,3300,,20,20,43211,44200,,23055619,,,,,,,10452,3,0,0,0
176055,73604974358953984,,0,4,,,3300,,20,20,43211,44200,,23055619,,,,,,,9004,3,0,0,0
176056,73604974716125500,,0,4,-1.0,21300.0,3300,489.0,20,20,43211,44200,,23055619,,,,,,,7965,1,45250,0,0
176057,73604974879571968,,0,4,,,3300,,20,20,43211,44200,,23055619,,,,,,,1941,3,0,0,0
176058,73604975430139904,,0,4,,,3300,,20,20,43211,44200,,23055619,,,,,,,10504,3,0,0,0
176059,73604975901999104,,0,4,,,3300,,20,20,43211,44200,,23055619,,,,,,,8993,3,0,0,0
176060,73604976486973440,,0,4,,,3300,,20,20,43211,44200,,23055619,,,,,,,13623,3,0,0,0
176061,73604977011326976,,0,4,,,3300,,20,20,43211,44200,,23055619,,,,,,,7741,3,0,0,0
176062,73604977527947264,,0,4,,,3300,,20,20,43211,44200,,23055619,,,,,,,9656,3,0,0,0
176063,73604977589132500,,0,4,-1.0,21300.0,3300,489.0,20,20,43211,44200,,23055619,,,,,,,3411,1,45250,0,0
176064,73604978024644608,,0,4,,,3300,,20,20,43211,44200,,23055619,,,,,,,8342,3,0,0,0
176065,73604978583535616,,0,4,,,3300,,20,20,43211,44200,,23055619,,,,,,,8384,3,0,0,0
176066,73604979134169088,,0,4,,,3300,,20,20,43211,44200,,23055619,,,,,,,10480,3,0,0,0
176067,73604979645874176,,0,4,,,3300,,20,20,43211,44200,,23055619,,,,,,,9779,3,0,0,0
176068,73604980183793664,,0,4,,,3300,,20,20,43211,44200,,23055619,,,,,,,12615,3,0,0,0
176069,73604980707098624,,0,4,,,3300,,20,20,43211,44200,,23055619,,,,,,,7627,3,0,0,0
176070,73604981179154432,,0,4,,,3300,,20,20,43211,44200,,23055619,,,,,,,9031,3,0,0,0
176071,73604981729656832,,0,4,,,3300,,20,20,43211,44200,,23055619,,,,,,,10503,3,0,0,0
176072,73604982280290304,,0,4,,,3300,,20,20,43211,44200,,23055619,,,,,,,10464,3,0,0,0
176073,73604982759620608,,0,4,,,3300,,20,20,43211,44200,,23055619,,,,,,,9785,3,0,0,0
176074,73604983046566663,,0,4,-1.0,21300.0,3300,489.0,20,20,43211,44200,,23055619,,,,,,,5839,1,45250,0,0
176075,73604983325523968,,0,4,,,3300,,20,20,43211,44200,,23055619,,,,,,,4721,3,0,0,0
176076,73604983876026368,,0,4,,,3300,,20,20,43211,44200,,23055619,,,,,,,10108,3,0,0,0
176077,73604984347885568,,0,4,,,3300,,20,20,43211,44200,,23055619,,,,,,,8992,3,0,0,0
176078,73604984898584576,,0,4,,,3300,,20,20,43211,44200,,23055619,,,,,,,10498,3,0,0,0
176079,73604985498697728,,0,4,,,3300,,20,20,43211,44200,,23055619,,,,,,,11526,3,0,0,0
176080,73604985970622464,,0,4,,,3300,,20,20,43211,44200,,23055619,,,,,,,9943,3,0,0,0
176081,73604986500677632,,0,4,,,3300,,20,20,43211,44200,,23055619,,,,,,,9198,3,0,0,0
176082,73604987051311104,,0,4,,,3300,,20,20,43211,44200,,23055619,,,,,,,10405,3,0,0,0
176083,73604987258299004,,0,4,-1.0,21300.0,3300,489.0,20,20,43211,44200,,23055619,,,,,,,5132,1,45250,0,0
176084,73604987409140614,,0,4,-1.0,19423.0,1423,489.0,20,20,43211,44200,,23055629,,,,,,,2892,1,45250,0,0
176085,73604987534049280,,0,4,,,1423,,20,20,43211,44200,,23055629,,,,,,,1175,3,0,0,0
176086,73604988085272576,,0,4,,,1423,,20,20,43211,44200,,23055629,,,,,,,10509,3,0,0,0
176087,73604988635840512,,0,4,,,1423,,20,20,43211,44200,,23055629,,,,,,,10516,3,0,0,0
176088,73604989285171200,,0,4,,,1423,,20,20,43211,44200,,23055629,,,,,,,12504,3,0,0,0
176089,73604989835804672,,0,4,,,1423,,20,20,43211,44200,,23055629,,,,,,,10378,3,0,0,0
176090,73604990386438144,,0,4,,,1423,,20,20,43211,44200,,23055629,,,,,,,10504,3,0,0,0
176091,73604990858362880,,0,4,,,1423,,20,20,43211,44200,,23055629,,,,,,,9002,3,0,0,0
176092,73604991409061888,,0,4,,,1423,,20,20,43211,44200,,23055629,,,,,,,10535,3,0,0,0
176093,73604991959564288,,0,4,,,1423,,20,20,43211,44200,,23055629,,,,,,,10472,3,0,0,0
176094,73604991916352361,,0,4,-1.0,19423.0,1423,489.0,20,20,43211,44200,,23055629,,,,,,,367,1,45250,0,0
176095,73604992432734208,,0,4,,,1423,,20,20,43211,44200,,23055629,,,,,,,8645,3,0,0,0
176096,73604992983171072,,0,4,,,1423,,20,20,43211,44200,,23055629,,,,,,,10515,3,0,0,0
176097,73604993533739008,,0,4,,,1423,,20,20,43211,44200,,23055629,,,,,,,10485,3,0,0,0
176098,73604994005729280,,0,4,,,1423,,20,20,43211,44200,,23055629,,,,,,,8999,3,0,0,0
176099,73604994578317312,,0,4,,,1423,,20,20,43211,44200,,23055629,,,,,,,10923,3,0,0,0
176100,73604995128885248,,0,4,,,1423,,20,20,43211,44200,,23055629,,,,,,,10509,3,0,0,0
176101,73604995624665088,,0,4,,,1423,,20,20,43211,44200,,23055629,,,,,,,9448,3,0,0,0
176102,73604995751236244,,0,4,-1.0,19423.0,1423,489.0,20,20,43211,44200,,23055629,,,,,,,3471,1,45250,0,0
176103,73604996160094208,,0,4,,,1423,,20,20,43211,44200,,23055629,,,,,,,7033,3,0,0,0
176104,73604996632018944,,0,4,,,1423,,20,20,43211,44200,,23055629,,,,,,,8743,3,0,0,0
176105,73604997182455808,,0,4,,,1423,,20,20,43211,44200,,23055629,,,,,,,10468,3,0,0,0
176106,73604997733154816,,0,4,,,1423,,20,20,43211,44200,,23055629,,,,,,,10505,3,0,0,0
176107,73604998205079552,,0,4,,,1423,,20,20,43211,44200,,23055629,,,,,,,8996,3,0,0,0
176108,73604998766657536,,0,4,,,1423,,20,20,43211,44200,,23055629,,,,,,,10714,3,0,0,0
176109,73604999317291008,,0,4,,,1423,,20,20,43211,44200,,23055629,,,,,,,10501,3,0,0,0
176110,73604999789281280,,0,4,,,1423,,20,20,43211,44200,,23055629,,,,,,,9014,3,0,0,0
176111,73605000212658760,,0,4,-1.0,19423.0,1423,489.0,20,20,43211,44200,,23055629,,,,,,,9268,1,45250,0,0
176112,73605000340111360,,0,4,,,1423,,20,20,43211,44200,,23055629,,,,,,,1484,3,0,0,0
176113,73605000890613760,,0,4,,,1423,,20,20,43211,44200,,23055629,,,,,,,10245,3,0,0,0
176114,73605001397927936,,0,4,,,1423,,20,20,43211,44200,,23055629,,,,,,,9675,3,0,0,0
176115,73605001870180352,,0,4,,,1423,,20,20,43211,44200,,23055629,,,,,,,9006,3,0,0,0
176116,73605002420748288,,0,4,,,1423,,20,20,43211,44200,,23055629,,,,,,,10539,3,0,0,0
176117,73605002971381760,,0,4,,,1423,,20,20,43211,44200,,23055629,,,,,,,10475,3,0,0,0
176118,73605003443437568,,0,4,,,1423,,20,20,43211,44200,,23055629,,,,,,,8998,3,0,0,0
176119,73605003993939968,,0,4,,,1423,,20,20,43211,44200,,23055629,,,,,,,10496,3,0,0,0
176120,73605004503547904,,0,4,,,1423,,20,20,43211,44200,,23055629,,,,,,,9735,3,0,0,0
176121,73605005054181376,,0,4,,,1423,,20,20,43211,44200,,23055629,,,,,,,10488,3,0,0,0
176122,73605005594525696,,0,4,,,1423,,20,20,43211,44200,,23055629,,,,,,,10325,3,0,0,0
176123,73605006066319360,,0,4,,,1423,,20,20,43211,44200,,23055629,,,,,,,8982,3,0,0,0
176124,73605006616952832,,0,4,,,1423,,20,20,43211,44200,,23055629,,,,,,,10508,3,0,0,0
176125,73605007167586304,,0,4,,,1423,,20,20,43211,44200,,23055629,,,,,,,10518,3,0,0,0
176126,73605007639576576,,0,4,,,1423,,20,20,43211,44200,,23055629,,,,,,,8996,3,0,0,0
176127,73605008190210048,,0,4,,,1423,,20,20,43211,44200,,23055629,,,,,,,10491,3,0,0,0
176128,73605008334273414,,0,4,-1.0,19423.0,1423,489.0,20,20,43211,44200,,23055629,,,,,,,3792,1,45250,0,0
176129,73605008741236736,,0,4,,,1423,,20,20,43211,44200,,23055629,,,,,,,6722,3,0,0,0
176130,73605009212964864,,0,4,,,1423,,20,20,43211,44200,,23055629,,,,,,,8992,3,0,0,0
176131,73605009763532800,,0,4,,,1423,,20,20,43211,44200,,23055629,,,,,,,10520,3,0,0,0
176132,73605010314166272,,0,4,,,1423,,20,20,43211,44200,,23055629,,,,,,,10484,3,0,0,0
176133,73605010809421824,,0,4,,,1423,,20,20,43211,44200,,23055629,,,,,,,9443,3,0,0,0
176134,73605011360055296,,0,4,,,1423,,20,20,43211,44200,,23055629,,,,,,,10521,3,0,0,0
176135,73605011910819840,,0,4,,,1423,,20,20,43211,44200,,23055629,,,,,,,10508,3,0,0,0
176136,73605012247425952,,0,4,-1.0,19423.0,1423,489.0,20,20,43211,44200,,23055629,,,,,,,7504,1,45250,0,0
176137,73605012382810112,,0,4,,,1423,,20,20,43211,44200,,23055629,,,,,,,1529,3,0,0,0
176138,73605012966932480,,0,4,,,1423,,20,20,43211,44200,,23055629,,,,,,,11090,3,0,0,0
176139,73605013438660608,,0,4,,,1423,,20,20,43211,44200,,23055629,,,,,,,9021,3,0,0,0
176140,73605013989294080,,0,4,,,1423,,20,20,43211,44200,,23055629,,,,,,,10479,3,0,0,0
176141,73605014539993088,,0,4,,,1423,,20,20,43211,44200,,23055629,,,,,,,10503,3,0,0,0
176142,73605015020437504,,0,4,,,1423,,20,20,43211,44200,,23055629,,,,,,,9173,3,0,0,0
176143,73605015571005440,,0,4,,,1423,,20,20,43211,44200,,23055629,,,,,,,10494,3,0,0,0
176144,73605015720971828,,0,4,-1.0,19423.0,1423,489.0,20,20,43211,44200,,23055629,,,,,,,7128,1,45250,0,0
176145,73605016120590336,,0,4,,,1423,,20,20,43211,44200,,23055629,,,,,,,3673,3,0,0,0
176146,73605016592449536,,0,4,,,1423,,20,20,43211,44200,,23055629,,,,,,,8708,3,0,0,0
176147,73605017221726208,,0,4,,,1423,,20,20,43211,44200,,23055629,,,,,,,13910,3,0,0,0
176148,73605017693716480,,0,4,,,1423,,20,20,43211,44200,,23055629,,,,,,,7083,3,0,0,0
176149,73605018244349952,,0,4,,,1423,,20,20,43211,44200,,23055629,,,,,,,10517,3,0,0,0
176150,73605018795442176,,0,4,,,1423,,20,20,43211,44200,,23055629,,,,,,,10478,3,0,0,0
176151,73605019267366912,,0,4,,,1423,,20,20,43211,44200,,23055629,,,,,,,9010,3,0,0,0
176152,73605019818065920,,0,4,,,1423,,20,20,43211,44200,,23055629,,,,,,,10515,3,0,0,0
176153,73605020368961536,,0,4,,,1423,,20,20,43211,44200,,23055629,,,,,,,10511,3,0,0,0
176154,73605020550345882,,0,4,-1.0,19423.0,1423,489.0,20,20,43211,44200,,23055629,,,,,,,4602,1,45250,0,0
176155,73605020841148416,,0,4,,,1423,,20,20,43211,44200,,23055629,,,,,,,4382,3,0,0,0
176156,73605021391716352,,0,4,,,1423,,20,20,43211,44200,,23055629,,,,,,,10537,3,0,0,0
176157,73605021942808576,,0,4,,,1423,,20,20,43211,44200,,23055629,,,,,,,10480,3,0,0,0
176158,73605022414798848,,0,4,,,1423,,20,20,43211,44200,,23055629,,,,,,,9009,3,0,0,0
176159,73605022965432320,,0,4,,,1423,,20,20,43211,44200,,23055629,,,,,,,10497,3,0,0,0
176160,73605023207949624,,0,4,-1.0,19423.0,1423,489.0,20,20,43211,44200,,23055629,,,,,,,5728,1,45250,0,0
176161,73605023549554688,,0,4,,,1423,,20,20,43211,44200,,23055629,,,,,,,5456,3,0,0,0
176162,73605024021348352,,0,4,,,1423,,20,20,43211,44200,,23055629,,,,,,,8957,3,0,0,0
176163,73605024571981824,,0,4,,,1423,,20,20,43211,44200,,23055629,,,,,,,10500,3,0,0,0
176164,73605025122615296,,0,4,,,1423,,20,20,43211,44200,,23055629,,,,,,,10505,3,0,0,0
176165,73605025594671104,,0,4,,,1423,,20,20,43211,44200,,23055629,,,,,,,9007,3,0,0,0
176166,73605026145239040,,0,4,,,1423,,20,20,43211,44200,,23055629,,,,,,,10696,3,0,0,0
176167,73605026201931635,,0,4,-1.0,19423.0,1423,489.0,20,20,43211,44200,,23055629,,,,,,,2112,1,45250,0,0
176168,73605026677587968,,0,4,,,1423,,20,20,43211,44200,,23055629,,,,,,,9046,3,0,0,0
176169,73605027233988608,,0,4,,,1423,,20,20,43211,44200,,23055629,,,,,,,9417,3,0,0,0
176170,73605027705913344,,0,4,,,1423,,20,20,43211,44200,,23055629,,,,,,,9004,3,0,0,0
176171,73605028276469760,,0,4,,,1423,,20,20,43211,44200,,23055629,,,,,,,10895,3,0,0,0
176172,73605028860854272,,0,4,,,1423,,20,20,43211,44200,,23055629,,,,,,,11238,3,0,0,0
176173,73605029340774400,,0,4,,,1423,,20,20,43211,44200,,23055629,,,,,,,9033,3,0,0,0
176174,73605029402268198,,0,4,-1.0,19423.0,1423,489.0,20,20,43211,44200,,23055629,,,,,,,2194,1,45250,0,0
176175,73605029992464384,,0,4,,,1423,,20,20,43211,44200,,23055629,,,,,,,10601,3,0,0,0
176176,73605030385745920,,0,4,,,1423,,20,20,43211,44200,,23055629,,,,,,,7137,3,0,0,0
176177,73605030936379392,,0,4,,,1423,,20,20,43211,44200,,23055629,,,,,,,10502,3,0,0,0
176178,73605031408304128,,0,4,,,1423,,20,20,43211,44200,,23055629,,,,,,,9016,3,0,0,0
176179,73605031958937600,,0,4,,,1423,,20,20,43211,44200,,23055629,,,,,,,10530,3,0,0,0
176180,73605032509702144,,0,4,,,1423,,20,20,43211,44200,,23055629,,,,,,,10467,3,0,0,0
176181,73605032982085632,,0,4,,,1423,,20,20,43211,44200,,23055629,,,,,,,9022,3,0,0,0
176182,73605033532981248,,0,4,,,1423,,20,20,43211,44200,,23055629,,,,,,,10496,3,0,0,0
176183,73605033971561385,,0,4,-1.0,19423.0,1423,489.0,20,20,43211,44200,,23055629,,,,,,,9528,1,45250,0,0
176184,73605034083680256,,0,4,,,1423,,20,20,43211,44200,,23055629,,,,,,,972,3,0,0,0
176185,73605034632675328,,0,4,,,1423,,20,20,43211,44200,,23055629,,,,,,,10469,3,0,0,0
176186,73605035104731136,,0,4,,,1423,,20,20,43211,44200,,23055629,,,,,,,10006,3,0,0,0
176187,73605035655364608,,0,4,,,1423,,20,20,43211,44200,,23055629,,,,,,,9510,3,0,0,0
176188,73605036417220608,,0,4,,,1423,,20,20,43211,44200,,23055629,,,,,,,14695,3,0,0,0
176189,73605036889145344,,0,4,,,1423,,20,20,43211,44200,,23055629,,,,,,,8828,3,0,0,0
176190,73605037569015808,,0,4,,,1423,,20,20,43211,44200,,23055629,,,,,,,13129,3,0,0,0
176191,73605037962100736,,0,4,,,1423,,20,20,43211,44200,,23055629,,,,,,,7335,3,0,0,0
176192,73605038472495104,,0,4,,,1423,,20,20,43211,44200,,23055629,,,,,,,9755,3,0,0,0
176193,73605038948905915,,0,4,-1.0,19423.0,1423,489.0,20,20,43211,44200,,23055629,,,,,,,10408,1,45250,0,0
176194,73605039025160192,,0,4,,,1423,,20,20,43211,44200,,23055629,,,,,,,264,3,0,0,0
176195,73605039556001792,,0,4,,,1423,,20,20,43211,44200,,23055629,,,,,,,10083,3,0,0,0
176196,73605040027009024,,0,4,,,1423,,20,20,43211,44200,,23055629,,,,,,,8877,3,0,0,0
176197,73605040577642496,,0,4,,,1423,,20,20,43211,44200,,23055629,,,,,,,10505,3,0,0,0
176198,73605041049567232,,0,4,,,1423,,20,20,43211,44200,,23055629,,,,,,,9012,3,0,0,0
176199,73605041598365696,,0,4,,,1423,,20,20,43211,44200,,23055629,,,,,,,10454,3,0,0,0
176200,73605042148933632,,0,4,,,1423,,20,20,43211,44200,,23055629,,,,,,,10504,3,0,0,0
176201,73605042857377792,,0,4,,,1423,,20,20,43211,44200,,23055629,,,,,,,13557,3,0,0,0
176202,73605043069001229,,0,4,-1.0,19423.0,1423,489.0,20,20,43211,44200,,23055629,,,,,,,5146,1,45250,0,0
176203,73605043440713728,,0,4,,,1423,,20,20,43211,44200,,23055629,,,,,,,6173,3,0,0,0
176204,73605043546622151,,0,4,-1.0,19423.0,1423,489.0,20,20,43211,44200,,23055629,,,,,,,2893,1,45250,0,0
176205,73605043871023104,,0,4,,,1423,,20,20,43211,44200,,23055629,,,,,,,5295,3,0,0,0
176206,73605044421394432,,0,4,,,1423,,20,20,43211,44200,,23055629,,,,,,,10277,3,0,0,0
176207,73605044972027904,,0,4,,,1423,,20,20,43211,44200,,23055629,,,,,,,10649,3,0,0,0
176208,73605045444018176,,0,4,,,1423,,20,20,43211,44200,,23055629,,,,,,,8856,3,0,0,0
176209,73605045842298279,,0,4,-1.0,19423.0,1423,489.0,20,20,43211,44200,,23055629,,,,,,,9690,1,45250,0,0
176210,73605046520381440,,0,4,,,1423,,20,20,43211,44200,,23055629,,,,,,,4721,3,0,0,0
176211,73605047070883840,,0,4,,,1423,,20,20,43211,44200,,23055629,,,,,,,10491,3,0,0,0
176212,73605047575773184,,0,4,,,1423,,20,20,43211,44200,,23055629,,,,,,,9644,3,0,0,0
176213,73605047878423041,,0,4,-1.0,19423.0,1423,489.0,20,20,43211,44200,,23055629,,,,,,,6877,1,45250,0,0
176214,73605048130994176,,0,4,,,1423,,20,20,43211,44200,,23055629,,,,,,,3705,3,0,0,0
176215,73605048602853376,,0,4,,,1423,,20,20,43211,44200,,23055629,,,,,,,9007,3,0,0,0
176216,73605049232130048,,0,4,,,1423,,20,20,43211,44200,,23055629,,,,,,,11992,3,0,0,0
176217,73605049801703424,,0,4,,,1423,,20,20,43211,44200,,23055629,,,,,,,14837,3,0,0,0
176218,73605050326777856,,0,4,,,1423,,20,20,43211,44200,,23055629,,,,,,,6042,3,0,0,0
176219,73605050423134725,,0,4,-1.0,19423.0,1423,489.0,20,20,43211,44200,,23055629,,,,,,,2918,1,45250,0,0
176220,73605050800799744,,0,4,,,1423,,20,20,43211,44200,,23055629,,,,,,,6120,3,0,0,0
176221,73605051351433216,,0,4,,,1423,,20,20,43211,44200,,23055629,,,,,,,10505,3,0,0,0
176222,73605051902001152,,0,4,,,1423,,20,20,43211,44200,,23055629,,,,,,,10500,3,0,0,0
176223,73605052373991424,,0,4,,,1423,,20,20,43211,44200,,23055629,,,,,,,9004,3,0,0,0
176224,73605052838148951,,0,4,-1.0,19423.0,1423,489.0,20,20,43211,44200,,23055629,,,,,,,9875,1,45250,0,0
176225,73605052990160896,,0,4,,,1423,,20,20,43211,44200,,23055629,,,,,,,2197,3,0,0,0
176226,73605053486268416,,0,4,,,1423,,20,20,43211,44200,,23055629,,,,,,,9166,3,0,0,0
176227,73605053958193152,,0,4,,,1423,,20,20,43211,44200,,23055629,,,,,,,8992,3,0,0,0
176228,73605054508695552,,0,4,,,1423,,20,20,43211,44200,,23055629,,,,,,,10490,3,0,0,0
176229,73605055059394560,,0,4,,,1423,,20,20,43211,44200,,23055629,,,,,,,10517,3,0,0,0
176230,73605055613894656,,0,4,,,1423,,20,20,43211,44200,,23055629,,,,,,,10610,3,0,0,0
176231,73605056085819392,,0,4,,,1423,,20,20,43211,44200,,23055629,,,,,,,8965,3,0,0,0
176232,73605056636452864,,0,4,,,1423,,20,20,43211,44200,,23055629,,,,,,,10502,3,0,0,0
176233,73605057187086336,,0,4,,,1423,,20,20,43211,44200,,23055629,,,,,,,10491,3,0,0,0
176234,73605057530594704,,0,4,-1.0,19423.0,1423,489.0,20,20,43211,44200,,23055629,,,,,,,7694,1,45250,0,0
176235,73605057659666432,,0,4,,,1423,,20,20,43211,44200,,23055629,,,,,,,1313,3,0,0,0
176236,73605058229305344,,0,4,,,1423,,20,20,43211,44200,,23055629,,,,,,,10891,3,0,0,0
176237,73605058701295616,,0,4,,,1423,,20,20,43211,44200,,23055629,,,,,,,8982,3,0,0,0
176238,73605059251929088,,0,4,,,1423,,20,20,43211,44200,,23055629,,,,,,,10707,3,0,0,0
176239,73605059802955776,,0,4,,,1423,,20,20,43211,44200,,23055629,,,,,,,10323,3,0,0,0
176240,73605060274880512,,0,4,,,1423,,20,20,43211,44200,,23055629,,,,,,,8988,3,0,0,0
176241,73605060825579520,,0,4,,,1423,,20,20,43211,44200,,23055629,,,,,,,10496,3,0,0,0
176242,73605061368676352,,0,4,,,1423,,20,20,43211,44200,,23055629,,,,,,,10373,3,0,0,0
176243,73605061913870336,,0,4,,,1423,,20,20,43211,44200,,23055629,,,,,,,10385,3,0,0,0
176244,73605062386122752,,0,4,,,1423,,20,20,43211,44200,,23055629,,,,,,,9006,3,0,0,0
176245,73605062909100032,,0,4,,,1423,,20,20,43211,44200,,23055629,,,,,,,10016,3,0,0,0
176246,73605063459799040,,0,4,,,1423,,20,20,43211,44200,,23055629,,,,,,,10465,3,0,0,0
176247,73605064010366976,,0,4,,,1423,,20,20,43211,44200,,23055629,,,,,,,10510,3,0,0,0
176248,73605064482553856,,0,4,,,1423,,20,20,43211,44200,,23055629,,,,,,,9005,3,0,0,0
176249,73605065033187328,,0,4,,,1423,,20,20,43211,44200,,23055629,,,,,,,10504,3,0,0,0
176250,73605065523986432,,0,4,,,1423,,20,20,43211,44200,,23055629,,,,,,,9358,3,0,0,0
176251,73605065515904029,,0,4,-1.0,19423.0,1423,489.0,20,20,43211,44200,,23055629,,,,,,,1006,1,45250,0,0
176252,73605066186424320,,0,4,,,1423,,20,20,43211,44200,,23055629,,,,,,,13891,3,0,0,0
176253,73605066273464751,,0,4,-1.0,19423.0,1423,489.0,20,20,43211,44200,,23055629,,,,,,,1317,1,45250,0,0
176254,73605066824679424,,0,4,,,1423,,20,20,43211,44200,,23055629,,,,,,,9145,3,0,0,0
176255,73605067139317760,,0,4,,,1423,,20,20,43211,44200,,23055629,,,,,,,5443,3,0,0,0
176256,73605067689951232,,0,4,,,1423,,20,20,43211,44200,,23055629,,,,,,,10508,3,0,0,0
176257,73605068476579840,,0,4,,,1423,,20,20,43211,44200,,23055629,,,,,,,15055,3,0,0,0
176258,73605069027344384,,0,4,,,1423,,20,20,43211,44200,,23055629,,,,,,,10455,3,0,0,0
176259,73605069499138048,,0,4,,,1423,,20,20,43211,44200,,23055629,,,,,,,9010,3,0,0,0
176260,73605069683294813,,0,4,-1.0,19423.0,1423,489.0,20,20,43211,44200,,23055629,,,,,,,4697,1,45250,0,0
176261,73605070049902592,,0,4,,,1423,,20,20,43211,44200,,23055629,,,,,,,5790,3,0,0,0
176262,73605070600404992,,0,4,,,1423,,20,20,43211,44200,,23055629,,,,,,,10521,3,0,0,0
176263,73605071072395264,,0,4,,,1423,,20,20,43211,44200,,23055629,,,,,,,8987,3,0,0,0
176264,73605071623094272,,0,4,,,1423,,20,20,43211,44200,,23055629,,,,,,,10504,3,0,0,0
176265,73605072173662208,,0,4,,,1423,,20,20,43211,44200,,23055629,,,,,,,10507,3,0,0,0
176266,73605072645783552,,0,4,,,1423,,20,20,43211,44200,,23055629,,,,,,,8999,3,0,0,0
176267,73605072732098677,,0,4,-1.0,19423.0,1423,489.0,20,20,43211,44200,,23055629,,,,,,,2845,1,45250,0,0
176268,73605073229119488,,0,4,,,1423,,20,20,43211,44200,,23055629,,,,,,,8312,3,0,0,0
176269,73605073700651008,,0,4,,,1423,,20,20,43211,44200,,23055629,,,,,,,8996,3,0,0,0
176270,73605074251284480,,0,4,,,1423,,20,20,43211,44200,,23055629,,,,,,,10469,3,0,0,0
176271,73605074802311168,,0,4,,,1423,,20,20,43211,44200,,23055629,,,,,,,10512,3,0,0,0
176272,73605075352879104,,0,4,,,1423,,20,20,43211,44200,,23055629,,,,,,,10507,3,0,0,0
176273,73605075903643648,,0,4,,,1423,,20,20,43211,44200,,23055629,,,,,,,10512,3,0,0,0
176274,73605076375633920,,0,4,,,1423,,20,20,43211,44200,,23055629,,,,,,,9009,3,0,0,0
176275,73605076926398464,,0,4,,,1423,,20,20,43211,44200,,23055629,,,,,,,10479,3,0,0,0
176276,73605077218303532,,0,4,-1.0,19423.0,1423,489.0,20,20,43211,44200,,23055629,,,,,,,6701,1,45250,0,0
176277,73605077410250752,,0,4,,,1423,,20,20,43211,44200,,23055629,,,,,,,2529,3,0,0,0
176278,73605077960884224,,0,4,,,1423,,20,20,43211,44200,,23055629,,,,,,,10512,3,0,0,0
176279,73605078511321088,,0,4,,,1423,,20,20,43211,44200,,23055629,,,,,,,10490,3,0,0,0
176280,73605078983245824,,0,4,,,1423,,20,20,43211,44200,,23055629,,,,,,,9510,3,0,0,0
176281,73605079533879296,,0,4,,,1423,,20,20,43211,44200,,23055629,,,,,,,9993,3,0,0,0
176282,73605080085364736,,0,4,,,1423,,20,20,43211,44200,,23055629,,,,,,,10534,3,0,0,0
176283,73605080501943305,,0,4,-1.0,19423.0,1423,489.0,20,20,43211,44200,,23055629,,,,,,,10650,1,45250,0,0
176284,73605080602509312,,0,4,,,1423,,20,20,43211,44200,,23055629,,,,,,,331,3,0,0,0
176285,73605081153536000,,0,4,,,1423,,20,20,43211,44200,,23055629,,,,,,,9390,3,0,0,0
176286,73605081704038400,,0,4,,,1423,,20,20,43211,44200,,23055629,,,,,,,10494,3,0,0,0
176287,73605082176028672,,0,4,,,1423,,20,20,43211,44200,,23055629,,,,,,,8999,3,0,0,0
176288,73605082726662144,,0,4,,,1423,,20,20,43211,44200,,23055629,,,,,,,10775,3,0,0,0
176289,73605083278868480,,0,4,,,1423,,20,20,43211,44200,,23055629,,,,,,,10408,3,0,0,0
176290,73605083750858752,,0,4,,,1423,,20,20,43211,44200,,23055629,,,,,,,8871,3,0,0,0
176291,73605084097091505,,0,4,-1.0,19423.0,1423,489.0,20,20,43211,44200,,23055629,,,,,,,7776,1,45250,0,0
176292,73605084301557760,,0,4,,,1423,,20,20,43211,44200,,23055629,,,,,,,2709,3,0,0,0
176293,73605084852125696,,0,4,,,1423,,20,20,43211,44200,,23055629,,,,,,,10505,3,0,0,0
176294,73605085324050432,,0,4,,,1423,,20,20,43211,44200,,23055629,,,,,,,8996,3,0,0,0
176295,73605085880975360,,0,4,,,1423,,20,20,43211,44200,,23055629,,,,,,,10639,3,0,0,0
176296,73605086369349632,,0,4,,,1423,,20,20,43211,44200,,23055629,,,,,,,9307,3,0,0,0
176297,73605086949146624,,0,4,,,1423,,20,20,43211,44200,,23055629,,,,,,,11070,3,0,0,0
176298,73605087470682112,,0,4,,,1423,,20,20,43211,44200,,23055629,,,,,,,9965,3,0,0,0
176299,73605087812262808,,0,4,-1.0,19423.0,1423,489.0,20,20,43211,44200,,23055629,,,,,,,7584,1,45250,0,0
176300,73605088110837760,,0,4,,,1423,,20,20,43211,44200,,23055629,,,,,,,4979,3,0,0,0
176301,73605088582696960,,0,4,,,1423,,20,20,43211,44200,,23055629,,,,,,,8610,3,0,0,0
176302,73605089054687232,,0,4,,,1423,,20,20,43211,44200,,23055629,,,,,,,9008,3,0,0,0
176303,73605089605320704,,0,4,,,1423,,20,20,43211,44200,,23055629,,,,,,,10531,3,0,0,0
176304,73605090155888640,,0,4,,,1423,,20,20,43211,44200,,23055629,,,,,,,10469,3,0,0,0
176305,73605090627813376,,0,4,,,1423,,20,20,43211,44200,,23055629,,,,,,,8999,3,0,0,0
176306,73605090648889836,,0,4,-1.0,19423.0,1423,489.0,20,20,43211,44200,,23055629,,,,,,,1436,1,45250,0,0
176307,73605091145809920,,0,4,,,1423,,20,20,43211,44200,,23055629,,,,,,,8449,3,0,0,0
176308,73605091696246784,,0,4,,,1423,,20,20,43211,44200,,23055629,,,,,,,10513,3,0,0,0
176309,73605092179312640,,0,4,,,1423,,20,20,43211,44200,,23055629,,,,,,,9196,3,0,0,0
176310,73605092729946112,,0,4,,,1423,,20,20,43211,44200,,23055629,,,,,,,10503,3,0,0,0
176311,73605093280645120,,0,4,,,1423,,20,20,43211,44200,,23055629,,,,,,,10538,3,0,0,0
176312,73605093831213056,,0,4,,,1423,,20,20,43211,44200,,23055629,,,,,,,10468,3,0,0,0
176313,73605094381977600,,0,4,,,1423,,20,20,43211,44200,,23055629,,,,,,,10503,3,0,0,0
176314,73605094453819358,,0,4,-1.0,19423.0,1423,489.0,20,20,43211,44200,,23055629,,,,,,,2566,1,45250,0,0
176315,73605094884245504,,0,4,,,1423,,20,20,43211,44200,,23055629,,,,,,,7640,3,0,0,0
176316,73605095356039168,,0,4,,,1423,,20,20,43211,44200,,23055629,,,,,,,8376,3,0,0,0
176317,73605095906738176,,0,4,,,1423,,20,20,43211,44200,,23055629,,,,,,,10517,3,0,0,0
176318,73605096457306112,,0,4,,,1423,,20,20,43211,44200,,23055629,,,,,,,10499,3,0,0,0
176319,73605096929361920,,0,4,,,1423,,20,20,43211,44200,,23055629,,,,,,,8998,3,0,0,0
176320,73605097479929856,,0,4,,,1423,,20,20,43211,44200,,23055629,,,,,,,10498,3,0,0,0
176321,73605098030628864,,0,4,,,1423,,20,20,43211,44200,,23055629,,,,,,,10512,3,0,0,0
176322,73605098502553600,,0,4,,,1423,,20,20,43211,44200,,23055629,,,,,,,8995,3,0,0,0
176323,73605099053252608,,0,4,,,1423,,20,20,43211,44200,,23055629,,,,,,,10509,3,0,0,0
176324,73605099603951616,,0,4,,,1423,,20,20,43211,44200,,23055629,,,,,,,10499,3,0,0,0
176325,73605099601789414,,0,4,-1.0,19423.0,1423,489.0,20,20,43211,44200,,23055629,,,,,,,1034,1,45250,0,0
176326,73605100143968256,,0,4,,,1423,,20,20,43211,44200,,23055629,,,,,,,9257,3,0,0,0
176327,73605100694339584,,0,4,,,1423,,20,20,43211,44200,,23055629,,,,,,,10502,3,0,0,0
176328,73605101166395392,,0,4,,,1423,,20,20,43211,44200,,23055629,,,,,,,9016,3,0,0,0
176329,73605101716963328,,0,4,,,1423,,20,20,43211,44200,,23055629,,,,,,,10510,3,0,0,0
176330,73605102267596800,,0,4,,,1423,,20,20,43211,44200,,23055629,,,,,,,10483,3,0,0,0
176331,73605102747516928,,0,4,,,1423,,20,20,43211,44200,,23055629,,,,,,,9151,3,0,0,0
176332,73605103298215936,,0,4,,,1423,,20,20,43211,44200,,23055629,,,,,,,10504,3,0,0,0
176333,73605103770337280,,0,4,,,1423,,20,20,43211,44200,,23055629,,,,,,,9012,3,0,0,0
176334,73605104005975934,,0,4,-1.0,19423.0,1423,489.0,20,20,43211,44200,,23055629,,,,,,,5666,1,45250,0,0
176335,73605104321298432,,0,4,,,1423,,20,20,43211,44200,,23055629,,,,,,,4835,3,0,0,0
176336,73605104814325760,,0,4,,,1423,,20,20,43211,44200,,23055629,,,,,,,9407,3,0,0,0
176337,73605105364893696,,0,4,,,1423,,20,20,43211,44200,,23055629,,,,,,,10513,3,0,0,0
176338,73605105918476288,,0,4,,,1423,,20,20,43211,44200,,23055629,,,,,,,10546,3,0,0,0
176339,73605106547752960,,0,4,,,1423,,20,20,43211,44200,,23055629,,,,,,,12016,3,0,0,0
176340,73605107098517504,,0,4,,,1423,,20,20,43211,44200,,23055629,,,,,,,10496,3,0,0,0
176341,73605107570507776,,0,4,,,1423,,20,20,43211,44200,,23055629,,,,,,,8993,3,0,0,0
176342,73605108121075712,,0,4,,,1423,,20,20,43211,44200,,23055629,,,,,,,10503,3,0,0,0
176343,73605108192748924,,0,4,-1.0,19423.0,1423,489.0,20,20,43211,44200,,23055629,,,,,,,2563,1,45250,0,0
176344,73605108672561152,,0,4,,,1423,,20,20,43211,44200,,23055629,,,,,,,7956,3,0,0,0
176345,73605109144354816,,0,4,,,1423,,20,20,43211,44200,,23055629,,,,,,,9014,3,0,0,0
176346,73605109694988288,,0,4,,,1423,,20,20,43211,44200,,23055629,,,,,,,10496,3,0,0,0
176347,73605110245556224,,0,4,,,1423,,20,20,43211,44200,,23055629,,,,,,,11128,3,0,0,0
176348,73605110717677568,,0,4,,,1423,,20,20,43211,44200,,23055629,,,,,,,8392,3,0,0,0
176349,73605111268179968,,0,4,,,1423,,20,20,43211,44200,,23055629,,,,,,,10485,3,0,0,0
176350,73605111818813440,,0,4,,,1423,,20,20,43211,44200,,23055629,,,,,,,13985,3,0,0,0
176351,73605112321146880,,0,4,,,1423,,20,20,43211,44200,,23055629,,,,,,,6290,3,0,0,0
176352,73605112871714816,,0,4,,,1423,,20,20,43211,44200,,23055629,,,,,,,10519,3,0,0,0
176353,73605113279501909,,0,4,-1.0,19423.0,1423,489.0,20,20,43211,44200,,23055629,,,,,,,8768,1,45250,0,0
176354,73605113422413824,,0,4,,,1423,,20,20,43211,44200,,23055629,,,,,,,1518,3,0,0,0
176355,73605113964855296,,0,4,,,1423,,20,20,43211,44200,,23055629,,,,,,,10361,3,0,0,0
176356,73605114436648960,,0,4,,,1423,,20,20,43211,44200,,23055629,,,,,,,9001,3,0,0,0
176357,73605114987282432,,0,4,,,1423,,20,20,43211,44200,,23055629,,,,,,,10539,3,0,0,0
176358,73605115541848064,,0,4,,,1423,,20,20,43211,44200,,23055629,,,,,,,10525,3,0,0,0
176359,73605116010168320,,0,4,,,1423,,20,20,43211,44200,,23055629,,,,,,,8967,3,0,0,0
176360,73605116560801792,,0,4,,,1423,,20,20,43211,44200,,23055629,,,,,,,10480,3,0,0,0
176361,73605117111369728,,0,4,,,1423,,20,20,43211,44200,,23055629,,,,,,,10502,3,0,0,0
176362,73605117584736256,,0,4,,,1423,,20,20,43211,44200,,23055629,,,,,,,9023,3,0,0,0
176363,73605117529583336,,0,4,-1.0,19423.0,1423,489.0,20,20,43211,44200,,23055629,,,,,,,45,1,45250,0,0
176364,73605118140481536,,0,4,,,1423,,20,20,43211,44200,,23055629,,,,,,,10547,3,0,0,0
176365,73605118650351616,,0,4,,,1423,,20,20,43211,44200,,23055629,,,,,,,9731,3,0,0,0
176366,73605119279693824,,0,4,,,1423,,20,20,43211,44200,,23055629,,,,,,,11998,3,0,0,0
176367,73605119751618560,,0,4,,,1423,,20,20,43211,44200,,23055629,,,,,,,9024,3,0,0,0
176368,73605120302252032,,0,4,,,1423,,20,20,43211,44200,,23055629,,,,,,,10484,3,0,0,0
176369,73605120852885504,,0,4,,,1423,,20,20,43211,44200,,23055629,,,,,,,10501,3,0,0,0
176370,73605121324875776,,0,4,,,1423,,20,20,43211,44200,,23055629,,,,,,,9023,3,0,0,0
176371,73605121761495700,,0,4,-1.0,19423.0,1423,489.0,20,20,43211,44200,,23055629,,,,,,,9500,1,45250,0,0
176372,73605121875705856,,0,4,,,1423,,20,20,43211,44200,,23055629,,,,,,,982,3,0,0,0
176373,73605122426404864,,0,4,,,1423,,20,20,43211,44200,,23055629,,,,,,,10509,3,0,0,0
176374,73605122898329600,,0,4,,,1423,,20,20,43211,44200,,23055629,,,,,,,8996,3,0,0,0
176375,73605123448897536,,0,4,,,1423,,20,20,43211,44200,,23055629,,,,,,,10504,3,0,0,0
176376,73605123920887808,,0,4,,,1423,,20,20,43211,44200,,23055629,,,,,,,9010,3,0,0,0
176377,73605124471652352,,0,4,,,1423,,20,20,43211,44200,,23055629,,,,,,,10501,3,0,0,0
176378,73605125024514048,,0,4,,,1423,,20,20,43211,44200,,23055629,,,,,,,10554,3,0,0,0
176379,73605125254906983,,0,4,-1.0,19423.0,1423,489.0,20,20,43211,44200,,23055629,,,,,,,6157,1,45250,0,0
176380,73605125672009728,,0,4,,,1423,,20,20,43211,44200,,23055629,,,,,,,6381,3,0,0,0
176381,73605126143737856,,0,4,,,1423,,20,20,43211,44200,,23055629,,,,,,,8810,3,0,0,0
176382,73605126694764544,,0,4,,,1423,,20,20,43211,44200,,23055629,,,,,,,10576,3,0,0,0
176383,73605127166427136,,0,4,,,1423,,20,20,43211,44200,,23055629,,,,,,,8943,3,0,0,0
176384,73605127717060608,,0,4,,,1423,,20,20,43211,44200,,23055629,,,,,,,10477,3,0,0,0
176385,73605128268283904,,0,4,,,1423,,20,20,43211,44200,,23055629,,,,,,,10538,3,0,0,0
176386,73605128740339712,,0,4,,,1423,,20,20,43211,44200,,23055629,,,,,,,8977,3,0,0,0
176387,73605128759901674,,0,4,-1.0,19423.0,1423,489.0,20,20,43211,44200,,23055629,,,,,,,1542,1,45250,0,0
176388,73605129291038720,,0,4,,,1423,,20,20,43211,44200,,23055629,,,,,,,8972,3,0,0,0
176389,73605129841541120,,0,4,,,1423,,20,20,43211,44200,,23055629,,,,,,,10506,3,0,0,0
176390,73605130316021760,,0,4,,,1423,,20,20,43211,44200,,23055629,,,,,,,9047,3,0,0,0
176391,73605130866655232,,0,4,,,1423,,20,20,43211,44200,,23055629,,,,,,,10498,3,0,0,0
176392,73605131417419776,,0,4,,,1423,,20,20,43211,44200,,23055629,,,,,,,10524,3,0,0,0
176393,73605131780256255,,0,4,-1.0,19423.0,1423,489.0,20,20,43211,44200,,23055629,,,,,,,8005,1,45250,0,0
176394,73605131968053248,,0,4,,,1423,,20,20,43211,44200,,23055629,,,,,,,2470,3,0,0,0
176395,73605132439912448,,0,4,,,1423,,20,20,43211,44200,,23055629,,,,,,,9002,3,0,0,0
176396,73605132990611456,,0,4,,,1423,,20,20,43211,44200,,23055629,,,,,,,10665,3,0,0,0
176397,73605133541441536,,0,4,,,1423,,20,20,43211,44200,,23055629,,,,,,,10398,3,0,0,0
176398,73605134027849728,,0,4,,,1423,,20,20,43211,44200,,23055629,,,,,,,9234,3,0,0,0
176399,73605134578483200,,0,4,,,1423,,20,20,43211,44200,,23055629,,,,,,,10509,3,0,0,0
176400,73605135050473472,,0,4,,,1423,,20,20,43211,44200,,23055629,,,,,,,9014,3,0,0,0
176401,73605135601106944,,0,4,,,1423,,20,20,43211,44200,,23055629,,,,,,,10471,3,0,0,0
176402,73605135548292052,,0,4,-1.0,19423.0,1423,489.0,20,20,43211,44200,,23055629,,,,,,,46,1,45250,0,0
176403,73605136151740416,,0,4,,,1423,,20,20,43211,44200,,23055629,,,,,,,10459,3,0,0,0
176404,73605136623665152,,0,4,,,1423,,20,20,43211,44200,,23055629,,,,,,,9017,3,0,0,0
176405,73605137174233088,,0,4,,,1423,,20,20,43211,44200,,23055629,,,,,,,10512,3,0,0,0
176406,73605137724932096,,0,4,,,1423,,20,20,43211,44200,,23055629,,,,,,,10492,3,0,0,0
176407,73605138275631104,,0,4,,,1423,,20,20,43211,44200,,23055629,,,,,,,10529,3,0,0,0
176408,73605138677267524,,0,4,-1.0,19423.0,1423,489.0,20,20,43211,44200,,23055629,,,,,,,8756,1,45250,0,0
176409,73605138830131200,,0,4,,,1423,,20,20,43211,44200,,23055629,,,,,,,1779,3,0,0,0
176410,73605139301990400,,0,4,,,1423,,20,20,43211,44200,,23055629,,,,,,,9013,3,0,0,0
176411,73605139852558336,,0,4,,,1423,,20,20,43211,44200,,23055629,,,,,,,10489,3,0,0,0
176412,73605140493828096,,0,4,,,1423,,20,20,43211,44200,,23055629,,,,,,,12336,3,0,0,0
176413,73605140887044096,,0,4,,,1423,,20,20,43211,44200,,23055629,,,,,,,7426,3,0,0,0
176414,73605141437874176,,0,4,,,1423,,20,20,43211,44200,,23055629,,,,,,,10476,3,0,0,0
176415,73605141918515200,,0,4,,,1423,,20,20,43211,44200,,23055629,,,,,,,9165,3,0,0,0
176416,73605141896466904,,0,4,-1.0,19423.0,1423,489.0,20,20,43211,44200,,23055629,,,,,,,774,1,45250,0,0
176417,73605142472359936,,0,4,,,1423,,20,20,43211,44200,,23055629,,,,,,,9838,3,0,0,0
176418,73605143022862336,,0,4,,,1423,,20,20,43211,44200,,23055629,,,,,,,10474,3,0,0,0
176419,73605143573495808,,0,4,,,1423,,20,20,43211,44200,,23055629,,,,,,,10494,3,0,0,0
176420,73605144045486080,,0,4,,,1423,,20,20,43211,44200,,23055629,,,,,,,9005,3,0,0,0
176421,73605144614141952,,0,4,,,1423,,20,20,43211,44200,,23055629,,,,,,,10830,3,0,0,0
176422,73605144909920359,,0,4,-1.0,19423.0,1423,489.0,20,20,43211,44200,,23055629,,,,,,,6708,1,45250,0,0
176423,73605145108807680,,0,4,,,1423,,20,20,43211,44200,,23055629,,,,,,,2732,3,0,0,0
176424,73605145678315520,,0,4,,,1423,,20,20,43211,44200,,23055629,,,,,,,10860,3,0,0,0
176425,73605146165772288,,0,4,,,1423,,20,20,43211,44200,,23055629,,,,,,,9297,3,0,0,0
176426,73605146716274688,,0,4,,,1423,,20,20,43211,44200,,23055629,,,,,,,10939,3,0,0,0
176427,73605147266973696,,0,4,,,1423,,20,20,43211,44200,,23055629,,,,,,,10064,3,0,0,0
176428,73605147738898432,,0,4,,,1423,,20,20,43211,44200,,23055629,,,,,,,9014,3,0,0,0
176429,73605148289531904,,0,4,,,1423,,20,20,43211,44200,,23055629,,,,,,,10493,3,0,0,0
176430,73605148840165376,,0,4,,,1423,,20,20,43211,44200,,23055629,,,,,,,10507,3,0,0,0
176431,73605149312155648,,0,4,,,1423,,20,20,43211,44200,,23055629,,,,,,,9014,3,0,0,0
176432,73605149862789120,,0,4,,,1423,,20,20,43211,44200,,23055629,,,,,,,10505,3,0,0,0
176433,73605150079071366,,0,4,-1.0,19423.0,1423,489.0,20,20,43211,44200,,23055629,,,,,,,5217,1,45250,0,0
176434,73605150342709248,,0,4,,,1423,,20,20,43211,44200,,23055629,,,,,,,4127,3,0,0,0
176435,73605150974541824,,0,4,,,1423,,20,20,43211,44200,,23055629,,,,,,,11855,3,0,0,0
176436,73605151525175296,,0,4,,,1423,,20,20,43211,44200,,23055629,,,,,,,10488,3,0,0,0
176437,73605152075808768,,0,4,,,1423,,20,20,43211,44200,,23055629,,,,,,,10516,3,0,0,0
176438,73605152547799040,,0,4,,,1423,,20,20,43211,44200,,23055629,,,,,,,9034,3,0,0,0
176439,73605153098432512,,0,4,,,1423,,20,20,43211,44200,,23055629,,,,,,,10464,3,0,0,0
176440,73605153649065984,,0,4,,,1423,,20,20,43211,44200,,23055629,,,,,,,10520,3,0,0,0
176441,73605153882465785,,0,4,-1.0,19423.0,1423,489.0,20,20,43211,44200,,23055629,,,,,,,5587,1,45250,0,0
176442,73605154121252864,,0,4,,,1423,,20,20,43211,44200,,23055629,,,,,,,3394,3,0,0,0
176443,73605154671755264,,0,4,,,1423,,20,20,43211,44200,,23055629,,,,,,,10507,3,0,0,0
176444,73605155222323200,,0,4,,,1423,,20,20,43211,44200,,23055629,,,,,,,10494,3,0,0,0
176445,73605155694247936,,0,4,,,1423,,20,20,43211,44200,,23055629,,,,,,,9176,3,0,0,0
176446,73605156255891456,,0,4,,,1423,,20,20,43211,44200,,23055629,,,,,,,10573,3,0,0,0
176447,73605156560656372,,0,4,-1.0,19423.0,1423,489.0,20,20,43211,44200,,23055629,,,,,,,6929,1,45250,0,0
176448,73605156728340480,,0,4,,,1423,,20,20,43211,44200,,23055629,,,,,,,2054,3,0,0,0
176449,73605157370331136,,0,4,,,1423,,20,20,43211,44200,,23055629,,,,,,,12238,3,0,0,0
176450,73605157921095680,,0,4,,,1423,,20,20,43211,44200,,23055629,,,,,,,10544,3,0,0,0
176451,73605158392889344,,0,4,,,1423,,20,20,43211,44200,,23055629,,,,,,,8977,3,0,0,0
176452,73605158944243712,,0,4,,,1423,,20,20,43211,44200,,23055629,,,,,,,10515,3,0,0,0
176453,73605159494483968,,0,4,,,1423,,20,20,43211,44200,,23055629,,,,,,,10502,3,0,0,0
176454,73605159968309248,,0,4,,,1423,,20,20,43211,44200,,23055629,,,,,,,12375,3,0,0,0
176455,73605160535195648,,0,4,,,1423,,20,20,43211,44200,,23055629,,,,,,,7483,3,0,0,0
176456,73605160484650507,,0,4,-1.0,19423.0,1423,489.0,20,20,43211,44200,,23055629,,,,,,,222,1,45250,0,0
176457,73605161007316992,,0,4,,,1423,,20,20,43211,44200,,23055629,,,,,,,8761,3,0,0,0
176458,73605161557819392,,0,4,,,1423,,20,20,43211,44200,,23055629,,,,,,,10493,3,0,0,0
176459,73605162108452864,,0,4,,,1423,,20,20,43211,44200,,23055629,,,,,,,10512,3,0,0,0
176460,73605162580443136,,0,4,,,1423,,20,20,43211,44200,,23055629,,,,,,,9007,3,0,0,0
176461,73605163130945536,,0,4,,,1423,,20,20,43211,44200,,23055629,,,,,,,10494,3,0,0,0
176462,73605163760222208,,0,4,,,1423,,20,20,43211,44200,,23055629,,,,,,,13486,3,0,0,0
176463,73605164043352231,,0,4,-1.0,19423.0,1423,489.0,20,20,43211,44200,,23055629,,,,,,,5091,1,45250,0,0
176464,73605164238045184,,0,4,,,1423,,20,20,43211,44200,,23055629,,,,,,,2532,3,0,0,0
176465,73605164407076631,,0,4,-1.0,19423.0,1423,489.0,20,20,43211,44200,,23055629,,,,,,,8551,1,45250,0,0
176466,73605164807487488,,0,4,,,1423,,20,20,43211,44200,,23055629,,,,,,,3086,3,0,0,0
176467,73605165331972096,,0,4,,,1423,,20,20,43211,44200,,23055629,,,,,,,9230,3,0,0,0
176468,73605165808877568,,0,4,,,1423,,20,20,43211,44200,,23055629,,,,,,,9096,3,0,0,0
176469,73605166359511040,,0,4,,,1423,,20,20,43211,44200,,23055629,,,,,,,10519,3,0,0,0
176470,73605166910341120,,0,4,,,1423,,20,20,43211,44200,,23055629,,,,,,,10502,3,0,0,0
176471,73605167382396928,,0,4,,,1423,,20,20,43211,44200,,23055629,,,,,,,8991,3,0,0,0
176472,73605167543513128,,0,4,-1.0,19423.0,1423,489.0,20,20,43211,44200,,23055629,,,,,,,4206,1,45250,0,0
176473,73605167896199168,,0,4,,,1423,,20,20,43211,44200,,23055629,,,,,,,6582,3,0,0,0
176474,73605168409608192,,0,4,,,1423,,20,20,43211,44200,,23055629,,,,,,,8823,3,0,0,0
176475,73605168960241664,,0,4,,,1423,,20,20,43211,44200,,23055629,,,,,,,10486,3,0,0,0
176476,73605169514741760,,0,4,,,1423,,20,20,43211,44200,,23055629,,,,,,,10601,3,0,0,0
176477,73605170065506304,,0,4,,,1423,,20,20,43211,44200,,23055629,,,,,,,10476,3,0,0,0
176478,73605170551586816,,0,4,,,1423,,20,20,43211,44200,,23055629,,,,,,,9277,3,0,0,0
176479,73605171036454722,,0,4,-1.0,19423.0,1423,489.0,20,20,43211,44200,,23055629,,,,,,,10452,1,45250,0,0
176480,73605171103793152,,0,4,,,1423,,20,20,43211,44200,,23055629,,,,,,,803,3,0,0,0
176481,73605171654230016,,0,4,,,1423,,20,20,43211,44200,,23055629,,,,,,,9773,3,0,0,0
176482,73605172126154752,,0,4,,,1423,,20,20,43211,44200,,23055629,,,,,,,9004,3,0,0,0
176483,73605172697366528,,0,4,,,1423,,20,20,43211,44200,,23055629,,,,,,,10889,3,0,0,0
176484,73605173178073088,,0,4,,,1423,,20,20,43211,44200,,23055629,,,,,,,9181,3,0,0,0
176485,73605173728641024,,0,4,,,1423,,20,20,43211,44200,,23055629,,,,,,,10506,3,0,0,0
176486,73605174279340032,,0,4,,,1423,,20,20,43211,44200,,23055629,,,,,,,10500,3,0,0,0
176487,73605174795829248,,0,4,,,1423,,20,20,43211,44200,,23055629,,,,,,,11129,3,0,0,0
176488,73605174827771401,,0,4,-1.0,19423.0,1423,489.0,20,20,43211,44200,,23055629,,,,,,,574,1,45250,0,0
176489,73605175289249792,,0,4,,,1423,,20,20,43211,44200,,23055629,,,,,,,7547,3,0,0,0
176490,73605175842111488,,0,4,,,1423,,20,20,43211,44200,,23055629,,,,,,,10554,3,0,0,0
176491,73605176392744960,,0,4,,,1423,,20,20,43211,44200,,23055629,,,,,,,10504,3,0,0,0
176492,73605176864669696,,0,4,,,1423,,20,20,43211,44200,,23055629,,,,,,,8995,3,0,0,0
176493,73605177464782848,,0,4,,,1423,,20,20,43211,44200,,23055629,,,,,,,12150,3,0,0,0
176494,73605177954271232,,0,4,,,1423,,20,20,43211,44200,,23055629,,,,,,,10010,3,0,0,0
176495,73605178426130432,,0,4,,,1423,,20,20,43211,44200,,23055629,,,,,,,7640,3,0,0,0
176496,73605178977157120,,0,4,,,1423,,20,20,43211,44200,,23055629,,,,,,,10490,3,0,0,0
176497,73605179125169153,,0,4,-1.0,19423.0,1423,489.0,20,20,43211,44200,,23055629,,,,,,,4042,1,45250,0,0
176498,73605179529101312,,0,4,,,1423,,20,20,43211,44200,,23055629,,,,,,,6483,3,0,0,0
176499,73605180001484800,,0,4,,,1423,,20,20,43211,44200,,23055629,,,,,,,9067,3,0,0,0
176500,73605180552052736,,0,4,,,1423,,20,20,43211,44200,,23055629,,,,,,,10465,3,0,0,0
176501,73605181104193536,,0,4,,,1423,,20,20,43211,44200,,23055629,,,,,,,10528,3,0,0,0
176502,73605181616291840,,0,4,,,1423,,20,20,43211,44200,,23055629,,,,,,,9780,3,0,0,0
176503,73605182166990848,,0,4,,,1423,,20,20,43211,44200,,23055629,,,,,,,10478,3,0,0,0
176504,73605182717558784,,0,4,,,1423,,20,20,43211,44200,,23055629,,,,,,,10513,3,0,0,0
176505,73605183189549056,,0,4,,,1423,,20,20,43211,44200,,23055629,,,,,,,8985,3,0,0,0
176506,73605183538090069,,0,4,-1.0,19423.0,1423,489.0,20,20,43211,44200,,23055629,,,,,,,7799,1,45250,0,0
176507,73605183716655104,,0,4,,,1423,,20,20,43211,44200,,23055629,,,,,,,2539,3,0,0,0
176508,73605184269713408,,0,4,,,1423,,20,20,43211,44200,,23055629,,,,,,,10273,3,0,0,0
176509,73605184820215808,,0,4,,,1423,,20,20,43211,44200,,23055629,,,,,,,10498,3,0,0,0
176510,73605185292206080,,0,4,,,1423,,20,20,43211,44200,,23055629,,,,,,,9017,3,0,0,0
176511,73605185842905088,,0,4,,,1423,,20,20,43211,44200,,23055629,,,,,,,10486,3,0,0,0
176512,73605186397274112,,0,4,,,1423,,20,20,43211,44200,,23055629,,,,,,,10586,3,0,0,0
176513,73605186869264384,,0,4,,,1423,,20,20,43211,44200,,23055629,,,,,,,8993,3,0,0,0
176514,73605187385032704,,0,4,,,1423,,20,20,43211,44200,,23055629,,,,,,,9861,3,0,0,0
176515,73605187417242703,,0,4,-1.0,19423.0,1423,489.0,20,20,43211,44200,,23055629,,,,,,,1813,1,45250,0,0
176516,73605187937894400,,0,4,,,1423,,20,20,43211,44200,,23055629,,,,,,,8709,3,0,0,0
176517,73605188488462336,,0,4,,,1423,,20,20,43211,44200,,23055629,,,,,,,10498,3,0,0,0
176518,73605189039161344,,0,4,,,1423,,20,20,43211,44200,,23055629,,,,,,,10502,3,0,0,0
176519,73605189511151616,,0,4,,,1423,,20,20,43211,44200,,23055629,,,,,,,9007,3,0,0,0
176520,73605190061785088,,0,4,,,1423,,20,20,43211,44200,,23055629,,,,,,,10521,3,0,0,0
176521,73605190612418560,,0,4,,,1423,,20,20,43211,44200,,23055629,,,,,,,10479,3,0,0,0
176522,73605191084802048,,0,4,,,1423,,20,20,43211,44200,,23055629,,,,,,,9014,3,0,0,0
176523,73605191806550016,,0,4,,,1423,,20,20,43211,44200,,23055629,,,,,,,14040,3,0,0,0
176524,73605192015114460,,0,4,-1.0,19423.0,1423,489.0,20,20,43211,44200,,23055629,,,,,,,4944,1,45250,0,0
176525,73605192382742528,,0,4,,,1423,,20,20,43211,44200,,23055629,,,,,,,7819,3,0,0,0
176526,73605192866725888,,0,4,,,1423,,20,20,43211,44200,,23055629,,,,,,,7184,3,0,0,0
176527,73605193417228288,,0,4,,,1423,,20,20,43211,44200,,23055629,,,,,,,10498,3,0,0,0
176528,73605193889284096,,0,4,,,1423,,20,20,43211,44200,,23055629,,,,,,,9038,3,0,0,0
176529,73605194439852032,,0,4,,,1423,,20,20,43211,44200,,23055629,,,,,,,10471,3,0,0,0
176530,73605194950377472,,0,4,,,1423,,20,20,43211,44200,,23055629,,,,,,,9733,3,0,0,0
176531,73605195501010944,,0,4,,,1423,,20,20,43211,44200,,23055629,,,,,,,10503,3,0,0,0
176532,73605196051578880,,0,4,,,1423,,20,20,43211,44200,,23055629,,,,,,,10502,3,0,0,0
176533,73605196523700224,,0,4,,,1423,,20,20,43211,44200,,23055629,,,,,,,9010,3,0,0,0
176534,73605196482050950,,0,4,-1.0,19423.0,1423,489.0,20,20,43211,44200,,23055629,,,,,,,459,1,45250,0,0
176535,73605197175062528,,0,4,,,1423,,20,20,43211,44200,,23055629,,,,,,,12898,3,0,0,0
176536,73605197581778944,,0,4,,,1423,,20,20,43211,44200,,23055629,,,,,,,6832,3,0,0,0
176537,73605198147485696,,0,4,,,1423,,20,20,43211,44200,,23055629,,,,,,,10810,3,0,0,0
176538,73605198619475968,,0,4,,,1423,,20,20,43211,44200,,23055629,,,,,,,8969,3,0,0,0
176539,73605199170240512,,0,4,,,1423,,20,20,43211,44200,,23055629,,,,,,,10521,3,0,0,0
176540,73605199721398272,,0,4,,,1423,,20,20,43211,44200,,23055629,,,,,,,10552,3,0,0,0
176541,73605200126161939,,0,4,-1.0,19423.0,1423,489.0,20,20,43211,44200,,23055629,,,,,,,8811,1,45250,0,0
176542,73605200196403200,,0,4,,,1423,,20,20,43211,44200,,23055629,,,,,,,676,3,0,0,0
176543,73605200710729728,,0,4,,,1423,,20,20,43211,44200,,23055629,,,,,,,9329,3,0,0,0
176544,73605201261166592,,0,4,,,1423,,20,20,43211,44200,,23055629,,,,,,,10508,3,0,0,0
176545,73605201812127744,,0,4,,,1423,,20,20,43211,44200,,23055629,,,,,,,10514,3,0,0,0
176546,73605202325667840,,0,4,,,1423,,20,20,43211,44200,,23055629,,,,,,,9788,3,0,0,0
176547,73605202810699776,,0,4,,,1423,,20,20,43211,44200,,23055629,,,,,,,9253,3,0,0,0
176548,73605203363233792,,0,4,,,1423,,20,20,43211,44200,,23055629,,,,,,,10531,3,0,0,0
176549,73605203485666770,,0,4,-1.0,19423.0,1423,489.0,20,20,43211,44200,,23055629,,,,,,,3451,1,45250,0,0
176550,73605203925073920,,0,4,,,1423,,20,20,43211,44200,,23055629,,,,,,,7314,3,0,0,0
176551,73605204373536768,,0,4,,,1423,,20,20,43211,44200,,23055629,,,,,,,8621,3,0,0,0
176552,73605204924039168,,0,4,,,1423,,20,20,43211,44200,,23055629,,,,,,,10381,3,0,0,0
176553,73605205474738176,,0,4,,,1423,,20,20,43211,44200,,23055629,,,,,,,10503,3,0,0,0
176554,73605205987950592,,0,4,,,1423,,20,20,43211,44200,,23055629,,,,,,,9978,3,0,0,0
176555,73605206020330902,,0,4,-1.0,19423.0,1423,489.0,20,20,43211,44200,,23055629,,,,,,,1864,1,45250,0,0
176556,73605206467018752,,0,4,,,1423,,20,20,43211,44200,,23055629,,,,,,,7111,3,0,0,0
176557,73605207057629184,,0,4,,,1423,,20,20,43211,44200,,23055629,,,,,,,11239,3,0,0,0
176558,73605207529553920,,0,4,,,1423,,20,20,43211,44200,,23055629,,,,,,,9016,3,0,0,0
176559,73605208238653440,,0,4,,,1423,,20,20,43211,44200,,23055629,,,,,,,13705,3,0,0,0
176560,73605208791973888,,0,4,,,1423,,20,20,43211,44200,,23055629,,,,,,,10365,3,0,0,0
176561,73605209329434624,,0,4,,,1423,,20,20,43211,44200,,23055629,,,,,,,10250,3,0,0,0
176562,73605209801424896,,0,4,,,1423,,20,20,43211,44200,,23055629,,,,,,,9006,3,0,0,0
176563,73605210097415072,,0,4,-1.0,19423.0,1423,489.0,20,20,43211,44200,,23055629,,,,,,,6841,1,45250,0,0
176564,73605210352254976,,0,4,,,1423,,20,20,43211,44200,,23055629,,,,,,,4191,3,0,0,0
176565,73605210884014080,,0,4,,,1423,,20,20,43211,44200,,23055629,,,,,,,9616,3,0,0,0
176566,73605211434516480,,0,4,,,1423,,20,20,43211,44200,,23055629,,,,,,,10491,3,0,0,0
176567,73605211906506752,,0,4,,,1423,,20,20,43211,44200,,23055629,,,,,,,9007,3,0,0,0
176568,73605212466511872,,0,4,,,1423,,20,20,43211,44200,,23055629,,,,,,,10686,3,0,0,0
176569,73605213017210880,,0,4,,,1423,,20,20,43211,44200,,23055629,,,,,,,10510,3,0,0,0
176570,73605213489201152,,0,4,,,1423,,20,20,43211,44200,,23055629,,,,,,,9011,3,0,0,0
176571,73605214039834624,,0,4,,,1423,,20,20,43211,44200,,23055629,,,,,,,10479,3,0,0,0
176572,73605214018962089,,0,4,-1.0,19423.0,1423,489.0,20,20,43211,44200,,23055629,,,,,,,843,1,45250,0,0
176573,73605214631100416,,0,4,,,1423,,20,20,43211,44200,,23055629,,,,,,,10434,3,0,0,0
176574,73605215102959616,,0,4,,,1423,,20,20,43211,44200,,23055629,,,,,,,9010,3,0,0,0
176575,73605215653593088,,0,4,,,1423,,20,20,43211,44200,,23055629,,,,,,,10493,3,0,0,0
176576,73605216204226560,,0,4,,,1423,,20,20,43211,44200,,23055629,,,,,,,10514,3,0,0,0
176577,73605216676216832,,0,4,,,1423,,20,20,43211,44200,,23055629,,,,,,,8996,3,0,0,0
176578,73605217226850304,,0,4,,,1423,,20,20,43211,44200,,23055629,,,,,,,10512,3,0,0,0
176579,73605217778925568,,0,4,,,1423,,20,20,43211,44200,,23055629,,,,,,,10525,3,0,0,0
176580,73605218265071616,,0,4,,,1423,,20,20,43211,44200,,23055629,,,,,,,10306,3,0,0,0
176581,73605218827370496,,0,4,,,1423,,20,20,43211,44200,,23055629,,,,,,,9687,3,0,0,0
176582,73605219008017792,,0,4,-1.0,19423.0,1423,489.0,20,20,43211,44200,,23055629,,,,,,,4592,1,45250,0,0
176583,73605219300343808,,0,4,,,1423,,20,20,43211,44200,,23055629,,,,,,,4432,3,0,0,0
176584,73605219852091392,,0,4,,,1423,,20,20,43211,44200,,23055629,,,,,,,10529,3,0,0,0
176585,73605220402528256,,0,4,,,1423,,20,20,43211,44200,,23055629,,,,,,,10485,3,0,0,0
176586,73605221031804928,,0,4,,,1423,,20,20,43211,44200,,23055629,,,,,,,12007,3,0,0,0
176587,73605221594955776,,0,4,,,1423,,20,20,43211,44200,,23055629,,,,,,,10754,3,0,0,0
176588,73605222066946048,,0,4,,,1423,,20,20,43211,44200,,23055629,,,,,,,9014,3,0,0,0
176589,73605222617710592,,0,4,,,1423,,20,20,43211,44200,,23055629,,,,,,,10477,3,0,0,0
176590,73605222691410656,,0,4,-1.0,19423.0,1423,489.0,20,20,43211,44200,,23055629,,,,,,,3406,1,45250,0,0
176591,73605223101038592,,0,4,,,1423,,20,20,43211,44200,,23055629,,,,,,,5821,3,0,0,0
176592,73605223651606528,,0,4,,,1423,,20,20,43211,44200,,23055629,,,,,,,10515,3,0,0,0
176593,73605224202174464,,0,4,,,1423,,20,20,43211,44200,,23055629,,,,,,,10505,3,0,0,0
176594,73605224793440256,,0,4,,,1423,,20,20,43211,44200,,23055629,,,,,,,12569,3,0,0,0
176595,73605225266675712,,0,4,,,1423,,20,20,43211,44200,,23055629,,,,,,,7716,3,0,0,0
176596,73605225848700928,,0,4,,,1423,,20,20,43211,44200,,23055629,,,,,,,11116,3,0,0,0
176597,73605226255286272,,0,4,,,1423,,20,20,43211,44200,,23055629,,,,,,,7735,3,0,0,0
176598,73605226805985280,,0,4,,,1423,,20,20,43211,44200,,23055629,,,,,,,10629,3,0,0,0
176599,73605227365793792,,0,4,,,1423,,20,20,43211,44200,,23055629,,,,,,,10550,3,0,0,0
176600,73605227472141434,,0,4,-1.0,19423.0,1423,489.0,20,20,43211,44200,,23055629,,,,,,,5401,1,45250,0,0
176601,73605227972395008,,0,4,,,1423,,20,20,43211,44200,,23055629,,,,,,,7541,3,0,0,0
176602,73605228376227840,,0,4,,,1423,,20,20,43211,44200,,23055629,,,,,,,6352,3,0,0,0
176603,73605228927582208,,0,4,,,1423,,20,20,43211,44200,,23055629,,,,,,,10509,3,0,0,0
176604,73605229478215680,,0,4,,,1423,,20,20,43211,44200,,23055629,,,,,,,13747,3,0,0,0
176605,73605229937885184,,0,4,,,1423,,20,20,43211,44200,,23055629,,,,,,,6455,3,0,0,0
176606,73605230499135488,,0,4,,,1423,,20,20,43211,44200,,23055629,,,,,,,9773,3,0,0,0
176607,73605231049703424,,0,4,,,1423,,20,20,43211,44200,,23055629,,,,,,,10496,3,0,0,0
176608,73605231522217984,,0,4,,,1423,,20,20,43211,44200,,23055629,,,,,,,9028,3,0,0,0
176609,73605232072982528,,0,4,,,1423,,20,20,43211,44200,,23055629,,,,,,,10484,3,0,0,0
176610,73605232190563646,,0,4,-1.0,19423.0,1423,489.0,20,20,43211,44200,,23055629,,,,,,,3406,1,45250,0,0
176611,73605232623747072,,0,4,,,1423,,20,20,43211,44200,,23055629,,,,,,,7095,3,0,0,0
176612,73605233143119872,,0,4,,,1423,,20,20,43211,44200,,23055629,,,,,,,9909,3,0,0,0
176613,73605233693622272,,0,4,,,1423,,20,20,43211,44200,,23055629,,,,,,,10502,3,0,0,0
176614,73605234165612544,,0,4,,,1423,,20,20,43211,44200,,23055629,,,,,,,9000,3,0,0,0
176615,73605234716311552,,0,4,,,1423,,20,20,43211,44200,,23055629,,,,,,,10511,3,0,0,0
176616,73605235266879488,,0,4,,,1423,,20,20,43211,44200,,23055629,,,,,,,10480,3,0,0,0
176617,73605235541548764,,0,4,-1.0,19423.0,1423,489.0,20,20,43211,44200,,23055629,,,,,,,6387,1,45250,0,0
176618,73605235784613888,,0,4,,,1423,,20,20,43211,44200,,23055629,,,,,,,3746,3,0,0,0
176619,73605236046247963,,0,4,-1.0,19423.0,1423,489.0,20,20,43211,44200,,23055629,,,,,,,6716,1,45250,0,0
176620,73605236421230592,,0,4,,,1423,,20,20,43211,44200,,23055629,,,,,,,10300,3,0,0,0
176621,73605236802846720,,0,4,,,1423,,20,20,43211,44200,,23055629,,,,,,,2188,3,0,0,0
176622,73605237534228480,,0,4,,,1423,,20,20,43211,44200,,23055629,,,,,,,14152,3,0,0,0
176623,73605237848801280,,0,4,,,1423,,20,20,43211,44200,,23055629,,,,,,,5799,3,0,0,0
176624,73605238384951296,,0,4,,,1423,,20,20,43211,44200,,23055629,,,,,,,10198,3,0,0,0
176625,73605238935650304,,0,4,,,1423,,20,20,43211,44200,,23055629,,,,,,,10508,3,0,0,0
176626,73605239408230400,,0,4,,,1423,,20,20,43211,44200,,23055629,,,,,,,9180,3,0,0,0
176627,73605239550549230,,0,4,-1.0,19423.0,1423,489.0,20,20,43211,44200,,23055629,,,,,,,3729,1,45250,0,0
176628,73605239958339584,,0,4,,,1423,,20,20,43211,44200,,23055629,,,,,,,6771,3,0,0,0
176629,73605240619335680,,0,4,,,1423,,20,20,43211,44200,,23055629,,,,,,,12465,3,0,0,0
176630,73605241009799168,,0,4,,,1423,,20,20,43211,44200,,23055629,,,,,,,7458,3,0,0,0
176631,73605241560432640,,0,4,,,1423,,20,20,43211,44200,,23055629,,,,,,,10471,3,0,0,0
176632,73605242111262720,,0,4,,,1423,,20,20,43211,44200,,23055629,,,,,,,10491,3,0,0,0
176633,73605242583187456,,0,4,,,1423,,20,20,43211,44200,,23055629,,,,,,,9026,3,0,0,0
176634,73605243133820928,,0,4,,,1423,,20,20,43211,44200,,23055629,,,,,,,10488,3,0,0,0
176635,73605243684388864,,0,4,,,1423,,20,20,43211,44200,,23055629,,,,,,,10493,3,0,0,0
176636,73605243909875387,,0,4,-1.0,19423.0,1423,489.0,20,20,43211,44200,,23055629,,,,,,,5453,1,45250,0,0
176637,73605244180889600,,0,4,,,1423,,20,20,43211,44200,,23055629,,,,,,,4193,3,0,0,0
176638,73605244693708800,,0,4,,,1423,,20,20,43211,44200,,23055629,,,,,,,9604,3,0,0,0
176639,73605245244276736,,0,4,,,1423,,20,20,43211,44200,,23055629,,,,,,,10501,3,0,0,0
176640,73605245716398080,,0,4,,,1423,,20,20,43211,44200,,23055629,,,,,,,9085,3,0,0,0
176641,73605246288265216,,0,4,,,1423,,20,20,43211,44200,,23055629,,,,,,,10856,3,0,0,0
176642,73605246838964224,,0,4,,,1423,,20,20,43211,44200,,23055629,,,,,,,10502,3,0,0,0
176643,73605247390842880,,0,4,,,1423,,20,20,43211,44200,,23055629,,,,,,,10503,3,0,0,0
176644,73605247862767616,,0,4,,,1423,,20,20,43211,44200,,23055629,,,,,,,9014,3,0,0,0
176645,73605248415563776,,0,4,,,1423,,20,20,43211,44200,,23055629,,,,,,,10527,3,0,0,0
176646,73605248389106062,,0,4,-1.0,19423.0,1423,489.0,20,20,43211,44200,,23055629,,,,,,,800,1,45250,0,0
176647,73605248977993728,,0,4,,,1423,,20,20,43211,44200,,23055629,,,,,,,9929,3,0,0,0
176648,73605249449787392,,0,4,,,1423,,20,20,43211,44200,,23055629,,,,,,,8997,3,0,0,0
176649,73605250000420864,,0,4,,,1423,,20,20,43211,44200,,23055629,,,,,,,10504,3,0,0,0
176650,73605250517630976,,0,4,,,1423,,20,20,43211,44200,,23055629,,,,,,,9877,3,0,0,0
176651,73605251068198912,,0,4,,,1423,,20,20,43211,44200,,23055629,,,,,,,10491,3,0,0,0
176652,73605251540189184,,0,4,,,1423,,20,20,43211,44200,,23055629,,,,,,,9016,3,0,0,0
176653,73605252336451584,,0,4,,,1423,,20,20,43211,44200,,23055629,,,,,,,15515,3,0,0,0
176654,73605252475007796,,0,4,-1.0,19423.0,1423,489.0,20,20,43211,44200,,23055629,,,,,,,3469,1,45250,0,0
176655,73605252747755520,,0,4,,,1423,,20,20,43211,44200,,23055629,,,,,,,7993,3,0,0,0
176656,73605252760629052,,0,4,-1.0,19423.0,1423,489.0,20,20,43211,44200,,23055629,,,,,,,398,1,45250,0,0
176657,73605253296750592,,0,4,,,1423,,20,20,43211,44200,,23055629,,,,,,,6902,3,0,0,0
176658,73605253690163200,,0,4,,,1423,,20,20,43211,44200,,23055629,,,,,,,6716,3,0,0,0
176659,73605254212354048,,0,4,,,1423,,20,20,43211,44200,,23055629,,,,,,,9958,3,0,0,0
176660,73605254763053056,,0,4,,,1423,,20,20,43211,44200,,23055629,,,,,,,10544,3,0,0,0
176661,73605255237009408,,0,4,,,1423,,20,20,43211,44200,,23055629,,,,,,,9020,3,0,0,0
176662,73605255788036096,,0,4,,,1423,,20,20,43211,44200,,23055629,,,,,,,10547,3,0,0,0
176663,73605256277065728,,0,4,,,1423,,20,20,43211,44200,,23055629,,,,,,,9624,3,0,0,0
176664,73605256828157952,,0,4,,,1423,,20,20,43211,44200,,23055629,,,,,,,10172,3,0,0,0
176665,73605257379774464,,0,4,,,1423,,20,20,43211,44200,,23055629,,,,,,,10509,3,0,0,0
176666,73605257321744432,,0,4,-1.0,19423.0,1423,489.0,20,20,43211,44200,,23055629,,,,,,,123,1,45250,0,0
176667,73605257864740864,,0,4,,,1423,,20,20,43211,44200,,23055629,,,,,,,9131,3,0,0,0
176668,73605258415308800,,0,4,,,1423,,20,20,43211,44200,,23055629,,,,,,,10514,3,0,0,0
176669,73605258965876736,,0,4,,,1423,,20,20,43211,44200,,23055629,,,,,,,10503,3,0,0,0
176670,73605259519983616,,0,4,,,1423,,20,20,43211,44200,,23055629,,,,,,,10633,3,0,0,0
176671,73605259993088000,,0,4,,,1423,,20,20,43211,44200,,23055629,,,,,,,8956,3,0,0,0
176672,73605260554928128,,0,4,,,1423,,20,20,43211,44200,,23055629,,,,,,,10742,3,0,0,0
176673,73605260828896191,,0,4,-1.0,19423.0,1423,489.0,20,20,43211,44200,,23055629,,,,,,,6372,1,45250,0,0
176674,73605261027246080,,0,4,,,1423,,20,20,43211,44200,,23055629,,,,,,,2593,3,0,0,0
176675,73605261591904256,,0,4,,,1423,,20,20,43211,44200,,23055629,,,,,,,10775,3,0,0,0
176676,73605262142210048,,0,4,,,1423,,20,20,43211,44200,,23055629,,,,,,,10510,3,0,0,0
176677,73605262614331392,,0,4,,,1423,,20,20,43211,44200,,23055629,,,,,,,8996,3,0,0,0
176678,73605263168831488,,0,4,,,1423,,20,20,43211,44200,,23055629,,,,,,,10587,3,0,0,0
176679,73605263640625152,,0,4,,,1423,,20,20,43211,44200,,23055629,,,,,,,8997,3,0,0,0
176680,73605264192700416,,0,4,,,1423,,20,20,43211,44200,,23055629,,,,,,,10540,3,0,0,0
176681,73605264743202816,,0,4,,,1423,,20,20,43211,44200,,23055629,,,,,,,10498,3,0,0,0
176682,73605265043403699,,0,4,-1.0,19423.0,1423,489.0,20,20,43211,44200,,23055629,,,,,,,6932,1,45250,0,0
176683,73605265293967360,,0,4,,,1423,,20,20,43211,44200,,23055629,,,,,,,3562,3,0,0,0
176684,73605265844404224,,0,4,,,1423,,20,20,43211,44200,,23055629,,,,,,,10485,3,0,0,0
176685,73605266316394496,,0,4,,,1423,,20,20,43211,44200,,23055629,,,,,,,9017,3,0,0,0
176686,73605266873974784,,0,4,,,1423,,20,20,43211,44200,,23055629,,,,,,,12127,3,0,0,0
176687,73605267433586688,,0,4,,,1423,,20,20,43211,44200,,23055629,,,,,,,9181,3,0,0,0
176688,73605267984023552,,0,4,,,1423,,20,20,43211,44200,,23055629,,,,,,,10484,3,0,0,0
176689,73605268309379736,,0,4,-1.0,19423.0,1423,489.0,20,20,43211,44200,,23055629,,,,,,,7420,1,45250,0,0
176690,73605268456210432,,0,4,,,1423,,20,20,43211,44200,,23055629,,,,,,,1587,3,0,0,0
176691,73605268975648768,,0,4,,,1423,,20,20,43211,44200,,23055629,,,,,,,9983,3,0,0,0
176692,73605269526085632,,0,4,,,1423,,20,20,43211,44200,,23055629,,,,,,,10428,3,0,0,0
176693,73605270076784640,,0,4,,,1423,,20,20,43211,44200,,23055629,,,,,,,10560,3,0,0,0
176694,73605270615228416,,0,4,,,1423,,20,20,43211,44200,,23055629,,,,,,,10218,3,0,0,0
176695,73605271087153152,,0,4,,,1423,,20,20,43211,44200,,23055629,,,,,,,9026,3,0,0,0
176696,73605271486086778,,0,4,-1.0,19423.0,1423,489.0,20,20,43211,44200,,23055629,,,,,,,816828,1,45250,0,0
176697,73605276923471238,,0,4,-1.0,19423.0,1423,489.0,20,20,43211,44200,,23055629,,,,,,,1215,1,45250,0,0
176698,73605277930455731,,0,4,-1.0,19423.0,1423,489.0,20,20,43211,44200,,23055629,,,,,,,8,1,45250,0,0
176699,73605313921155072,,0,4,,,1423,,20,20,43211,44200,,23055629,,,,,,,1833,3,0,0,0
176700,73605313609448436,,0,4,-1.0,19423.0,1423,489.0,20,20,43211,44200,,23055629,,,,,,,4862,1,45250,0,0
176701,73605315089661952,,0,4,,,1423,,20,20,43211,44200,,23055629,,,,,,,14526,3,0,0,0
176702,73605315010560000,,0,4,,,1423,,20,20,43211,44200,,23055629,,,,,,,27,3,0,0,0
176703,73605315168305152,,0,4,,,1423,,20,20,43211,44200,,23055629,,,,,,,2187,3,0,0,0
176704,73605315561652224,,0,4,,,1423,,20,20,43211,44200,,23055629,,,,,,,6844,3,0,0,0
176705,73605316113465344,,0,4,,,1423,,20,20,43211,44200,,23055629,,,,,,,10618,3,0,0,0
176706,73605316584931328,,0,4,,,1423,,20,20,43211,44200,,23055629,,,,,,,8833,3,0,0,0
176707,73605317147361280,,0,4,,,1423,,20,20,43211,44200,,23055629,,,,,,,12827,3,0,0,0
176708,73605317694849024,,0,4,,,1423,,20,20,43211,44200,,23055629,,,,,,,9456,3,0,0,0
176709,73605318078530557,,0,4,-1.0,19423.0,1423,489.0,20,20,43211,44200,,23055629,,,,,,,7370,1,45250,0,0
176710,73605318183747584,,0,4,,,1423,,20,20,43211,44200,,23055629,,,,,,,1287,3,0,0,0
176711,73605318720159744,,0,4,,,1423,,20,20,43211,44200,,23055629,,,,,,,9775,3,0,0,0
176712,73605319270662144,,0,4,,,1423,,20,20,43211,44200,,23055629,,,,,,,10529,3,0,0,0
176713,73605319821230080,,0,4,,,1423,,20,20,43211,44200,,23055629,,,,,,,10479,3,0,0,0
176714,73605320371863552,,0,4,,,1423,,20,20,43211,44200,,23055629,,,,,,,10493,3,0,0,0
176715,73605321186410496,,0,4,,,1423,,20,20,43211,44200,,23055629,,,,,,,23104,3,0,0,0
176716,73605321505505280,,0,4,,,1423,,20,20,43211,44200,,23055629,,,,,,,1,3,0,0,0
176717,73605321982672896,,0,4,,,1423,,20,20,43211,44200,,23055629,,,,,,,7632,3,0,0,0
176718,73605322533371904,,0,4,,,1423,,20,20,43211,44200,,23055629,,,,,,,10499,3,0,0,0
176719,73605323005755392,,0,4,,,1423,,20,20,43211,44200,,23055629,,,,,,,9013,3,0,0,0
176720,73605323614978048,,0,4,,,1423,,20,20,43211,44200,,23055629,,,,,,,11849,3,0,0,0
176721,73605323606539140,,0,4,-1.0,19423.0,1423,489.0,20,20,43211,44200,,23055629,,,,,,,939,1,45250,0,0
176722,73605324110626816,,0,4,,,1423,,20,20,43211,44200,,23055629,,,,,,,8273,3,0,0,0
176723,73605324637863936,,0,4,,,1423,,20,20,43211,44200,,23055629,,,,,,,10060,3,0,0,0
176724,73605325109592064,,0,4,,,1423,,20,20,43211,44200,,23055629,,,,,,,9054,3,0,0,0
176725,73605325660225536,,0,4,,,1423,,20,20,43211,44200,,23055629,,,,,,,10451,3,0,0,0
176726,73605326210924544,,0,4,,,1423,,20,20,43211,44200,,23055629,,,,,,,11052,3,0,0,0
176727,73605326755201024,,0,4,,,1423,,20,20,43211,44200,,23055629,,,,,,,9833,3,0,0,0
176728,73605327271362560,,0,4,,,1423,,20,20,43211,44200,,23055629,,,,,,,10157,3,0,0,0
176729,73605327743483904,,0,4,,,1423,,20,20,43211,44200,,23055629,,,,,,,8774,3,0,0,0
176730,73605328294576128,,0,4,,,1423,,20,20,43211,44200,,23055629,,,,,,,10578,3,0,0,0
176731,73605328754333592,,0,4,-1.0,19423.0,1423,489.0,20,20,43211,44200,,23055629,,,,,,,9711,1,45250,0,0
176732,73605328845144064,,0,4,,,1423,,20,20,43211,44200,,23055629,,,,,,,633,3,0,0,0
176733,73605329317265408,,0,4,,,1423,,20,20,43211,44200,,23055629,,,,,,,9016,3,0,0,0
176734,73605329868292096,,0,4,,,1423,,20,20,43211,44200,,23055629,,,,,,,10606,3,0,0,0
176735,73605330418597888,,0,4,,,1423,,20,20,43211,44200,,23055629,,,,,,,10405,3,0,0,0
176736,73605330894979072,,0,4,,,1423,,20,20,43211,44200,,23055629,,,,,,,9079,3,0,0,0
176737,73605331445678080,,0,4,,,1423,,20,20,43211,44200,,23055629,,,,,,,10519,3,0,0,0
176738,73605331819607180,,0,4,-1.0,19423.0,1423,489.0,20,20,43211,44200,,23055629,,,,,,,8718,1,45250,0,0
176739,73605331995983872,,0,4,,,1423,,20,20,43211,44200,,23055629,,,,,,,1757,3,0,0,0
176740,73605332486324224,,0,4,,,1423,,20,20,43211,44200,,23055629,,,,,,,12351,3,0,0,0
176741,73605333008580608,,0,4,,,1423,,20,20,43211,44200,,23055629,,,,,,,6970,3,0,0,0
176742,73605333559476224,,0,4,,,1423,,20,20,43211,44200,,23055629,,,,,,,10545,3,0,0,0
176743,73605334109716480,,0,4,,,1423,,20,20,43211,44200,,23055629,,,,,,,10450,3,0,0,0
176744,73605334592192512,,0,4,,,1423,,20,20,43211,44200,,23055629,,,,,,,9225,3,0,0,0
176745,73605335177494528,,0,4,,,1423,,20,20,43211,44200,,23055629,,,,,,,11168,3,0,0,0
176746,73605335303856741,,0,4,-1.0,19423.0,1423,489.0,20,20,43211,44200,,23055629,,,,,,,3566,1,45250,0,0
176747,73605335663050752,,0,4,,,1423,,20,20,43211,44200,,23055629,,,,,,,5694,3,0,0,0
176748,73605336214405120,,0,4,,,1423,,20,20,43211,44200,,23055629,,,,,,,10482,3,0,0,0
176749,73605336686329856,,0,4,,,1423,,20,20,43211,44200,,23055629,,,,,,,9012,3,0,0,0
176750,73605337274777600,,0,4,,,1423,,20,20,43211,44200,,23055629,,,,,,,11327,3,0,0,0
176751,73605337781829632,,0,4,,,1423,,20,20,43211,44200,,23055629,,,,,,,10387,3,0,0,0
176752,73605338253623296,,0,4,,,1423,,20,20,43211,44200,,23055629,,,,,,,8183,3,0,0,0
176753,73605338967375872,,0,4,,,1423,,20,20,43211,44200,,23055629,,,,,,,13938,3,0,0,0
176754,73605339439366144,,0,4,,,1423,,20,20,43211,44200,,23055629,,,,,,,8687,3,0,0,0
176755,73605339519417744,,0,4,-1.0,19423.0,1423,489.0,20,20,43211,44200,,23055629,,,,,,,2638,1,45250,0,0
176756,73605339963457536,,0,4,,,1423,,20,20,43211,44200,,23055629,,,,,,,7342,3,0,0,0
176757,73605340531916800,,0,4,,,1423,,20,20,43211,44200,,23055629,,,,,,,11041,3,0,0,0
176758,73605341065904128,,0,4,,,1423,,20,20,43211,44200,,23055629,,,,,,,9995,3,0,0,0
176759,73605341537894400,,0,4,,,1423,,20,20,43211,44200,,23055629,,,,,,,9013,3,0,0,0
176760,73605342061920256,,0,4,,,1423,,20,20,43211,44200,,23055629,,,,,,,10181,3,0,0,0
176761,73605342613078016,,0,4,,,1423,,20,20,43211,44200,,23055629,,,,,,,10323,3,0,0,0
176762,73605343101648896,,0,4,,,1423,,20,20,43211,44200,,23055629,,,,,,,9364,3,0,0,0
176763,73605343712051200,,0,4,,,1423,,20,20,43211,44200,,23055629,,,,,,,14613,3,0,0,0
176764,73605344000213179,,0,4,-1.0,19423.0,1423,489.0,20,20,43211,44200,,23055629,,,,,,,3784,1,45250,0,0
176765,73605344201342976,,0,4,,,1423,,20,20,43211,44200,,23055629,,,,,,,2521,3,0,0,0
176766,73605344673267712,,0,4,,,1423,,20,20,43211,44200,,23055629,,,,,,,8985,3,0,0,0
176767,73605345380990976,,0,4,,,1423,,20,20,43211,44200,,23055629,,,,,,,13575,3,0,0,0
176768,73605345931624448,,0,4,,,1423,,20,20,43211,44200,,23055629,,,,,,,10440,3,0,0,0
176769,73605346403549184,,0,4,,,1423,,20,20,43211,44200,,23055629,,,,,,,9016,3,0,0,0
176770,73605346954182656,,0,4,,,1423,,20,20,43211,44200,,23055629,,,,,,,11315,3,0,0,0
176771,73605347532210176,,0,4,,,1423,,20,20,43211,44200,,23055629,,,,,,,10222,3,0,0,0
176772,73605347839224302,,0,4,-1.0,19423.0,1423,489.0,20,20,43211,44200,,23055629,,,,,,,7046,1,45250,0,0
176773,73605347982114816,,0,4,,,1423,,20,20,43211,44200,,23055629,,,,,,,1511,3,0,0,0
176774,73605348488839168,,0,4,,,1423,,20,20,43211,44200,,23055629,,,,,,,9673,3,0,0,0
176775,73605349039276032,,0,4,,,1423,,20,20,43211,44200,,23055629,,,,,,,10490,3,0,0,0
176776,73605349589909504,,0,4,,,1423,,20,20,43211,44200,,23055629,,,,,,,10514,3,0,0,0
176777,73605350101614592,,0,4,,,1423,,20,20,43211,44200,,23055629,,,,,,,9813,3,0,0,0
176778,73605350652248064,,0,4,,,1423,,20,20,43211,44200,,23055629,,,,,,,10452,3,0,0,0
176779,73605350957262417,,0,4,-1.0,19423.0,1423,489.0,20,20,43211,44200,,23055629,,,,,,,7671,1,45250,0,0
176780,73605351224946130,,0,4,-1.0,19423.0,1423,489.0,20,20,43211,44200,,23055629,,,,,,,5580,1,45250,0,0
176781,73605351277920256,,0,4,,,1423,,20,20,43211,44200,,23055629,,,,,,,0,3,0,0,0
176782,73605351700299776,,0,4,,,1423,,20,20,43211,44200,,23055629,,,,,,,6729,3,0,0,0
176783,73605352250671104,,0,4,,,1423,,20,20,43211,44200,,23055629,,,,,,,10542,3,0,0,0
176784,73605352730263552,,0,4,,,1423,,20,20,43211,44200,,23055629,,,,,,,9149,3,0,0,0
176785,73605353282076672,,0,4,,,1423,,20,20,43211,44200,,23055629,,,,,,,10495,3,0,0,0
176786,73605353832841216,,0,4,,,1423,,20,20,43211,44200,,23055629,,,,,,,11161,3,0,0,0
176787,73605354198487090,,0,4,-1.0,19423.0,1423,489.0,20,20,43211,44200,,23055629,,,,,,,7653,1,45250,0,0
176788,73605354325147648,,0,4,,,1423,,20,20,43211,44200,,23055629,,,,,,,1242,3,0,0,0
176789,73605354813652992,,0,4,,,1423,,20,20,43211,44200,,23055629,,,,,,,9876,3,0,0,0
176790,73605355419205632,,0,4,,,1423,,20,20,43211,44200,,23055629,,,,,,,13067,3,0,0,0
176791,73605355863539712,,0,4,,,1423,,20,20,43211,44200,,23055629,,,,,,,6223,3,0,0,0
176792,73605356446679040,,0,4,,,1423,,20,20,43211,44200,,23055629,,,,,,,11122,3,0,0,0
176793,73605356921159680,,0,4,,,1423,,20,20,43211,44200,,23055629,,,,,,,9046,3,0,0,0
176794,73605357476052992,,0,4,,,1423,,20,20,43211,44200,,23055629,,,,,,,10606,3,0,0,0
176795,73605358143733760,,0,4,,,1423,,20,20,43211,44200,,23055629,,,,,,,12716,3,0,0,0
176796,73605358679097344,,0,4,,,1423,,20,20,43211,44200,,23055629,,,,,,,10249,3,0,0,0
176797,73605359203123200,,0,4,,,1423,,20,20,43211,44200,,23055629,,,,,,,9968,3,0,0,0
176798,73605359349773464,,0,4,-1.0,19423.0,1423,489.0,20,20,43211,44200,,23055629,,,,,,,4069,1,45250,0,0
176799,73605359674851328,,0,4,,,1423,,20,20,43211,44200,,23055629,,,,,,,4916,3,0,0,0
176800,73605360065206260,,0,4,-1.0,19423.0,1423,489.0,20,20,43211,44200,,23055629,,,,,,,8605,1,45250,0,0
176801,73605360372285440,,0,4,,,1423,,20,20,43211,44200,,23055629,,,,,,,7399,3,0,0,0
176802,73605360753442816,,0,4,,,1423,,20,20,43211,44200,,23055629,,,,,,,4580,3,0,0,0
176803,73605361304010752,,0,4,,,1423,,20,20,43211,44200,,23055629,,,,,,,10492,3,0,0,0
176804,73605361773510656,,0,4,,,1423,,20,20,43211,44200,,23055629,,,,,,,8959,3,0,0,0
176805,73605362324144128,,0,4,,,1423,,20,20,43211,44200,,23055629,,,,,,,10523,3,0,0,0
176806,73605362874777600,,0,4,,,1423,,20,20,43211,44200,,23055629,,,,,,,10498,3,0,0,0
176807,73605363357384704,,0,4,,,1423,,20,20,43211,44200,,23055629,,,,,,,9200,3,0,0,0
176808,73605364379680768,,0,4,,,1423,,20,20,43211,44200,,23055629,,,,,,,20065,3,0,0,0
176809,73605364516192256,,0,4,,,1423,,20,20,43211,44200,,23055629,,,,,,,2598,3,0,0,0
176810,73605364562596375,,0,4,-1.0,19423.0,1423,489.0,20,20,43211,44200,,23055629,,,,,,,1552,1,45250,0,0
176811,73605365041201152,,0,4,,,1423,,20,20,43211,44200,,23055629,,,,,,,11875,3,0,0,0
176812,73605365128077855,,0,4,-1.0,19423.0,1423,489.0,20,20,43211,44200,,23055629,,,,,,,1016,1,45250,0,0
176813,73605365482192896,,0,4,,,1423,,20,20,43211,44200,,23055629,,,,,,,3406,3,0,0,0
176814,73605366033874944,,0,4,,,1423,,20,20,43211,44200,,23055629,,,,,,,10538,3,0,0,0
176815,73605366530179072,,0,4,,,1423,,20,20,43211,44200,,23055629,,,,,,,9470,3,0,0,0
176816,73605367076814848,,0,4,,,1423,,20,20,43211,44200,,23055629,,,,,,,10407,3,0,0,0
176817,73605367627841536,,0,4,,,1423,,20,20,43211,44200,,23055629,,,,,,,10515,3,0,0,0
176818,73605368102060032,,0,4,,,1423,,20,20,43211,44200,,23055629,,,,,,,9044,3,0,0,0
176819,73605368812404736,,0,4,,,1423,,20,20,43211,44200,,23055629,,,,,,,14247,3,0,0,0
176820,73605369136414720,,0,4,,,1423,,20,20,43211,44200,,23055629,,,,,,,5487,3,0,0,0
176821,73605369678004224,,0,4,,,1423,,20,20,43211,44200,,23055629,,,,,,,10324,3,0,0,0
176822,73605370249740288,,0,4,,,1423,,20,20,43211,44200,,23055629,,,,,,,11018,3,0,0,0
176823,73605370748469248,,0,4,,,1423,,20,20,43211,44200,,23055629,,,,,,,9396,3,0,0,0
176824,73605370887499742,,0,4,-1.0,19423.0,1423,489.0,20,20,43211,44200,,23055629,,,,,,,3826,1,45250,0,0
176825,73605371329183744,,0,4,,,1423,,20,20,43211,44200,,23055629,,,,,,,9552,3,0,0,0
176826,73605371440045565,,0,4,-1.0,19423.0,1423,489.0,20,20,43211,44200,,23055629,,,,,,,1176,1,45250,0,0
176827,73605371782889472,,0,4,,,1423,,20,20,43211,44200,,23055629,,,,,,,5177,3,0,0,0
176828,73605372350431232,,0,4,,,1423,,20,20,43211,44200,,23055629,,,,,,,11689,3,0,0,0
176829,73605372884287488,,0,4,,,1423,,20,20,43211,44200,,23055629,,,,,,,9315,3,0,0,0
176830,73605373387276288,,0,4,,,1423,,20,20,43211,44200,,23055629,,,,,,,9761,3,0,0,0
176831,73605373937909760,,0,4,,,1423,,20,20,43211,44200,,23055629,,,,,,,10715,3,0,0,0
176832,73605374410096640,,0,4,,,1423,,20,20,43211,44200,,23055629,,,,,,,8643,3,0,0,0
176833,73605374961123328,,0,4,,,1423,,20,20,43211,44200,,23055629,,,,,,,10501,3,0,0,0
176834,73605375656722432,,0,4,,,1423,,20,20,43211,44200,,23055629,,,,,,,13867,3,0,0,0
176835,73605375993446400,,0,4,,,1423,,20,20,43211,44200,,23055629,,,,,,,5820,3,0,0,0
176836,73605375945115194,,0,4,-1.0,19423.0,1423,489.0,20,20,43211,44200,,23055629,,,,,,,407,1,45250,0,0
176837,73605376589299712,,0,4,,,1423,,20,20,43211,44200,,23055629,,,,,,,12396,3,0,0,0
176838,73605377098776576,,0,4,,,1423,,20,20,43211,44200,,23055629,,,,,,,9605,3,0,0,0
176839,73605377649803264,,0,4,,,1423,,20,20,43211,44200,,23055629,,,,,,,9234,3,0,0,0
176840,73605378123038720,,0,4,,,1423,,20,20,43211,44200,,23055629,,,,,,,8986,3,0,0,0
176841,73605378739077120,,0,4,,,1423,,20,20,43211,44200,,23055629,,,,,,,18886,3,0,0,0
176842,73605379188981760,,0,4,,,1423,,20,20,43211,44200,,23055629,,,,,,,1455,3,0,0,0
176843,73605379739549696,,0,4,,,1423,,20,20,43211,44200,,23055629,,,,,,,10496,3,0,0,0
176844,73605380211539968,,0,4,,,1423,,20,20,43211,44200,,23055629,,,,,,,9105,3,0,0,0
176845,73605380850778112,,0,4,,,1423,,20,20,43211,44200,,23055629,,,,,,,12320,3,0,0,0
176846,73605381109222741,,0,4,-1.0,19423.0,1423,489.0,20,20,43211,44200,,23055629,,,,,,,5787,1,45250,0,0
176847,73605381323096064,,0,4,,,1423,,20,20,43211,44200,,23055629,,,,,,,2983,3,0,0,0
176848,73605381813370880,,0,4,,,1423,,20,20,43211,44200,,23055629,,,,,,,10675,3,0,0,0
176849,73605382358630400,,0,4,,,1423,,20,20,43211,44200,,23055629,,,,,,,9070,3,0,0,0
176850,73605382831210496,,0,4,,,1423,,20,20,43211,44200,,23055629,,,,,,,9117,3,0,0,0
176851,73605383459766272,,0,4,,,1423,,20,20,43211,44200,,23055629,,,,,,,11904,3,0,0,0
176852,73605383937196032,,0,4,,,1423,,20,20,43211,44200,,23055629,,,,,,,9093,3,0,0,0
176853,73605384489205760,,0,4,,,1423,,20,20,43211,44200,,23055629,,,,,,,10524,3,0,0,0
176854,73605385039773696,,0,4,,,1423,,20,20,43211,44200,,23055629,,,,,,,10499,3,0,0,0
176855,73605385512288256,,0,4,,,1423,,20,20,43211,44200,,23055629,,,,,,,9061,3,0,0,0
176856,73605385698491569,,0,4,-1.0,19423.0,1423,489.0,20,20,43211,44200,,23055629,,,,,,,4826,1,45250,0,0
176857,73605386063446016,,0,4,,,1423,,20,20,43211,44200,,23055629,,,,,,,5644,3,0,0,0
176858,73605386534977536,,0,4,,,1423,,20,20,43211,44200,,23055629,,,,,,,8983,3,0,0,0
176859,73605387086069760,,0,4,,,1423,,20,20,43211,44200,,23055629,,,,,,,10524,3,0,0,0
176860,73605387636310016,,0,4,,,1423,,20,20,43211,44200,,23055629,,,,,,,10509,3,0,0,0
176861,73605388142247936,,0,4,,,1423,,20,20,43211,44200,,23055629,,,,,,,9635,3,0,0,0
176862,73605388693274624,,0,4,,,1423,,20,20,43211,44200,,23055629,,,,,,,10512,3,0,0,0
176863,73605389166379008,,0,4,,,1423,,20,20,43211,44200,,23055629,,,,,,,9011,3,0,0,0
176864,73605389724745728,,0,4,,,1423,,20,20,43211,44200,,23055629,,,,,,,10657,3,0,0,0
176865,73605389875979836,,0,4,-1.0,19423.0,1423,489.0,20,20,43211,44200,,23055629,,,,,,,4042,1,45250,0,0
176866,73605390307098624,,0,4,,,1423,,20,20,43211,44200,,23055629,,,,,,,7059,3,0,0,0
176867,73605390817755136,,0,4,,,1423,,20,20,43211,44200,,23055629,,,,,,,9901,3,0,0,0
176868,73605391368388608,,0,4,,,1423,,20,20,43211,44200,,23055629,,,,,,,10350,3,0,0,0
176869,73605391843852288,,0,4,,,1423,,20,20,43211,44200,,23055629,,,,,,,9078,3,0,0,0
176870,73605392380198912,,0,4,,,1423,,20,20,43211,44200,,23055629,,,,,,,10248,3,0,0,0
176871,73605392885350400,,0,4,,,1423,,20,20,43211,44200,,23055629,,,,,,,9976,3,0,0,0
176872,73605393437294592,,0,4,,,1423,,20,20,43211,44200,,23055629,,,,,,,10239,3,0,0,0
176873,73605393945722880,,0,4,,,1423,,20,20,43211,44200,,23055629,,,,,,,9611,3,0,0,0
176874,73605394016723614,,0,4,-1.0,19423.0,1423,489.0,20,20,43211,44200,,23055629,,,,,,,2454,1,45250,0,0
176875,73605394498781184,,0,4,,,1423,,20,20,43211,44200,,23055629,,,,,,,8083,3,0,0,0
176876,73605394970574848,,0,4,,,1423,,20,20,43211,44200,,23055629,,,,,,,9071,3,0,0,0
176877,73605395521273856,,0,4,,,1423,,20,20,43211,44200,,23055629,,,,,,,10449,3,0,0,0
176878,73605396307771392,,0,4,,,1423,,20,20,43211,44200,,23055629,,,,,,,15034,3,0,0,0
176879,73605396779827200,,0,4,,,1423,,20,20,43211,44200,,23055629,,,,,,,8970,3,0,0,0
176880,73605397330395136,,0,4,,,1423,,20,20,43211,44200,,23055629,,,,,,,11031,3,0,0,0
176881,73605397951217664,,0,4,,,1423,,20,20,43211,44200,,23055629,,,,,,,11772,3,0,0,0
176882,73605398136339940,,0,4,-1.0,19423.0,1423,489.0,20,20,43211,44200,,23055629,,,,,,,4194,1,45250,0,0
176883,73605398386049024,,0,4,,,1423,,20,20,43211,44200,,23055629,,,,,,,3643,3,0,0,0
176884,73605398936551424,,0,4,,,1423,,20,20,43211,44200,,23055629,,,,,,,10480,3,0,0,0
176885,73605399408476160,,0,4,,,1423,,20,20,43211,44200,,23055629,,,,,,,9015,3,0,0,0
176886,73605399931518976,,0,4,,,1423,,20,20,43211,44200,,23055629,,,,,,,9979,3,0,0,0
176887,73605400482349056,,0,4,,,1423,,20,20,43211,44200,,23055629,,,,,,,10505,3,0,0,0
176888,73605401032916992,,0,4,,,1423,,20,20,43211,44200,,23055629,,,,,,,10520,3,0,0,0
176889,73605401504972800,,0,4,,,1423,,20,20,43211,44200,,23055629,,,,,,,8990,3,0,0,0
176890,73605401926980527,,0,4,-1.0,19423.0,1423,489.0,20,20,43211,44200,,23055629,,,,,,,9157,1,45250,0,0
176891,73605402055802880,,0,4,,,1423,,20,20,43211,44200,,23055629,,,,,,,1346,3,0,0,0
176892,73605402646347776,,0,4,,,1423,,20,20,43211,44200,,23055629,,,,,,,11267,3,0,0,0
176893,73605403118272512,,0,4,,,1423,,20,20,43211,44200,,23055629,,,,,,,9000,3,0,0,0
176894,73605403669037056,,0,4,,,1423,,20,20,43211,44200,,23055629,,,,,,,10510,3,0,0,0
176895,73605404148367360,,0,4,,,1423,,20,20,43211,44200,,23055629,,,,,,,9174,3,0,0,0
176896,73605404699000832,,0,4,,,1423,,20,20,43211,44200,,23055629,,,,,,,10465,3,0,0,0
176897,73605405249634304,,0,4,,,1423,,20,20,43211,44200,,23055629,,,,,,,10540,3,0,0,0
176898,73605405228622431,,0,4,-1.0,19423.0,1423,489.0,20,20,43211,44200,,23055629,,,,,,,980,1,45250,0,0
176899,73605405594953405,,0,4,-1.0,19423.0,1423,489.0,20,20,43211,44200,,23055629,,,,,,,8657,1,45250,0,0
176900,73605405834084352,,0,4,,,1423,,20,20,43211,44200,,23055629,,,,,,,2373,3,0,0,0
176901,73605406250762240,,0,4,,,1423,,20,20,43211,44200,,23055629,,,,,,,7054,3,0,0,0
176902,73605406801526784,,0,4,,,1423,,20,20,43211,44200,,23055629,,,,,,,10541,3,0,0,0
176903,73605407361859584,,0,4,,,1423,,20,20,43211,44200,,23055629,,,,,,,10708,3,0,0,0
176904,73605407874678784,,0,4,,,1423,,20,20,43211,44200,,23055629,,,,,,,9898,3,0,0,0
176905,73605408370982912,,0,4,,,1423,,20,20,43211,44200,,23055629,,,,,,,9302,3,0,0,0
176906,73605408933740544,,0,4,,,1423,,20,20,43211,44200,,23055629,,,,,,,10973,3,0,0,0
176907,73605409429848064,,0,4,,,1423,,20,20,43211,44200,,23055629,,,,,,,9208,3,0,0,0
176908,73605410020327424,,0,4,,,1423,,20,20,43211,44200,,23055629,,,,,,,11394,3,0,0,0
176909,73605410184827720,,0,4,-1.0,19423.0,1423,489.0,20,20,43211,44200,,23055629,,,,,,,4167,1,45250,0,0
176910,73605410484977664,,0,4,,,1423,,20,20,43211,44200,,23055629,,,,,,,4557,3,0,0,0
176911,73605411046031360,,0,4,,,1423,,20,20,43211,44200,,23055629,,,,,,,10702,3,0,0,0
176912,73605411535388672,,0,4,,,1423,,20,20,43211,44200,,23055629,,,,,,,10349,3,0,0,0
176913,73605412086677504,,0,4,,,1423,,20,20,43211,44200,,23055629,,,,,,,9523,3,0,0,0
176914,73605412636786688,,0,4,,,1423,,20,20,43211,44200,,23055629,,,,,,,10484,3,0,0,0
176915,73605413144428544,,0,4,,,1423,,20,20,43211,44200,,23055629,,,,,,,9673,3,0,0,0
176916,73605413616353280,,0,4,,,1423,,20,20,43211,44200,,23055629,,,,,,,9004,3,0,0,0
176917,73605414361038848,,0,4,,,1423,,20,20,43211,44200,,23055629,,,,,,,14949,3,0,0,0
176918,73605414725681152,,0,4,,,1423,,20,20,43211,44200,,23055629,,,,,,,6421,3,0,0,0
176919,73605415103079425,,0,4,-1.0,19423.0,1423,489.0,20,20,43211,44200,,23055629,,,,,,,8286,1,45250,0,0
176920,73605415248199680,,0,4,,,1423,,20,20,43211,44200,,23055629,,,,,,,1629,3,0,0,0
176921,73605415380532006,,0,4,-1.0,19423.0,1423,489.0,20,20,43211,44200,,23055629,,,,,,,3935,1,45250,0,0
176922,73605415797719040,,0,4,,,1423,,20,20,43211,44200,,23055629,,,,,,,6489,3,0,0,0
176923,73605416348221440,,0,4,,,1423,,20,20,43211,44200,,23055629,,,,,,,10413,3,0,0,0
176924,73605416820146176,,0,4,,,1423,,20,20,43211,44200,,23055629,,,,,,,8991,3,0,0,0
176925,73605417370845184,,0,4,,,1423,,20,20,43211,44200,,23055629,,,,,,,10504,3,0,0,0
176926,73605417856794624,,0,4,,,1423,,20,20,43211,44200,,23055629,,,,,,,9255,3,0,0,0
176927,73605418400743424,,0,4,,,1423,,20,20,43211,44200,,23055629,,,,,,,10377,3,0,0,0
176928,73605418788429280,,0,4,-1.0,19423.0,1423,489.0,20,20,43211,44200,,23055629,,,,,,,8643,1,45250,0,0
176929,73605418953015296,,0,4,,,1423,,20,20,43211,44200,,23055629,,,,,,,1889,3,0,0,0
176930,73605419444207616,,0,4,,,1423,,20,20,43211,44200,,23055629,,,,,,,9374,3,0,0,0
176931,73605419963580416,,0,4,,,1423,,20,20,43211,44200,,23055629,,,,,,,10262,3,0,0,0
176932,73605420518014976,,0,4,,,1423,,20,20,43211,44200,,23055629,,,,,,,10295,3,0,0,0
176933,73605421068779520,,0,4,,,1423,,20,20,43211,44200,,23055629,,,,,,,10433,3,0,0,0
176934,73605421623672832,,0,4,,,1423,,20,20,43211,44200,,23055629,,,,,,,10613,3,0,0,0
176935,73605422135377920,,0,4,,,1423,,20,20,43211,44200,,23055629,,,,,,,9735,3,0,0,0
176936,73605422593224006,,0,4,-1.0,19423.0,1423,489.0,20,20,43211,44200,,23055629,,,,,,,10586,1,45250,0,0
176937,73605422686797824,,0,4,,,1423,,20,20,43211,44200,,23055629,,,,,,,339,3,0,0,0
176938,73605423347924992,,0,4,,,1423,,20,20,43211,44200,,23055629,,,,,,,12209,3,0,0,0
176939,73605423662432256,,0,4,,,1423,,20,20,43211,44200,,23055629,,,,,,,5991,3,0,0,0
176940,73605424240001024,,0,4,,,1423,,20,20,43211,44200,,23055629,,,,,,,11018,3,0,0,0
176941,73605424710746112,,0,4,,,1423,,20,20,43211,44200,,23055629,,,,,,,8982,3,0,0,0
176942,73605425261314048,,0,4,,,1423,,20,20,43211,44200,,23055629,,,,,,,10485,3,0,0,0
176943,73605425813848064,,0,4,,,1423,,20,20,43211,44200,,23055629,,,,,,,10556,3,0,0,0
176944,73605426287935488,,0,4,,,1423,,20,20,43211,44200,,23055629,,,,,,,9262,3,0,0,0
176945,73605426714313174,,0,4,-1.0,19423.0,1423,489.0,20,20,43211,44200,,23055629,,,,,,,9196,1,45250,0,0
176946,73605426838241280,,0,4,,,1423,,20,20,43211,44200,,23055629,,,,,,,1148,3,0,0,0
176947,73605427329302528,,0,4,,,1423,,20,20,43211,44200,,23055629,,,,,,,9280,3,0,0,0
176948,73605427958513664,,0,4,,,1423,,20,20,43211,44200,,23055629,,,,,,,12002,3,0,0,0
176949,73605428442300416,,0,4,,,1423,,20,20,43211,44200,,23055629,,,,,,,9240,3,0,0,0
176950,73605428992933888,,0,4,,,1423,,20,20,43211,44200,,23055629,,,,,,,12848,3,0,0,0
176951,73605429512175616,,0,4,,,1423,,20,20,43211,44200,,23055629,,,,,,,7556,3,0,0,0
176952,73605430051340288,,0,4,,,1423,,20,20,43211,44200,,23055629,,,,,,,10788,3,0,0,0
176953,73605431034183680,,0,4,,,1423,,20,20,43211,44200,,23055629,,,,,,,19781,3,0,0,0
176954,73605431197665893,,0,4,-1.0,19423.0,1423,489.0,20,20,43211,44200,,23055629,,,,,,,2827,1,45250,0,0
176955,73605431602315264,,0,4,,,1423,,20,20,43211,44200,,23055629,,,,,,,6462,3,0,0,0
176956,73605432074960896,,0,4,,,1423,,20,20,43211,44200,,23055629,,,,,,,9032,3,0,0,0
176957,73605432646303744,,0,4,,,1423,,20,20,43211,44200,,23055629,,,,,,,10893,3,0,0,0
176958,73605433118228480,,0,4,,,1423,,20,20,43211,44200,,23055629,,,,,,,8991,3,0,0,0
176959,73605433670434816,,0,4,,,1423,,20,20,43211,44200,,23055629,,,,,,,10529,3,0,0,0
176960,73605434345914368,,0,4,,,1423,,20,20,43211,44200,,23055629,,,,,,,13213,3,0,0,0
176961,73605434783891456,,0,4,,,1423,,20,20,43211,44200,,23055629,,,,,,,8036,3,0,0,0
176962,73605435275608064,,0,4,,,1423,,20,20,43211,44200,,23055629,,,,,,,9371,3,0,0,0
176963,73605435459848058,,0,4,-1.0,19423.0,1423,489.0,20,20,43211,44200,,23055629,,,,,,,4765,1,45250,0,0
176964,73605435738030080,,0,4,,,1423,,20,20,43211,44200,,23055629,,,,,,,6085,3,0,0,0
176965,73605436325625856,,0,4,,,1423,,20,20,43211,44200,,23055629,,,,,,,9184,3,0,0,0
176966,73605436797616128,,0,4,,,1423,,20,20,43211,44200,,23055629,,,,,,,9017,3,0,0,0
176967,73605437521264640,,0,4,,,1423,,20,20,43211,44200,,23055629,,,,,,,14130,3,0,0,0
176968,73605437834788864,,0,4,,,1423,,20,20,43211,44200,,23055629,,,,,,,5667,3,0,0,0
176969,73605438396039168,,0,4,,,1423,,20,20,43211,44200,,23055629,,,,,,,10673,3,0,0,0
176970,73605438888607744,,0,4,,,1423,,20,20,43211,44200,,23055629,,,,,,,9393,3,0,0,0
176971,73605439288227830,,0,4,-1.0,19423.0,1423,489.0,20,20,43211,44200,,23055629,,,,,,,8801,1,45250,0,0
176972,73605439464931328,,0,4,,,1423,,20,20,43211,44200,,23055629,,,,,,,2188,3,0,0,0
176973,73605440002392064,,0,4,,,1423,,20,20,43211,44200,,23055629,,,,,,,10781,3,0,0,0
176974,73605440483491840,,0,4,,,1423,,20,20,43211,44200,,23055629,,,,,,,8773,3,0,0,0
176975,73605441034125312,,0,4,,,1423,,20,20,43211,44200,,23055629,,,,,,,10388,3,0,0,0
176976,73605441506115584,,0,4,,,1423,,20,20,43211,44200,,23055629,,,,,,,9013,3,0,0,0
176977,73605442056683520,,0,4,,,1423,,20,20,43211,44200,,23055629,,,,,,,10482,3,0,0,0
176978,73605442573041664,,0,4,,,1423,,20,20,43211,44200,,23055629,,,,,,,9863,3,0,0,0
176979,73605443141894144,,0,4,,,1423,,20,20,43211,44200,,23055629,,,,,,,10833,3,0,0,0
176980,73605443695214592,,0,4,,,1423,,20,20,43211,44200,,23055629,,,,,,,10845,3,0,0,0
176981,73605445425299456,,0,4,,,1423,,20,20,43211,44200,,23055629,,,,,,,34109,3,0,0,0
176982,73605445565428790,,0,4,-1.0,19423.0,1423,489.0,20,20,43211,44200,,23055629,,,,,,,2678,1,45250,0,0
176983,73605445939494912,,0,4,,,1423,,20,20,43211,44200,,23055629,,,,,,,5726,3,0,0,0
176984,73605446515032064,,0,4,,,1423,,20,20,43211,44200,,23055629,,,,,,,10978,3,0,0,0
176985,73605446987808768,,0,4,,,1423,,20,20,43211,44200,,23055629,,,,,,,9456,3,0,0,0
176986,73605447538900992,,0,4,,,1423,,20,20,43211,44200,,23055629,,,,,,,10077,3,0,0,0
176987,73605448020721664,,0,4,,,1423,,20,20,43211,44200,,23055629,,,,,,,9219,3,0,0,0
176988,73605448571617280,,0,4,,,1423,,20,20,43211,44200,,23055629,,,,,,,12015,3,0,0,0
176989,73605449131556864,,0,4,,,1423,,20,20,43211,44200,,23055629,,,,,,,9151,3,0,0,0
176990,73605449609445376,,0,4,,,1423,,20,20,43211,44200,,23055629,,,,,,,9124,3,0,0,0
176991,73605450065032205,,0,4,-1.0,19423.0,1423,489.0,20,20,43211,44200,,23055629,,,,,,,9929,1,45250,0,0
176992,73605450159751168,,0,4,,,1423,,20,20,43211,44200,,23055629,,,,,,,549,3,0,0,0
176993,73605450716938240,,0,4,,,1423,,20,20,43211,44200,,23055629,,,,,,,10662,3,0,0,0
176994,73605451219337216,,0,4,,,1423,,20,20,43211,44200,,23055629,,,,,,,9555,3,0,0,0
176995,73605451716493312,,0,4,,,1423,,20,20,43211,44200,,23055629,,,,,,,9548,3,0,0,0
176996,73605452268699648,,0,4,,,1423,,20,20,43211,44200,,23055629,,,,,,,10469,3,0,0,0
176997,73605452780077056,,0,4,,,1423,,20,20,43211,44200,,23055629,,,,,,,9741,3,0,0,0
176998,73605452838712925,,0,4,-1.0,19423.0,1423,489.0,20,20,43211,44200,,23055629,,,,,,,2378,1,45250,0,0
176999,73605453381107712,,0,4,,,1423,,20,20,43211,44200,,23055629,,,,,,,10617,3,0,0,0
177000,73605453882458112,,0,4,,,1423,,20,20,43211,44200,,23055629,,,,,,,8264,3,0,0,0
177001,73605454354382848,,0,4,,,1423,,20,20,43211,44200,,23055629,,,,,,,10832,3,0,0,0
177002,73605454862090240,,0,4,,,1423,,20,20,43211,44200,,23055629,,,,,,,7661,3,0,0,0
177003,73605455494381568,,0,4,,,1423,,20,20,43211,44200,,23055629,,,,,,,12026,3,0,0,0
177004,73605455911911424,,0,4,,,1423,,20,20,43211,44200,,23055629,,,,,,,7957,3,0,0,0
177005,73605456483778560,,0,4,,,1423,,20,20,43211,44200,,23055629,,,,,,,11198,3,0,0,0
177006,73605456958717952,,0,4,,,1423,,20,20,43211,44200,,23055629,,,,,,,8851,3,0,0,0
177007,73605457547100160,,0,4,,,1423,,20,20,43211,44200,,23055629,,,,,,,12572,3,0,0,0
177008,73605457767865570,,0,4,-1.0,19423.0,1423,489.0,20,20,43211,44200,,23055629,,,,,,,3967,1,45250,0,0
177009,73605458022367232,,0,4,,,1423,,20,20,43211,44200,,23055629,,,,,,,3671,3,0,0,0
177010,73605458548948992,,0,4,,,1423,,20,20,43211,44200,,23055629,,,,,,,11925,3,0,0,0
177011,73605459084050432,,0,4,,,1423,,20,20,43211,44200,,23055629,,,,,,,8328,3,0,0,0
177012,73605459569934336,,0,4,,,1423,,20,20,43211,44200,,23055629,,,,,,,9258,3,0,0,0
177013,73605460120698880,,0,4,,,1423,,20,20,43211,44200,,23055629,,,,,,,10507,3,0,0,0
177014,73605460671463424,,0,4,,,1423,,20,20,43211,44200,,23055629,,,,,,,10506,3,0,0,0
177015,73605461144698880,,0,4,,,1423,,20,20,43211,44200,,23055629,,,,,,,9030,3,0,0,0
177016,73605461707849728,,0,4,,,1423,,20,20,43211,44200,,23055629,,,,,,,10736,3,0,0,0
177017,73605461969347474,,0,4,-1.0,19423.0,1423,489.0,20,20,43211,44200,,23055629,,,,,,,6243,1,45250,0,0
177018,73605462249439232,,0,4,,,1423,,20,20,43211,44200,,23055629,,,,,,,4086,3,0,0,0
177019,73605462655191528,,0,4,-1.0,19423.0,1423,489.0,20,20,43211,44200,,23055629,,,,,,,9180,1,45250,0,0
177020,73605462731456512,,0,4,,,1423,,20,20,43211,44200,,23055629,,,,,,,63,3,0,0,0
177021,73605463275732992,,0,4,,,1423,,20,20,43211,44200,,23055629,,,,,,,10343,3,0,0,0
177022,73605463827415040,,0,4,,,1423,,20,20,43211,44200,,23055629,,,,,,,10522,3,0,0,0
177023,73605464298029056,,0,4,,,1423,,20,20,43211,44200,,23055629,,,,,,,8970,3,0,0,0
177024,73605464875728896,,0,4,,,1423,,20,20,43211,44200,,23055629,,,,,,,11015,3,0,0,0
177025,73605465348112384,,0,4,,,1423,,20,20,43211,44200,,23055629,,,,,,,9028,3,0,0,0
177026,73605465898418176,,0,4,,,1423,,20,20,43211,44200,,23055629,,,,,,,10502,3,0,0,0
177027,73605466465763328,,0,4,,,1423,,20,20,43211,44200,,23055629,,,,,,,10808,3,0,0,0
177028,73605468614520917,,0,4,-1.0,19423.0,1423,489.0,20,20,43211,44200,,23055629,,,,,,,208303,1,45250,0,0
177029,73605469685580393,,0,4,-1.0,19423.0,1423,489.0,20,20,43211,44200,,23055629,,,,,,,165,1,45250,0,0
177030,73605470224034094,,0,4,-1.0,19423.0,1423,489.0,20,20,43211,44200,,23055629,,,,,,,36,1,45250,0,0
177031,73605470763660235,,0,4,-1.0,19423.0,1423,489.0,20,20,43211,44200,,23055629,,,,,,,48,1,45250,0,0
177032,73605476900798464,,0,4,,,1423,,20,20,43211,44200,,23055629,,,,,,,1,3,0,0,0
177033,73605477061827540,,0,4,-1.0,19423.0,1423,489.0,20,20,43211,44200,,23055629,,,,,,,5009,1,45250,0,0
177034,73605477303123968,,0,4,,,1423,,20,20,43211,44200,,23055629,,,,,,,5040,3,0,0,0
177035,73605477417549824,,0,4,,,1423,,20,20,43211,44200,,23055629,,,,,,,15568,3,0,0,0
177036,73605478005866496,,0,4,,,1423,,20,20,43211,44200,,23055629,,,,,,,618,3,0,0,0
177037,73605478167423683,,0,4,-1.0,19423.0,1423,489.0,20,20,43211,44200,,23055629,,,,,,,7,1,45250,0,0
177038,73605478810845184,,0,4,,,1423,,20,20,43211,44200,,23055629,,,,,,,11131,3,0,0,0
177039,73605479338737664,,0,4,,,1423,,20,20,43211,44200,,23055629,,,,,,,947,3,0,0,0
177040,73605479504412672,,0,4,,,1423,,20,20,43211,44200,,23055629,,,,,,,4051,3,0,0,0
177041,73605480057667584,,0,4,,,1423,,20,20,43211,44200,,23055629,,,,,,,8650,3,0,0,0
177042,73605480331717713,,0,4,-1.0,19423.0,1423,489.0,20,20,43211,44200,,23055629,,,,,,,6130,1,45250,0,0
177043,73605480609611776,,0,4,,,1423,,20,20,43211,44200,,23055629,,,,,,,6457,3,0,0,0
177044,73605481083568128,,0,4,,,1423,,20,20,43211,44200,,23055629,,,,,,,7610,3,0,0,0
177045,73605481668673536,,0,4,,,1423,,20,20,43211,44200,,23055629,,,,,,,10191,3,0,0,0
177046,73605482140663808,,0,4,,,1423,,20,20,43211,44200,,23055629,,,,,,,9003,3,0,0,0
177047,73605482656956416,,0,4,,,1423,,20,20,43211,44200,,23055629,,,,,,,9853,3,0,0,0
177048,73605483239374848,,0,4,,,1423,,20,20,43211,44200,,23055629,,,,,,,11105,3,0,0,0
177049,73605483711365120,,0,4,,,1423,,20,20,43211,44200,,23055629,,,,,,,9022,3,0,0,0
177050,73605484262850560,,0,4,,,1423,,20,20,43211,44200,,23055629,,,,,,,10515,3,0,0,0
177051,73605484778356736,,0,4,,,1423,,20,20,43211,44200,,23055629,,,,,,,9874,3,0,0,0
177052,73605485148878656,,0,4,-1.0,19423.0,1423,489.0,20,20,43211,44200,,23055629,,,,,,,8353,1,45250,0,0
177053,73605485333053440,,0,4,,,1423,,20,20,43211,44200,,23055629,,,,,,,2168,3,0,0,0
177054,73605485823983616,,0,4,,,1423,,20,20,43211,44200,,23055629,,,,,,,9362,3,0,0,0
177055,73605486430519296,,0,4,,,1423,,20,20,43211,44200,,23055629,,,,,,,11868,3,0,0,0
177056,73605486885404672,,0,4,,,1423,,20,20,43211,44200,,23055629,,,,,,,8596,3,0,0,0
177057,73605487435972608,,0,4,,,1423,,20,20,43211,44200,,23055629,,,,,,,10286,3,0,0,0
177058,73605487933128704,,0,4,,,1423,,20,20,43211,44200,,23055629,,,,,,,9511,3,0,0,0
177059,73605488484417536,,0,4,,,1423,,20,20,43211,44200,,23055629,,,,,,,10493,3,0,0,0
177060,73605488975413248,,0,4,,,1423,,20,20,43211,44200,,23055629,,,,,,,10309,3,0,0,0
177061,73605489609539584,,0,4,,,1423,,20,20,43211,44200,,23055629,,,,,,,11159,3,0,0,0
177062,73605490080546816,,0,4,,,1423,,20,20,43211,44200,,23055629,,,,,,,9077,3,0,0,0
177063,73605490575671296,,0,4,,,1423,,20,20,43211,44200,,23055629,,,,,,,12521,3,0,0,0
177064,73605490707420124,,0,4,-1.0,19423.0,1423,489.0,20,20,43211,44200,,23055629,,,,,,,1630,1,45250,0,0
177065,73605491094126592,,0,4,,,1423,,20,20,43211,44200,,23055629,,,,,,,5082,3,0,0,0
177066,73605491582828544,,0,4,,,1423,,20,20,43211,44200,,23055629,,,,,,,9324,3,0,0,0
177067,73605492133265408,,0,4,,,1423,,20,20,43211,44200,,23055629,,,,,,,10514,3,0,0,0
177068,73605492683898880,,0,4,,,1423,,20,20,43211,44200,,23055629,,,,,,,10482,3,0,0,0
177069,73605493165457408,,0,4,,,1423,,20,20,43211,44200,,23055629,,,,,,,9178,3,0,0,0
177070,73605493773369344,,0,4,,,1423,,20,20,43211,44200,,23055629,,,,,,,11730,3,0,0,0
177071,73605494248046592,,0,4,,,1423,,20,20,43211,44200,,23055629,,,,,,,8944,3,0,0,0
177072,73605494720036864,,0,4,,,1423,,20,20,43211,44200,,23055629,,,,,,,8997,3,0,0,0
177073,73605495293607936,,0,4,,,1423,,20,20,43211,44200,,23055629,,,,,,,11147,3,0,0,0
177074,73605495783817216,,0,4,,,1423,,20,20,43211,44200,,23055629,,,,,,,9150,3,0,0,0
177075,73605495827795121,,0,4,-1.0,19423.0,1423,489.0,20,20,43211,44200,,23055629,,,,,,,2117,1,45250,0,0
177076,73605496096725333,,0,4,-1.0,19423.0,1423,489.0,20,20,43211,44200,,23055629,,,,,,,6270,1,45250,0,0
177077,73605496439767040,,0,4,,,1423,,20,20,43211,44200,,23055629,,,,,,,5921,3,0,0,0
177078,73605496665836250,,0,4,-1.0,19423.0,1423,489.0,20,20,43211,44200,,23055629,,,,,,,9568,1,45250,0,0
177079,73605496851660800,,0,4,,,1423,,20,20,43211,44200,,23055629,,,,,,,374,3,0,0,0
177080,73605497542606848,,0,4,,,1423,,20,20,43211,44200,,23055629,,,,,,,12319,3,0,0,0
177081,73605498088718336,,0,4,,,1423,,20,20,43211,44200,,23055629,,,,,,,9284,3,0,0,0
177082,73605498374651904,,0,4,,,1423,,20,20,43211,44200,,23055629,,,,,,,3538,3,0,0,0
177083,73605498934919168,,0,4,,,1423,,20,20,43211,44200,,23055629,,,,,,,10685,3,0,0,0
177084,73605499689762816,,0,4,,,1423,,20,20,43211,44200,,23055629,,,,,,,14401,3,0,0,0
177085,73605500161884160,,0,4,,,1423,,20,20,43211,44200,,23055629,,,,,,,9000,3,0,0,0
177086,73605500101284617,,0,4,-1.0,19423.0,1423,489.0,20,20,43211,44200,,23055629,,,,,,,445,1,45250,0,0
177087,73605500745940992,,0,4,,,1423,,20,20,43211,44200,,23055629,,,,,,,15281,3,0,0,0
177088,73605501529817088,,0,4,,,1423,,20,20,43211,44200,,23055629,,,,,,,14264,3,0,0,0
177089,73605501819879424,,0,4,,,1423,,20,20,43211,44200,,23055629,,,,,,,1630,3,0,0,0
177090,73605502325620736,,0,4,,,1423,,20,20,43211,44200,,23055629,,,,,,,7271,3,0,0,0
177091,73605502810652672,,0,4,,,1423,,20,20,43211,44200,,23055629,,,,,,,9266,3,0,0,0
177092,73605503361351680,,0,4,,,1423,,20,20,43211,44200,,23055629,,,,,,,10500,3,0,0,0
177093,73605503864209408,,0,4,,,1423,,20,20,43211,44200,,23055629,,,,,,,9575,3,0,0,0
177094,73605504420413440,,0,4,,,1423,,20,20,43211,44200,,23055629,,,,,,,10615,3,0,0,0
177095,73605504593627094,,0,4,-1.0,19423.0,1423,489.0,20,20,43211,44200,,23055629,,,,,,,4495,1,45250,0,0
177096,73605504892534784,,0,4,,,1423,,20,20,43211,44200,,23055629,,,,,,,4525,3,0,0,0
177097,73605505534459904,,0,4,,,1423,,20,20,43211,44200,,23055629,,,,,,,13033,3,0,0,0
177098,73605506006908928,,0,4,,,1423,,20,20,43211,44200,,23055629,,,,,,,8202,3,0,0,0
177099,73605506480340992,,0,4,,,1423,,20,20,43211,44200,,23055629,,,,,,,9032,3,0,0,0
177100,73605507040804864,,0,4,,,1423,,20,20,43211,44200,,23055629,,,,,,,10721,3,0,0,0
177101,73605507513516032,,0,4,,,1423,,20,20,43211,44200,,23055629,,,,,,,9001,3,0,0,0
177102,73605508095737856,,0,4,,,1423,,20,20,43211,44200,,23055629,,,,,,,11391,3,0,0,0
177103,73605508688117760,,0,4,,,1423,,20,20,43211,44200,,23055629,,,,,,,11666,3,0,0,0
177104,73605508833519166,,0,4,-1.0,19423.0,1423,489.0,20,20,43211,44200,,23055629,,,,,,,3515,1,45250,0,0
177105,73605509168693248,,0,4,,,1423,,20,20,43211,44200,,23055629,,,,,,,4980,3,0,0,0
177106,73605509749473280,,0,4,,,1423,,20,20,43211,44200,,23055629,,,,,,,11079,3,0,0,0
177107,73605510221856768,,0,4,,,1423,,20,20,43211,44200,,23055629,,,,,,,9010,3,0,0,0
177108,73605510771834880,,0,4,,,1423,,20,20,43211,44200,,23055629,,,,,,,10494,3,0,0,0
177109,73605511259357184,,0,4,,,1423,,20,20,43211,44200,,23055629,,,,,,,9338,3,0,0,0
177110,73605511216378928,,0,4,-1.0,19423.0,1423,489.0,20,20,43211,44200,,23055629,,,,,,,418,1,45250,0,0
177111,73605511777615872,,0,4,,,1423,,20,20,43211,44200,,23055629,,,,,,,9423,3,0,0,0
177112,73605512328249344,,0,4,,,1423,,20,20,43211,44200,,23055629,,,,,,,10515,3,0,0,0
177113,73605512878882816,,0,4,,,1423,,20,20,43211,44200,,23055629,,,,,,,10510,3,0,0,0
177114,73605513351397376,,0,4,,,1423,,20,20,43211,44200,,23055629,,,,,,,9035,3,0,0,0
177115,73605513902030848,,0,4,,,1423,,20,20,43211,44200,,23055629,,,,,,,10489,3,0,0,0
177116,73605514452664320,,0,4,,,1423,,20,20,43211,44200,,23055629,,,,,,,10477,3,0,0,0
177117,73605515189878784,,0,4,,,1423,,20,20,43211,44200,,23055629,,,,,,,16619,3,0,0,0
177118,73605515452907721,,0,4,-1.0,19423.0,1423,489.0,20,20,43211,44200,,23055629,,,,,,,3555,1,45250,0,0
177119,73605515701780480,,0,4,,,1423,,20,20,43211,44200,,23055629,,,,,,,3779,3,0,0,0
177120,73605516252282880,,0,4,,,1423,,20,20,43211,44200,,23055629,,,,,,,10371,3,0,0,0
177121,73605516724273152,,0,4,,,1423,,20,20,43211,44200,,23055629,,,,,,,9025,3,0,0,0
177122,73605517276282880,,0,4,,,1423,,20,20,43211,44200,,23055629,,,,,,,10525,3,0,0,0
177123,73605517804765184,,0,4,,,1423,,20,20,43211,44200,,23055629,,,,,,,10140,3,0,0,0
177124,73605518279704576,,0,4,,,1423,,20,20,43211,44200,,23055629,,,,,,,9011,3,0,0,0
177125,73605518628114568,,0,4,-1.0,19423.0,1423,489.0,20,20,43211,44200,,23055629,,,,,,,7854,1,45250,0,0
177126,73605518831190016,,0,4,,,1423,,20,20,43211,44200,,23055629,,,,,,,2632,3,0,0,0
177127,73605519383330816,,0,4,,,1423,,20,20,43211,44200,,23055629,,,,,,,10555,3,0,0,0
177128,73605519856041984,,0,4,,,1423,,20,20,43211,44200,,23055629,,,,,,,8993,3,0,0,0
177129,73605520406740992,,0,4,,,1423,,20,20,43211,44200,,23055629,,,,,,,10526,3,0,0,0
177130,73605520955867136,,0,4,,,1423,,20,20,43211,44200,,23055629,,,,,,,10794,3,0,0,0
177131,73605521507942400,,0,4,,,1423,,20,20,43211,44200,,23055629,,,,,,,10187,3,0,0,0
177132,73605522058510336,,0,4,,,1423,,20,20,43211,44200,,23055629,,,,,,,10506,3,0,0,0
177133,73605522533122048,,0,4,,,1423,,20,20,43211,44200,,23055629,,,,,,,9060,3,0,0,0
177134,73605522791040011,,0,4,-1.0,19423.0,1423,489.0,20,20,43211,44200,,23055629,,,,,,,6114,1,45250,0,0
177135,73605523086573568,,0,4,,,1423,,20,20,43211,44200,,23055629,,,,,,,4428,3,0,0,0
177136,73605523369521523,,0,4,-1.0,19423.0,1423,489.0,20,20,43211,44200,,23055629,,,,,,,7565,1,45250,0,0
177137,73605523574226944,,0,4,,,1423,,20,20,43211,44200,,23055629,,,,,,,2971,3,0,0,0
177138,73605524127154176,,0,4,,,1423,,20,20,43211,44200,,23055629,,,,,,,9312,3,0,0,0
177139,73605524678377472,,0,4,,,1423,,20,20,43211,44200,,23055629,,,,,,,10513,3,0,0,0
177140,73605525150433280,,0,4,,,1423,,20,20,43211,44200,,23055629,,,,,,,9015,3,0,0,0
177141,73605525710962688,,0,4,,,1423,,20,20,43211,44200,,23055629,,,,,,,10685,3,0,0,0
177142,73605526182887424,,0,4,,,1423,,20,20,43211,44200,,23055629,,,,,,,9003,3,0,0,0
177143,73605526733586432,,0,4,,,1423,,20,20,43211,44200,,23055629,,,,,,,10497,3,0,0,0
177144,73605527284154368,,0,4,,,1423,,20,20,43211,44200,,23055629,,,,,,,10502,3,0,0,0
177145,73605527668683046,,0,4,-1.0,19423.0,1423,489.0,20,20,43211,44200,,23055629,,,,,,,9667,1,45250,0,0
177146,73605527956750336,,0,4,,,1423,,20,20,43211,44200,,23055629,,,,,,,7145,3,0,0,0
177147,73605527950565428,,0,4,-1.0,19423.0,1423,489.0,20,20,43211,44200,,23055629,,,,,,,83,1,45250,0,0
177148,73605528392695808,,0,4,,,1423,,20,20,43211,44200,,23055629,,,,,,,9554,3,0,0,0
177149,73605528843517952,,0,4,,,1423,,20,20,43211,44200,,23055629,,,,,,,3301,3,0,0,0
177150,73605529394020352,,0,4,,,1423,,20,20,43211,44200,,23055629,,,,,,,10507,3,0,0,0
177151,73605529919881216,,0,4,,,1423,,20,20,43211,44200,,23055629,,,,,,,10024,3,0,0,0
177152,73605530470449152,,0,4,,,1423,,20,20,43211,44200,,23055629,,,,,,,10509,3,0,0,0
177153,73605530942439424,,0,4,,,1423,,20,20,43211,44200,,23055629,,,,,,,8988,3,0,0,0
177154,73605531526496256,,0,4,,,1423,,20,20,43211,44200,,23055629,,,,,,,11159,3,0,0,0
177155,73605532052750336,,0,4,,,1423,,20,20,43211,44200,,23055629,,,,,,,10040,3,0,0,0
177156,73605532525723648,,0,4,,,1423,,20,20,43211,44200,,23055629,,,,,,,9001,3,0,0,0
177157,73605533110566912,,0,4,,,1423,,20,20,43211,44200,,23055629,,,,,,,11294,3,0,0,0
177158,73605533140531457,,0,4,-1.0,19423.0,1423,489.0,20,20,43211,44200,,23055629,,,,,,,2462,1,45250,0,0
177159,73605533617356800,,0,4,,,1423,,20,20,43211,44200,,23055629,,,,,,,7106,3,0,0,0
177160,73605534246240256,,0,4,,,1423,,20,20,43211,44200,,23055629,,,,,,,11972,3,0,0,0
177161,73605534796873728,,0,4,,,1423,,20,20,43211,44200,,23055629,,,,,,,10481,3,0,0,0
177162,73605535268864000,,0,4,,,1423,,20,20,43211,44200,,23055629,,,,,,,9734,3,0,0,0
177163,73605535775195136,,0,4,,,1423,,20,20,43211,44200,,23055629,,,,,,,8941,3,0,0,0
177164,73605536327663616,,0,4,,,1423,,20,20,43211,44200,,23055629,,,,,,,10533,3,0,0,0
177165,73605536591794207,,0,4,-1.0,19423.0,1423,489.0,20,20,43211,44200,,23055629,,,,,,,6369,1,45250,0,0
177166,73605536880394240,,0,4,,,1423,,20,20,43211,44200,,23055629,,,,,,,4169,3,0,0,0
177167,73605537880539136,,0,4,,,1423,,20,20,43211,44200,,23055629,,,,,,,8924,3,0,0,0
177168,73605538431303680,,0,4,,,1423,,20,20,43211,44200,,23055629,,,,,,,10960,3,0,0,0
177169,73605538981937152,,0,4,,,1423,,20,20,43211,44200,,23055629,,,,,,,10037,3,0,0,0
177170,73605539453927424,,0,4,,,1423,,20,20,43211,44200,,23055629,,,,,,,9007,3,0,0,0
177171,73605539980509184,,0,4,,,1423,,20,20,43211,44200,,23055629,,,,,,,10024,3,0,0,0
177172,73605540612014080,,0,4,,,1423,,20,20,43211,44200,,23055629,,,,,,,12112,3,0,0,0
177173,73605540999967763,,0,4,-1.0,19423.0,1423,489.0,20,20,43211,44200,,23055629,,,,,,,8510,1,45250,0,0
177174,73605541194039296,,0,4,,,1423,,20,20,43211,44200,,23055629,,,,,,,6949,3,0,0,0
177175,73605541351236177,,0,4,-1.0,19423.0,1423,489.0,20,20,43211,44200,,23055629,,,,,,,919,1,45250,0,0
177176,73605541645516800,,0,4,,,1423,,20,20,43211,44200,,23055629,,,,,,,4168,3,0,0,0
177177,73605542203162624,,0,4,,,1423,,20,20,43211,44200,,23055629,,,,,,,9743,3,0,0,0
177178,73605542753730560,,0,4,,,1423,,20,20,43211,44200,,23055629,,,,,,,10500,3,0,0,0
177179,73605543225655296,,0,4,,,1423,,20,20,43211,44200,,23055629,,,,,,,9023,3,0,0,0
177180,73605543776288768,,0,4,,,1423,,20,20,43211,44200,,23055629,,,,,,,10566,3,0,0,0
177181,73605544329019392,,0,4,,,1423,,20,20,43211,44200,,23055629,,,,,,,10457,3,0,0,0
177182,73605544811495424,,0,4,,,1423,,20,20,43211,44200,,23055629,,,,,,,9216,3,0,0,0
177183,73605545301901312,,0,4,,,1423,,20,20,43211,44200,,23055629,,,,,,,9403,3,0,0,0
177184,73605545322494016,,0,4,-1.0,19423.0,1423,489.0,20,20,43211,44200,,23055629,,,,,,,2818,1,45250,0,0
177185,73605545851092992,,0,4,,,1423,,20,20,43211,44200,,23055629,,,,,,,7586,3,0,0,0
177186,73605546401464320,,0,4,,,1423,,20,20,43211,44200,,23055629,,,,,,,10499,3,0,0,0
177187,73605546952294400,,0,4,,,1423,,20,20,43211,44200,,23055629,,,,,,,10506,3,0,0,0
177188,73605547427037184,,0,4,,,1423,,20,20,43211,44200,,23055629,,,,,,,9055,3,0,0,0
177189,73605547979177984,,0,4,,,1423,,20,20,43211,44200,,23055629,,,,,,,10620,3,0,0,0
177190,73605548529680384,,0,4,,,1423,,20,20,43211,44200,,23055629,,,,,,,10418,3,0,0,0
177191,73605549001801728,,0,4,,,1423,,20,20,43211,44200,,23055629,,,,,,,9000,3,0,0,0
177192,73605549320927210,,0,4,-1.0,19423.0,1423,489.0,20,20,43211,44200,,23055629,,,,,,,7345,1,45250,0,0
177193,73605549557415936,,0,4,,,1423,,20,20,43211,44200,,23055629,,,,,,,3256,3,0,0,0
177194,73605550109556736,,0,4,,,1423,,20,20,43211,44200,,23055629,,,,,,,10577,3,0,0,0
177195,73605550581153792,,0,4,,,1423,,20,20,43211,44200,,23055629,,,,,,,8963,3,0,0,0
177196,73605551131787264,,0,4,,,1423,,20,20,43211,44200,,23055629,,,,,,,10801,3,0,0,0
177197,73605551685763072,,0,4,,,1423,,20,20,43211,44200,,23055629,,,,,,,10304,3,0,0,0
177198,73605552204677120,,0,4,,,1423,,20,20,43211,44200,,23055629,,,,,,,9843,3,0,0,0
177199,73605552681910272,,0,4,,,1423,,20,20,43211,44200,,23055629,,,,,,,9124,3,0,0,0
177200,73605553235361792,,0,4,,,1423,,20,20,43211,44200,,23055629,,,,,,,12181,3,0,0,0
177201,73605553746739200,,0,4,,,1423,,20,20,43211,44200,,23055629,,,,,,,8188,3,0,0,0
177202,73605553844624282,,0,4,-1.0,19423.0,1423,489.0,20,20,43211,44200,,23055629,,,,,,,3045,1,45250,0,0
177203,73605554307334144,,0,4,,,1423,,20,20,43211,44200,,23055629,,,,,,,7566,3,0,0,0
177204,73605554861047808,,0,4,,,1423,,20,20,43211,44200,,23055629,,,,,,,10568,3,0,0,0
177205,73605555332972544,,0,4,,,1423,,20,20,43211,44200,,23055629,,,,,,,8998,3,0,0,0
177206,73605555898220544,,0,4,,,1423,,20,20,43211,44200,,23055629,,,,,,,10785,3,0,0,0
177207,73605556370210816,,0,4,,,1423,,20,20,43211,44200,,23055629,,,,,,,9000,3,0,0,0
177208,73605556920844288,,0,4,,,1423,,20,20,43211,44200,,23055629,,,,,,,12243,3,0,0,0
177209,73605556966204015,,0,4,-1.0,19423.0,1423,489.0,20,20,43211,44200,,23055629,,,,,,,890,1,45250,0,0
177210,73605557491204096,,0,4,,,1423,,20,20,43211,44200,,23055629,,,,,,,8878,3,0,0,0
177211,73605557984559104,,0,4,,,1423,,20,20,43211,44200,,23055629,,,,,,,8794,3,0,0,0
177212,73605558482305024,,0,4,,,1423,,20,20,43211,44200,,23055629,,,,,,,9479,3,0,0,0
177213,73605559038181376,,0,4,,,1423,,20,20,43211,44200,,23055629,,,,,,,10612,3,0,0,0
177214,73605559592222720,,0,4,,,1423,,20,20,43211,44200,,23055629,,,,,,,10582,3,0,0,0
177215,73605560068341760,,0,4,,,1423,,20,20,43211,44200,,23055629,,,,,,,9061,3,0,0,0
177216,73605560364318377,,0,4,-1.0,19423.0,1423,489.0,20,20,43211,44200,,23055629,,,,,,,6794,1,45250,0,0
177217,73605560619106304,,0,4,,,1423,,20,20,43211,44200,,23055629,,,,,,,3706,3,0,0,0
177218,73605561215221760,,0,4,,,1423,,20,20,43211,44200,,23055629,,,,,,,11845,3,0,0,0
177219,73605561686818816,,0,4,,,1423,,20,20,43211,44200,,23055629,,,,,,,8518,3,0,0,0
177220,73605562247610368,,0,4,,,1423,,20,20,43211,44200,,23055629,,,,,,,11574,3,0,0,0
177221,73605562720911360,,0,4,,,1423,,20,20,43211,44200,,23055629,,,,,,,8152,3,0,0,0
177222,73605563279736832,,0,4,,,1423,,20,20,43211,44200,,23055629,,,,,,,10671,3,0,0,0
177223,73605563751792640,,0,4,,,1423,,20,20,43211,44200,,23055629,,,,,,,9029,3,0,0,0
177224,73605564855156736,,0,4,,,1423,,20,20,43211,44200,,23055629,,,,,,,23163,3,0,0,0
177225,73605564992003247,,0,4,-1.0,19423.0,1423,489.0,20,20,43211,44200,,23055629,,,,,,,2736,1,45250,0,0
177226,73605565406052352,,0,4,,,1423,,20,20,43211,44200,,23055629,,,,,,,5627,3,0,0,0
177227,73605565956554752,,0,4,,,1423,,20,20,43211,44200,,23055629,,,,,,,10501,3,0,0,0
177228,73605566412423168,,0,4,,,1423,,20,20,43211,44200,,23055629,,,,,,,8783,3,0,0,0
177229,73605566963056640,,0,4,,,1423,,20,20,43211,44200,,23055629,,,,,,,10410,3,0,0,0
177230,73605567518801920,,0,4,,,1423,,20,20,43211,44200,,23055629,,,,,,,10594,3,0,0,0
177231,73605567987187712,,0,4,,,1423,,20,20,43211,44200,,23055629,,,,,,,8941,3,0,0,0
177232,73605568587956224,,0,4,,,1423,,20,20,43211,44200,,23055629,,,,,,,11449,3,0,0,0
177233,73605569060274176,,0,4,,,1423,,20,20,43211,44200,,23055629,,,,,,,9846,3,0,0,0
177234,73605569242342773,,0,4,-1.0,19423.0,1423,489.0,20,20,43211,44200,,23055629,,,,,,,3894,1,45250,0,0
177235,73605569620279296,,0,4,,,1423,,20,20,43211,44200,,23055629,,,,,,,10105,3,0,0,0
177236,73605570142142464,,0,4,,,1423,,20,20,43211,44200,,23055629,,,,,,,5811,3,0,0,0
177237,73605570613805056,,0,4,,,1423,,20,20,43211,44200,,23055629,,,,,,,8987,3,0,0,0
177238,73605571164504064,,0,4,,,1423,,20,20,43211,44200,,23055629,,,,,,,10502,3,0,0,0
177239,73605571718807552,,0,4,,,1423,,20,20,43211,44200,,23055629,,,,,,,10569,3,0,0,0
177240,73605572190994432,,0,4,,,1423,,20,20,43211,44200,,23055629,,,,,,,9007,3,0,0,0
177241,73605572366705185,,0,4,-1.0,19423.0,1423,489.0,20,20,43211,44200,,23055629,,,,,,,4593,1,45250,0,0
177242,73605572743528448,,0,4,,,1423,,20,20,43211,44200,,23055629,,,,,,,5965,3,0,0,0
177243,73605573010001786,,0,4,-1.0,19423.0,1423,489.0,20,20,43211,44200,,23055629,,,,,,,6186,1,45250,0,0
177244,73605573261000704,,0,4,,,1423,,20,20,43211,44200,,23055629,,,,,,,3677,3,0,0,0
177245,73605573811437568,,0,4,,,1423,,20,20,43211,44200,,23055629,,,,,,,11654,3,0,0,0
177246,73605574283362304,,0,4,,,1423,,20,20,43211,44200,,23055629,,,,,,,7837,3,0,0,0
177247,73605574834454528,,0,4,,,1423,,20,20,43211,44200,,23055629,,,,,,,10528,3,0,0,0
177248,73605575385219072,,0,4,,,1423,,20,20,43211,44200,,23055629,,,,,,,10486,3,0,0,0
177249,73605575857274880,,0,4,,,1423,,20,20,43211,44200,,23055629,,,,,,,9031,3,0,0,0
177250,73605576409677824,,0,4,,,1423,,20,20,43211,44200,,23055629,,,,,,,10507,3,0,0,0
177251,73605576509441596,,0,4,-1.0,19423.0,1423,489.0,20,20,43211,44200,,23055629,,,,,,,3208,1,45250,0,0
177252,73605576967454720,,0,4,,,1423,,20,20,43211,44200,,23055629,,,,,,,7435,3,0,0,0
177253,73605577443246080,,0,4,,,1423,,20,20,43211,44200,,23055629,,,,,,,9072,3,0,0,0
177254,73605577993879552,,0,4,,,1423,,20,20,43211,44200,,23055629,,,,,,,10516,3,0,0,0
177255,73605578593206272,,0,4,,,1423,,20,20,43211,44200,,23055629,,,,,,,11420,3,0,0,0
177256,73605579143774208,,0,4,,,1423,,20,20,43211,44200,,23055629,,,,,,,10551,3,0,0,0
177257,73605579615830016,,0,4,,,1423,,20,20,43211,44200,,23055629,,,,,,,8964,3,0,0,0
177258,73605580166397952,,0,4,,,1423,,20,20,43211,44200,,23055629,,,,,,,10507,3,0,0,0
177259,73605580720963584,,0,4,,,1423,,20,20,43211,44200,,23055629,,,,,,,10587,3,0,0,0
177260,73605581124027514,,0,4,-1.0,19423.0,1423,489.0,20,20,43211,44200,,23055629,,,,,,,9225,1,45250,0,0
177261,73605581250691072,,0,4,,,1423,,20,20,43211,44200,,23055629,,,,,,,1128,3,0,0,0
177262,73605581722812416,,0,4,,,1423,,20,20,43211,44200,,23055629,,,,,,,8731,3,0,0,0
177263,73605582288977920,,0,4,,,1423,,20,20,43211,44200,,23055629,,,,,,,10814,3,0,0,0
177264,73605582761295872,,0,4,,,1423,,20,20,43211,44200,,23055629,,,,,,,8990,3,0,0,0
177265,73605583311470592,,0,4,,,1423,,20,20,43211,44200,,23055629,,,,,,,11802,3,0,0,0
177266,73605583862366208,,0,4,,,1423,,20,20,43211,44200,,23055629,,,,,,,9216,3,0,0,0
177267,73605584334290944,,0,4,,,1423,,20,20,43211,44200,,23055629,,,,,,,9010,3,0,0,0
177268,73605585047257088,,0,4,,,1423,,20,20,43211,44200,,23055629,,,,,,,13585,3,0,0,0
177269,73605585492001012,,0,4,-1.0,19423.0,1423,489.0,20,20,43211,44200,,23055629,,,,,,,9647,1,45250,0,0
177270,73605585602478080,,0,4,,,1423,,20,20,43211,44200,,23055629,,,,,,,938,3,0,0,0
177271,73605586074599424,,0,4,,,1423,,20,20,43211,44200,,23055629,,,,,,,9012,3,0,0,0
177272,73605586628902912,,0,4,,,1423,,20,20,43211,44200,,23055629,,,,,,,10564,3,0,0,0
177273,73605587179536384,,0,4,,,1423,,20,20,43211,44200,,23055629,,,,,,,10520,3,0,0,0
177274,73605587655852032,,0,4,,,1423,,20,20,43211,44200,,23055629,,,,,,,9065,3,0,0,0
177275,73605588175880192,,0,4,,,1423,,20,20,43211,44200,,23055629,,,,,,,9929,3,0,0,0
177276,73605588727037952,,0,4,,,1423,,20,20,43211,44200,,23055629,,,,,,,10516,3,0,0,0
177277,73605589278588928,,0,4,,,1423,,20,20,43211,44200,,23055629,,,,,,,10517,3,0,0,0
177278,73605589780463616,,0,4,,,1423,,20,20,43211,44200,,23055629,,,,,,,9571,3,0,0,0
177279,73605589998479287,,0,4,-1.0,19423.0,1423,489.0,20,20,43211,44200,,23055629,,,,,,,5901,1,45250,0,0
177280,73605590300867181,,0,4,-1.0,19423.0,1423,489.0,20,20,43211,44200,,23055629,,,,,,,6308,1,45250,0,0
177281,73605590372057088,,0,4,,,1423,,20,20,43211,44200,,23055629,,,,,,,1542,3,0,0,0
177282,73605590819930112,,0,4,,,1423,,20,20,43211,44200,,23055629,,,,,,,6067,3,0,0,0
177283,73605591393370112,,0,4,,,1423,,20,20,43211,44200,,23055629,,,,,,,10937,3,0,0,0
177284,73605591866146816,,0,4,,,1423,,20,20,43211,44200,,23055629,,,,,,,10215,3,0,0,0
177285,73605592418484224,,0,4,,,1423,,20,20,43211,44200,,23055629,,,,,,,9335,3,0,0,0
177286,73605592978161664,,0,4,,,1423,,20,20,43211,44200,,23055629,,,,,,,10675,3,0,0,0
177287,73605593495699456,,0,4,,,1423,,20,20,43211,44200,,23055629,,,,,,,9891,3,0,0,0
177288,73605593967820800,,0,4,,,1423,,20,20,43211,44200,,23055629,,,,,,,9083,3,0,0,0
177289,73605594518257664,,0,4,,,1423,,20,20,43211,44200,,23055629,,,,,,,10400,3,0,0,0
177290,73605594687744302,,0,4,-1.0,19423.0,1423,489.0,20,20,43211,44200,,23055629,,,,,,,4488,1,45250,0,0
177291,73605595073937408,,0,4,,,1423,,20,20,43211,44200,,23055629,,,,,,,8103,3,0,0,0
177292,73605595556216832,,0,4,,,1423,,20,20,43211,44200,,23055629,,,,,,,7206,3,0,0,0
177293,73605596107112448,,0,4,,,1423,,20,20,43211,44200,,23055629,,,,,,,10510,3,0,0,0
177294,73605596579102720,,0,4,,,1423,,20,20,43211,44200,,23055629,,,,,,,8999,3,0,0,0
177295,73605597131636736,,0,4,,,1423,,20,20,43211,44200,,23055629,,,,,,,15039,3,0,0,0
177296,73605597679321088,,0,4,,,1423,,20,20,43211,44200,,23055629,,,,,,,6096,3,0,0,0
177297,73605598230085632,,0,4,,,1423,,20,20,43211,44200,,23055629,,,,,,,10362,3,0,0,0
177298,73605598704500736,,0,4,,,1423,,20,20,43211,44200,,23055629,,,,,,,9048,3,0,0,0
177299,73605599262867456,,0,4,,,1423,,20,20,43211,44200,,23055629,,,,,,,10646,3,0,0,0
177300,73605599555717950,,0,4,-1.0,19423.0,1423,489.0,20,20,43211,44200,,23055629,,,,,,,6694,1,45250,0,0
177301,73605599762579456,,0,4,,,1423,,20,20,43211,44200,,23055629,,,,,,,2840,3,0,0,0
177302,73605600373440512,,0,4,,,1423,,20,20,43211,44200,,23055629,,,,,,,12289,3,0,0,0
177303,73605600856571904,,0,4,,,1423,,20,20,43211,44200,,23055629,,,,,,,8590,3,0,0,0
177304,73605601328496640,,0,4,,,1423,,20,20,43211,44200,,23055629,,,,,,,8992,3,0,0,0
177305,73605601879130112,,0,4,,,1423,,20,20,43211,44200,,23055629,,,,,,,10510,3,0,0,0
177306,73605602430287872,,0,4,,,1423,,20,20,43211,44200,,23055629,,,,,,,10517,3,0,0,0
177307,73605602902147072,,0,4,,,1423,,20,20,43211,44200,,23055629,,,,,,,8982,3,0,0,0
177308,73605603465166848,,0,4,,,1423,,20,20,43211,44200,,23055629,,,,,,,10803,3,0,0,0
177309,73605603693728658,,0,4,-1.0,19423.0,1423,489.0,20,20,43211,44200,,23055629,,,,,,,5465,1,45250,0,0
177310,73605604141826048,,0,4,,,1423,,20,20,43211,44200,,23055629,,,,,,,7897,3,0,0,0
177311,73605604595073024,,0,4,,,1423,,20,20,43211,44200,,23055629,,,,,,,8607,3,0,0,0
177312,73605605149769728,,0,4,,,1423,,20,20,43211,44200,,23055629,,,,,,,10107,3,0,0,0
177313,73605605700272128,,0,4,,,1423,,20,20,43211,44200,,23055629,,,,,,,10499,3,0,0,0
177314,73605606189105152,,0,4,,,1423,,20,20,43211,44200,,23055629,,,,,,,12464,3,0,0,0
177315,73605606747799552,,0,4,,,1423,,20,20,43211,44200,,23055629,,,,,,,7531,3,0,0,0
177316,73605607220051968,,0,4,,,1423,,20,20,43211,44200,,23055629,,,,,,,9059,3,0,0,0
177317,73605607778287616,,0,4,,,1423,,20,20,43211,44200,,23055629,,,,,,,10576,3,0,0,0
177318,73605608132483060,,0,4,-1.0,19423.0,1423,489.0,20,20,43211,44200,,23055629,,,,,,,8126,1,45250,0,0
177319,73605608251195392,,0,4,,,1423,,20,20,43211,44200,,23055629,,,,,,,1004,3,0,0,0
177320,73605608775483392,,0,4,,,1423,,20,20,43211,44200,,23055629,,,,,,,10912,3,0,0,0
177321,73605609316679680,,0,4,,,1423,,20,20,43211,44200,,23055629,,,,,,,10645,3,0,0,0
177322,73605609867116544,,0,4,,,1423,,20,20,43211,44200,,23055629,,,,,,,9170,3,0,0,0
177323,73605610500128768,,0,4,,,1423,,20,20,43211,44200,,23055629,,,,,,,12055,3,0,0,0
177324,73605611050762240,,0,4,,,1423,,20,20,43211,44200,,23055629,,,,,,,10544,3,0,0,0
177325,73605611514953728,,0,4,,,1423,,20,20,43211,44200,,23055629,,,,,,,8817,3,0,0,0
177326,73605612069388288,,0,4,,,1423,,20,20,43211,44200,,23055629,,,,,,,10590,3,0,0,0
177327,73605612628934656,,0,4,,,1423,,20,20,43211,44200,,23055629,,,,,,,10657,3,0,0,0
177328,73605613103611904,,0,4,,,1423,,20,20,43211,44200,,23055629,,,,,,,9148,3,0,0,0
177329,73605613130441675,,0,4,-1.0,19423.0,1423,489.0,20,20,43211,44200,,23055629,,,,,,,1767,1,45250,0,0
177330,73605613663682560,,0,4,,,1423,,20,20,43211,44200,,23055629,,,,,,,8822,3,0,0,0
177331,73605614140456960,,0,4,,,1423,,20,20,43211,44200,,23055629,,,,,,,9365,3,0,0,0
177332,73605614691090432,,0,4,,,1423,,20,20,43211,44200,,23055629,,,,,,,10258,3,0,0,0
177333,73605615241658368,,0,4,,,1423,,20,20,43211,44200,,23055629,,,,,,,10481,3,0,0,0
177334,73605615713648640,,0,4,,,1423,,20,20,43211,44200,,23055629,,,,,,,8994,3,0,0,0
177335,73605616310288384,,0,4,,,1423,,20,20,43211,44200,,23055629,,,,,,,11398,3,0,0,0
177336,73605616875995136,,0,4,,,1423,,20,20,43211,44200,,23055629,,,,,,,10937,3,0,0,0
177337,73605617385144320,,0,4,,,1423,,20,20,43211,44200,,23055629,,,,,,,9544,3,0,0,0
177338,73605617937154048,,0,4,,,1423,,20,20,43211,44200,,23055629,,,,,,,10530,3,0,0,0
177339,73605618462752768,,0,4,,,1423,,20,20,43211,44200,,23055629,,,,,,,10625,3,0,0,0
177340,73605618927992832,,0,4,,,1423,,20,20,43211,44200,,23055629,,,,,,,8270,3,0,0,0
177341,73605619523387392,,0,4,,,1423,,20,20,43211,44200,,23055629,,,,,,,11370,3,0,0,0
177342,73605619866286017,,0,4,-1.0,19423.0,1423,489.0,20,20,43211,44200,,23055629,,,,,,,7793,1,45250,0,0
177343,73605620005863424,,0,4,,,1423,,20,20,43211,44200,,23055629,,,,,,,1669,3,0,0,0
177344,73605620569866240,,0,4,,,1423,,20,20,43211,44200,,23055629,,,,,,,10485,3,0,0,0
177345,73605621042380800,,0,4,,,1423,,20,20,43211,44200,,23055629,,,,,,,9019,3,0,0,0
177346,73605621554610176,,0,4,,,1423,,20,20,43211,44200,,23055629,,,,,,,9997,3,0,0,0
177347,73605622131720192,,0,4,,,1423,,20,20,43211,44200,,23055629,,,,,,,10776,3,0,0,0
177348,73605622618456064,,0,4,,,1423,,20,20,43211,44200,,23055629,,,,,,,9281,3,0,0,0
177349,73605623169024000,,0,4,,,1423,,20,20,43211,44200,,23055629,,,,,,,10506,3,0,0,0
177350,73605623331699569,,0,4,-1.0,19423.0,1423,489.0,20,20,43211,44200,,23055629,,,,,,,4649,1,45250,0,0
177351,73605623735320576,,0,4,,,1423,,20,20,43211,44200,,23055629,,,,,,,6303,3,0,0,0
177352,73605624207114240,,0,4,,,1423,,20,20,43211,44200,,23055629,,,,,,,8854,3,0,0,0
177353,73605624763318272,,0,4,,,1423,,20,20,43211,44200,,23055629,,,,,,,10604,3,0,0,0
177354,73605625309822976,,0,4,,,1423,,20,20,43211,44200,,23055629,,,,,,,12351,3,0,0,0
177355,73605625817202688,,0,4,,,1423,,20,20,43211,44200,,23055629,,,,,,,7750,3,0,0,0
177356,73605626293518336,,0,4,,,1423,,20,20,43211,44200,,23055629,,,,,,,9084,3,0,0,0
177357,73605626844086272,,0,4,,,1423,,20,20,43211,44200,,23055629,,,,,,,10627,3,0,0,0
177358,73605626965305554,,0,4,-1.0,19423.0,1423,489.0,20,20,43211,44200,,23055629,,,,,,,3453,1,45250,0,0
177359,73605627412807680,,0,4,,,1423,,20,20,43211,44200,,23055629,,,,,,,7294,3,0,0,0
177360,73605627884732416,,0,4,,,1423,,20,20,43211,44200,,23055629,,,,,,,8995,3,0,0,0
177361,73605628435234816,,0,4,,,1423,,20,20,43211,44200,,23055629,,,,,,,10492,3,0,0,0
177362,73605628949299200,,0,4,,,1423,,20,20,43211,44200,,23055629,,,,,,,9870,3,0,0,0
177363,73605629499932672,,0,4,,,1423,,20,20,43211,44200,,23055629,,,,,,,10429,3,0,0,0
177364,73605630052663296,,0,4,,,1423,,20,20,43211,44200,,23055629,,,,,,,10537,3,0,0,0
177365,73605630592942080,,0,4,,,1423,,20,20,43211,44200,,23055629,,,,,,,10967,3,0,0,0
177366,73605630594235235,,0,4,-1.0,19423.0,1423,489.0,20,20,43211,44200,,23055629,,,,,,,1491,1,45250,0,0
177367,73605631081185280,,0,4,,,1423,,20,20,43211,44200,,23055629,,,,,,,7159,3,0,0,0
177368,73605631618711552,,0,4,,,1423,,20,20,43211,44200,,23055629,,,,,,,11341,3,0,0,0
177369,73605632121765888,,0,4,,,1423,,20,20,43211,44200,,23055629,,,,,,,8555,3,0,0,0
177370,73605632672399360,,0,4,,,1423,,20,20,43211,44200,,23055629,,,,,,,10491,3,0,0,0
177371,73605633234042880,,0,4,,,1423,,20,20,43211,44200,,23055629,,,,,,,10794,3,0,0,0
177372,73605633706950656,,0,4,,,1423,,20,20,43211,44200,,23055629,,,,,,,8911,3,0,0,0
177373,73605634260336640,,0,4,,,1423,,20,20,43211,44200,,23055629,,,,,,,10652,3,0,0,0
177374,73605634441285471,,0,4,-1.0,19423.0,1423,489.0,20,20,43211,44200,,23055629,,,,,,,4598,1,45250,0,0
177375,73605634757885952,,0,4,,,1423,,20,20,43211,44200,,23055629,,,,,,,5335,3,0,0,0
177376,73605635320381440,,0,4,,,1423,,20,20,43211,44200,,23055629,,,,,,,11868,3,0,0,0
177377,73605635851878400,,0,4,,,1423,,20,20,43211,44200,,23055629,,,,,,,8451,3,0,0,0
177378,73605636323868672,,0,4,,,1423,,20,20,43211,44200,,23055629,,,,,,,9018,3,0,0,0
177379,73605636899995648,,0,4,,,1423,,20,20,43211,44200,,23055629,,,,,,,10972,3,0,0,0
177380,73605637374607360,,0,4,,,1423,,20,20,43211,44200,,23055629,,,,,,,9074,3,0,0,0
177381,73605637930549248,,0,4,,,1423,,20,20,43211,44200,,23055629,,,,,,,10606,3,0,0,0
177382,73605638467223552,,0,4,,,1423,,20,20,43211,44200,,23055629,,,,,,,10239,3,0,0,0
177383,73605638944784384,,0,4,,,1423,,20,20,43211,44200,,23055629,,,,,,,9089,3,0,0,0
177384,73605638937283574,,0,4,-1.0,19423.0,1423,489.0,20,20,43211,44200,,23055629,,,,,,,1052,1,45250,0,0
177385,73605639482245120,,0,4,,,1423,,20,20,43211,44200,,23055629,,,,,,,9194,3,0,0,0
177386,73605640012103680,,0,4,,,1423,,20,20,43211,44200,,23055629,,,,,,,10128,3,0,0,0
177387,73605640562737152,,0,4,,,1423,,20,20,43211,44200,,23055629,,,,,,,10481,3,0,0,0
177388,73605641083092992,,0,4,,,1423,,20,20,43211,44200,,23055629,,,,,,,9925,3,0,0,0
177389,73605641601351680,,0,4,,,1423,,20,20,43211,44200,,23055629,,,,,,,9907,3,0,0,0
177390,73605642237837312,,0,4,,,1423,,20,20,43211,44200,,23055629,,,,,,,12295,3,0,0,0
177391,73605642788405248,,0,4,,,1423,,20,20,43211,44200,,23055629,,,,,,,10360,3,0,0,0
177392,73605643260461056,,0,4,,,1423,,20,20,43211,44200,,23055629,,,,,,,8972,3,0,0,0
177393,73605643821252608,,0,4,,,1423,,20,20,43211,44200,,23055629,,,,,,,10690,3,0,0,0
177394,73605643835242407,,0,4,-1.0,19423.0,1423,489.0,20,20,43211,44200,,23055629,,,,,,,1555,1,45250,0,0
177395,73605644293373952,,0,4,,,1423,,20,20,43211,44200,,23055629,,,,,,,7447,3,0,0,0
177396,73605644839944192,,0,4,,,1423,,20,20,43211,44200,,23055629,,,,,,,10429,3,0,0,0
177397,73605645390643200,,0,4,,,1423,,20,20,43211,44200,,23055629,,,,,,,10507,3,0,0,0
177398,73605645872267264,,0,4,,,1423,,20,20,43211,44200,,23055629,,,,,,,9187,3,0,0,0
177399,73605646393540608,,0,4,,,1423,,20,20,43211,44200,,23055629,,,,,,,9942,3,0,0,0
177400,73605646944174080,,0,4,,,1423,,20,20,43211,44200,,23055629,,,,,,,10496,3,0,0,0
177401,73605647497822208,,0,4,,,1423,,20,20,43211,44200,,23055629,,,,,,,10611,3,0,0,0
177402,73605647693090878,,0,4,-1.0,19423.0,1423,489.0,20,20,43211,44200,,23055629,,,,,,,4935,1,45250,0,0
177403,73605647979446272,,0,4,,,1423,,20,20,43211,44200,,23055629,,,,,,,4207,3,0,0,0
177404,73605648785014784,,0,4,,,1423,,20,20,43211,44200,,23055629,,,,,,,15361,3,0,0,0
177405,73605649257005056,,0,4,,,1423,,20,20,43211,44200,,23055629,,,,,,,9242,3,0,0,0
177406,73605649776115712,,0,4,,,1423,,20,20,43211,44200,,23055629,,,,,,,9662,3,0,0,0
177407,73605650326683648,,0,4,,,1423,,20,20,43211,44200,,23055629,,,,,,,11175,3,0,0,0
177408,73605650879021056,,0,4,,,1423,,20,20,43211,44200,,23055629,,,,,,,9873,3,0,0,0
177409,73605651212769742,,0,4,-1.0,19423.0,1423,489.0,20,20,43211,44200,,23055629,,,,,,,7625,1,45250,0,0
177410,73605651352518656,,0,4,,,1423,,20,20,43211,44200,,23055629,,,,,,,1393,3,0,0,0
177411,73605651903152128,,0,4,,,1423,,20,20,43211,44200,,23055629,,,,,,,10532,3,0,0,0
177412,73605652458962944,,0,4,,,1423,,20,20,43211,44200,,23055629,,,,,,,10572,3,0,0,0
177413,73605652930953216,,0,4,,,1423,,20,20,43211,44200,,23055629,,,,,,,9003,3,0,0,0
177414,73605653482504192,,0,4,,,1423,,20,20,43211,44200,,23055629,,,,,,,10528,3,0,0,0
177415,73605653978808320,,0,4,,,1423,,20,20,43211,44200,,23055629,,,,,,,9503,3,0,0,0
177416,73605654553231360,,0,4,,,1423,,20,20,43211,44200,,23055629,,,,,,,11504,3,0,0,0
177417,73605655089250304,,0,4,,,1423,,20,20,43211,44200,,23055629,,,,,,,9677,3,0,0,0
177418,73605655184291822,,0,4,-1.0,19423.0,1423,489.0,20,20,43211,44200,,23055629,,,,,,,3687,1,45250,0,0
177419,73605655678287872,,0,4,,,1423,,20,20,43211,44200,,23055629,,,,,,,9424,3,0,0,0
177420,73605656143069184,,0,4,,,1423,,20,20,43211,44200,,23055629,,,,,,,6942,3,0,0,0
177421,73605656614928384,,0,4,,,1423,,20,20,43211,44200,,23055629,,,,,,,9002,3,0,0,0
177422,73605657165692928,,0,4,,,1423,,20,20,43211,44200,,23055629,,,,,,,10572,3,0,0,0
177423,73605657699680256,,0,4,,,1423,,20,20,43211,44200,,23055629,,,,,,,10223,3,0,0,0
177424,73605658253393920,,0,4,,,1423,,20,20,43211,44200,,23055629,,,,,,,10461,3,0,0,0
177425,73605658610845392,,0,4,-1.0,19423.0,1423,489.0,20,20,43211,44200,,23055629,,,,,,,8088,1,45250,0,0
177426,73605658731479040,,0,4,,,1423,,20,20,43211,44200,,23055629,,,,,,,1455,3,0,0,0
177427,73605659237023744,,0,4,,,1423,,20,20,43211,44200,,23055629,,,,,,,9216,3,0,0,0
177428,73605659801681920,,0,4,,,1423,,20,20,43211,44200,,23055629,,,,,,,10777,3,0,0,0
177429,73605660274458624,,0,4,,,1423,,20,20,43211,44200,,23055629,,,,,,,9028,3,0,0,0
177430,73605660824502272,,0,4,,,1423,,20,20,43211,44200,,23055629,,,,,,,10475,3,0,0,0
177431,73605661552082944,,0,4,,,1423,,20,20,43211,44200,,23055629,,,,,,,14284,3,0,0,0
177432,73605661774120291,,0,4,-1.0,19423.0,1423,489.0,20,20,43211,44200,,23055629,,,,,,,5088,1,45250,0,0
177433,73605662103175168,,0,4,,,1423,,20,20,43211,44200,,23055629,,,,,,,5572,3,0,0,0
177434,73605662658461696,,0,4,,,1423,,20,20,43211,44200,,23055629,,,,,,,10057,3,0,0,0
177435,73605663130451968,,0,4,,,1423,,20,20,43211,44200,,23055629,,,,,,,8975,3,0,0,0
177436,73605663661359104,,0,4,,,1423,,20,20,43211,44200,,23055629,,,,,,,10127,3,0,0,0
177437,73605664227786752,,0,4,,,1423,,20,20,43211,44200,,23055629,,,,,,,10805,3,0,0,0
177438,73605664699711488,,0,4,,,1423,,20,20,43211,44200,,23055629,,,,,,,9796,3,0,0,0
177439,73605665257029632,,0,4,,,1423,,20,20,43211,44200,,23055629,,,,,,,10383,3,0,0,0
177440,73605665679092954,,0,4,-1.0,19423.0,1423,489.0,20,20,43211,44200,,23055629,,,,,,,8729,1,45250,0,0
177441,73605665749139456,,0,4,,,1423,,20,20,43211,44200,,23055629,,,,,,,1558,3,0,0,0
177442,73605666301739008,,0,4,,,1423,,20,20,43211,44200,,23055629,,,,,,,9110,3,0,0,0
177443,73605666852503552,,0,4,,,1423,,20,20,43211,44200,,23055629,,,,,,,10485,3,0,0,0
177444,73605667327377408,,0,4,,,1423,,20,20,43211,44200,,23055629,,,,,,,9127,3,0,0,0
177445,73605667882139648,,0,4,,,1423,,20,20,43211,44200,,23055629,,,,,,,10530,3,0,0,0
177446,73605668395155456,,0,4,,,1423,,20,20,43211,44200,,23055629,,,,,,,9884,3,0,0,0
177447,73605668947427328,,0,4,,,1423,,20,20,43211,44200,,23055629,,,,,,,10420,3,0,0,0
177448,73605669210717865,,0,4,-1.0,19423.0,1423,489.0,20,20,43211,44200,,23055629,,,,,,,6538,1,45250,0,0
177449,73605669421907968,,0,4,,,1423,,20,20,43211,44200,,23055629,,,,,,,2510,3,0,0,0
177450,73605670035521536,,0,4,,,1423,,20,20,43211,44200,,23055629,,,,,,,11704,3,0,0,0
177451,73605670507446272,,0,4,,,1423,,20,20,43211,44200,,23055629,,,,,,,9013,3,0,0,0
177452,73605671058014208,,0,4,,,1423,,20,20,43211,44200,,23055629,,,,,,,10851,3,0,0,0
177453,73605671542194176,,0,4,,,1423,,20,20,43211,44200,,23055629,,,,,,,8887,3,0,0,0
177454,73605672092696576,,0,4,,,1423,,20,20,43211,44200,,23055629,,,,,,,10489,3,0,0,0
177455,73605672361823079,,0,4,-1.0,19423.0,1423,489.0,20,20,43211,44200,,23055629,,,,,,,6392,1,45250,0,0
177456,73605672570847232,,0,4,,,1423,,20,20,43211,44200,,23055629,,,,,,,2723,3,0,0,0
177457,73605672942812282,,0,4,-1.0,19423.0,1423,489.0,20,20,43211,44200,,23055629,,,,,,,8603,1,45250,0,0
177458,73605673100574720,,0,4,,,1423,,20,20,43211,44200,,23055629,,,,,,,1683,3,0,0,0
177459,73605673631416320,,0,4,,,1423,,20,20,43211,44200,,23055629,,,,,,,9983,3,0,0,0
177460,73605674260692992,,0,4,,,1423,,20,20,43211,44200,,23055629,,,,,,,11965,3,0,0,0
177461,73605674741268480,,0,4,,,1423,,20,20,43211,44200,,23055629,,,,,,,9182,3,0,0,0
177462,73605675293736960,,0,4,,,1423,,20,20,43211,44200,,23055629,,,,,,,10706,3,0,0,0
177463,73605675768545280,,0,4,,,1423,,20,20,43211,44200,,23055629,,,,,,,8872,3,0,0,0
177464,73605675862045777,,0,4,-1.0,19423.0,1423,489.0,20,20,43211,44200,,23055629,,,,,,,3068,1,45250,0,0
177465,73605676329140224,,0,4,,,1423,,20,20,43211,44200,,23055629,,,,,,,7641,3,0,0,0
177466,73605676879314944,,0,4,,,1423,,20,20,43211,44200,,23055629,,,,,,,10511,3,0,0,0
177467,73605677351305216,,0,4,,,1423,,20,20,43211,44200,,23055629,,,,,,,8968,3,0,0,0
177468,73605677904953344,,0,4,,,1423,,20,20,43211,44200,,23055629,,,,,,,10560,3,0,0,0
177469,73605678463713280,,0,4,,,1423,,20,20,43211,44200,,23055629,,,,,,,10671,3,0,0,0
177470,73605678935703552,,0,4,,,1423,,20,20,43211,44200,,23055629,,,,,,,9005,3,0,0,0
177471,73605679114131690,,0,4,-1.0,19423.0,1423,489.0,20,20,43211,44200,,23055629,,,,,,,5526,1,45250,0,0
177472,73605679488434176,,0,4,,,1423,,20,20,43211,44200,,23055629,,,,,,,5702,3,0,0,0
177473,73605679996796928,,0,4,,,1423,,20,20,43211,44200,,23055629,,,,,,,9004,3,0,0,0
177474,73605680547299328,,0,4,,,1423,,20,20,43211,44200,,23055629,,,,,,,10518,3,0,0,0
177475,73605681097932800,,0,4,,,1423,,20,20,43211,44200,,23055629,,,,,,,10502,3,0,0,0
177476,73605681574641664,,0,4,,,1423,,20,20,43211,44200,,23055629,,,,,,,9073,3,0,0,0
177477,73605682125275136,,0,4,,,1423,,20,20,43211,44200,,23055629,,,,,,,10509,3,0,0,0
177478,73605682722177024,,0,4,,,1423,,20,20,43211,44200,,23055629,,,,,,,12051,3,0,0,0
177479,73605683060360357,,0,4,-1.0,19423.0,1423,489.0,20,20,43211,44200,,23055629,,,,,,,7090,1,45250,0,0
177480,73605683165528064,,0,4,,,1423,,20,20,43211,44200,,23055629,,,,,,,695,3,0,0,0
177481,73605683839827968,,0,4,,,1423,,20,20,43211,44200,,23055629,,,,,,,14676,3,0,0,0
177482,73605684248444928,,0,4,,,1423,,20,20,43211,44200,,23055629,,,,,,,5974,3,0,0,0
177483,73605684719648768,,0,4,,,1423,,20,20,43211,44200,,23055629,,,,,,,8989,3,0,0,0
177484,73605685270282240,,0,4,,,1423,,20,20,43211,44200,,23055629,,,,,,,10515,3,0,0,0
177485,73605685824126976,,0,4,,,1423,,20,20,43211,44200,,23055629,,,,,,,10557,3,0,0,0
177486,73605686296117248,,0,4,,,1423,,20,20,43211,44200,,23055629,,,,,,,9008,3,0,0,0
177487,73605686848258048,,0,4,,,1423,,20,20,43211,44200,,23055629,,,,,,,10518,3,0,0,0
177488,73605687415537664,,0,4,,,1423,,20,20,43211,44200,,23055629,,,,,,,11349,3,0,0,0
177489,73605687706325150,,0,4,-1.0,19423.0,1423,489.0,20,20,43211,44200,,23055629,,,,,,,7706,1,45250,0,0
177490,73605687915708416,,0,4,,,1423,,20,20,43211,44200,,23055629,,,,,,,1318,3,0,0,0
177491,73605688185396886,,0,4,-1.0,19423.0,1423,489.0,20,20,43211,44200,,23055629,,,,,,,8808,1,45250,0,0
177492,73605688447467520,,0,4,,,1423,,20,20,43211,44200,,23055629,,,,,,,2230,3,0,0,0
177493,73605688943050752,,0,4,,,1423,,20,20,43211,44200,,23055629,,,,,,,8545,3,0,0,0
177494,73605689493553152,,0,4,,,1423,,20,20,43211,44200,,23055629,,,,,,,10497,3,0,0,0
177495,73605690152255488,,0,4,,,1423,,20,20,43211,44200,,23055629,,,,,,,13661,3,0,0,0
177496,73605690545405952,,0,4,,,1423,,20,20,43211,44200,,23055629,,,,,,,6399,3,0,0,0
177497,73605691100561408,,0,4,,,1423,,20,20,43211,44200,,23055629,,,,,,,10603,3,0,0,0
177498,73605691572617216,,0,4,,,1423,,20,20,43211,44200,,23055629,,,,,,,9008,3,0,0,0
177499,73605692088516608,,0,4,,,1423,,20,20,43211,44200,,23055629,,,,,,,10437,3,0,0,0
177500,73605692749840384,,0,4,,,1423,,20,20,43211,44200,,23055629,,,,,,,12051,3,0,0,0
177501,73605692861862010,,0,4,-1.0,19423.0,1423,489.0,20,20,43211,44200,,23055629,,,,,,,3376,1,45250,0,0
177502,73605693241688064,,0,4,,,1423,,20,20,43211,44200,,23055629,,,,,,,6432,3,0,0,0
177503,73605693757784064,,0,4,,,1423,,20,20,43211,44200,,23055629,,,,,,,9448,3,0,0,0
177504,73605694308286464,,0,4,,,1423,,20,20,43211,44200,,23055629,,,,,,,10441,3,0,0,0
177505,73605694780211200,,0,4,,,1423,,20,20,43211,44200,,23055629,,,,,,,9412,3,0,0,0
177506,73605695391203328,,0,4,,,1423,,20,20,43211,44200,,23055629,,,,,,,12060,3,0,0,0
177507,73605695878856704,,0,4,,,1423,,20,20,43211,44200,,23055629,,,,,,,8489,3,0,0,0
177508,73605696364937216,,0,4,,,1423,,20,20,43211,44200,,23055629,,,,,,,9245,3,0,0,0
177509,73605696898269184,,0,4,,,1423,,20,20,43211,44200,,23055629,,,,,,,10198,3,0,0,0
177510,73605697473740800,,0,4,,,1423,,20,20,43211,44200,,23055629,,,,,,,11044,3,0,0,0
177511,73605697440606487,,0,4,-1.0,19423.0,1423,489.0,20,20,43211,44200,,23055629,,,,,,,610,1,45250,0,0
177512,73605698018017280,,0,4,,,1423,,20,20,43211,44200,,23055629,,,,,,,13502,3,0,0,0
177513,73605698397307468,,0,4,-1.0,19423.0,1423,489.0,20,20,43211,44200,,23055629,,,,,,,6290,1,45250,0,0
177514,73605698509864960,,0,4,,,1423,,20,20,43211,44200,,23055629,,,,,,,523,3,0,0,0
177515,73605698991882240,,0,4,,,1423,,20,20,43211,44200,,23055629,,,,,,,9763,3,0,0,0
177516,73605699633217536,,0,4,,,1423,,20,20,43211,44200,,23055629,,,,,,,10414,3,0,0,0
177517,73605700186537984,,0,4,,,1423,,20,20,43211,44200,,23055629,,,,,,,11287,3,0,0,0
177518,73605700658462720,,0,4,,,1423,,20,20,43211,44200,,23055629,,,,,,,8260,3,0,0,0
177519,73605701216567296,,0,4,,,1423,,20,20,43211,44200,,23055629,,,,,,,10648,3,0,0,0
177520,73605701475476475,,0,4,-1.0,19423.0,1423,489.0,20,20,43211,44200,,23055629,,,,,,,6335,1,45250,0,0
177521,73605701693734912,,0,4,,,1423,,20,20,43211,44200,,23055629,,,,,,,2765,3,0,0,0
177522,73605702346080256,,0,4,,,1423,,20,20,43211,44200,,23055629,,,,,,,13965,3,0,0,0
177523,73605702328085759,,0,4,-1.0,19423.0,1423,489.0,20,20,43211,44200,,23055629,,,,,,,529,1,45250,0,0
177524,73605702731759616,,0,4,,,1423,,20,20,43211,44200,,23055629,,,,,,,5307,3,0,0,0
177525,73605703283048448,,0,4,,,1423,,20,20,43211,44200,,23055629,,,,,,,10516,3,0,0,0
177526,73605703833616384,,0,4,,,1423,,20,20,43211,44200,,23055629,,,,,,,10497,3,0,0,0
177527,73605704358232064,,0,4,,,1423,,20,20,43211,44200,,23055629,,,,,,,10693,3,0,0,0
177528,73605704835137536,,0,4,,,1423,,20,20,43211,44200,,23055629,,,,,,,8409,3,0,0,0
177529,73605705448751104,,0,4,,,1423,,20,20,43211,44200,,23055629,,,,,,,11838,3,0,0,0
177530,73605705703492234,,0,4,-1.0,19423.0,1423,489.0,20,20,43211,44200,,23055629,,,,,,,6511,1,45250,0,0
177531,73605706032611328,,0,4,,,1423,,20,20,43211,44200,,23055629,,,,,,,9614,3,0,0,0
177532,73605706156504186,,0,4,-1.0,19423.0,1423,489.0,20,20,43211,44200,,23055629,,,,,,,528,1,45250,0,0
177533,73605706550804480,,0,4,,,1423,,20,20,43211,44200,,23055629,,,,,,,4492,3,0,0,0
177534,73605707101175808,,0,4,,,1423,,20,20,43211,44200,,23055629,,,,,,,10253,3,0,0,0
177535,73605707656134656,,0,4,,,1423,,20,20,43211,44200,,23055629,,,,,,,10609,3,0,0,0
177536,73605708179963904,,0,4,,,1423,,20,20,43211,44200,,23055629,,,,,,,10646,3,0,0,0
177537,73605708653199360,,0,4,,,1423,,20,20,43211,44200,,23055629,,,,,,,8352,3,0,0,0
177538,73605709204750336,,0,4,,,1423,,20,20,43211,44200,,23055629,,,,,,,10508,3,0,0,0
177539,73605709492162176,,0,4,-1.0,19423.0,1423,489.0,20,20,43211,44200,,23055629,,,,,,,6979,1,45250,0,0
177540,73605709758857216,,0,4,,,1423,,20,20,43211,44200,,23055629,,,,,,,6717,3,0,0,0
177541,73605710224949248,,0,4,,,1423,,20,20,43211,44200,,23055629,,,,,,,5758,3,0,0,0
177542,73605710783447040,,0,4,,,1423,,20,20,43211,44200,,23055629,,,,,,,10649,3,0,0,0
177543,73605711334211584,,0,4,,,1423,,20,20,43211,44200,,23055629,,,,,,,10531,3,0,0,0
177544,73605711806201856,,0,4,,,1423,,20,20,43211,44200,,23055629,,,,,,,8986,3,0,0,0
177545,73605712356769792,,0,4,,,1423,,20,20,43211,44200,,23055629,,,,,,,10519,3,0,0,0
177546,73605712908320768,,0,4,,,1423,,20,20,43211,44200,,23055629,,,,,,,10496,3,0,0,0
177547,73605713401872384,,0,4,,,1423,,20,20,43211,44200,,23055629,,,,,,,10433,3,0,0,0
177548,73605713730013238,,0,4,-1.0,19423.0,1423,489.0,20,20,43211,44200,,23055629,,,,,,,6505,1,45250,0,0
177549,73605713989533696,,0,4,,,1423,,20,20,43211,44200,,23055629,,,,,,,3685,3,0,0,0
177550,73605714461458432,,0,4,,,1423,,20,20,43211,44200,,23055629,,,,,,,9012,3,0,0,0
177551,73605715027689472,,0,4,,,1423,,20,20,43211,44200,,23055629,,,,,,,10784,3,0,0,0
177552,73605715511476224,,0,4,,,1423,,20,20,43211,44200,,23055629,,,,,,,9228,3,0,0,0
177553,73605716062568448,,0,4,,,1423,,20,20,43211,44200,,23055629,,,,,,,10511,3,0,0,0
177554,73605716005771834,,0,4,-1.0,19423.0,1423,489.0,20,20,43211,44200,,23055629,,,,,,,45,1,45250,0,0
177555,73605716616216576,,0,4,,,1423,,20,20,43211,44200,,23055629,,,,,,,10517,3,0,0,0
177556,73605717107474432,,0,4,,,1423,,20,20,43211,44200,,23055629,,,,,,,9398,3,0,0,0
177557,73605717753921536,,0,4,,,1423,,20,20,43211,44200,,23055629,,,,,,,13719,3,0,0,0
177558,73605718174924800,,0,4,,,1423,,20,20,43211,44200,,23055629,,,,,,,6624,3,0,0,0
177559,73605718726803456,,0,4,,,1423,,20,20,43211,44200,,23055629,,,,,,,10541,3,0,0,0
177560,73605719198793728,,0,4,,,1423,,20,20,43211,44200,,23055629,,,,,,,9097,3,0,0,0
177561,73605719786192896,,0,4,,,1423,,20,20,43211,44200,,23055629,,,,,,,11087,3,0,0,0
177562,73605720263098368,,0,4,,,1423,,20,20,43211,44200,,23055629,,,,,,,9967,3,0,0,0
177563,73605720282723271,,0,4,-1.0,19423.0,1423,489.0,20,20,43211,44200,,23055629,,,,,,,865,1,45250,0,0
177564,73605720894472192,,0,4,,,1423,,20,20,43211,44200,,23055629,,,,,,,11789,3,0,0,0
177565,73605721346015232,,0,4,,,1423,,20,20,43211,44200,,23055629,,,,,,,7138,3,0,0,0
177566,73605721818005504,,0,4,,,1423,,20,20,43211,44200,,23055629,,,,,,,9169,3,0,0,0
177567,73605722378993664,,0,4,,,1423,,20,20,43211,44200,,23055629,,,,,,,10525,3,0,0,0
177568,73605722930937856,,0,4,,,1423,,20,20,43211,44200,,23055629,,,,,,,10551,3,0,0,0
177569,73605723402928128,,0,4,,,1423,,20,20,43211,44200,,23055629,,,,,,,8999,3,0,0,0
177570,73605723926560768,,0,4,,,1423,,20,20,43211,44200,,23055629,,,,,,,9966,3,0,0,0
177571,73605724470444032,,0,4,,,1423,,20,20,43211,44200,,23055629,,,,,,,12239,3,0,0,0
177572,73605725057122304,,0,4,,,1423,,20,20,43211,44200,,23055629,,,,,,,9395,3,0,0,0
177573,73605725146878545,,0,4,-1.0,19423.0,1423,489.0,20,20,43211,44200,,23055629,,,,,,,2946,1,45250,0,0
177574,73605725529440256,,0,4,,,1423,,20,20,43211,44200,,23055629,,,,,,,6014,3,0,0,0
177575,73605726117101568,,0,4,,,1423,,20,20,43211,44200,,23055629,,,,,,,11183,3,0,0,0
177576,73605726618386432,,0,4,,,1423,,20,20,43211,44200,,23055629,,,,,,,9563,3,0,0,0
177577,73605727168954368,,0,4,,,1423,,20,20,43211,44200,,23055629,,,,,,,10570,3,0,0,0
177578,73605727634784256,,0,4,,,1423,,20,20,43211,44200,,23055629,,,,,,,8817,3,0,0,0
177579,73605728187711488,,0,4,,,1423,,20,20,43211,44200,,23055629,,,,,,,10555,3,0,0,0
177580,73605728697057280,,0,4,,,1423,,20,20,43211,44200,,23055629,,,,,,,9707,3,0,0,0
177581,73605729220952064,,0,4,,,1423,,20,20,43211,44200,,23055629,,,,,,,11770,3,0,0,0
177582,73605729196715797,,0,4,-1.0,19423.0,1423,489.0,20,20,43211,44200,,23055629,,,,,,,247,1,45250,0,0
177583,73605729725513728,,0,4,,,1423,,20,20,43211,44200,,23055629,,,,,,,7597,3,0,0,0
177584,73605730290630656,,0,4,,,1423,,20,20,43211,44200,,23055629,,,,,,,10795,3,0,0,0
177585,73605730766094336,,0,4,,,1423,,20,20,43211,44200,,23055629,,,,,,,9067,3,0,0,0
177586,73605731316727808,,0,4,,,1423,,20,20,43211,44200,,23055629,,,,,,,10489,3,0,0,0
177587,73605731897573376,,0,4,,,1423,,20,20,43211,44200,,23055629,,,,,,,11227,3,0,0,0
177588,73605732371988480,,0,4,,,1423,,20,20,43211,44200,,23055629,,,,,,,8903,3,0,0,0
177589,73605732922687488,,0,4,,,1423,,20,20,43211,44200,,23055629,,,,,,,10519,3,0,0,0
177590,73605733582766080,,0,4,,,1423,,20,20,43211,44200,,23055629,,,,,,,13812,3,0,0,0
177591,73605733884541455,,0,4,-1.0,19423.0,1423,489.0,20,20,43211,44200,,23055629,,,,,,,6056,1,45250,0,0
177592,73605733973491712,,0,4,,,1423,,20,20,43211,44200,,23055629,,,,,,,2488,3,0,0,0
177593,73605734555516928,,0,4,,,1423,,20,20,43211,44200,,23055629,,,,,,,11783,3,0,0,0
177594,73605735103987712,,0,4,,,1423,,20,20,43211,44200,,23055629,,,,,,,8805,3,0,0,0
177595,73605735531151360,,0,4,,,1423,,20,20,43211,44200,,23055629,,,,,,,6815,3,0,0,0
177596,73605736097185792,,0,4,,,1423,,20,20,43211,44200,,23055629,,,,,,,12025,3,0,0,0
177597,73605736562294784,,0,4,,,1423,,20,20,43211,44200,,23055629,,,,,,,7618,3,0,0,0
177598,73605737201139712,,0,4,,,1423,,20,20,43211,44200,,23055629,,,,,,,13209,3,0,0,0
177599,73605737847848960,,0,4,,,1423,,20,20,43211,44200,,23055629,,,,,,,11415,3,0,0,0
177600,73605737986485619,,0,4,-1.0,19423.0,1423,489.0,20,20,43211,44200,,23055629,,,,,,,3852,1,45250,0,0
177601,73605738353524736,,0,4,,,1423,,20,20,43211,44200,,23055629,,,,,,,7142,3,0,0,0
177602,73605738322762640,,0,4,-1.0,19423.0,1423,489.0,20,20,43211,44200,,23055629,,,,,,,327,1,45250,0,0
177603,73605738928144384,,0,4,,,1423,,20,20,43211,44200,,23055629,,,,,,,10561,3,0,0,0
177604,73605738892041745,,0,4,-1.0,19423.0,1423,489.0,20,20,43211,44200,,23055629,,,,,,,2269,1,45250,0,0
177605,73605739538677760,,0,4,,,1423,,20,20,43211,44200,,23055629,,,,,,,8499,3,0,0,0
177606,73605739931893760,,0,4,,,1423,,20,20,43211,44200,,23055629,,,,,,,6996,3,0,0,0
177607,73605740438945792,,0,4,,,1423,,20,20,43211,44200,,23055629,,,,,,,9677,3,0,0,0
177608,73605740990234624,,0,4,,,1423,,20,20,43211,44200,,23055629,,,,,,,10522,3,0,0,0
177609,73605741540933632,,0,4,,,1423,,20,20,43211,44200,,23055629,,,,,,,10525,3,0,0,0
177610,73605742032650240,,0,4,,,1423,,20,20,43211,44200,,23055629,,,,,,,10174,3,0,0,0
177611,73605742662254592,,0,4,,,1423,,20,20,43211,44200,,23055629,,,,,,,12019,3,0,0,0
177612,73605742848748913,,0,4,-1.0,19423.0,1423,489.0,20,20,43211,44200,,23055629,,,,,,,4062,1,45250,0,0
177613,73605743077752832,,0,4,,,1423,,20,20,43211,44200,,23055629,,,,,,,3023,3,0,0,0
177614,73605743600861184,,0,4,,,1423,,20,20,43211,44200,,23055629,,,,,,,9977,3,0,0,0
177615,73605743705335481,,0,4,-1.0,19423.0,1423,489.0,20,20,43211,44200,,23055629,,,,,,,3736,1,45250,0,0
177616,73605744215851008,,0,4,,,1423,,20,20,43211,44200,,23055629,,,,,,,8447,3,0,0,0
177617,73605744764583936,,0,4,,,1423,,20,20,43211,44200,,23055629,,,,,,,10016,3,0,0,0
177618,73605745240244224,,0,4,,,1423,,20,20,43211,44200,,23055629,,,,,,,9094,3,0,0,0
177619,73605745810145280,,0,4,,,1423,,20,20,43211,44200,,23055629,,,,,,,10858,3,0,0,0
177620,73605746360713216,,0,4,,,1423,,20,20,43211,44200,,23055629,,,,,,,10501,3,0,0,0
177621,73605746882314240,,0,4,,,1423,,20,20,43211,44200,,23055629,,,,,,,12662,3,0,0,0
177622,73605747336216576,,0,4,,,1423,,20,20,43211,44200,,23055629,,,,,,,5948,3,0,0,0
177623,73605747820962991,,0,4,-1.0,19423.0,1423,489.0,20,20,43211,44200,,23055629,,,,,,,10377,1,45250,0,0
177624,73605747890520064,,0,4,,,1423,,20,20,43211,44200,,23055629,,,,,,,410,3,0,0,0
177625,73605748421230592,,0,4,,,1423,,20,20,43211,44200,,23055629,,,,,,,10409,3,0,0,0
177626,73605748974878720,,0,4,,,1423,,20,20,43211,44200,,23055629,,,,,,,10073,3,0,0,0
177627,73605749525446656,,0,4,,,1423,,20,20,43211,44200,,23055629,,,,,,,10484,3,0,0,0
177628,73605749997436928,,0,4,,,1423,,20,20,43211,44200,,23055629,,,,,,,8997,3,0,0,0
177629,73605750607052800,,0,4,,,1423,,20,20,43211,44200,,23055629,,,,,,,11622,3,0,0,0
177630,73605751157882880,,0,4,,,1423,,20,20,43211,44200,,23055629,,,,,,,10506,3,0,0,0
177631,73605751709302784,,0,4,,,1423,,20,20,43211,44200,,23055629,,,,,,,10516,3,0,0,0
177632,73605752199643136,,0,4,,,1423,,20,20,43211,44200,,23055629,,,,,,,10798,3,0,0,0
177633,73605752288864789,,0,4,-1.0,19423.0,1423,489.0,20,20,43211,44200,,23055629,,,,,,,5359,1,45250,0,0
177634,73605752905662464,,0,4,,,1423,,20,20,43211,44200,,23055629,,,,,,,7040,3,0,0,0
177635,73605753090906059,,0,4,-1.0,19423.0,1423,489.0,20,20,43211,44200,,23055629,,,,,,,4811,1,45250,0,0
177636,73605753276465152,,0,4,,,1423,,20,20,43211,44200,,23055629,,,,,,,5412,3,0,0,0
177637,73605753752911872,,0,4,,,1423,,20,20,43211,44200,,23055629,,,,,,,11190,3,0,0,0
177638,73605754516471808,,0,4,,,1423,,20,20,43211,44200,,23055629,,,,,,,9707,3,0,0,0
177639,73605754830651392,,0,4,,,1423,,20,20,43211,44200,,23055629,,,,,,,5219,3,0,0,0
177640,73605755385151488,,0,4,,,1423,,20,20,43211,44200,,23055629,,,,,,,10591,3,0,0,0
177641,73605755859501056,,0,4,,,1423,,20,20,43211,44200,,23055629,,,,,,,9042,3,0,0,0
177642,73605756410134528,,0,4,,,1423,,20,20,43211,44200,,23055629,,,,,,,10881,3,0,0,0
177643,73605756968894464,,0,4,,,1423,,20,20,43211,44200,,23055629,,,,,,,10292,3,0,0,0
177644,73605757443047424,,0,4,,,1423,,20,20,43211,44200,,23055629,,,,,,,9096,3,0,0,0
177645,73605757396758604,,0,4,-1.0,19423.0,1423,489.0,20,20,43211,44200,,23055629,,,,,,,384,1,45250,0,0
177646,73605758010130432,,0,4,,,1423,,20,20,43211,44200,,23055629,,,,,,,10368,3,0,0,0
177647,73605758561157120,,0,4,,,1423,,20,20,43211,44200,,23055629,,,,,,,10502,3,0,0,0
177648,73605759034130432,,0,4,,,1423,,20,20,43211,44200,,23055629,,,,,,,9037,3,0,0,0
177649,73605759584763904,,0,4,,,1423,,20,20,43211,44200,,23055629,,,,,,,10490,3,0,0,0
177650,73605760078446592,,0,4,,,1423,,20,20,43211,44200,,23055629,,,,,,,9584,3,0,0,0
177651,73605760638517248,,0,4,,,1423,,20,20,43211,44200,,23055629,,,,,,,10529,3,0,0,0
177652,73605761166147584,,0,4,,,1423,,20,20,43211,44200,,23055629,,,,,,,10139,3,0,0,0
177653,73605761616777639,,0,4,-1.0,19423.0,1423,489.0,20,20,43211,44200,,23055629,,,,,,,9819,1,45250,0,0
177654,73605761694760960,,0,4,,,1423,,20,20,43211,44200,,23055629,,,,,,,1297,3,0,0,0
177655,73605762191458304,,0,4,,,1423,,20,20,43211,44200,,23055629,,,,,,,9293,3,0,0,0
177656,73605762712928256,,0,4,,,1423,,20,20,43211,44200,,23055629,,,,,,,9025,3,0,0,0
177657,73605763263496192,,0,4,,,1423,,20,20,43211,44200,,23055629,,,,,,,10489,3,0,0,0
177658,73605763814195200,,0,4,,,1423,,20,20,43211,44200,,23055629,,,,,,,10514,3,0,0,0
177659,73605764292739072,,0,4,,,1423,,20,20,43211,44200,,23055629,,,,,,,9117,3,0,0,0
177660,73605764859559936,,0,4,,,1423,,20,20,43211,44200,,23055629,,,,,,,10798,3,0,0,0
177661,73605765331484672,,0,4,,,1423,,20,20,43211,44200,,23055629,,,,,,,11595,3,0,0,0
177662,73605765882183680,,0,4,,,1423,,20,20,43211,44200,,23055629,,,,,,,7946,3,0,0,0
177663,73605766089126261,,0,4,-1.0,19423.0,1423,489.0,20,20,43211,44200,,23055629,,,,,,,5216,1,45250,0,0
177664,73605766444679168,,0,4,,,1423,,20,20,43211,44200,,23055629,,,,,,,5497,3,0,0,0
177665,73605766917062656,,0,4,,,1423,,20,20,43211,44200,,23055629,,,,,,,9025,3,0,0,0
177666,73605767489650688,,0,4,,,1423,,20,20,43211,44200,,23055629,,,,,,,10887,3,0,0,0
177667,73605767961640960,,0,4,,,1423,,20,20,43211,44200,,23055629,,,,,,,9007,3,0,0,0
177668,73605768512405504,,0,4,,,1423,,20,20,43211,44200,,23055629,,,,,,,10512,3,0,0,0
177669,73605769063432192,,0,4,,,1423,,20,20,43211,44200,,23055629,,,,,,,10570,3,0,0,0
177670,73605769620881408,,0,4,,,1423,,20,20,43211,44200,,23055629,,,,,,,10560,3,0,0,0
177671,73605770171580416,,0,4,,,1423,,20,20,43211,44200,,23055629,,,,,,,10517,3,0,0,0
177672,73605770657792000,,0,4,,,1423,,20,20,43211,44200,,23055629,,,,,,,9264,3,0,0,0
177673,73605771231887360,,0,4,,,1423,,20,20,43211,44200,,23055629,,,,,,,11089,3,0,0,0
177674,73605771703812096,,0,4,,,1423,,20,20,43211,44200,,23055629,,,,,,,8861,3,0,0,0
177675,73605772257132544,,0,4,,,1423,,20,20,43211,44200,,23055629,,,,,,,10575,3,0,0,0
177676,73605772807634944,,0,4,,,1423,,20,20,43211,44200,,23055629,,,,,,,12404,3,0,0,0
177677,73605772849668474,,0,4,-1.0,19423.0,1423,489.0,20,20,43211,44200,,23055629,,,,,,,980,1,45250,0,0
177678,73605773304856576,,0,4,,,1423,,20,20,43211,44200,,23055629,,,,,,,6577,3,0,0,0
177679,73605773785300992,,0,4,,,1423,,20,20,43211,44200,,23055629,,,,,,,9165,3,0,0,0
177680,73605774339014656,,0,4,,,1423,,20,20,43211,44200,,23055629,,,,,,,10560,3,0,0,0
177681,73605774890893312,,0,4,,,1423,,20,20,43211,44200,,23055629,,,,,,,10560,3,0,0,0
177682,73605775367143424,,0,4,,,1423,,20,20,43211,44200,,23055629,,,,,,,9058,3,0,0,0
177683,73605776081289216,,0,4,,,1423,,20,20,43211,44200,,23055629,,,,,,,13785,3,0,0,0
177684,73605776634413056,,0,4,,,1423,,20,20,43211,44200,,23055629,,,,,,,10403,3,0,0,0
177685,73605777184391168,,0,4,,,1423,,20,20,43211,44200,,23055629,,,,,,,10467,3,0,0,0
177686,73605777150476709,,0,4,-1.0,19423.0,1423,489.0,20,20,43211,44200,,23055629,,,,,,,619,1,45250,0,0
177687,73605777674993664,,0,4,,,1423,,20,20,43211,44200,,23055629,,,,,,,8741,3,0,0,0
177688,73605778228772864,,0,4,,,1423,,20,20,43211,44200,,23055629,,,,,,,10569,3,0,0,0
177689,73605778700828672,,0,4,,,1423,,20,20,43211,44200,,23055629,,,,,,,9006,3,0,0,0
177690,73605779252772864,,0,4,,,1423,,20,20,43211,44200,,23055629,,,,,,,10533,3,0,0,0
177691,73605779804258304,,0,4,,,1423,,20,20,43211,44200,,23055629,,,,,,,10644,3,0,0,0
177692,73605780276772864,,0,4,,,1423,,20,20,43211,44200,,23055629,,,,,,,8913,3,0,0,0
177693,73605780827209728,,0,4,,,1423,,20,20,43211,44200,,23055629,,,,,,,10453,3,0,0,0
177694,73605781479686144,,0,4,,,1423,,20,20,43211,44200,,23055629,,,,,,,15520,3,0,0,0
177695,73605781803387270,,0,4,-1.0,19423.0,1423,489.0,20,20,43211,44200,,23055629,,,,,,,4448,1,45250,0,0
177696,73605781880438784,,0,4,,,1423,,20,20,43211,44200,,23055629,,,,,,,146,3,0,0,0
177697,73605782549168128,,0,4,,,1423,,20,20,43211,44200,,23055629,,,,,,,14708,3,0,0,0
177698,73605782928424960,,0,4,,,1423,,20,20,43211,44200,,23055629,,,,,,,5343,3,0,0,0
177699,73605783480172544,,0,4,,,1423,,20,20,43211,44200,,23055629,,,,,,,10441,3,0,0,0
177700,73605783953997824,,0,4,,,1423,,20,20,43211,44200,,23055629,,,,,,,9042,3,0,0,0
177701,73605784488706048,,0,4,,,1423,,20,20,43211,44200,,23055629,,,,,,,10218,3,0,0,0
177702,73605785040388096,,0,4,,,1423,,20,20,43211,44200,,23055629,,,,,,,10503,3,0,0,0
177703,73605785591087104,,0,4,,,1423,,20,20,43211,44200,,23055629,,,,,,,10507,3,0,0,0
177704,73605785982833351,,0,4,-1.0,19423.0,1423,489.0,20,20,43211,44200,,23055629,,,,,,,8679,1,45250,0,0
177705,73605786063273984,,0,4,,,1423,,20,20,43211,44200,,23055629,,,,,,,2279,3,0,0,0
177706,73605786649493504,,0,4,,,1423,,20,20,43211,44200,,23055629,,,,,,,9456,3,0,0,0
177707,73605787121221632,,0,4,,,1423,,20,20,43211,44200,,23055629,,,,,,,8758,3,0,0,0
177708,73605787671855104,,0,4,,,1423,,20,20,43211,44200,,23055629,,,,,,,10503,3,0,0,0
177709,73605788202303488,,0,4,,,1423,,20,20,43211,44200,,23055629,,,,,,,10145,3,0,0,0
177710,73605788774432768,,0,4,,,1423,,20,20,43211,44200,,23055629,,,,,,,10888,3,0,0,0
177711,73605789246685184,,0,4,,,1423,,20,20,43211,44200,,23055629,,,,,,,9004,3,0,0,0
177712,73605789798498304,,0,4,,,1423,,20,20,43211,44200,,23055629,,,,,,,11779,3,0,0,0
177713,73605790081490900,,0,4,-1.0,19423.0,1423,489.0,20,20,43211,44200,,23055629,,,,,,,5521,1,45250,0,0
177714,73605790293557248,,0,4,,,1423,,20,20,43211,44200,,23055629,,,,,,,2669,3,0,0,0
177715,73605790870536192,,0,4,,,1423,,20,20,43211,44200,,23055629,,,,,,,11007,3,0,0,0
177716,73605791342329856,,0,4,,,1423,,20,20,43211,44200,,23055629,,,,,,,8996,3,0,0,0
177717,73605791892897792,,0,4,,,1423,,20,20,43211,44200,,23055629,,,,,,,10508,3,0,0,0
177718,73605792446873600,,0,4,,,1423,,20,20,43211,44200,,23055629,,,,,,,10594,3,0,0,0
177719,73605792919060480,,0,4,,,1423,,20,20,43211,44200,,23055629,,,,,,,8995,3,0,0,0
177720,73605793473232896,,0,4,,,1423,,20,20,43211,44200,,23055629,,,,,,,10548,3,0,0,0
177721,73605793945223168,,0,4,,,1423,,20,20,43211,44200,,23055629,,,,,,,9009,3,0,0,0
177722,73605794112293524,,0,4,-1.0,19423.0,1423,489.0,20,20,43211,44200,,23055629,,,,,,,4616,1,45250,0,0
177723,73605794552479744,,0,4,,,1423,,20,20,43211,44200,,23055629,,,,,,,7221,3,0,0,0
177724,73605795077029888,,0,4,,,1423,,20,20,43211,44200,,23055629,,,,,,,9755,3,0,0,0
177725,73605795549020160,,0,4,,,1423,,20,20,43211,44200,,23055629,,,,,,,9020,3,0,0,0
177726,73605796140744704,,0,4,,,1423,,20,20,43211,44200,,23055629,,,,,,,11295,3,0,0,0
177727,73605796612669440,,0,4,,,1423,,20,20,43211,44200,,23055629,,,,,,,8976,3,0,0,0
177728,73605797163499520,,0,4,,,1423,,20,20,43211,44200,,23055629,,,,,,,10493,3,0,0,0
177729,73605797637718016,,0,4,,,1423,,20,20,43211,44200,,23055629,,,,,,,9064,3,0,0,0
177730,73605798208733184,,0,4,,,1423,,20,20,43211,44200,,23055629,,,,,,,12047,3,0,0,0
177731,73605798394955951,,0,4,-1.0,19423.0,1423,489.0,20,20,43211,44200,,23055629,,,,,,,3736,1,45250,0,0
177732,73605798686752768,,0,4,,,1423,,20,20,43211,44200,,23055629,,,,,,,4209,3,0,0,0
177733,73605799263207424,,0,4,,,1423,,20,20,43211,44200,,23055629,,,,,,,11021,3,0,0,0
177734,73605799735197696,,0,4,,,1423,,20,20,43211,44200,,23055629,,,,,,,8975,3,0,0,0
177735,73605800285831168,,0,4,,,1423,,20,20,43211,44200,,23055629,,,,,,,10510,3,0,0,0
177736,73605800801796096,,0,4,,,1423,,20,20,43211,44200,,23055629,,,,,,,9833,3,0,0,0
177737,73605801352495104,,0,4,,,1423,,20,20,43211,44200,,23055629,,,,,,,10521,3,0,0,0
177738,73605801909026816,,0,4,,,1423,,20,20,43211,44200,,23055629,,,,,,,10599,3,0,0,0
177739,73605801999238479,,0,4,-1.0,19423.0,1423,489.0,20,20,43211,44200,,23055629,,,,,,,2995,1,45250,0,0
177740,73605802429382656,,0,4,,,1423,,20,20,43211,44200,,23055629,,,,,,,6929,3,0,0,0
177741,73605802936827904,,0,4,,,1423,,20,20,43211,44200,,23055629,,,,,,,9683,3,0,0,0
177742,73605803487395840,,0,4,,,1423,,20,20,43211,44200,,23055629,,,,,,,10507,3,0,0,0
177743,73605803961876480,,0,4,,,1423,,20,20,43211,44200,,23055629,,,,,,,9042,3,0,0,0
177744,73605804512509952,,0,4,,,1423,,20,20,43211,44200,,23055629,,,,,,,10500,3,0,0,0
177745,73605805063143424,,0,4,,,1423,,20,20,43211,44200,,23055629,,,,,,,10509,3,0,0,0
177746,73605805535133696,,0,4,,,1423,,20,20,43211,44200,,23055629,,,,,,,9012,3,0,0,0
177747,73605805885691999,,0,4,-1.0,19423.0,1423,489.0,20,20,43211,44200,,23055629,,,,,,,8447,1,45250,0,0
177748,73605806063747072,,0,4,,,1423,,20,20,43211,44200,,23055629,,,,,,,1625,3,0,0,0
177749,73605806628732928,,0,4,,,1423,,20,20,43211,44200,,23055629,,,,,,,10772,3,0,0,0
177750,73605807105703936,,0,4,,,1423,,20,20,43211,44200,,23055629,,,,,,,9102,3,0,0,0
177751,73605807656992768,,0,4,,,1423,,20,20,43211,44200,,23055629,,,,,,,10513,3,0,0,0
177752,73605808222371840,,0,4,,,1423,,20,20,43211,44200,,23055629,,,,,,,10782,3,0,0,0
177753,73605808752623616,,0,4,,,1423,,20,20,43211,44200,,23055629,,,,,,,10530,3,0,0,0
177754,73605809224876032,,0,4,,,1423,,20,20,43211,44200,,23055629,,,,,,,8610,3,0,0,0
177755,73605809775640576,,0,4,,,1423,,20,20,43211,44200,,23055629,,,,,,,10483,3,0,0,0
177756,73605809732696818,,0,4,-1.0,19423.0,1423,489.0,20,20,43211,44200,,23055629,,,,,,,403,1,45250,0,0
177757,73605810311528448,,0,4,,,1423,,20,20,43211,44200,,23055629,,,,,,,10828,3,0,0,0
177758,73605810804162560,,0,4,,,1423,,20,20,43211,44200,,23055629,,,,,,,8396,3,0,0,0
177759,73605811354861568,,0,4,,,1423,,20,20,43211,44200,,23055629,,,,,,,10679,3,0,0,0
177760,73605811905429504,,0,4,,,1423,,20,20,43211,44200,,23055629,,,,,,,10355,3,0,0,0
177761,73605812407500800,,0,4,,,1423,,20,20,43211,44200,,23055629,,,,,,,9557,3,0,0,0
177762,73605812958003200,,0,4,,,1423,,20,20,43211,44200,,23055629,,,,,,,10483,3,0,0,0
177763,73605813439692800,,0,4,,,1423,,20,20,43211,44200,,23055629,,,,,,,9225,3,0,0,0
177764,73605814010904576,,0,4,,,1423,,20,20,43211,44200,,23055629,,,,,,,10859,3,0,0,0
177765,73605814145866990,,0,4,-1.0,19423.0,1423,489.0,20,20,43211,44200,,23055629,,,,,,,3869,1,45250,0,0
177766,73605814556819456,,0,4,,,1423,,20,20,43211,44200,,23055629,,,,,,,7774,3,0,0,0
177767,73605815089627136,,0,4,,,1423,,20,20,43211,44200,,23055629,,,,,,,8935,3,0,0,0
177768,73605815640260608,,0,4,,,1423,,20,20,43211,44200,,23055629,,,,,,,10516,3,0,0,0
177769,73605816202690560,,0,4,,,1423,,20,20,43211,44200,,23055629,,,,,,,11014,3,0,0,0
177770,73605816680644608,,0,4,,,1423,,20,20,43211,44200,,23055629,,,,,,,8816,3,0,0,0
177771,73605817154732032,,0,4,,,1423,,20,20,43211,44200,,23055629,,,,,,,9051,3,0,0,0
177772,73605817568660780,,0,4,-1.0,19423.0,1423,489.0,20,20,43211,44200,,23055629,,,,,,,9175,1,45250,0,0
177773,73605817712181248,,0,4,,,1423,,20,20,43211,44200,,23055629,,,,,,,1446,3,0,0,0
177774,73605818164801051,,0,4,-1.0,19423.0,1423,489.0,20,20,43211,44200,,23055629,,,,,,,9912,1,45250,0,0
177775,73605818233257984,,0,4,,,1423,,20,20,43211,44200,,23055629,,,,,,,162,3,0,0,0
177776,73605818813906944,,0,4,,,1423,,20,20,43211,44200,,23055629,,,,,,,11115,3,0,0,0
177777,73605819286159360,,0,4,,,1423,,20,20,43211,44200,,23055629,,,,,,,8844,3,0,0,0
177778,73605819780694016,,0,4,,,1423,,20,20,43211,44200,,23055629,,,,,,,9432,3,0,0,0
177779,73605820350201856,,0,4,,,1423,,20,20,43211,44200,,23055629,,,,,,,10885,3,0,0,0
177780,73605820900900864,,0,4,,,1423,,20,20,43211,44200,,23055629,,,,,,,10470,3,0,0,0
177781,73605821400678400,,0,4,,,1423,,20,20,43211,44200,,23055629,,,,,,,10321,3,0,0,0
177782,73605821986242560,,0,4,,,1423,,20,20,43211,44200,,23055629,,,,,,,10549,3,0,0,0
177783,73605822317740782,,0,4,-1.0,19423.0,1423,489.0,20,20,43211,44200,,23055629,,,,,,,7636,1,45250,0,0
177784,73605822431494144,,0,4,,,1423,,20,20,43211,44200,,23055629,,,,,,,1617,3,0,0,0
177785,73605822983307264,,0,4,,,1423,,20,20,43211,44200,,23055629,,,,,,,9596,3,0,0,0
177786,73605823490490368,,0,4,,,1423,,20,20,43211,44200,,23055629,,,,,,,9670,3,0,0,0
177787,73605824149913600,,0,4,,,1423,,20,20,43211,44200,,23055629,,,,,,,12899,3,0,0,0
177788,73605824696090624,,0,4,,,1423,,20,20,43211,44200,,23055629,,,,,,,10098,3,0,0,0
177789,73605825220116480,,0,4,,,1423,,20,20,43211,44200,,23055629,,,,,,,10118,3,0,0,0
177790,73605825729265664,,0,4,,,1423,,20,20,43211,44200,,23055629,,,,,,,9592,3,0,0,0
177791,73605826279899136,,0,4,,,1423,,20,20,43211,44200,,23055629,,,,,,,13171,3,0,0,0
177792,73605826776596480,,0,4,,,1423,,20,20,43211,44200,,23055629,,,,,,,6821,3,0,0,0
177793,73605826789511681,,0,4,-1.0,19423.0,1423,489.0,20,20,43211,44200,,23055629,,,,,,,1375,1,45250,0,0
177794,73605827359539200,,0,4,,,1423,,20,20,43211,44200,,23055629,,,,,,,9906,3,0,0,0
177795,73605827834216448,,0,4,,,1423,,20,20,43211,44200,,23055629,,,,,,,8872,3,0,0,0
177796,73605828409098240,,0,4,,,1423,,20,20,43211,44200,,23055629,,,,,,,10975,3,0,0,0
177797,73605828881088512,,0,4,,,1423,,20,20,43211,44200,,23055629,,,,,,,9007,3,0,0,0
177798,73605829443321856,,0,4,,,1423,,20,20,43211,44200,,23055629,,,,,,,10716,3,0,0,0
177799,73605829916491776,,0,4,,,1423,,20,20,43211,44200,,23055629,,,,,,,9019,3,0,0,0
177800,73605830488817664,,0,4,,,1423,,20,20,43211,44200,,23055629,,,,,,,10945,3,0,0,0
177801,73605831158726656,,0,4,,,1423,,20,20,43211,44200,,23055629,,,,,,,13625,3,0,0,0
177802,73605831340555859,,0,4,-1.0,19423.0,1423,489.0,20,20,43211,44200,,23055629,,,,,,,3942,1,45250,0,0
177803,73605831488372736,,0,4,,,1423,,20,20,43211,44200,,23055629,,,,,,,1702,3,0,0,0
177804,73605832137506816,,0,4,,,1423,,20,20,43211,44200,,23055629,,,,,,,12580,3,0,0,0
177805,73605832561000448,,0,4,,,1423,,20,20,43211,44200,,23055629,,,,,,,7642,3,0,0,0
177806,73605833128542208,,0,4,,,1423,,20,20,43211,44200,,23055629,,,,,,,10840,3,0,0,0
177807,73605833648439296,,0,4,,,1423,,20,20,43211,44200,,23055629,,,,,,,9910,3,0,0,0
177808,73605834214604800,,0,4,,,1423,,20,20,43211,44200,,23055629,,,,,,,10804,3,0,0,0
177809,73605834693279744,,0,4,,,1423,,20,20,43211,44200,,23055629,,,,,,,9132,3,0,0,0
177810,73605835244044288,,0,4,,,1423,,20,20,43211,44200,,23055629,,,,,,,10497,3,0,0,0
177811,73605835794939904,,0,4,,,1423,,20,20,43211,44200,,23055629,,,,,,,10596,3,0,0,0
177812,73605835827013510,,0,4,-1.0,19423.0,1423,489.0,20,20,43211,44200,,23055629,,,,,,,1773,1,45250,0,0
177813,73605836283379712,,0,4,,,1423,,20,20,43211,44200,,23055629,,,,,,,7838,3,0,0,0
177814,73605836833947648,,0,4,,,1423,,20,20,43211,44200,,23055629,,,,,,,10126,3,0,0,0
177815,73605837305872384,,0,4,,,1423,,20,20,43211,44200,,23055629,,,,,,,8996,3,0,0,0
177816,73605837856440320,,0,4,,,1423,,20,20,43211,44200,,23055629,,,,,,,10503,3,0,0,0
177817,73605838351433728,,0,4,,,1423,,20,20,43211,44200,,23055629,,,,,,,9454,3,0,0,0
177818,73605838901870592,,0,4,,,1423,,20,20,43211,44200,,23055629,,,,,,,10504,3,0,0,0
177819,73605839452504064,,0,4,,,1423,,20,20,43211,44200,,23055629,,,,,,,10476,3,0,0,0
177820,73605840004907008,,0,4,,,1423,,20,20,43211,44200,,23055629,,,,,,,10540,3,0,0,0
177821,73605840245173472,,0,4,-1.0,19423.0,1423,489.0,20,20,43211,44200,,23055629,,,,,,,5858,1,45250,0,0
177822,73605840477093888,,0,4,,,1423,,20,20,43211,44200,,23055629,,,,,,,3145,3,0,0,0
177823,73605841031856128,,0,4,,,1423,,20,20,43211,44200,,23055629,,,,,,,12227,3,0,0,0
177824,73605841595596800,,0,4,,,1423,,20,20,43211,44200,,23055629,,,,,,,9120,3,0,0,0
177825,73605842067587072,,0,4,,,1423,,20,20,43211,44200,,23055629,,,,,,,9022,3,0,0,0
177826,73605842582175744,,0,4,,,1423,,20,20,43211,44200,,23055629,,,,,,,9798,3,0,0,0
177827,73605843168067584,,0,4,,,1423,,20,20,43211,44200,,23055629,,,,,,,11156,3,0,0,0
177828,73605843639992320,,0,4,,,1423,,20,20,43211,44200,,23055629,,,,,,,9007,3,0,0,0
177829,73605843763998522,,0,4,-1.0,19423.0,1423,489.0,20,20,43211,44200,,23055629,,,,,,,3631,1,45250,0,0
177830,73605844203208704,,0,4,,,1423,,20,20,43211,44200,,23055629,,,,,,,7174,3,0,0,0
177831,73605844679196672,,0,4,,,1423,,20,20,43211,44200,,23055629,,,,,,,9013,3,0,0,0
177832,73605845229830144,,0,4,,,1423,,20,20,43211,44200,,23055629,,,,,,,10504,3,0,0,0
177833,73605845861466112,,0,4,,,1423,,20,20,43211,44200,,23055629,,,,,,,12056,3,0,0,0
177834,73605846335160320,,0,4,,,1423,,20,20,43211,44200,,23055629,,,,,,,9042,3,0,0,0
177835,73605846893723648,,0,4,,,1423,,20,20,43211,44200,,23055629,,,,,,,10731,3,0,0,0
177836,73605847387668480,,0,4,,,1423,,20,20,43211,44200,,23055629,,,,,,,9369,3,0,0,0
177837,73605847991648256,,0,4,,,1423,,20,20,43211,44200,,23055629,,,,,,,12147,3,0,0,0
177838,73605853024462994,,0,4,-1.0,19423.0,1423,489.0,20,20,43211,44200,,23055629,,,,,,,781036,1,45250,0,0
177839,73605849254755458,,0,4,-1.0,19423.0,1423,489.0,20,20,43211,44200,,23055629,,,,,,,574,1,45250,0,0
177840,73605849790780613,,0,4,-1.0,19423.0,1423,489.0,20,20,43211,44200,,23055629,,,,,,,76,1,45250,0,0
177841,73605888250413056,,0,4,,,1423,,20,20,43211,44200,,23055629,,,,,,,45,3,0,0,0
177842,73605850862389687,,0,4,-1.0,19423.0,1423,489.0,20,20,43211,44200,,23055629,,,,,,,94,1,45250,0,0
177843,73605851400710442,,0,4,-1.0,19423.0,1423,489.0,20,20,43211,44200,,23055629,,,,,,,219,1,45250,0,0
177844,73605851950986460,,0,4,-1.0,19423.0,1423,489.0,20,20,43211,44200,,23055629,,,,,,,36,1,45250,0,0
177845,73605852675929525,,0,4,-1.0,19423.0,1423,489.0,20,20,43211,44200,,23055629,,,,,,,73,1,45250,0,0
177846,73605888423516361,,0,4,-1.0,19423.0,1423,489.0,20,20,43211,44200,,23055629,,,,,,,9897,1,45250,0,0
177847,73605888927989760,,0,4,,,1423,,20,20,43211,44200,,23055629,,,,,,,17008,3,0,0,0
177848,73605892082630656,,0,4,,,1423,,20,20,43211,44200,,23055629,,,,,,,36359,3,0,0,0
177849,73605892280549376,,0,4,,,1423,,20,20,43211,44200,,23055629,,,,,,,1188,3,0,0,0
177850,73605892416995328,,0,4,,,1423,,20,20,43211,44200,,23055629,,,,,,,348,3,0,0,0
177851,73605892495638528,,0,4,,,1423,,20,20,43211,44200,,23055629,,,,,,,3857,3,0,0,0
177852,73605892574281728,,0,4,,,1423,,20,20,43211,44200,,23055629,,,,,,,0,3,0,0,0
177853,73605892766892032,,0,4,,,1423,,20,20,43211,44200,,23055629,,,,,,,1249,3,0,0,0
177854,73605892688183296,,0,4,,,1423,,20,20,43211,44200,,23055629,,,,,,,1378,3,0,0,0
177855,73605892845535232,,0,4,,,1423,,20,20,43211,44200,,23055629,,,,,,,2420,3,0,0,0
177856,73605893045223424,,0,4,,,1423,,20,20,43211,44200,,23055629,,,,,,,4218,3,0,0,0
177857,73605893515378688,,0,4,,,1423,,20,20,43211,44200,,23055629,,,,,,,8345,3,0,0,0
177858,73605893594260935,,0,4,-1.0,19423.0,1423,489.0,20,20,43211,44200,,23055629,,,,,,,5223,1,45250,0,0
177859,73605894073614336,,0,4,,,1423,,20,20,43211,44200,,23055629,,,,,,,4632,3,0,0,0
177860,73605894624116736,,0,4,,,1423,,20,20,43211,44200,,23055629,,,,,,,10510,3,0,0,0
177861,73605895095975936,,0,4,,,1423,,20,20,43211,44200,,23055629,,,,,,,8996,3,0,0,0
177862,73605895646740480,,0,4,,,1423,,20,20,43211,44200,,23055629,,,,,,,10523,3,0,0,0
177863,73605896200519680,,0,4,,,1423,,20,20,43211,44200,,23055629,,,,,,,10538,3,0,0,0
177864,73605896678080512,,0,4,,,1423,,20,20,43211,44200,,23055629,,,,,,,9121,3,0,0,0
177865,73605897228779520,,0,4,,,1423,,20,20,43211,44200,,23055629,,,,,,,10496,3,0,0,0
177866,73605897725411328,,0,4,,,1423,,20,20,43211,44200,,23055629,,,,,,,9535,3,0,0,0
177867,73605898276044800,,0,4,,,1423,,20,20,43211,44200,,23055629,,,,,,,12379,3,0,0,0
177868,73605898779426816,,0,4,,,1423,,20,20,43211,44200,,23055629,,,,,,,7884,3,0,0,0
177869,73605898796898077,,0,4,-1.0,19423.0,1423,489.0,20,20,43211,44200,,23055629,,,,,,,2083,1,45250,0,0
177870,73605899330387968,,0,4,,,1423,,20,20,43211,44200,,23055629,,,,,,,8205,3,0,0,0
177871,73605899881152512,,0,4,,,1423,,20,20,43211,44200,,23055629,,,,,,,10514,3,0,0,0
177872,73605900352880640,,0,4,,,1423,,20,20,43211,44200,,23055629,,,,,,,8989,3,0,0,0
177873,73605901063553024,,0,4,,,1423,,20,20,43211,44200,,23055629,,,,,,,13663,3,0,0,0
177874,73605901535346688,,0,4,,,1423,,20,20,43211,44200,,23055629,,,,,,,8888,3,0,0,0
177875,73605902105968640,,0,4,,,1423,,20,20,43211,44200,,23055629,,,,,,,10920,3,0,0,0
177876,73605902085894653,,0,4,-1.0,19423.0,1423,489.0,20,20,43211,44200,,23055629,,,,,,,2115,1,45250,0,0
177877,73605902624817152,,0,4,,,1423,,20,20,43211,44200,,23055629,,,,,,,7869,3,0,0,0
177878,73605903128068096,,0,4,,,1423,,20,20,43211,44200,,23055629,,,,,,,9516,3,0,0,0
177879,73605903679815680,,0,4,,,1423,,20,20,43211,44200,,23055629,,,,,,,10481,3,0,0,0
177880,73605904152002560,,0,4,,,1423,,20,20,43211,44200,,23055629,,,,,,,9009,3,0,0,0
177881,73605904708009984,,0,4,,,1423,,20,20,43211,44200,,23055629,,,,,,,10623,3,0,0,0
177882,73605905265000448,,0,4,,,1423,,20,20,43211,44200,,23055629,,,,,,,10608,3,0,0,0
177883,73605905786404864,,0,4,,,1423,,20,20,43211,44200,,23055629,,,,,,,9948,3,0,0,0
177884,73605906462343168,,0,4,,,1423,,20,20,43211,44200,,23055629,,,,,,,13595,3,0,0,0
177885,73605906779799552,,0,4,,,1423,,20,20,43211,44200,,23055629,,,,,,,5347,3,0,0,0
177886,73605906764406979,,0,4,-1.0,19423.0,1423,489.0,20,20,43211,44200,,23055629,,,,,,,2670,1,45250,0,0
177887,73605907337117696,,0,4,,,1423,,20,20,43211,44200,,23055629,,,,,,,7968,3,0,0,0
177888,73605907887685632,,0,4,,,1423,,20,20,43211,44200,,23055629,,,,,,,10489,3,0,0,0
177889,73605908360658944,,0,4,,,1423,,20,20,43211,44200,,23055629,,,,,,,9036,3,0,0,0
177890,73605908911292416,,0,4,,,1423,,20,20,43211,44200,,23055629,,,,,,,10488,3,0,0,0
177891,73605909481848832,,0,4,,,1423,,20,20,43211,44200,,23055629,,,,,,,10963,3,0,0,0
177892,73605909954822144,,0,4,,,1423,,20,20,43211,44200,,23055629,,,,,,,8941,3,0,0,0
177893,73605910070541943,,0,4,-1.0,19423.0,1423,489.0,20,20,43211,44200,,23055629,,,,,,,3409,1,45250,0,0
177894,73605910565027840,,0,4,,,1423,,20,20,43211,44200,,23055629,,,,,,,9474,3,0,0,0
177895,73605910996516864,,0,4,,,1423,,20,20,43211,44200,,23055629,,,,,,,6991,3,0,0,0
177896,73605911547215872,,0,4,,,1423,,20,20,43211,44200,,23055629,,,,,,,10503,3,0,0,0
177897,73605912070782976,,0,4,,,1423,,20,20,43211,44200,,23055629,,,,,,,9995,3,0,0,0
177898,73605912617943040,,0,4,,,1423,,20,20,43211,44200,,23055629,,,,,,,10446,3,0,0,0
177899,73605913092096000,,0,4,,,1423,,20,20,43211,44200,,23055629,,,,,,,9034,3,0,0,0
177900,73605913800015872,,0,4,,,1423,,20,20,43211,44200,,23055629,,,,,,,13561,3,0,0,0
177901,73605914279084032,,0,4,,,1423,,20,20,43211,44200,,23055629,,,,,,,9064,3,0,0,0
177902,73605914397148748,,0,4,-1.0,19423.0,1423,489.0,20,20,43211,44200,,23055629,,,,,,,3543,1,45250,0,0
177903,73605914818379776,,0,4,,,1423,,20,20,43211,44200,,23055629,,,,,,,7362,3,0,0,0
177904,73605915370520576,,0,4,,,1423,,20,20,43211,44200,,23055629,,,,,,,9914,3,0,0,0
177905,73605915846246400,,0,4,,,1423,,20,20,43211,44200,,23055629,,,,,,,9075,3,0,0,0
177906,73605916393668608,,0,4,,,1423,,20,20,43211,44200,,23055629,,,,,,,10463,3,0,0,0
177907,73605916946202624,,0,4,,,1423,,20,20,43211,44200,,23055629,,,,,,,10516,3,0,0,0
177908,73605917418192896,,0,4,,,1423,,20,20,43211,44200,,23055629,,,,,,,9035,3,0,0,0
177909,73605917985865728,,0,4,,,1423,,20,20,43211,44200,,23055629,,,,,,,10797,3,0,0,0
177910,73605918477385728,,0,4,,,1423,,20,20,43211,44200,,23055629,,,,,,,10497,3,0,0,0
177911,73605919015305216,,0,4,,,1423,,20,20,43211,44200,,23055629,,,,,,,9149,3,0,0,0
177912,73605918975886644,,0,4,-1.0,19423.0,1423,489.0,20,20,43211,44200,,23055629,,,,,,,512,1,45250,0,0
177913,73605919566004224,,0,4,,,1423,,20,20,43211,44200,,23055629,,,,,,,9988,3,0,0,0
177914,73605920118996992,,0,4,,,1423,,20,20,43211,44200,,23055629,,,,,,,10541,3,0,0,0
177915,73605920590725120,,0,4,,,1423,,20,20,43211,44200,,23055629,,,,,,,8994,3,0,0,0
177916,73605921141358592,,0,4,,,1423,,20,20,43211,44200,,23055629,,,,,,,10507,3,0,0,0
177917,73605921697497088,,0,4,,,1423,,20,20,43211,44200,,23055629,,,,,,,10605,3,0,0,0
177918,73605922171191296,,0,4,,,1423,,20,20,43211,44200,,23055629,,,,,,,9031,3,0,0,0
177919,73605922263934201,,0,4,-1.0,19423.0,1423,489.0,20,20,43211,44200,,23055629,,,,,,,2998,1,45250,0,0
177920,73605922721890304,,0,4,,,1423,,20,20,43211,44200,,23055629,,,,,,,7564,3,0,0,0
177921,73605923224944640,,0,4,,,1423,,20,20,43211,44200,,23055629,,,,,,,11294,3,0,0,0
177922,73605923777085440,,0,4,,,1423,,20,20,43211,44200,,23055629,,,,,,,8779,3,0,0,0
177923,73605924260413440,,0,4,,,1423,,20,20,43211,44200,,23055629,,,,,,,9227,3,0,0,0
177924,73605924813930496,,0,4,,,1423,,20,20,43211,44200,,23055629,,,,,,,10572,3,0,0,0
177925,73605925364563968,,0,4,,,1423,,20,20,43211,44200,,23055629,,,,,,,10505,3,0,0,0
177926,73605925841207296,,0,4,,,1423,,20,20,43211,44200,,23055629,,,,,,,9060,3,0,0,0
177927,73605925775373964,,0,4,-1.0,19423.0,1423,489.0,20,20,43211,44200,,23055629,,,,,,,129,1,45250,0,0
177928,73605926391578624,,0,4,,,1423,,20,20,43211,44200,,23055629,,,,,,,10376,3,0,0,0
177929,73605926955122688,,0,4,,,1423,,20,20,43211,44200,,23055629,,,,,,,10774,3,0,0,0
177930,73605927426981888,,0,4,,,1423,,20,20,43211,44200,,23055629,,,,,,,8991,3,0,0,0
177931,73605927983251456,,0,4,,,1423,,20,20,43211,44200,,23055629,,,,,,,10588,3,0,0,0
177932,73605928534343680,,0,4,,,1423,,20,20,43211,44200,,23055629,,,,,,,10539,3,0,0,0
177933,73605929010593792,,0,4,,,1423,,20,20,43211,44200,,23055629,,,,,,,9060,3,0,0,0
177934,73605929504029578,,0,4,-1.0,19423.0,1423,489.0,20,20,43211,44200,,23055629,,,,,,,10728,1,45250,0,0
177935,73605929574334464,,0,4,,,1423,,20,20,43211,44200,,23055629,,,,,,,40,3,0,0,0
177936,73605930113448408,,0,4,-1.0,19423.0,1423,489.0,20,20,43211,44200,,23055629,,,,,,,13351,1,45250,0,0
177937,73605930174251008,,0,4,,,1423,,20,20,43211,44200,,23055629,,,,,,,0,3,0,0,0
177938,73605930684776448,,0,4,,,1423,,20,20,43211,44200,,23055629,,,,,,,8967,3,0,0,0
177939,73605931158667264,,0,4,,,1423,,20,20,43211,44200,,23055629,,,,,,,7884,3,0,0,0
177940,73605931675418624,,0,4,,,1423,,20,20,43211,44200,,23055629,,,,,,,9868,3,0,0,0
177941,73605932147933184,,0,4,,,1423,,20,20,43211,44200,,23055629,,,,,,,9356,3,0,0,0
177942,73605932698370048,,0,4,,,1423,,20,20,43211,44200,,23055629,,,,,,,10160,3,0,0,0
177943,73605933265518592,,0,4,,,1423,,20,20,43211,44200,,23055629,,,,,,,11348,3,0,0,0
177944,73605933739868160,,0,4,,,1423,,20,20,43211,44200,,23055629,,,,,,,10264,3,0,0,0
177945,73605934334410752,,0,4,,,1423,,20,20,43211,44200,,23055629,,,,,,,9573,3,0,0,0
177946,73605934295836544,,0,4,-1.0,19423.0,1423,489.0,20,20,43211,44200,,23055629,,,,,,,587,1,45250,0,0
177947,73605934811381760,,0,4,,,1423,,20,20,43211,44200,,23055629,,,,,,,10391,3,0,0,0
177948,73605935390654464,,0,4,,,1423,,20,20,43211,44200,,23055629,,,,,,,9178,3,0,0,0
177949,73605935862579200,,0,4,,,1423,,20,20,43211,44200,,23055629,,,,,,,8994,3,0,0,0
177950,73605936413278208,,0,4,,,1423,,20,20,43211,44200,,23055629,,,,,,,10519,3,0,0,0
177951,73605936930750464,,0,4,,,1423,,20,20,43211,44200,,23055629,,,,,,,9866,3,0,0,0
177952,73605937414209536,,0,4,,,1423,,20,20,43211,44200,,23055629,,,,,,,9212,3,0,0,0
177953,73605937964777472,,0,4,,,1423,,20,20,43211,44200,,23055629,,,,,,,10502,3,0,0,0
177954,73605938036182326,,0,4,-1.0,19423.0,1423,489.0,20,20,43211,44200,,23055629,,,,,,,2645,1,45250,0,0
177955,73605938613518336,,0,4,,,1423,,20,20,43211,44200,,23055629,,,,,,,11158,3,0,0,0
177956,73605939085705216,,0,4,,,1423,,20,20,43211,44200,,23055629,,,,,,,7580,3,0,0,0
177957,73605939569950720,,0,4,,,1423,,20,20,43211,44200,,23055629,,,,,,,9230,3,0,0,0
177958,73605940120518656,,0,4,,,1423,,20,20,43211,44200,,23055629,,,,,,,10505,3,0,0,0
177959,73605940593754112,,0,4,,,1423,,20,20,43211,44200,,23055629,,,,,,,9049,3,0,0,0
177960,73605941144256512,,0,4,,,1423,,20,20,43211,44200,,23055629,,,,,,,10492,3,0,0,0
177961,73605941701443584,,0,4,,,1423,,20,20,43211,44200,,23055629,,,,,,,10621,3,0,0,0
177962,73605942352347136,,0,4,,,1423,,20,20,43211,44200,,23055629,,,,,,,12574,3,0,0,0
177963,73605942482851738,,0,4,-1.0,19423.0,1423,489.0,20,20,43211,44200,,23055629,,,,,,,3609,1,45250,0,0
177964,73605942753820672,,0,4,,,1423,,20,20,43211,44200,,23055629,,,,,,,3876,3,0,0,0
177965,73605943225679872,,0,4,,,1423,,20,20,43211,44200,,23055629,,,,,,,9016,3,0,0,0
177966,73605943779262464,,0,4,,,1423,,20,20,43211,44200,,23055629,,,,,,,10813,3,0,0,0
177967,73605944326815744,,0,4,,,1423,,20,20,43211,44200,,23055629,,,,,,,10177,3,0,0,0
177968,73605944876597248,,0,4,,,1423,,20,20,43211,44200,,23055629,,,,,,,11572,3,0,0,0
177969,73605945356779520,,0,4,,,1423,,20,20,43211,44200,,23055629,,,,,,,8073,3,0,0,0
177970,73605945747522120,,0,4,-1.0,19423.0,1423,489.0,20,20,43211,44200,,23055629,,,,,,,9074,1,45250,0,0
177971,73605945926221824,,0,4,,,1423,,20,20,43211,44200,,23055629,,,,,,,6705,3,0,0,0
177972,73605946017524552,,0,4,-1.0,19423.0,1423,489.0,20,20,43211,44200,,23055629,,,,,,,154,1,45250,0,0
177973,73605946624180224,,0,4,,,1423,,20,20,43211,44200,,23055629,,,,,,,12823,3,0,0,0
177974,73605946669365064,,0,4,-1.0,19423.0,1423,489.0,20,20,43211,44200,,23055629,,,,,,,1749,1,45250,0,0
177975,73605946917650432,,0,4,,,1423,,20,20,43211,44200,,23055629,,,,,,,645,3,0,0,0
177976,73605947500396544,,0,4,,,1423,,20,20,43211,44200,,23055629,,,,,,,9750,3,0,0,0
177977,73605947972386816,,0,4,,,1423,,20,20,43211,44200,,23055629,,,,,,,9000,3,0,0,0
177978,73605948871737344,,0,4,,,1423,,20,20,43211,44200,,23055629,,,,,,,17674,3,0,0,0
177979,73605949042851840,,0,4,,,1423,,20,20,43211,44200,,23055629,,,,,,,2791,3,0,0,0
177980,73605949647552512,,0,4,,,1423,,20,20,43211,44200,,23055629,,,,,,,11829,3,0,0,0
177981,73605950122360832,,0,4,,,1423,,20,20,43211,44200,,23055629,,,,,,,8701,3,0,0,0
177982,73605950658969600,,0,4,,,1423,,20,20,43211,44200,,23055629,,,,,,,10534,3,0,0,0
177983,73605950969789134,,0,4,-1.0,19423.0,1423,489.0,20,20,43211,44200,,23055629,,,,,,,6912,1,45250,0,0
177984,73605951133253632,,0,4,,,1423,,20,20,43211,44200,,23055629,,,,,,,2979,3,0,0,0
177985,73605951773474816,,0,4,,,1423,,20,20,43211,44200,,23055629,,,,,,,14000,3,0,0,0
177986,73605952212762624,,0,4,,,1423,,20,20,43211,44200,,23055629,,,,,,,5633,3,0,0,0
177987,73605952787841024,,0,4,,,1423,,20,20,43211,44200,,23055629,,,,,,,10783,3,0,0,0
177988,73605953299480576,,0,4,,,1423,,20,20,43211,44200,,23055629,,,,,,,9759,3,0,0,0
177989,73605953774551040,,0,4,,,1423,,20,20,43211,44200,,23055629,,,,,,,9089,3,0,0,0
177990,73605954328461312,,0,4,,,1423,,20,20,43211,44200,,23055629,,,,,,,10560,3,0,0,0
177991,73605954881191936,,0,4,,,1423,,20,20,43211,44200,,23055629,,,,,,,10525,3,0,0,0
177992,73605955372515328,,0,4,,,1423,,20,20,43211,44200,,23055629,,,,,,,9501,3,0,0,0
177993,73605955392198270,,0,4,-1.0,19423.0,1423,489.0,20,20,43211,44200,,23055629,,,,,,,1465,1,45250,0,0
177994,73605955928064000,,0,4,,,1423,,20,20,43211,44200,,23055629,,,,,,,8999,3,0,0,0
177995,73605956064535415,,0,4,-1.0,19423.0,1423,489.0,20,20,43211,44200,,23055629,,,,,,,4000,1,45250,0,0
177996,73605956539842560,,0,4,,,1423,,20,20,43211,44200,,23055629,,,,,,,13473,3,0,0,0
177997,73605956971200512,,0,4,,,1423,,20,20,43211,44200,,23055629,,,,,,,3631,3,0,0,0
177998,73605957452627968,,0,4,,,1423,,20,20,43211,44200,,23055629,,,,,,,7970,3,0,0,0
177999,73605958003261440,,0,4,,,1423,,20,20,43211,44200,,23055629,,,,,,,10503,3,0,0,0
178000,73605958623428608,,0,4,,,1423,,20,20,43211,44200,,23055629,,,,,,,12495,3,0,0,0
178001,73605959040172032,,0,4,,,1423,,20,20,43211,44200,,23055629,,,,,,,7292,3,0,0,0
178002,73605959594344448,,0,4,,,1423,,20,20,43211,44200,,23055629,,,,,,,10686,3,0,0,0
178003,73605960103297024,,0,4,,,1423,,20,20,43211,44200,,23055629,,,,,,,9633,3,0,0,0
178004,73605960373896350,,0,4,-1.0,19423.0,1423,489.0,20,20,43211,44200,,23055629,,,,,,,7361,1,45250,0,0
178005,73605960695611392,,0,4,,,1423,,20,20,43211,44200,,23055629,,,,,,,3902,3,0,0,0
178006,73605961219571712,,0,4,,,1423,,20,20,43211,44200,,23055629,,,,,,,10180,3,0,0,0
178007,73605961801400320,,0,4,,,1423,,20,20,43211,44200,,23055629,,,,,,,11156,3,0,0,0
178008,73605962242195456,,0,4,,,1423,,20,20,43211,44200,,23055629,,,,,,,8150,3,0,0,0
178009,73605962792828928,,0,4,,,1423,,20,20,43211,44200,,23055629,,,,,,,10581,3,0,0,0
178010,73605963313053696,,0,4,,,1423,,20,20,43211,44200,,23055629,,,,,,,10645,3,0,0,0
178011,73605963839307776,,0,4,,,1423,,20,20,43211,44200,,23055629,,,,,,,9323,3,0,0,0
178012,73605964397084672,,0,4,,,1423,,20,20,43211,44200,,23055629,,,,,,,10550,3,0,0,0
178013,73605964891815936,,0,4,,,1423,,20,20,43211,44200,,23055629,,,,,,,9434,3,0,0,0
178014,73605964909268487,,0,4,-1.0,19423.0,1423,489.0,20,20,43211,44200,,23055629,,,,,,,1708,1,45250,0,0
178015,73605965442842624,,0,4,,,1423,,20,20,43211,44200,,23055629,,,,,,,8801,3,0,0,0
178016,73605965999439872,,0,4,,,1423,,20,20,43211,44200,,23055629,,,,,,,10630,3,0,0,0
178017,73605966471364608,,0,4,,,1423,,20,20,43211,44200,,23055629,,,,,,,8988,3,0,0,0
178018,73605967021998080,,0,4,,,1423,,20,20,43211,44200,,23055629,,,,,,,10503,3,0,0,0
178019,73605967572631552,,0,4,,,1423,,20,20,43211,44200,,23055629,,,,,,,10718,3,0,0,0
178020,73605968049340416,,0,4,,,1423,,20,20,43211,44200,,23055629,,,,,,,8876,3,0,0,0
178021,73605968125068256,,0,4,-1.0,19423.0,1423,489.0,20,20,43211,44200,,23055629,,,,,,,2681,1,45250,0,0
178022,73605968622977024,,0,4,,,1423,,20,20,43211,44200,,23055629,,,,,,,8305,3,0,0,0
178023,73605969104994304,,0,4,,,1423,,20,20,43211,44200,,23055629,,,,,,,9155,3,0,0,0
178024,73605969655627776,,0,4,,,1423,,20,20,43211,44200,,23055629,,,,,,,10532,3,0,0,0
178025,73605970127618048,,0,4,,,1423,,20,20,43211,44200,,23055629,,,,,,,8986,3,0,0,0
178026,73605970756829184,,0,4,,,1423,,20,20,43211,44200,,23055629,,,,,,,11987,3,0,0,0
178027,73605971352027136,,0,4,,,1423,,20,20,43211,44200,,23055629,,,,,,,11875,3,0,0,0
178028,73605971748061184,,0,4,,,1423,,20,20,43211,44200,,23055629,,,,,,,7128,3,0,0,0
178029,73605972033873826,,0,4,-1.0,19423.0,1423,489.0,20,20,43211,44200,,23055629,,,,,,,6607,1,45250,0,0
178030,73605972304003072,,0,4,,,1423,,20,20,43211,44200,,23055629,,,,,,,3915,3,0,0,0
178031,73605972876591104,,0,4,,,1423,,20,20,43211,44200,,23055629,,,,,,,10997,3,0,0,0
178032,73605973348581376,,0,4,,,1423,,20,20,43211,44200,,23055629,,,,,,,8932,3,0,0,0
178033,73605973899149312,,0,4,,,1423,,20,20,43211,44200,,23055629,,,,,,,10484,3,0,0,0
178034,73605974371074048,,0,4,,,1423,,20,20,43211,44200,,23055629,,,,,,,9017,3,0,0,0
178035,73605974918823936,,0,4,,,1423,,20,20,43211,44200,,23055629,,,,,,,10440,3,0,0,0
178036,73605975380558587,,0,4,-1.0,19423.0,1423,489.0,20,20,43211,44200,,23055629,,,,,,,9970,1,45250,0,0
178037,73605975471620096,,0,4,,,1423,,20,20,43211,44200,,23055629,,,,,,,560,3,0,0,0
178038,73605975943806976,,0,4,,,1423,,20,20,43211,44200,,23055629,,,,,,,9013,3,0,0,0
178039,73605976494309376,,0,4,,,1423,,20,20,43211,44200,,23055629,,,,,,,10526,3,0,0,0
178040,73605977284673536,,0,4,,,1423,,20,20,43211,44200,,23055629,,,,,,,15075,3,0,0,0
178041,73605977825148928,,0,4,,,1423,,20,20,43211,44200,,23055629,,,,,,,10304,3,0,0,0
178042,73605978297073664,,0,4,,,1423,,20,20,43211,44200,,23055629,,,,,,,9005,3,0,0,0
178043,73605978852753408,,0,4,,,1423,,20,20,43211,44200,,23055629,,,,,,,15548,3,0,0,0
178044,73605979339685888,,0,4,,,1423,,20,20,43211,44200,,23055629,,,,,,,4308,3,0,0,0
178045,73605979890253824,,0,4,,,1423,,20,20,43211,44200,,23055629,,,,,,,10498,3,0,0,0
178046,73605980448751616,,0,4,,,1423,,20,20,43211,44200,,23055629,,,,,,,11292,3,0,0,0
178047,73605980920610816,,0,4,,,1423,,20,20,43211,44200,,23055629,,,,,,,8363,3,0,0,0
178048,73605981471244288,,0,4,,,1423,,20,20,43211,44200,,23055629,,,,,,,10525,3,0,0,0
178049,73605982023254016,,0,4,,,1423,,20,20,43211,44200,,23055629,,,,,,,10510,3,0,0,0
178050,73605982547214336,,0,4,,,1423,,20,20,43211,44200,,23055629,,,,,,,10003,3,0,0,0
178051,73605983066521600,,0,4,,,1423,,20,20,43211,44200,,23055629,,,,,,,9892,3,0,0,0
178052,73605983630393344,,0,4,,,1423,,20,20,43211,44200,,23055629,,,,,,,10758,3,0,0,0
178053,73605983759385875,,0,4,-1.0,19423.0,1423,489.0,20,20,43211,44200,,23055629,,,,,,,3736,1,45250,0,0
178054,73605984103038976,,0,4,,,1423,,20,20,43211,44200,,23055629,,,,,,,5414,3,0,0,0
178055,73605984653541376,,0,4,,,1423,,20,20,43211,44200,,23055629,,,,,,,10364,3,0,0,0
178056,73605985204174848,,0,4,,,1423,,20,20,43211,44200,,23055629,,,,,,,10507,3,0,0,0
178057,73605985685012480,,0,4,,,1423,,20,20,43211,44200,,23055629,,,,,,,9167,3,0,0,0
178058,73605986267365376,,0,4,,,1423,,20,20,43211,44200,,23055629,,,,,,,11105,3,0,0,0
178059,73605986740011008,,0,4,,,1423,,20,20,43211,44200,,23055629,,,,,,,9013,3,0,0,0
178060,73605987251912704,,0,4,,,1423,,20,20,43211,44200,,23055629,,,,,,,9788,3,0,0,0
178061,73605987779411968,,0,4,,,1423,,20,20,43211,44200,,23055629,,,,,,,10038,3,0,0,0
178062,73605988331356160,,0,4,,,1423,,20,20,43211,44200,,23055629,,,,,,,10528,3,0,0,0
178063,73605988399875828,,0,4,-1.0,19423.0,1423,489.0,20,20,43211,44200,,23055629,,,,,,,2880,1,45250,0,0
178064,73605988882186240,,0,4,,,1423,,20,20,43211,44200,,23055629,,,,,,,7657,3,0,0,0
178065,73605989356208128,,0,4,,,1423,,20,20,43211,44200,,23055629,,,,,,,9016,3,0,0,0
178066,73605989906382848,,0,4,,,1423,,20,20,43211,44200,,23055629,,,,,,,10496,3,0,0,0
178067,73605990458654720,,0,4,,,1423,,20,20,43211,44200,,23055629,,,,,,,10606,3,0,0,0
178068,73605991009222656,,0,4,,,1423,,20,20,43211,44200,,23055629,,,,,,,10421,3,0,0,0
178069,73605991497662464,,0,4,,,1423,,20,20,43211,44200,,23055629,,,,,,,9340,3,0,0,0
178070,73605992049344512,,0,4,,,1423,,20,20,43211,44200,,23055629,,,,,,,10533,3,0,0,0
178071,73605992533393408,,0,4,,,1423,,20,20,43211,44200,,23055629,,,,,,,9213,3,0,0,0
178072,73605993085206528,,0,4,,,1423,,20,20,43211,44200,,23055629,,,,,,,10511,3,0,0,0
178073,73605993171333715,,0,4,-1.0,19423.0,1423,489.0,20,20,43211,44200,,23055629,,,,,,,2883,1,45250,0,0
178074,73605993563815936,,0,4,,,1423,,20,20,43211,44200,,23055629,,,,,,,8838,3,0,0,0
178075,73605994108813312,,0,4,,,1423,,20,20,43211,44200,,23055629,,,,,,,7947,3,0,0,0
178076,73605994602430464,,0,4,,,1423,,20,20,43211,44200,,23055629,,,,,,,9281,3,0,0,0
178077,73605995153129472,,0,4,,,1423,,20,20,43211,44200,,23055629,,,,,,,10525,3,0,0,0
178078,73605995715624960,,0,4,,,1423,,20,20,43211,44200,,23055629,,,,,,,10899,3,0,0,0
178079,73605996254724096,,0,4,,,1423,,20,20,43211,44200,,23055629,,,,,,,10095,3,0,0,0
178080,73605996805357568,,0,4,,,1423,,20,20,43211,44200,,23055629,,,,,,,10508,3,0,0,0
178081,73605997277347840,,0,4,,,1423,,20,20,43211,44200,,23055629,,,,,,,8983,3,0,0,0
178082,73605997857406976,,0,4,,,1423,,20,20,43211,44200,,23055629,,,,,,,11151,3,0,0,0
178083,73605997852311686,,0,4,-1.0,19423.0,1423,489.0,20,20,43211,44200,,23055629,,,,,,,1135,1,45250,0,0
178084,73605998439104512,,0,4,,,1423,,20,20,43211,44200,,23055629,,,,,,,11660,3,0,0,0
178085,73605998769226290,,0,4,-1.0,19423.0,1423,489.0,20,20,43211,44200,,23055629,,,,,,,6243,1,45250,0,0
178086,73605998910504960,,0,4,,,1423,,20,20,43211,44200,,23055629,,,,,,,1514,3,0,0,0
178087,73605999413362688,,0,4,,,1423,,20,20,43211,44200,,23055629,,,,,,,9036,3,0,0,0
178088,73605999885352960,,0,4,,,1423,,20,20,43211,44200,,23055629,,,,,,,9002,3,0,0,0
178089,73606000440705024,,0,4,,,1423,,20,20,43211,44200,,23055629,,,,,,,10611,3,0,0,0
178090,73606000993304576,,0,4,,,1423,,20,20,43211,44200,,23055629,,,,,,,10538,3,0,0,0
178091,73606001467195392,,0,4,,,1423,,20,20,43211,44200,,23055629,,,,,,,9047,3,0,0,0
178092,73606002031788032,,0,4,,,1423,,20,20,43211,44200,,23055629,,,,,,,10765,3,0,0,0
178093,73606002664800256,,0,4,,,1423,,20,20,43211,44200,,23055629,,,,,,,12057,3,0,0,0
178094,73606002796413033,,0,4,-1.0,19423.0,1423,489.0,20,20,43211,44200,,23055629,,,,,,,5682,1,45250,0,0
178095,73606003142950912,,0,4,,,1423,,20,20,43211,44200,,23055629,,,,,,,3443,3,0,0,0
178096,73606003697188864,,0,4,,,1423,,20,20,43211,44200,,23055629,,,,,,,10566,3,0,0,0
178097,73606004195393536,,0,4,,,1423,,20,20,43211,44200,,23055629,,,,,,,9502,3,0,0,0
178098,73606004746027008,,0,4,,,1423,,20,20,43211,44200,,23055629,,,,,,,10516,3,0,0,0
178099,73606005298167808,,0,4,,,1423,,20,20,43211,44200,,23055629,,,,,,,10541,3,0,0,0
178100,73606005775204352,,0,4,,,1423,,20,20,43211,44200,,23055629,,,,,,,9077,3,0,0,0
178101,73606006326034432,,0,4,,,1423,,20,20,43211,44200,,23055629,,,,,,,10540,3,0,0,0
178102,73606006852222976,,0,4,,,1423,,20,20,43211,44200,,23055629,,,,,,,11409,3,0,0,0
178103,73606007388635136,,0,4,,,1423,,20,20,43211,44200,,23055629,,,,,,,9370,3,0,0,0
178104,73606007591030584,,0,4,-1.0,19423.0,1423,489.0,20,20,43211,44200,,23055629,,,,,,,4613,1,45250,0,0
178105,73606007856431104,,0,4,,,1423,,20,20,43211,44200,,23055629,,,,,,,3759,3,0,0,0
178106,73606008408834048,,0,4,,,1423,,20,20,43211,44200,,23055629,,,,,,,10556,3,0,0,0
178107,73606008959336448,,0,4,,,1423,,20,20,43211,44200,,23055629,,,,,,,10527,3,0,0,0
178108,73606009515540480,,0,4,,,1423,,20,20,43211,44200,,23055629,,,,,,,10595,3,0,0,0
178109,73606010066173952,,0,4,,,1423,,20,20,43211,44200,,23055629,,,,,,,10479,3,0,0,0
178110,73606011164688384,,0,4,,,1423,,20,20,43211,44200,,23055629,,,,,,,10985,3,0,0,0
178111,73606011636547584,,0,4,,,1423,,20,20,43211,44200,,23055629,,,,,,,8938,3,0,0,0
178112,73606012153298944,,0,4,,,1423,,20,20,43211,44200,,23055629,,,,,,,9895,3,0,0,0
178113,73606012453526338,,0,4,-1.0,19423.0,1423,489.0,20,20,43211,44200,,23055629,,,,,,,6984,1,45250,0,0
178114,73606012627648512,,0,4,,,1423,,20,20,43211,44200,,23055629,,,,,,,2037,3,0,0,0
178115,73606013147545600,,0,4,,,1423,,20,20,43211,44200,,23055629,,,,,,,11231,3,0,0,0
178116,73606013669670912,,0,4,,,1423,,20,20,43211,44200,,23055629,,,,,,,8637,3,0,0,0
178117,73606014220238848,,0,4,,,1423,,20,20,43211,44200,,23055629,,,,,,,10788,3,0,0,0
178118,73606014748721152,,0,4,,,1423,,20,20,43211,44200,,23055629,,,,,,,11152,3,0,0,0
178119,73606015267241984,,0,4,,,1423,,20,20,43211,44200,,23055629,,,,,,,8530,3,0,0,0
178120,73606015965396992,,0,4,,,1423,,20,20,43211,44200,,23055629,,,,,,,13316,3,0,0,0
178121,73606016437977088,,0,4,,,1423,,20,20,43211,44200,,23055629,,,,,,,9011,3,0,0,0
178122,73606016976748544,,0,4,,,1423,,20,20,43211,44200,,23055629,,,,,,,10502,3,0,0,0
178123,73606017437361882,,0,4,-1.0,19423.0,1423,489.0,20,20,43211,44200,,23055629,,,,,,,9808,1,45250,0,0
178124,73606017527513088,,0,4,,,1423,,20,20,43211,44200,,23055629,,,,,,,2328,3,0,0,0
178125,73606018031878144,,0,4,,,1423,,20,20,43211,44200,,23055629,,,,,,,8008,3,0,0,0
178126,73606018544762880,,0,4,,,1423,,20,20,43211,44200,,23055629,,,,,,,9619,3,0,0,0
178127,73606019095330816,,0,4,,,1423,,20,20,43211,44200,,23055629,,,,,,,10437,3,0,0,0
178128,73606019592421376,,0,4,,,1423,,20,20,43211,44200,,23055629,,,,,,,9465,3,0,0,0
178129,73606020256104448,,0,4,,,1423,,20,20,43211,44200,,23055629,,,,,,,12974,3,0,0,0
178130,73606020652072960,,0,4,,,1423,,20,20,43211,44200,,23055629,,,,,,,7244,3,0,0,0
178131,73606021151326208,,0,4,,,1423,,20,20,43211,44200,,23055629,,,,,,,9522,3,0,0,0
178132,73606022041567232,,0,4,,,1423,,20,20,43211,44200,,23055629,,,,,,,18546,3,0,0,0
178133,73606022136099710,,0,4,-1.0,19423.0,1423,489.0,20,20,43211,44200,,23055629,,,,,,,2285,1,45250,0,0
178134,73606022365839484,,0,4,-1.0,19423.0,1423,489.0,20,20,43211,44200,,23055629,,,,,,,3563,1,45250,0,0
178135,73606022574505984,,0,4,,,1423,,20,20,43211,44200,,23055629,,,,,,,2743,3,0,0,0
178136,73606023056850944,,0,4,,,1423,,20,20,43211,44200,,23055629,,,,,,,9203,3,0,0,0
178137,73606023607353344,,0,4,,,1423,,20,20,43211,44200,,23055629,,,,,,,10548,3,0,0,0
178138,73606024157921280,,0,4,,,1423,,20,20,43211,44200,,23055629,,,,,,,10455,3,0,0,0
178139,73606024709406720,,0,4,,,1423,,20,20,43211,44200,,23055629,,,,,,,10587,3,0,0,0
178140,73606025183232000,,0,4,,,1423,,20,20,43211,44200,,23055629,,,,,,,8968,3,0,0,0
178141,73606025743761408,,0,4,,,1423,,20,20,43211,44200,,23055629,,,,,,,11567,3,0,0,0
178142,73606026217062400,,0,4,,,1423,,20,20,43211,44200,,23055629,,,,,,,8157,3,0,0,0
178143,73606026376924824,,0,4,-1.0,19423.0,1423,489.0,20,20,43211,44200,,23055629,,,,,,,4350,1,45250,0,0
178144,73606026770317312,,0,4,,,1423,,20,20,43211,44200,,23055629,,,,,,,6207,3,0,0,0
178145,73606027256791040,,0,4,,,1423,,20,20,43211,44200,,23055629,,,,,,,9273,3,0,0,0
178146,73606027807358976,,0,4,,,1423,,20,20,43211,44200,,23055629,,,,,,,10505,3,0,0,0
178147,73606028376801280,,0,4,,,1423,,20,20,43211,44200,,23055629,,,,,,,10856,3,0,0,0
178148,73606028929007616,,0,4,,,1423,,20,20,43211,44200,,23055629,,,,,,,10572,3,0,0,0
178149,73606029405978624,,0,4,,,1423,,20,20,43211,44200,,23055629,,,,,,,9055,3,0,0,0
178150,73606029819712627,,0,4,-1.0,19423.0,1423,489.0,20,20,43211,44200,,23055629,,,,,,,9055,1,45250,0,0
178151,73606029969326080,,0,4,,,1423,,20,20,43211,44200,,23055629,,,,,,,1696,3,0,0,0
178152,73606030531035136,,0,4,,,1423,,20,20,43211,44200,,23055629,,,,,,,13016,3,0,0,0
178153,73606030999158784,,0,4,,,1423,,20,20,43211,44200,,23055629,,,,,,,6698,3,0,0,0
178154,73606031549792256,,0,4,,,1423,,20,20,43211,44200,,23055629,,,,,,,10424,3,0,0,0
178155,73606032023552000,,0,4,,,1423,,20,20,43211,44200,,23055629,,,,,,,9038,3,0,0,0
178156,73606032614621184,,0,4,,,1423,,20,20,43211,44200,,23055629,,,,,,,11305,3,0,0,0
178157,73606033083596800,,0,4,,,1423,,20,20,43211,44200,,23055629,,,,,,,8950,3,0,0,0
178158,73606033639800832,,0,4,,,1423,,20,20,43211,44200,,23055629,,,,,,,10571,3,0,0,0
178159,73606034131976192,,0,4,,,1423,,20,20,43211,44200,,23055629,,,,,,,9421,3,0,0,0
178160,73606034334840526,,0,4,-1.0,19423.0,1423,489.0,20,20,43211,44200,,23055629,,,,,,,5129,1,45250,0,0
178161,73606034682740736,,0,4,,,1423,,20,20,43211,44200,,23055629,,,,,,,6335,3,0,0,0
178162,73606035251527680,,0,4,,,1423,,20,20,43211,44200,,23055629,,,,,,,9856,3,0,0,0
178163,73606035723452416,,0,4,,,1423,,20,20,43211,44200,,23055629,,,,,,,9025,3,0,0,0
178164,73606036255342592,,0,4,,,1423,,20,20,43211,44200,,23055629,,,,,,,10121,3,0,0,0
178165,73606036780613632,,0,4,,,1423,,20,20,43211,44200,,23055629,,,,,,,10030,3,0,0,0
178166,73606037331247104,,0,4,,,1423,,20,20,43211,44200,,23055629,,,,,,,10517,3,0,0,0
178167,73606037881815040,,0,4,,,1423,,20,20,43211,44200,,23055629,,,,,,,10476,3,0,0,0
178168,73606038379560960,,0,4,,,1423,,20,20,43211,44200,,23055629,,,,,,,9505,3,0,0,0
178169,73606038934913024,,0,4,,,1423,,20,20,43211,44200,,23055629,,,,,,,10580,3,0,0,0
178170,73606038885455895,,0,4,-1.0,19423.0,1423,489.0,20,20,43211,44200,,23055629,,,,,,,415,1,45250,0,0
178171,73606039451074560,,0,4,,,1423,,20,20,43211,44200,,23055629,,,,,,,9430,3,0,0,0
178172,73606039928176640,,0,4,,,1423,,20,20,43211,44200,,23055629,,,,,,,9127,3,0,0,0
178173,73606040478744576,,0,4,,,1423,,20,20,43211,44200,,23055629,,,,,,,12145,3,0,0,0
178174,73606041029705728,,0,4,,,1423,,20,20,43211,44200,,23055629,,,,,,,8852,3,0,0,0
178175,73606041580339200,,0,4,,,1423,,20,20,43211,44200,,23055629,,,,,,,10497,3,0,0,0
178176,73606042052263936,,0,4,,,1423,,20,20,43211,44200,,23055629,,,,,,,9017,3,0,0,0
178177,73606042221579730,,0,4,-1.0,19423.0,1423,489.0,20,20,43211,44200,,23055629,,,,,,,4927,1,45250,0,0
178178,73606042634813440,,0,4,,,1423,,20,20,43211,44200,,23055629,,,,,,,9366,3,0,0,0
178179,73606042640493198,,0,4,-1.0,19423.0,1423,489.0,20,20,43211,44200,,23055629,,,,,,,841,1,45250,0,0
178180,73606043143372800,,0,4,,,1423,,20,20,43211,44200,,23055629,,,,,,,5664,3,0,0,0
178181,73606043615232000,,0,4,,,1423,,20,20,43211,44200,,23055629,,,,,,,9004,3,0,0,0
178182,73606044165865472,,0,4,,,1423,,20,20,43211,44200,,23055629,,,,,,,10491,3,0,0,0
178183,73606044728557568,,0,4,,,1423,,20,20,43211,44200,,23055629,,,,,,,10730,3,0,0,0
178184,73606045242949632,,0,4,,,1423,,20,20,43211,44200,,23055629,,,,,,,9879,3,0,0,0
178185,73606045715005440,,0,4,,,1423,,20,20,43211,44200,,23055629,,,,,,,8942,3,0,0,0
178186,73606045696142535,,0,4,-1.0,19423.0,1423,489.0,20,20,43211,44200,,23055629,,,,,,,866,1,45250,0,0
178187,73606046265638912,,0,4,,,1423,,20,20,43211,44200,,23055629,,,,,,,9639,3,0,0,0
178188,73606046816206848,,0,4,,,1423,,20,20,43211,44200,,23055629,,,,,,,10491,3,0,0,0
178189,73606047366840320,,0,4,,,1423,,20,20,43211,44200,,23055629,,,,,,,10514,3,0,0,0
178190,73606047838830592,,0,4,,,1423,,20,20,43211,44200,,23055629,,,,,,,9004,3,0,0,0
178191,73606048389464064,,0,4,,,1423,,20,20,43211,44200,,23055629,,,,,,,10524,3,0,0,0
178192,73606048940556288,,0,4,,,1423,,20,20,43211,44200,,23055629,,,,,,,10508,3,0,0,0
178193,73606049635631104,,0,4,,,1423,,20,20,43211,44200,,23055629,,,,,,,13382,3,0,0,0
178194,73606049774446367,,0,4,-1.0,19423.0,1423,489.0,20,20,43211,44200,,23055629,,,,,,,3745,1,45250,0,0
178195,73606049950531584,,0,4,,,1423,,20,20,43211,44200,,23055629,,,,,,,2107,3,0,0,0
178196,73606050500968448,,0,4,,,1423,,20,20,43211,44200,,23055629,,,,,,,10502,3,0,0,0
178197,73606050972958720,,0,4,,,1423,,20,20,43211,44200,,23055629,,,,,,,9027,3,0,0,0
178198,73606051520970752,,0,4,,,1423,,20,20,43211,44200,,23055629,,,,,,,11208,3,0,0,0
178199,73606052076126208,,0,4,,,1423,,20,20,43211,44200,,23055629,,,,,,,9814,3,0,0,0
178200,73606052627087360,,0,4,,,1423,,20,20,43211,44200,,23055629,,,,,,,10512,3,0,0,0
178201,73606053099077632,,0,4,,,1423,,20,20,43211,44200,,23055629,,,,,,,9065,3,0,0,0
178202,73606053159786491,,0,4,-1.0,19423.0,1423,489.0,20,20,43211,44200,,23055629,,,,,,,2447,1,45250,0,0
178203,73606053661638656,,0,4,,,1423,,20,20,43211,44200,,23055629,,,,,,,8217,3,0,0,0
178204,73606054213713920,,0,4,,,1423,,20,20,43211,44200,,23055629,,,,,,,10705,3,0,0,0
178205,73606054685704192,,0,4,,,1423,,20,20,43211,44200,,23055629,,,,,,,8820,3,0,0,0
178206,73606055239352320,,0,4,,,1423,,20,20,43211,44200,,23055629,,,,,,,10577,3,0,0,0
178207,73606055789920256,,0,4,,,1423,,20,20,43211,44200,,23055629,,,,,,,10489,3,0,0,0
178208,73606056327249920,,0,4,,,1423,,20,20,43211,44200,,23055629,,,,,,,10247,3,0,0,0
178209,73606056846032896,,0,4,,,1423,,20,20,43211,44200,,23055629,,,,,,,9974,3,0,0,0
178210,73606056872878128,,0,4,-1.0,19423.0,1423,489.0,20,20,43211,44200,,23055629,,,,,,,1754,1,45250,0,0
178211,73606057340370944,,0,4,,,1423,,20,20,43211,44200,,23055629,,,,,,,8030,3,0,0,0
178212,73606057851682816,,0,4,,,1423,,20,20,43211,44200,,23055629,,,,,,,9322,3,0,0,0
178213,73606058402119680,,0,4,,,1423,,20,20,43211,44200,,23055629,,,,,,,10491,3,0,0,0
178214,73606058874437632,,0,4,,,1423,,20,20,43211,44200,,23055629,,,,,,,9012,3,0,0,0
178215,73606059429134336,,0,4,,,1423,,20,20,43211,44200,,23055629,,,,,,,10594,3,0,0,0
178216,73606059979964416,,0,4,,,1423,,20,20,43211,44200,,23055629,,,,,,,10510,3,0,0,0
178217,73606060510740480,,0,4,,,1423,,20,20,43211,44200,,23055629,,,,,,,10337,3,0,0,0
178218,73606061066223616,,0,4,,,1423,,20,20,43211,44200,,23055629,,,,,,,10363,3,0,0,0
178219,73606061549223936,,0,4,,,1423,,20,20,43211,44200,,23055629,,,,,,,9345,3,0,0,0
178220,73606061663007268,,0,4,-1.0,19423.0,1423,489.0,20,20,43211,44200,,23055629,,,,,,,3920,1,45250,0,0
178221,73606062073053184,,0,4,,,1423,,20,20,43211,44200,,23055629,,,,,,,5940,3,0,0,0
178222,73606062644264960,,0,4,,,1423,,20,20,43211,44200,,23055629,,,,,,,11765,3,0,0,0
178223,73606063156756480,,0,4,,,1423,,20,20,43211,44200,,23055629,,,,,,,10080,3,0,0,0
178224,73606063628746752,,0,4,,,1423,,20,20,43211,44200,,23055629,,,,,,,7824,3,0,0,0
178225,73606064215031808,,0,4,,,1423,,20,20,43211,44200,,23055629,,,,,,,11187,3,0,0,0
178226,73606064716775424,,0,4,,,1423,,20,20,43211,44200,,23055629,,,,,,,10237,3,0,0,0
178227,73606065266622464,,0,4,,,1423,,20,20,43211,44200,,23055629,,,,,,,9816,3,0,0,0
178228,73606065741692928,,0,4,,,1423,,20,20,43211,44200,,23055629,,,,,,,9079,3,0,0,0
178229,73606066375163904,,0,4,,,1423,,20,20,43211,44200,,23055629,,,,,,,12491,3,0,0,0
178230,73606066465648313,,0,4,-1.0,19423.0,1423,489.0,20,20,43211,44200,,23055629,,,,,,,2624,1,45250,0,0
178231,73606066849775616,,0,4,,,1423,,20,20,43211,44200,,23055629,,,,,,,6002,3,0,0,0
178232,73606067391168512,,0,4,,,1423,,20,20,43211,44200,,23055629,,,,,,,10336,3,0,0,0
178233,73606067912114176,,0,4,,,1423,,20,20,43211,44200,,23055629,,,,,,,9953,3,0,0,0
178234,73606068458160128,,0,4,,,1423,,20,20,43211,44200,,23055629,,,,,,,10389,3,0,0,0
178235,73606069008793600,,0,4,,,1423,,20,20,43211,44200,,23055629,,,,,,,10519,3,0,0,0
178236,73606069483470848,,0,4,,,1423,,20,20,43211,44200,,23055629,,,,,,,9047,3,0,0,0
178237,73606070034104320,,0,4,,,1423,,20,20,43211,44200,,23055629,,,,,,,10504,3,0,0,0
178238,73606070251399822,,0,4,-1.0,19423.0,1423,489.0,20,20,43211,44200,,23055629,,,,,,,5365,1,45250,0,0
178239,73606070586310656,,0,4,,,1423,,20,20,43211,44200,,23055629,,,,,,,5161,3,0,0,0
178240,73606071080189952,,0,4,,,1423,,20,20,43211,44200,,23055629,,,,,,,10300,3,0,0,0
178241,73606071564238848,,0,4,,,1423,,20,20,43211,44200,,23055629,,,,,,,8366,3,0,0,0
178242,73606072115527680,,0,4,,,1423,,20,20,43211,44200,,23055629,,,,,,,10500,3,0,0,0
178243,73606072712953856,,0,4,,,1423,,20,20,43211,44200,,23055629,,,,,,,11407,3,0,0,0
178244,73606073264373760,,0,4,,,1423,,20,20,43211,44200,,23055629,,,,,,,11037,3,0,0,0
178245,73606073737281536,,0,4,,,1423,,20,20,43211,44200,,23055629,,,,,,,8492,3,0,0,0
178246,73606074282868736,,0,4,,,1423,,20,20,43211,44200,,23055629,,,,,,,10445,3,0,0,0
178247,73606074766589952,,0,4,,,1423,,20,20,43211,44200,,23055629,,,,,,,10046,3,0,0,0
178248,73606074699058449,,0,4,-1.0,19423.0,1423,489.0,20,20,43211,44200,,23055629,,,,,,,0,1,45250,0,0
178249,73606075323187200,,0,4,,,1423,,20,20,43211,44200,,23055629,,,,,,,9751,3,0,0,0
178250,73606075888631808,,0,4,,,1423,,20,20,43211,44200,,23055629,,,,,,,11111,3,0,0,0
178251,73606076360491008,,0,4,,,1423,,20,20,43211,44200,,23055629,,,,,,,8691,3,0,0,0
178252,73606076911124480,,0,4,,,1423,,20,20,43211,44200,,23055629,,,,,,,10486,3,0,0,0
178253,73606077548593152,,0,4,,,1423,,20,20,43211,44200,,23055629,,,,,,,12621,3,0,0,0
178254,73606077941547008,,0,4,,,1423,,20,20,43211,44200,,23055629,,,,,,,7192,3,0,0,0
178255,73606078260268151,,0,4,-1.0,19423.0,1423,489.0,20,20,43211,44200,,23055629,,,,,,,7216,1,45250,0,0
178256,73606078510661632,,0,4,,,1423,,20,20,43211,44200,,23055629,,,,,,,3478,3,0,0,0
178257,73606079083446272,,0,4,,,1423,,20,20,43211,44200,,23055629,,,,,,,10928,3,0,0,0
178258,73606079555174400,,0,4,,,1423,,20,20,43211,44200,,23055629,,,,,,,9021,3,0,0,0
178259,73606080110002176,,0,4,,,1423,,20,20,43211,44200,,23055629,,,,,,,10559,3,0,0,0
178260,73606080598179840,,0,4,,,1423,,20,20,43211,44200,,23055629,,,,,,,9426,3,0,0,0
178261,73606081149206528,,0,4,,,1423,,20,20,43211,44200,,23055629,,,,,,,10409,3,0,0,0
178262,73606081699840000,,0,4,,,1423,,20,20,43211,44200,,23055629,,,,,,,1072334,3,0,0,0
178263,73606082827497841,,0,4,-1.0,19423.0,1423,489.0,20,20,43211,44200,,23055629,,,,,,,3936,1,45250,0,0
178264,73606082290554631,,0,4,-1.0,19423.0,1423,489.0,20,20,43211,44200,,23055629,,,,,,,555,1,45250,0,0
178265,73606083359699348,,0,4,-1.0,19423.0,1423,489.0,20,20,43211,44200,,23055629,,,,,,,384,1,45250,0,0
178266,73606136772165632,,0,4,,,1423,,20,20,43211,44200,,23055629,,,,,,,33,3,0,0,0
178267,73606084435479600,,0,4,-1.0,19423.0,1423,489.0,20,20,43211,44200,,23055629,,,,,,,0,1,45250,0,0
178268,73606085510788803,,0,4,-1.0,19423.0,1423,489.0,20,20,43211,44200,,23055629,,,,,,,336,1,45250,0,0
178269,73606086049242340,,0,4,-1.0,19423.0,1423,489.0,20,20,43211,44200,,23055629,,,,,,,60,1,45250,0,0
178270,73606086586097339,,0,4,-1.0,19423.0,1423,489.0,20,20,43211,44200,,23055629,,,,,,,184,1,45250,0,0
178271,73606136928944827,,0,4,-1.0,19423.0,1423,489.0,20,20,43211,44200,,23055629,,,,,,,11658,1,45250,0,0
178272,73606137555582976,,0,4,,,1423,,20,20,43211,44200,,23055629,,,,,,,10245,3,0,0,0
178273,73606139494662144,,0,4,,,1423,,20,20,43211,44200,,23055629,,,,,,,41637,3,0,0,0
178274,73606140578627584,,0,4,,,1423,,20,20,43211,44200,,23055629,,,,,,,745,3,0,0,0
178275,73606140944711680,,0,4,,,1423,,20,20,43211,44200,,23055629,,,,,,,848,3,0,0,0
178276,73606141072900096,,0,4,,,1423,,20,20,43211,44200,,23055629,,,,,,,162,3,0,0,0
178277,73606141174874112,,0,4,,,1423,,20,20,43211,44200,,23055629,,,,,,,2777,3,0,0,0
178278,73606141188923487,,0,4,-1.0,19423.0,1423,489.0,20,20,43211,44200,,23055629,,,,,,,1029,1,45250,0,0
178279,73606141265707008,,0,4,,,1423,,20,20,43211,44200,,23055629,,,,,,,9,3,0,0,0
178280,73606141344481280,,0,4,,,1423,,20,20,43211,44200,,23055629,,,,,,,1186,3,0,0,0
178281,73606141423190016,,0,4,,,1423,,20,20,43211,44200,,23055629,,,,,,,1579,3,0,0,0
178282,73606141540106240,,0,4,,,1423,,20,20,43211,44200,,23055629,,,,,,,2596,3,0,0,0
178283,73606142044012544,,0,4,,,1423,,20,20,43211,44200,,23055629,,,,,,,9223,3,0,0,0
178284,73606142597660672,,0,4,,,1423,,20,20,43211,44200,,23055629,,,,,,,10518,3,0,0,0
178285,73606143148228608,,0,4,,,1423,,20,20,43211,44200,,23055629,,,,,,,10492,3,0,0,0
178286,73606143634571264,,0,4,,,1423,,20,20,43211,44200,,23055629,,,,,,,9383,3,0,0,0
178287,73606144245956608,,0,4,,,1423,,20,20,43211,44200,,23055629,,,,,,,12097,3,0,0,0
178288,73606144509109363,,0,4,-1.0,19423.0,1423,489.0,20,20,43211,44200,,23055629,,,,,,,5736,1,45250,0,0
178289,73606144718667776,,0,4,,,1423,,20,20,43211,44200,,23055629,,,,,,,2733,3,0,0,0
178290,73606145207500800,,0,4,,,1423,,20,20,43211,44200,,23055629,,,,,,,11519,3,0,0,0
178291,73606145724645376,,0,4,,,1423,,20,20,43211,44200,,23055629,,,,,,,7693,3,0,0,0
178292,73606146280259584,,0,4,,,1423,,20,20,43211,44200,,23055629,,,,,,,10576,3,0,0,0
178293,73606146830827520,,0,4,,,1423,,20,20,43211,44200,,23055629,,,,,,,10502,3,0,0,0
178294,73606147335716864,,0,4,,,1423,,20,20,43211,44200,,23055629,,,,,,,9703,3,0,0,0
178295,73606147886088192,,0,4,,,1423,,20,20,43211,44200,,23055629,,,,,,,10569,3,0,0,0
178296,73606148225334469,,0,4,-1.0,19423.0,1423,489.0,20,20,43211,44200,,23055629,,,,,,,7670,1,45250,0,0
178297,73606148359651328,,0,4,,,1423,,20,20,43211,44200,,23055629,,,,,,,1225,3,0,0,0
178298,73606148915593216,,0,4,,,1423,,20,20,43211,44200,,23055629,,,,,,,10594,3,0,0,0
178299,73606149482086400,,0,4,,,1423,,20,20,43211,44200,,23055629,,,,,,,11040,3,0,0,0
178300,73606149955649536,,0,4,,,1423,,20,20,43211,44200,,23055629,,,,,,,8802,3,0,0,0
178301,73606150506283008,,0,4,,,1423,,20,20,43211,44200,,23055629,,,,,,,10514,3,0,0,0
178302,73606151062487040,,0,4,,,1423,,20,20,43211,44200,,23055629,,,,,,,10608,3,0,0,0
178303,73606151534673920,,0,4,,,1423,,20,20,43211,44200,,23055629,,,,,,,8995,3,0,0,0
178304,73606152089894912,,0,4,,,1423,,20,20,43211,44200,,23055629,,,,,,,10585,3,0,0,0
178305,73606152055590655,,0,4,-1.0,19423.0,1423,489.0,20,20,43211,44200,,23055629,,,,,,,1083,1,45250,0,0
178306,73606152668053504,,0,4,,,1423,,20,20,43211,44200,,23055629,,,,,,,10732,3,0,0,0
178307,73606152871236218,,0,4,-1.0,19423.0,1423,489.0,20,20,43211,44200,,23055629,,,,,,,5107,1,45250,0,0
178308,73606153160359936,,0,4,,,1423,,20,20,43211,44200,,23055629,,,,,,,3692,3,0,0,0
178309,73606153632153600,,0,4,,,1423,,20,20,43211,44200,,23055629,,,,,,,8818,3,0,0,0
178310,73606154189471744,,0,4,,,1423,,20,20,43211,44200,,23055629,,,,,,,10616,3,0,0,0
178311,73606154703142912,,0,4,,,1423,,20,20,43211,44200,,23055629,,,,,,,9904,3,0,0,0
178312,73606155255021568,,0,4,,,1423,,20,20,43211,44200,,23055629,,,,,,,10447,3,0,0,0
178313,73606155755651072,,0,4,,,1423,,20,20,43211,44200,,23055629,,,,,,,9520,3,0,0,0
178314,73606155892765840,,0,4,-1.0,19423.0,1423,489.0,20,20,43211,44200,,23055629,,,,,,,3941,1,45250,0,0
178315,73606156348424192,,0,4,,,1423,,20,20,43211,44200,,23055629,,,,,,,7369,3,0,0,0
178316,73606156521726827,,0,4,-1.0,19423.0,1423,489.0,20,20,43211,44200,,23055629,,,,,,,6100,1,45250,0,0
178317,73606156861112320,,0,4,,,1423,,20,20,43211,44200,,23055629,,,,,,,3686,3,0,0,0
178318,73606157332905984,,0,4,,,1423,,20,20,43211,44200,,23055629,,,,,,,8999,3,0,0,0
178319,73606158041874432,,0,4,,,1423,,20,20,43211,44200,,23055629,,,,,,,17934,3,0,0,0
178320,73606158437187584,,0,4,,,1423,,20,20,43211,44200,,23055629,,,,,,,3138,3,0,0,0
178321,73606158911537152,,0,4,,,1423,,20,20,43211,44200,,23055629,,,,,,,9035,3,0,0,0
178322,73606159226874277,,0,4,-1.0,19423.0,1423,489.0,20,20,43211,44200,,23055629,,,,,,,7393,1,45250,0,0
178323,73606159464071168,,0,4,,,1423,,20,20,43211,44200,,23055629,,,,,,,3138,3,0,0,0
178324,73606159954411520,,0,4,,,1423,,20,20,43211,44200,,23055629,,,,,,,9362,3,0,0,0
178325,73606160504848384,,0,4,,,1423,,20,20,43211,44200,,23055629,,,,,,,10510,3,0,0,0
178326,73606161055481856,,0,4,,,1423,,20,20,43211,44200,,23055629,,,,,,,10494,3,0,0,0
178327,73606161538744320,,0,4,,,1423,,20,20,43211,44200,,23055629,,,,,,,9227,3,0,0,0
178328,73606162089377792,,0,4,,,1423,,20,20,43211,44200,,23055629,,,,,,,10485,3,0,0,0
178329,73606162659344384,,0,4,,,1423,,20,20,43211,44200,,23055629,,,,,,,12784,3,0,0,0
178330,73606163163906048,,0,4,,,1423,,20,20,43211,44200,,23055629,,,,,,,7756,3,0,0,0
178331,73606163170633426,,0,4,-1.0,19423.0,1423,489.0,20,20,43211,44200,,23055629,,,,,,,1431,1,45250,0,0
178332,73606163714801664,,0,4,,,1423,,20,20,43211,44200,,23055629,,,,,,,9707,3,0,0,0
178333,73606164186660864,,0,4,,,1423,,20,20,43211,44200,,23055629,,,,,,,8346,3,0,0,0
178334,73606164753022976,,0,4,,,1423,,20,20,43211,44200,,23055629,,,,,,,11419,3,0,0,0
178335,73606165225013248,,0,4,,,1423,,20,20,43211,44200,,23055629,,,,,,,8365,3,0,0,0
178336,73606165807759360,,0,4,,,1423,,20,20,43211,44200,,23055629,,,,,,,11120,3,0,0,0
178337,73606166282895360,,0,4,,,1423,,20,20,43211,44200,,23055629,,,,,,,9057,3,0,0,0
178338,73606166833856512,,0,4,,,1423,,20,20,43211,44200,,23055629,,,,,,,10529,3,0,0,0
178339,73606167451664384,,0,4,,,1423,,20,20,43211,44200,,23055629,,,,,,,58,3,0,0,0
178340,73606167351613181,,0,4,-1.0,19423.0,1423,489.0,20,20,43211,44200,,23055629,,,,,,,12517,1,45250,0,0
178341,73606167861854208,,0,4,,,1423,,20,20,43211,44200,,23055629,,,,,,,7014,3,0,0,0
178342,73606168191607540,,0,4,-1.0,19423.0,1423,489.0,20,20,43211,44200,,23055629,,,,,,,8325,1,45250,0,0
178343,73606168424415232,,0,4,,,1423,,20,20,43211,44200,,23055629,,,,,,,2579,3,0,0,0
178344,73606168974983168,,0,4,,,1423,,20,20,43211,44200,,23055629,,,,,,,10320,3,0,0,0
178345,73606169446973440,,0,4,,,1423,,20,20,43211,44200,,23055629,,,,,,,9015,3,0,0,0
178346,73606169999900672,,0,4,,,1423,,20,20,43211,44200,,23055629,,,,,,,10554,3,0,0,0
178347,73606170550599680,,0,4,,,1423,,20,20,43211,44200,,23055629,,,,,,,10517,3,0,0,0
178348,73606170912996596,,0,4,-1.0,19423.0,1423,489.0,20,20,43211,44200,,23055629,,,,,,,8220,1,45250,0,0
178349,73606171022786560,,0,4,,,1423,,20,20,43211,44200,,23055629,,,,,,,768,3,0,0,0
178350,73606171577155584,,0,4,,,1423,,20,20,43211,44200,,23055629,,,,,,,10686,3,0,0,0
178351,73606172127264768,,0,4,,,1423,,20,20,43211,44200,,23055629,,,,,,,10378,3,0,0,0
178352,73606172599255040,,0,4,,,1423,,20,20,43211,44200,,23055629,,,,,,,8990,3,0,0,0
178353,73606173149888512,,0,4,,,1423,,20,20,43211,44200,,23055629,,,,,,,10525,3,0,0,0
178354,73606173700521984,,0,4,,,1423,,20,20,43211,44200,,23055629,,,,,,,10511,3,0,0,0
178355,73606174172446720,,0,4,,,1423,,20,20,43211,44200,,23055629,,,,,,,8973,3,0,0,0
178356,73606174801788928,,0,4,,,1423,,20,20,43211,44200,,23055629,,,,,,,12001,3,0,0,0
178357,73606174890870639,,0,4,-1.0,19423.0,1423,489.0,20,20,43211,44200,,23055629,,,,,,,3055,1,45250,0,0
178358,73606175274434560,,0,4,,,1423,,20,20,43211,44200,,23055629,,,,,,,5960,3,0,0,0
178359,73606175843614720,,0,4,,,1423,,20,20,43211,44200,,23055629,,,,,,,10877,3,0,0,0
178360,73606176394838016,,0,4,,,1423,,20,20,43211,44200,,23055629,,,,,,,11460,3,0,0,0
178361,73606176897761280,,0,4,,,1423,,20,20,43211,44200,,23055629,,,,,,,8642,3,0,0,0
178362,73606177372962816,,0,4,,,1423,,20,20,43211,44200,,23055629,,,,,,,9048,3,0,0,0
178363,73606177928314880,,0,4,,,1423,,20,20,43211,44200,,23055629,,,,,,,10622,3,0,0,0
178364,73606178431959040,,0,4,,,1423,,20,20,43211,44200,,23055629,,,,,,,9592,3,0,0,0
178365,73606179099115520,,0,4,,,1423,,20,20,43211,44200,,23055629,,,,,,,12879,3,0,0,0
178366,73606179291424468,,0,4,-1.0,19423.0,1423,489.0,20,20,43211,44200,,23055629,,,,,,,4842,1,45250,0,0
178367,73606179502358528,,0,4,,,1423,,20,20,43211,44200,,23055629,,,,,,,2685,3,0,0,0
178368,73606180062101504,,0,4,,,1423,,20,20,43211,44200,,23055629,,,,,,,10672,3,0,0,0
178369,73606180589993984,,0,4,,,1423,,20,20,43211,44200,,23055629,,,,,,,10069,3,0,0,0
178370,73606181140692992,,0,4,,,1423,,20,20,43211,44200,,23055629,,,,,,,10552,3,0,0,0
178371,73606181691260928,,0,4,,,1423,,20,20,43211,44200,,23055629,,,,,,,10454,3,0,0,0
178372,73606182163185664,,0,4,,,1423,,20,20,43211,44200,,23055629,,,,,,,9024,3,0,0,0
178373,73606182885326848,,0,4,,,1423,,20,20,43211,44200,,23055629,,,,,,,14007,3,0,0,0
178374,73606183251214336,,0,4,,,1423,,20,20,43211,44200,,23055629,,,,,,,6785,3,0,0,0
178375,73606183934951424,,0,4,,,1423,,20,20,43211,44200,,23055629,,,,,,,13371,3,0,0,0
178376,73606184317419520,,0,4,,,1423,,20,20,43211,44200,,23055629,,,,,,,6901,3,0,0,0
178377,73606184360352812,,0,4,-1.0,19423.0,1423,489.0,20,20,43211,44200,,23055629,,,,,,,2080,1,45250,0,0
178378,73606184789999616,,0,4,,,1423,,20,20,43211,44200,,23055629,,,,,,,6933,3,0,0,0
178379,73606185378906112,,0,4,,,1423,,20,20,43211,44200,,23055629,,,,,,,11607,3,0,0,0
178380,73606185850699776,,0,4,,,1423,,20,20,43211,44200,,23055629,,,,,,,8646,3,0,0,0
178381,73606186401333248,,0,4,,,1423,,20,20,43211,44200,,23055629,,,,,,,10485,3,0,0,0
178382,73606186873257984,,0,4,,,1423,,20,20,43211,44200,,23055629,,,,,,,9994,3,0,0,0
178383,73606187645861888,,0,4,,,1423,,20,20,43211,44200,,23055629,,,,,,,13764,3,0,0,0
178384,73606187883733200,,0,4,-1.0,19423.0,1423,489.0,20,20,43211,44200,,23055629,,,,,,,5720,1,45250,0,0
178385,73606188245319680,,0,4,,,1423,,20,20,43211,44200,,23055629,,,,,,,6613,3,0,0,0
178386,73606188215384024,,0,4,-1.0,19423.0,1423,489.0,20,20,43211,44200,,23055629,,,,,,,574,1,45250,0,0
178387,73606188706430976,,0,4,,,1423,,20,20,43211,44200,,23055629,,,,,,,7300,3,0,0,0
178388,73606189256998912,,0,4,,,1423,,20,20,43211,44200,,23055629,,,,,,,10507,3,0,0,0
178389,73606189729120256,,0,4,,,1423,,20,20,43211,44200,,23055629,,,,,,,8998,3,0,0,0
178390,73606190282506240,,0,4,,,1423,,20,20,43211,44200,,23055629,,,,,,,10562,3,0,0,0
178391,73606190493568785,,0,4,-1.0,19423.0,1423,489.0,20,20,43211,44200,,23055629,,,,,,,5704,1,45250,0,0
178392,73606190935441408,,0,4,,,1423,,20,20,43211,44200,,23055629,,,,,,,7815,3,0,0,0
178393,73606191331016704,,0,4,,,1423,,20,20,43211,44200,,23055629,,,,,,,6528,3,0,0,0
178394,73606191879094272,,0,4,,,1423,,20,20,43211,44200,,23055629,,,,,,,10399,3,0,0,0
178395,73606192351019008,,0,4,,,1423,,20,20,43211,44200,,23055629,,,,,,,9000,3,0,0,0
178396,73606192860626944,,0,4,,,1423,,20,20,43211,44200,,23055629,,,,,,,9728,3,0,0,0
178397,73606193411129344,,0,4,,,1423,,20,20,43211,44200,,23055629,,,,,,,10515,3,0,0,0
178398,73606193507364150,,0,4,-1.0,19423.0,1423,489.0,20,20,43211,44200,,23055629,,,,,,,3065,1,45250,0,0
178399,73606194172788736,,0,4,,,1423,,20,20,43211,44200,,23055629,,,,,,,14220,3,0,0,0
178400,73606194715492352,,0,4,,,1423,,20,20,43211,44200,,23055629,,,,,,,7715,3,0,0,0
178401,73606195187417088,,0,4,,,1423,,20,20,43211,44200,,23055629,,,,,,,8878,3,0,0,0
178402,73606195738050560,,0,4,,,1423,,20,20,43211,44200,,23055629,,,,,,,10576,3,0,0,0
178403,73606196333182976,,0,4,,,1423,,20,20,43211,44200,,23055629,,,,,,,11290,3,0,0,0
178404,73606196804911104,,0,4,,,1423,,20,20,43211,44200,,23055629,,,,,,,8985,3,0,0,0
178405,73606197276901376,,0,4,,,1423,,20,20,43211,44200,,23055629,,,,,,,8987,3,0,0,0
178406,73606197836906496,,0,4,,,1423,,20,20,43211,44200,,23055629,,,,,,,10710,3,0,0,0
178407,73606197902745552,,0,4,-1.0,19423.0,1423,489.0,20,20,43211,44200,,23055629,,,,,,,2562,1,45250,0,0
178408,73606198394224640,,0,4,,,1423,,20,20,43211,44200,,23055629,,,,,,,8791,3,0,0,0
178409,73606198876372992,,0,4,,,1423,,20,20,43211,44200,,23055629,,,,,,,8443,3,0,0,0
178410,73606199439785984,,0,4,,,1423,,20,20,43211,44200,,23055629,,,,,,,10749,3,0,0,0
178411,73606199911776256,,0,4,,,1423,,20,20,43211,44200,,23055629,,,,,,,8998,3,0,0,0
178412,73606200565301248,,0,4,,,1423,,20,20,43211,44200,,23055629,,,,,,,12574,3,0,0,0
178413,73606201124192256,,0,4,,,1423,,20,20,43211,44200,,23055629,,,,,,,11592,3,0,0,0
178414,73606201596510208,,0,4,,,1423,,20,20,43211,44200,,23055629,,,,,,,7994,3,0,0,0
178415,73606202023520576,,0,4,-1.0,19423.0,1423,489.0,20,20,43211,44200,,23055629,,,,,,,9474,1,45250,0,0
178416,73606202151141376,,0,4,,,1423,,20,20,43211,44200,,23055629,,,,,,,1079,3,0,0,0
178417,73606202634665984,,0,4,,,1423,,20,20,43211,44200,,23055629,,,,,,,9208,3,0,0,0
178418,73606202821483873,,0,4,-1.0,19423.0,1423,489.0,20,20,43211,44200,,23055629,,,,,,,5175,1,45250,0,0
178419,73606203179663360,,0,4,,,1423,,20,20,43211,44200,,23055629,,,,,,,5246,3,0,0,0
178420,73606203730165760,,0,4,,,1423,,20,20,43211,44200,,23055629,,,,,,,10486,3,0,0,0
178421,73606204202549248,,0,4,,,1423,,20,20,43211,44200,,23055629,,,,,,,9011,3,0,0,0
178422,73606204753117184,,0,4,,,1423,,20,20,43211,44200,,23055629,,,,,,,10500,3,0,0,0
178423,73606205259776000,,0,4,,,1423,,20,20,43211,44200,,23055629,,,,,,,9701,3,0,0,0
178424,73606205583789188,,0,4,-1.0,19423.0,1423,489.0,20,20,43211,44200,,23055629,,,,,,,7647,1,45250,0,0
178425,73606205815324672,,0,4,,,1423,,20,20,43211,44200,,23055629,,,,,,,2912,3,0,0,0
178426,73606206188053882,,0,4,-1.0,19423.0,1423,489.0,20,20,43211,44200,,23055629,,,,,,,10234,1,45250,0,0
178427,73606206411374592,,0,4,,,1423,,20,20,43211,44200,,23055629,,,,,,,7233,3,0,0,0
178428,73606206867439616,,0,4,,,1423,,20,20,43211,44200,,23055629,,,,,,,2605,3,0,0,0
178429,73606207418007552,,0,4,,,1423,,20,20,43211,44200,,23055629,,,,,,,10506,3,0,0,0
178430,73606207896354816,,0,4,,,1423,,20,20,43211,44200,,23055629,,,,,,,9124,3,0,0,0
178431,73606208465338368,,0,4,,,1423,,20,20,43211,44200,,23055629,,,,,,,10844,3,0,0,0
178432,73606208937328640,,0,4,,,1423,,20,20,43211,44200,,23055629,,,,,,,9092,3,0,0,0
178433,73606209627619328,,0,4,,,1423,,20,20,43211,44200,,23055629,,,,,,,13126,3,0,0,0
178434,73606209663866172,,0,4,-1.0,19423.0,1423,489.0,20,20,43211,44200,,23055629,,,,,,,1842,1,45250,0,0
178435,73606210001174528,,0,4,,,1423,,20,20,43211,44200,,23055629,,,,,,,5237,3,0,0,0
178436,73606210564063232,,0,4,,,1423,,20,20,43211,44200,,23055629,,,,,,,10733,3,0,0,0
178437,73606211035922432,,0,4,,,1423,,20,20,43211,44200,,23055629,,,,,,,9014,3,0,0,0
178438,73606211587997696,,0,4,,,1423,,20,20,43211,44200,,23055629,,,,,,,10522,3,0,0,0
178439,73606212138631168,,0,4,,,1423,,20,20,43211,44200,,23055629,,,,,,,10493,3,0,0,0
178440,73606212297861852,,0,4,-1.0,19423.0,1423,489.0,20,20,43211,44200,,23055629,,,,,,,4350,1,45250,0,0
178441,73606212647256064,,0,4,,,1423,,20,20,43211,44200,,23055629,,,,,,,5359,3,0,0,0
178442,73606213205360640,,0,4,,,1423,,20,20,43211,44200,,23055629,,,,,,,10642,3,0,0,0
178443,73606213763465216,,0,4,,,1423,,20,20,43211,44200,,23055629,,,,,,,10652,3,0,0,0
178444,73606214370328576,,0,4,,,1423,,20,20,43211,44200,,23055629,,,,,,,12208,3,0,0,0
178445,73606214549725463,,0,4,-1.0,19423.0,1423,489.0,20,20,43211,44200,,23055629,,,,,,,4320,1,45250,0,0
178446,73606214643882121,,0,3,-1.0,9888.0,10838,472.0,5,5,43211,34200,50.0,2697489,,,,,,,63,1,16679,0,0
178447,73606214850052096,,0,3,,,10838,,5,5,43211,34200,50.0,2697489,,,,,,,6993,3,0,0,0
178448,73606215411826688,,0,3,,,10838,,5,5,43211,34200,50.0,2697489,,,,,,,10437,3,0,0,0
178449,73606215850983424,,0,3,,,10838,,5,5,43211,34200,50.0,2697489,,,,,,,5791,3,0,0,0
178450,73606216340865024,,0,3,,,10838,,5,5,43211,34200,50.0,2697489,,,,,,,9339,3,0,0,0
178451,73606216927150080,,0,3,,,10838,,5,5,43211,34200,50.0,2697489,,,,,,,12014,3,0,0,0
178452,73606217405693952,,0,3,,,10838,,5,5,43211,34200,50.0,2697489,,,,,,,8303,3,0,0,0
178453,73606217956196352,,0,3,,,10838,,5,5,43211,34200,50.0,2697489,,,,,,,10508,3,0,0,0
178454,73606217952560372,,0,4,-1.0,21102.0,3102,489.0,20,20,43211,44200,,23055669,,,,,,,3318,1,45250,0,0
178455,73606218555850752,,0,4,,,3102,,20,20,43211,44200,,23055669,,,,,,,8383,3,0,0,0
178456,73606219027644416,,0,4,,,3102,,20,20,43211,44200,,23055669,,,,,,,8719,3,0,0,0
178457,73606219499700224,,0,4,,,3102,,20,20,43211,44200,,23055669,,,,,,,9004,3,0,0,0
178458,73606219814112390,,0,4,-1.0,21102.0,3102,489.0,20,20,43211,44200,,23055669,,,,,,,7205,1,45250,0,0
178459,73606220051972096,,0,4,,,3102,,20,20,43211,44200,,23055669,,,,,,,3330,3,0,0,0
178460,73606220602605568,,0,4,,,3102,,20,20,43211,44200,,23055669,,,,,,,11956,3,0,0,0
178461,73606221074595840,,0,4,,,3102,,20,20,43211,44200,,23055669,,,,,,,7558,3,0,0,0
178462,73606221625425920,,0,4,,,3102,,20,20,43211,44200,,23055669,,,,,,,10515,3,0,0,0
178463,73606222175993856,,0,4,,,3102,,20,20,43211,44200,,23055669,,,,,,,10500,3,0,0,0
178464,73606222647984128,,0,4,,,3102,,20,20,43211,44200,,23055669,,,,,,,9020,3,0,0,0
178465,73606222982627683,,0,4,-1.0,21102.0,3102,489.0,20,20,43211,44200,,23055669,,,,,,,7571,1,45250,0,0
178466,73606223198814208,,0,4,,,3102,,20,20,43211,44200,,23055669,,,,,,,4138,3,0,0,0
178467,73606223727558656,,0,4,,,3102,,20,20,43211,44200,,23055669,,,,,,,8851,3,0,0,0
178468,73606224277995520,,0,4,,,3102,,20,20,43211,44200,,23055669,,,,,,,10497,3,0,0,0
178469,73606224749920256,,0,4,,,3102,,20,20,43211,44200,,23055669,,,,,,,9000,3,0,0,0
178470,73606225300553728,,0,4,,,3102,,20,20,43211,44200,,23055669,,,,,,,10906,3,0,0,0
178471,73606225851187200,,0,4,,,3102,,20,20,43211,44200,,23055669,,,,,,,10114,3,0,0,0
178472,73606226367021056,,0,4,,,3102,,20,20,43211,44200,,23055669,,,,,,,9814,3,0,0,0
178473,73606226917588992,,0,4,,,3102,,20,20,43211,44200,,23055669,,,,,,,10513,3,0,0,0
178474,73606227001215347,,0,4,-1.0,21102.0,3102,489.0,20,20,43211,44200,,23055669,,,,,,,2888,1,45250,0,0
178475,73606227507937280,,0,4,,,3102,,20,20,43211,44200,,23055669,,,,,,,8727,3,0,0,0
178476,73606227979665408,,0,4,,,3102,,20,20,43211,44200,,23055669,,,,,,,8640,3,0,0,0
178477,73606228452245504,,0,4,,,3102,,20,20,43211,44200,,23055669,,,,,,,9172,3,0,0,0
178478,73606229002813440,,0,4,,,3102,,20,20,43211,44200,,23055669,,,,,,,10353,3,0,0,0
178479,73606229553446912,,0,4,,,3102,,20,20,43211,44200,,23055669,,,,,,,10513,3,0,0,0
178480,73606230025437184,,0,4,,,3102,,20,20,43211,44200,,23055669,,,,,,,8991,3,0,0,0
178481,73606230576070656,,0,4,,,3102,,20,20,43211,44200,,23055669,,,,,,,11424,3,0,0,0
178482,73606230601206684,,0,4,-1.0,21102.0,3102,489.0,20,20,43211,44200,,23055669,,,,,,,745,1,45250,0,0
178483,73606230813647439,,0,4,-1.0,18450.0,450,489.0,10,10,43211,44200,,23055639,,,,,,,5962,1,45250,0,0
178484,73606231124410368,,0,4,,,450,,10,10,43211,44200,,23055639,,,,,,,7099,3,0,0,0
178485,73606231659839488,,0,4,,,450,,10,10,43211,44200,,23055639,,,,,,,6743,3,0,0,0
178486,73606232161320960,,0,4,,,450,,10,10,43211,44200,,23055639,,,,,,,8759,3,0,0,0
178487,73606232712347648,,0,4,,,450,,10,10,43211,44200,,23055639,,,,,,,10553,3,0,0,0
178488,73606233185189888,,0,4,,,450,,10,10,43211,44200,,23055639,,,,,,,8998,3,0,0,0
178489,73606233739755520,,0,4,,,450,,10,10,43211,44200,,23055639,,,,,,,10631,3,0,0,0
178490,73606233832767857,,0,4,-1.0,18450.0,450,489.0,10,10,43211,44200,,23055639,,,,,,,3543,1,45250,0,0
178491,73606234279051264,,0,4,,,450,,10,10,43211,44200,,23055639,,,,,,,6691,3,0,0,0
178492,73606234829619200,,0,4,,,450,,10,10,43211,44200,,23055639,,,,,,,10479,3,0,0,0
178493,73606235319566336,,0,4,,,450,,10,10,43211,44200,,23055639,,,,,,,9345,3,0,0,0
178494,73606235813576704,,0,4,,,450,,10,10,43211,44200,,23055639,,,,,,,9427,3,0,0,0
178495,73606236485844992,,0,4,,,450,,10,10,43211,44200,,23055639,,,,,,,13493,3,0,0,0
178496,73606236878536704,,0,4,,,450,,10,10,43211,44200,,23055639,,,,,,,6816,3,0,0,0
178497,73606237429497856,,0,4,,,450,,10,10,43211,44200,,23055639,,,,,,,12907,3,0,0,0
178498,73606237957652480,,0,4,,,450,,10,10,43211,44200,,23055639,,,,,,,8501,3,0,0,0
178499,73606238182592451,,0,4,-1.0,18450.0,450,489.0,10,10,43211,44200,,23055639,,,,,,,4897,1,45250,0,0
178500,73606238675140608,,0,4,,,450,,10,10,43211,44200,,23055639,,,,,,,9256,3,0,0,0
178501,73606239161679872,,0,4,,,450,,10,10,43211,44200,,23055639,,,,,,,7995,3,0,0,0
178502,73606239633670144,,0,4,,,450,,10,10,43211,44200,,23055639,,,,,,,9021,3,0,0,0
178503,73606240184303616,,0,4,,,450,,10,10,43211,44200,,23055639,,,,,,,10472,3,0,0,0
178504,73606240742604800,,0,4,,,450,,10,10,43211,44200,,23055639,,,,,,,10678,3,0,0,0
178505,73606241216626688,,0,4,,,450,,10,10,43211,44200,,23055639,,,,,,,9019,3,0,0,0
178506,73606241767456768,,0,4,,,450,,10,10,43211,44200,,23055639,,,,,,,10511,3,0,0,0
178507,73606242279227392,,0,4,,,450,,10,10,43211,44200,,23055639,,,,,,,9747,3,0,0,0
178508,73606242437474219,,0,4,-1.0,18450.0,450,489.0,10,10,43211,44200,,23055639,,,,,,,4399,1,45250,0,0
178509,73606242920955904,,0,4,,,450,,10,10,43211,44200,,23055639,,,,,,,9164,3,0,0,0
178510,73606243378397184,,0,4,,,450,,10,10,43211,44200,,23055639,,,,,,,7467,3,0,0,0
178511,73606243850256384,,0,4,,,450,,10,10,43211,44200,,23055639,,,,,,,8952,3,0,0,0
178512,73606244406525952,,0,4,,,450,,10,10,43211,44200,,23055639,,,,,,,10598,3,0,0,0
178513,73606245013585920,,0,4,,,450,,10,10,43211,44200,,23055639,,,,,,,11656,3,0,0,0
178514,73606245485314048,,0,4,,,450,,10,10,43211,44200,,23055639,,,,,,,8917,3,0,0,0
178515,73606246035947520,,0,4,,,450,,10,10,43211,44200,,23055639,,,,,,,10503,3,0,0,0
178516,73606246071046442,,0,4,-1.0,18450.0,450,489.0,10,10,43211,44200,,23055639,,,,,,,2010,1,45250,0,0
178517,73606246623477760,,0,4,,,450,,10,10,43211,44200,,23055639,,,,,,,9721,3,0,0,0
178518,73606247110606848,,0,4,,,450,,10,10,43211,44200,,23055639,,,,,,,8769,3,0,0,0
178519,73606247575781376,,0,4,,,450,,10,10,43211,44200,,23055639,,,,,,,8897,3,0,0,0
178520,73606248126349312,,0,4,,,450,,10,10,43211,44200,,23055639,,,,,,,10474,3,0,0,0
178521,73606248676982784,,0,4,,,450,,10,10,43211,44200,,23055639,,,,,,,10509,3,0,0,0
178522,73606249149038592,,0,4,,,450,,10,10,43211,44200,,23055639,,,,,,,9004,3,0,0,0
178523,73606249699737600,,0,4,,,450,,10,10,43211,44200,,23055639,,,,,,,10499,3,0,0,0
178524,73606250220093440,,0,4,,,450,,10,10,43211,44200,,23055639,,,,,,,9931,3,0,0,0
178525,73606250770989056,,0,4,,,450,,10,10,43211,44200,,23055639,,,,,,,10663,3,0,0,0
178526,73606250817687280,,0,4,-1.0,18450.0,450,489.0,10,10,43211,44200,,23055639,,,,,,,2048,1,45250,0,0
178527,73606251278893056,,0,4,,,450,,10,10,43211,44200,,23055639,,,,,,,7481,3,0,0,0
178528,73606251829329920,,0,4,,,450,,10,10,43211,44200,,23055639,,,,,,,10536,3,0,0,0
178529,73606252379963392,,0,4,,,450,,10,10,43211,44200,,23055639,,,,,,,10474,3,0,0,0
178530,73606252852084736,,0,4,,,450,,10,10,43211,44200,,23055639,,,,,,,8991,3,0,0,0
178531,73606253420347392,,0,4,,,450,,10,10,43211,44200,,23055639,,,,,,,10845,3,0,0,0
178532,73606253894107136,,0,4,,,450,,10,10,43211,44200,,23055639,,,,,,,9044,3,0,0,0
178533,73606254450835456,,0,4,,,450,,10,10,43211,44200,,23055639,,,,,,,10625,3,0,0,0
178534,73606255002976256,,0,4,,,450,,10,10,43211,44200,,23055639,,,,,,,10544,3,0,0,0
178535,73606255467626496,,0,4,,,450,,10,10,43211,44200,,23055639,,,,,,,10223,3,0,0,0
178536,73606255606910819,,0,4,-1.0,18450.0,450,489.0,10,10,43211,44200,,23055639,,,,,,,2582,1,45250,0,0
178537,73606256040738816,,0,4,,,450,,10,10,43211,44200,,23055639,,,,,,,7064,3,0,0,0
178538,73606256543399936,,0,4,,,450,,10,10,43211,44200,,23055639,,,,,,,9486,3,0,0,0
178539,73606257094033408,,0,4,,,450,,10,10,43211,44200,,23055639,,,,,,,10509,3,0,0,0
178540,73606257570349056,,0,4,,,450,,10,10,43211,44200,,23055639,,,,,,,9077,3,0,0,0
178541,73606258147852288,,0,4,,,450,,10,10,43211,44200,,23055639,,,,,,,11013,3,0,0,0
178542,73606258696650752,,0,4,,,450,,10,10,43211,44200,,23055639,,,,,,,10472,3,0,0,0
178543,73606259171655680,,0,4,,,450,,10,10,43211,44200,,23055639,,,,,,,9051,3,0,0,0
178544,73606259596164881,,0,4,-1.0,18450.0,450,489.0,10,10,43211,44200,,23055639,,,,,,,9577,1,45250,0,0
178545,73606259723927552,,0,4,,,450,,10,10,43211,44200,,23055639,,,,,,,3104,3,0,0,0
178546,73606260239958016,,0,4,,,450,,10,10,43211,44200,,23055639,,,,,,,7697,3,0,0,0
178547,73606260790394880,,0,4,,,450,,10,10,43211,44200,,23055639,,,,,,,10502,3,0,0,0
178548,73606261262385152,,0,4,,,450,,10,10,43211,44200,,23055639,,,,,,,8998,3,0,0,0
178549,73606261812953088,,0,4,,,450,,10,10,43211,44200,,23055639,,,,,,,10509,3,0,0,0
178550,73606262364438528,,0,4,,,450,,10,10,43211,44200,,23055639,,,,,,,10514,3,0,0,0
178551,73606262836363264,,0,4,,,450,,10,10,43211,44200,,23055639,,,,,,,8991,3,0,0,0
178552,73606263261325864,,0,4,-1.0,18450.0,450,489.0,10,10,43211,44200,,23055639,,,,,,,9462,1,45250,0,0
178553,73606263387586560,,0,4,,,450,,10,10,43211,44200,,23055639,,,,,,,1064,3,0,0,0
178554,73606263944904704,,0,4,,,450,,10,10,43211,44200,,23055639,,,,,,,10629,3,0,0,0
178555,73606264460017664,,0,4,,,450,,10,10,43211,44200,,23055639,,,,,,,9828,3,0,0,0
178556,73606265010716672,,0,4,,,450,,10,10,43211,44200,,23055639,,,,,,,10514,3,0,0,0
178557,73606265482641408,,0,4,,,450,,10,10,43211,44200,,23055639,,,,,,,9009,3,0,0,0
178558,73606266041401344,,0,4,,,450,,10,10,43211,44200,,23055639,,,,,,,10643,3,0,0,0
178559,73606266596098048,,0,4,,,450,,10,10,43211,44200,,23055639,,,,,,,10574,3,0,0,0
178560,73606267068088320,,0,4,,,450,,10,10,43211,44200,,23055639,,,,,,,9021,3,0,0,0
178561,73606267614920704,,0,4,,,450,,10,10,43211,44200,,23055639,,,,,,,10557,3,0,0,0
178562,73606267828581960,,0,4,-1.0,18450.0,450,489.0,10,10,43211,44200,,23055639,,,,,,,5258,1,45250,0,0
178563,73606268189999104,,0,4,,,450,,10,10,43211,44200,,23055639,,,,,,,5584,3,0,0,0
178564,73606268716777472,,0,4,,,450,,10,10,43211,44200,,23055639,,,,,,,10039,3,0,0,0
178565,73606269188571136,,0,4,,,450,,10,10,43211,44200,,23055639,,,,,,,9002,3,0,0,0
178566,73606269739204608,,0,4,,,450,,10,10,43211,44200,,23055639,,,,,,,10509,3,0,0,0
178567,73606270288723968,,0,4,,,450,,10,10,43211,44200,,23055639,,,,,,,10460,3,0,0,0
178568,73606270839357440,,0,4,,,450,,10,10,43211,44200,,23055639,,,,,,,10503,3,0,0,0
178569,73606271393202176,,0,4,,,450,,10,10,43211,44200,,23055639,,,,,,,10592,3,0,0,0
178570,73606271883214848,,0,4,,,450,,10,10,43211,44200,,23055639,,,,,,,9316,3,0,0,0
178571,73606272094241735,,0,4,-1.0,18450.0,450,489.0,10,10,43211,44200,,23055639,,,,,,,5413,1,45250,0,0
178572,73606272435683328,,0,4,,,450,,10,10,43211,44200,,23055639,,,,,,,5130,3,0,0,0
178573,73606272911147008,,0,4,,,450,,10,10,43211,44200,,23055639,,,,,,,9069,3,0,0,0
178574,73606273461780480,,0,4,,,450,,10,10,43211,44200,,23055639,,,,,,,10562,3,0,0,0
178575,73606274020933632,,0,4,,,450,,10,10,43211,44200,,23055639,,,,,,,10600,3,0,0,0
178576,73606274492858368,,0,4,,,450,,10,10,43211,44200,,23055639,,,,,,,9005,3,0,0,0
178577,73606275049979904,,0,4,,,450,,10,10,43211,44200,,23055639,,,,,,,10621,3,0,0,0
178578,73606275633381376,,0,4,,,450,,10,10,43211,44200,,23055639,,,,,,,11250,3,0,0,0
178579,73606276112580608,,0,4,,,450,,10,10,43211,44200,,23055639,,,,,,,9036,3,0,0,0
178580,73606276109021170,,0,4,-1.0,18450.0,450,489.0,10,10,43211,44200,,23055639,,,,,,,1360,1,45250,0,0
178581,73606276663345152,,0,4,,,450,,10,10,43211,44200,,23055639,,,,,,,9128,3,0,0,0
178582,73606277135138816,,0,4,,,450,,10,10,43211,44200,,23055639,,,,,,,9023,3,0,0,0
178583,73606277685706752,,0,4,,,450,,10,10,43211,44200,,23055639,,,,,,,10492,3,0,0,0
178584,73606278236340224,,0,4,,,450,,10,10,43211,44200,,23055639,,,,,,,10504,3,0,0,0
178585,73606278708330496,,0,4,,,450,,10,10,43211,44200,,23055639,,,,,,,9007,3,0,0,0
178586,73606279259881472,,0,4,,,450,,10,10,43211,44200,,23055639,,,,,,,10518,3,0,0,0
178587,73606279813136384,,0,4,,,450,,10,10,43211,44200,,23055639,,,,,,,10555,3,0,0,0
178588,73606280332050432,,0,4,,,450,,10,10,43211,44200,,23055639,,,,,,,9893,3,0,0,0
178589,73606280803909632,,0,4,,,450,,10,10,43211,44200,,23055639,,,,,,,8992,3,0,0,0
178590,73606280818532496,,0,4,-1.0,18450.0,450,489.0,10,10,43211,44200,,23055639,,,,,,,3377,1,45250,0,0
178591,73606281312731136,,0,4,,,450,,10,10,43211,44200,,23055639,,,,,,,6534,3,0,0,0
178592,73606281865330688,,0,4,,,450,,10,10,43211,44200,,23055639,,,,,,,10324,3,0,0,0
178593,73606282415767552,,0,4,,,450,,10,10,43211,44200,,23055639,,,,,,,10501,3,0,0,0
178594,73606282966335488,,0,4,,,450,,10,10,43211,44200,,23055639,,,,,,,10524,3,0,0,0
178595,73606283458772992,,0,4,,,450,,10,10,43211,44200,,23055639,,,,,,,9367,3,0,0,0
178596,73606284010127360,,0,4,,,450,,10,10,43211,44200,,23055639,,,,,,,10708,3,0,0,0
178597,73606284489654272,,0,4,,,450,,10,10,43211,44200,,23055639,,,,,,,8971,3,0,0,0
178598,73606285032226816,,0,4,,,450,,10,10,43211,44200,,23055639,,,,,,,10486,3,0,0,0
178599,73606285346374274,,0,4,-1.0,18450.0,450,489.0,10,10,43211,44200,,23055639,,,,,,,7185,1,45250,0,0
178600,73606285583843328,,0,4,,,450,,10,10,43211,44200,,23055639,,,,,,,3186,3,0,0,0
178601,73606286194376704,,0,4,,,450,,10,10,43211,44200,,23055639,,,,,,,15155,3,0,0,0
178602,73606286252996392,,0,4,-1.0,18450.0,450,489.0,10,10,43211,44200,,23055639,,,,,,,47,1,45250,0,0
178603,73606286621016064,,0,4,,,450,,10,10,43211,44200,,23055639,,,,,,,4587,3,0,0,0
178604,73606287188426752,,0,4,,,450,,10,10,43211,44200,,23055639,,,,,,,10819,3,0,0,0
178605,73606287662645248,,0,4,,,450,,10,10,43211,44200,,23055639,,,,,,,9290,3,0,0,0
178606,73606288235692032,,0,4,,,450,,10,10,43211,44200,,23055639,,,,,,,10685,3,0,0,0
178607,73606288712531968,,0,4,,,450,,10,10,43211,44200,,23055639,,,,,,,9108,3,0,0,0
178608,73606289341874176,,0,4,,,450,,10,10,43211,44200,,23055639,,,,,,,12001,3,0,0,0
178609,73606289866686464,,0,4,,,450,,10,10,43211,44200,,23055639,,,,,,,10348,3,0,0,0
178610,73606290230221401,,0,4,-1.0,18450.0,450,489.0,10,10,43211,44200,,23055639,,,,,,,7936,1,45250,0,0
178611,73606290427215872,,0,4,,,450,,10,10,43211,44200,,23055639,,,,,,,2404,3,0,0,0
178612,73606290939445248,,0,4,,,450,,10,10,43211,44200,,23055639,,,,,,,9765,3,0,0,0
178613,73606291507052544,,0,4,,,450,,10,10,43211,44200,,23055639,,,,,,,10843,3,0,0,0
178614,73606291979042816,,0,4,,,450,,10,10,43211,44200,,23055639,,,,,,,9001,3,0,0,0
178615,73606292526923776,,0,4,,,450,,10,10,43211,44200,,23055639,,,,,,,10439,3,0,0,0
178616,73606293077491712,,0,4,,,450,,10,10,43211,44200,,23055639,,,,,,,10510,3,0,0,0
178617,73606293549481984,,0,4,,,450,,10,10,43211,44200,,23055639,,,,,,,8995,3,0,0,0
178618,73606294108241920,,0,4,,,450,,10,10,43211,44200,,23055639,,,,,,,10679,3,0,0,0
178619,73606294659137536,,0,4,,,450,,10,10,43211,44200,,23055639,,,,,,,10487,3,0,0,0
178620,73606294658983511,,0,4,-1.0,18450.0,450,489.0,10,10,43211,44200,,23055639,,,,,,,1355,1,45250,0,0
178621,73606295133421568,,0,4,,,450,,10,10,43211,44200,,23055639,,,,,,,7702,3,0,0,0
178622,73606295274393875,,0,4,-1.0,18450.0,450,489.0,10,10,43211,44200,,23055639,,,,,,,4749,1,45250,0,0
178623,73606295707844608,,0,4,,,450,,10,10,43211,44200,,23055639,,,,,,,6221,3,0,0,0
178624,73606296180490240,,0,4,,,450,,10,10,43211,44200,,23055639,,,,,,,8995,3,0,0,0
178625,73606296732565504,,0,4,,,450,,10,10,43211,44200,,23055639,,,,,,,10581,3,0,0,0
178626,73606297220218880,,0,4,,,450,,10,10,43211,44200,,23055639,,,,,,,9257,3,0,0,0
178627,73606297772425216,,0,4,,,450,,10,10,43211,44200,,23055639,,,,,,,10540,3,0,0,0
178628,73606298324041728,,0,4,,,450,,10,10,43211,44200,,23055639,,,,,,,10498,3,0,0,0
178629,73606298795966464,,0,4,,,450,,10,10,43211,44200,,23055639,,,,,,,9008,3,0,0,0
178630,73606299346534400,,0,4,,,450,,10,10,43211,44200,,23055639,,,,,,,11575,3,0,0,0
178631,73606299585314573,,0,4,-1.0,18450.0,450,489.0,10,10,43211,44200,,23055639,,,,,,,4891,1,45250,0,0
178632,73606299799753825,,0,4,-1.0,19423.0,1423,489.0,20,20,43211,44200,,23055629,,,,,,,4043,1,45250,0,0
178633,73606299898806272,,0,4,,,1423,,20,20,43211,44200,,23055629,,,,,,,523,3,0,0,0
178634,73606300358279168,,0,4,,,1423,,20,20,43211,44200,,23055629,,,,,,,8761,3,0,0,0
178635,73606300951576576,,0,4,,,1423,,20,20,43211,44200,,23055629,,,,,,,11320,3,0,0,0
178636,73606301415899136,,0,4,,,1423,,20,20,43211,44200,,23055629,,,,,,,9115,3,0,0,0
178637,73606302048321536,,0,4,,,1423,,20,20,43211,44200,,23055629,,,,,,,11802,3,0,0,0
178638,73606302598955008,,0,4,,,1423,,20,20,43211,44200,,23055629,,,,,,,10514,3,0,0,0
178639,73606303078809600,,0,4,,,1423,,20,20,43211,44200,,23055629,,,,,,,9138,3,0,0,0
178640,73606303637635072,,0,4,,,1423,,20,20,43211,44200,,23055629,,,,,,,10674,3,0,0,0
178641,73606304150126592,,0,4,,,1423,,20,20,43211,44200,,23055629,,,,,,,9896,3,0,0,0
178642,73606309324108432,,0,4,-1.0,21300.0,3300,490.0,20,20,43211,44200,,23055618,,,,,,,1131627,1,45250,0,0
178643,73606362946142208,,0,4,,,3300,,20,20,43211,44200,,23055619,,,,,,,680,3,0,0,0
178644,73606308247454184,,0,4,-1.0,19423.0,1423,489.0,20,20,43211,44200,,23055629,,,,,,,94,1,45250,0,0
178645,73606308309871191,,0,4,-1.0,21300.0,3300,490.0,20,20,43211,44200,,23055618,,,,,,,128,1,45250,0,0
178646,73606308782886220,,0,4,-1.0,21300.0,3300,490.0,20,20,43211,44200,,23055618,,,,,,,216,1,45250,0,0
178647,73606363103917278,,0,4,-1.0,21300.0,3300,489.0,20,20,43211,44200,,23055619,,,,,,,5066,1,45250,0,0
178648,73606363445592064,,0,4,,,3300,,20,20,43211,44200,,23055619,,,,,,,22519,3,0,0,0
178649,73606365061054464,,0,4,,,3300,,20,20,43211,44200,,23055619,,,,,,,25769,3,0,0,0
178650,73606366053859328,,0,4,,,3300,,20,20,43211,44200,,23055619,,,,,,,1995,3,0,0,0
178651,73606366349361152,,0,4,,,3300,,20,20,43211,44200,,23055619,,,,,,,475,3,0,0,0
178652,73606366470602752,,0,4,,,3300,,20,20,43211,44200,,23055619,,,,,,,450,3,0,0,0
178653,73606366549180416,,0,4,,,3300,,20,20,43211,44200,,23055619,,,,,,,1298,3,0,0,0
178654,73606366699978752,,0,4,,,3300,,20,20,43211,44200,,23055619,,,,,,,3058,3,0,0,0
178655,73606366790680576,,0,4,,,3300,,20,20,43211,44200,,23055619,,,,,,,1310,3,0,0,0
178656,73606367183962112,,0,4,,,3300,,20,20,43211,44200,,23055619,,,,,,,7459,3,0,0,0
178657,73606367677644800,,0,4,,,3300,,20,20,43211,44200,,23055619,,,,,,,9411,3,0,0,0
178658,73606367678628306,,0,4,-1.0,21300.0,3300,489.0,20,20,43211,44200,,23055619,,,,,,,1366,1,45250,0,0
178659,73606368228671488,,0,4,,,3300,,20,20,43211,44200,,23055619,,,,,,,9142,3,0,0,0
178660,73606368780812288,,0,4,,,3300,,20,20,43211,44200,,23055619,,,,,,,10536,3,0,0,0
178661,73606369333608448,,0,4,,,3300,,20,20,43211,44200,,23055619,,,,,,,10559,3,0,0,0
178662,73606369805991936,,0,4,,,3300,,20,20,43211,44200,,23055619,,,,,,,8993,3,0,0,0
178663,73606370363375616,,0,4,,,3300,,20,20,43211,44200,,23055619,,,,,,,10642,3,0,0,0
178664,73606370835365888,,0,4,,,3300,,20,20,43211,44200,,23055619,,,,,,,9005,3,0,0,0
178665,73606371108499524,,0,4,-1.0,21300.0,3300,489.0,20,20,43211,44200,,23055619,,,,,,,7064,1,45250,0,0
178666,73606371412410368,,0,4,,,3300,,20,20,43211,44200,,23055619,,,,,,,3932,3,0,0,0
178667,73606371904192512,,0,4,,,3300,,20,20,43211,44200,,23055619,,,,,,,9378,3,0,0,0
178668,73606372464918528,,0,4,,,3300,,20,20,43211,44200,,23055619,,,,,,,10707,3,0,0,0
178669,73606372936843264,,0,4,,,3300,,20,20,43211,44200,,23055619,,,,,,,8992,3,0,0,0
178670,73606373497176064,,0,4,,,3300,,20,20,43211,44200,,23055619,,,,,,,10752,3,0,0,0
178671,73606374047744000,,0,4,,,3300,,20,20,43211,44200,,23055619,,,,,,,10452,3,0,0,0
178672,73606374665355264,,0,4,,,3300,,20,20,43211,44200,,23055619,,,,,,,12000,3,0,0,0
178673,73606375217430528,,0,4,,,3300,,20,20,43211,44200,,23055619,,,,,,,10622,3,0,0,0
178674,73606375969390592,,0,4,,,3300,,20,20,43211,44200,,23055619,,,,,,,14020,3,0,0,0
178675,73606376060259824,,0,4,-1.0,21300.0,3300,489.0,20,20,43211,44200,,23055619,,,,,,,3454,1,45250,0,0
178676,73606376515895296,,0,4,,,3300,,20,20,43211,44200,,23055619,,,,,,,7207,3,0,0,0
178677,73606376388448892,,0,4,-1.0,21300.0,3300,489.0,20,20,43211,44200,,23055619,,,,,,,1,1,45250,0,0
178678,73606377003548672,,0,4,,,3300,,20,20,43211,44200,,23055619,,,,,,,9652,3,0,0,0
178679,73606377554051072,,0,4,,,3300,,20,20,43211,44200,,23055619,,,,,,,9910,3,0,0,0
178680,73606378026041344,,0,4,,,3300,,20,20,43211,44200,,23055619,,,,,,,8996,3,0,0,0
178681,73606378576543744,,0,4,,,3300,,20,20,43211,44200,,23055619,,,,,,,10506,3,0,0,0
178682,73606379131305984,,0,4,,,3300,,20,20,43211,44200,,23055619,,,,,,,10574,3,0,0,0
178683,73606379626168320,,0,4,,,3300,,20,20,43211,44200,,23055619,,,,,,,9459,3,0,0,0
178684,73606380189253632,,0,4,,,3300,,20,20,43211,44200,,23055619,,,,,,,10722,3,0,0,0
178685,73606380514186564,,0,4,-1.0,21300.0,3300,489.0,20,20,43211,44200,,23055619,,,,,,,7497,1,45250,0,0
178686,73606380649775104,,0,4,,,3300,,20,20,43211,44200,,23055619,,,,,,,1288,3,0,0,0
178687,73606381206110208,,0,4,,,3300,,20,20,43211,44200,,23055619,,,,,,,10615,3,0,0,0
178688,73606381704118272,,0,4,,,3300,,20,20,43211,44200,,23055619,,,,,,,12109,3,0,0,0
178689,73606382310719488,,0,4,,,3300,,20,20,43211,44200,,23055619,,,,,,,8966,3,0,0,0
178690,73606382782513152,,0,4,,,3300,,20,20,43211,44200,,23055619,,,,,,,8994,3,0,0,0
178691,73606383507931136,,0,4,,,3300,,20,20,43211,44200,,23055619,,,,,,,14547,3,0,0,0
178692,73606383870214144,,0,4,,,3300,,20,20,43211,44200,,23055619,,,,,,,6190,3,0,0,0
178693,73606383918983283,,0,4,-1.0,21300.0,3300,489.0,20,20,43211,44200,,23055619,,,,,,,2599,1,45250,0,0
178694,73606384378576896,,0,4,,,3300,,20,20,43211,44200,,23055619,,,,,,,7096,3,0,0,0
178695,73606384924622848,,0,4,,,3300,,20,20,43211,44200,,23055619,,,,,,,14680,3,0,0,0
178696,73606385488887808,,0,4,,,3300,,20,20,43211,44200,,23055619,,,,,,,7759,3,0,0,0
178697,73606385962123264,,0,4,,,3300,,20,20,43211,44200,,23055619,,,,,,,7764,3,0,0,0
178698,73606386505089024,,0,4,,,3300,,20,20,43211,44200,,23055619,,,,,,,11101,3,0,0,0
178699,73606387051462656,,0,4,,,3300,,20,20,43211,44200,,23055619,,,,,,,10422,3,0,0,0
178700,73606387571359744,,0,4,,,3300,,20,20,43211,44200,,23055619,,,,,,,9338,3,0,0,0
178701,73606388115111936,,0,4,,,3300,,20,20,43211,44200,,23055619,,,,,,,12576,3,0,0,0
178702,73606388629372928,,0,4,,,3300,,20,20,43211,44200,,23055619,,,,,,,7449,3,0,0,0
178703,73606389188198400,,0,4,,,3300,,20,20,43211,44200,,23055619,,,,,,,10867,3,0,0,0
178704,73606389723955200,,0,4,,,3300,,20,20,43211,44200,,23055619,,,,,,,10109,3,0,0,0
178705,73606389790344694,,0,4,-1.0,21300.0,3300,489.0,20,20,43211,44200,,23055619,,,,,,,2924,1,45250,0,0
178706,73606390249684992,,0,4,,,3300,,20,20,43211,44200,,23055619,,,,,,,6993,3,0,0,0
178707,73606390728556544,,0,4,,,3300,,20,20,43211,44200,,23055619,,,,,,,9134,3,0,0,0
178708,73606391329783808,,0,4,,,3300,,20,20,43211,44200,,23055619,,,,,,,12146,3,0,0,0
178709,73606391797121024,,0,4,,,3300,,20,20,43211,44200,,23055619,,,,,,,10270,3,0,0,0
178710,73606392311775232,,0,4,,,3300,,20,20,43211,44200,,23055619,,,,,,,9729,3,0,0,0
178711,73606392812797952,,0,4,,,3300,,20,20,43211,44200,,23055619,,,,,,,7614,3,0,0,0
178712,73606393395937280,,0,4,,,3300,,20,20,43211,44200,,23055619,,,,,,,11122,3,0,0,0
178713,73606393560638764,,0,4,-1.0,21300.0,3300,489.0,20,20,43211,44200,,23055619,,,,,,,4522,1,45250,0,0
178714,73606393867206656,,0,4,,,3300,,20,20,43211,44200,,23055619,,,,,,,4471,3,0,0,0
178715,73606394438615040,,0,4,,,3300,,20,20,43211,44200,,23055619,,,,,,,10896,3,0,0,0
178716,73606395073986560,,0,4,,,3300,,20,20,43211,44200,,23055619,,,,,,,12226,3,0,0,0
178717,73606395635171328,,0,4,,,3300,,20,20,43211,44200,,23055619,,,,,,,10791,3,0,0,0
178718,73606396313600000,,0,4,,,3300,,20,20,43211,44200,,23055619,,,,,,,14401,3,0,0,0
178719,73606396622077952,,0,4,,,3300,,20,20,43211,44200,,23055619,,,,,,,4229,3,0,0,0
178720,73606396623240170,,0,4,-1.0,21300.0,3300,489.0,20,20,43211,44200,,23055619,,,,,,,1615,1,45250,0,0
178721,73606397182279680,,0,4,,,3300,,20,20,43211,44200,,23055619,,,,,,,9124,3,0,0,0
178722,73606397735927808,,0,4,,,3300,,20,20,43211,44200,,23055619,,,,,,,10629,3,0,0,0
178723,73606398207459328,,0,4,,,3300,,20,20,43211,44200,,23055619,,,,,,,8869,3,0,0,0
178724,73606398844928000,,0,4,,,3300,,20,20,43211,44200,,23055619,,,,,,,12951,3,0,0,0
178725,73606399377080320,,0,4,,,3300,,20,20,43211,44200,,23055619,,,,,,,9729,3,0,0,0
178726,73606399939969024,,0,4,,,3300,,20,20,43211,44200,,23055619,,,,,,,10363,3,0,0,0
178727,73606400077291371,,0,4,-1.0,21300.0,3300,489.0,20,20,43211,44200,,23055619,,,,,,,3941,1,45250,0,0
178728,73606400496238592,,0,4,,,3300,,20,20,43211,44200,,23055619,,,,,,,6815,3,0,0,0
178729,73606401009057792,,0,4,,,3300,,20,20,43211,44200,,23055619,,,,,,,9635,3,0,0,0
178730,73606401500512256,,0,4,,,3300,,20,20,43211,44200,,23055619,,,,,,,9359,3,0,0,0
178731,73606402051080192,,0,4,,,3300,,20,20,43211,44200,,23055619,,,,,,,10550,3,0,0,0
178732,73606402523004928,,0,4,,,3300,,20,20,43211,44200,,23055619,,,,,,,8970,3,0,0,0
178733,73606403083403264,,0,4,,,3300,,20,20,43211,44200,,23055619,,,,,,,10701,3,0,0,0
178734,73606403670540288,,0,4,,,3300,,20,20,43211,44200,,23055619,,,,,,,12360,3,0,0,0
178735,73606404108517376,,0,4,,,3300,,20,20,43211,44200,,23055619,,,,,,,7367,3,0,0,0
178736,73606404627365888,,0,4,,,3300,,20,20,43211,44200,,23055619,,,,,,,9942,3,0,0,0
178737,73606405489557504,,0,4,,,3300,,20,20,43211,44200,,23055619,,,,,,,17681,3,0,0,0
178738,73606405709234176,,0,4,,,3300,,20,20,43211,44200,,23055619,,,,,,,2944,3,0,0,0
178739,73606406262358016,,0,4,,,3300,,20,20,43211,44200,,23055619,,,,,,,10355,3,0,0,0
178740,73606406943866880,,0,4,,,3300,,20,20,43211,44200,,23055619,,,,,,,13094,3,0,0,0
178741,73606407177178082,,0,4,-1.0,21300.0,3300,489.0,20,20,43211,44200,,23055619,,,,,,,7497,1,45250,0,0
178742,73606407334526976,,0,4,,,3300,,20,20,43211,44200,,23055619,,,,,,,140,3,0,0,0
178743,73606407816282112,,0,4,,,3300,,20,20,43211,44200,,23055619,,,,,,,9422,3,0,0,0
178744,73606408366981120,,0,4,,,3300,,20,20,43211,44200,,23055619,,,,,,,9962,3,0,0,0
178745,73606408929280000,,0,4,,,3300,,20,20,43211,44200,,23055619,,,,,,,11985,3,0,0,0
178746,73606409439412224,,0,4,,,3300,,20,20,43211,44200,,23055619,,,,,,,8465,3,0,0,0
178747,73606409911402496,,0,4,,,3300,,20,20,43211,44200,,23055619,,,,,,,9020,3,0,0,0
178748,73606410075350015,,0,4,-1.0,21300.0,3300,489.0,20,20,43211,44200,,23055619,,,,,,,4938,1,45250,0,0
178749,73606410485235712,,0,4,,,3300,,20,20,43211,44200,,23055619,,,,,,,5995,3,0,0,0
178750,73606410978525184,,0,4,,,3300,,20,20,43211,44200,,23055619,,,,,,,9426,3,0,0,0
178751,73606411736352249,,0,4,-1.0,21300.0,3300,489.0,20,20,43211,44200,,23055619,,,,,,,19797,1,45250,0,0
178752,73606411936727040,,0,4,,,3300,,20,20,43211,44200,,23055619,,,,,,,369,3,0,0,0
178753,73606412021661696,,0,4,,,3300,,20,20,43211,44200,,23055619,,,,,,,8284,3,0,0,0
178754,73606412632195072,,0,4,,,3300,,20,20,43211,44200,,23055619,,,,,,,6950,3,0,0,0
178755,73606413068664832,,0,4,,,3300,,20,20,43211,44200,,23055619,,,,,,,4456,3,0,0,0
178756,73606413619429376,,0,4,,,3300,,20,20,43211,44200,,23055619,,,,,,,10962,3,0,0,0
178757,73606414171766784,,0,4,,,3300,,20,20,43211,44200,,23055619,,,,,,,10123,3,0,0,0
178758,73606414202409325,,0,4,-1.0,21300.0,3300,489.0,20,20,43211,44200,,23055619,,,,,,,1753,1,45250,0,0
178759,73606414654177280,,0,4,,,3300,,20,20,43211,44200,,23055619,,,,,,,7393,3,0,0,0
178760,73606415205662720,,0,4,,,3300,,20,20,43211,44200,,23055619,,,,,,,10891,3,0,0,0
178761,73606415858466816,,0,4,,,3300,,20,20,43211,44200,,23055619,,,,,,,12687,3,0,0,0
178762,73606416334323712,,0,4,,,3300,,20,20,43211,44200,,23055619,,,,,,,8475,3,0,0,0
178763,73606416808017920,,0,4,,,3300,,20,20,43211,44200,,23055619,,,,,,,9166,3,0,0,0
178764,73606417312710656,,0,4,,,3300,,20,20,43211,44200,,23055619,,,,,,,10121,3,0,0,0
178765,73606417868062720,,0,4,,,3300,,20,20,43211,44200,,23055619,,,,,,,10212,3,0,0,0
178766,73606418450677760,,0,4,,,3300,,20,20,43211,44200,,23055619,,,,,,,11078,3,0,0,0
178767,73606418868928512,,0,4,,,3300,,20,20,43211,44200,,23055619,,,,,,,7763,3,0,0,0
178768,73606419436732416,,0,4,,,3300,,20,20,43211,44200,,23055619,,,,,,,12361,3,0,0,0
178769,73606419945422848,,0,4,,,3300,,20,20,43211,44200,,23055619,,,,,,,8252,3,0,0,0
178770,73606424003748764,,0,4,-1.0,21300.0,3300,489.0,20,20,43211,44200,,23055619,,,,,,,238739,1,45250,0,0
178771,73606422825111094,,0,4,-1.0,21300.0,3300,489.0,20,20,43211,44200,,23055619,,,,,,,2287,1,45250,0,0
178772,73606423356986006,,0,4,-1.0,21300.0,3300,489.0,20,20,43211,44200,,23055619,,,,,,,43,1,45250,0,0
178773,73606424491748529,,0,4,-1.0,21300.0,3300,489.0,20,20,43211,44200,,23055619,,,,,,,494,1,45250,0,0
178774,73606425181035035,,0,4,-1.0,21300.0,3300,489.0,20,20,43211,44200,,23055619,,,,,,,2747,1,45250,0,0
178775,73606425622546752,,0,4,-1.0,21300.0,3300,489.0,20,20,43211,44200,,23055619,,,,,,,395,1,45250,0,0
178776,73606426890975603,,0,4,-1.0,21300.0,3300,489.0,20,20,43211,44200,,23055619,,,,,,,276,1,45250,0,0
178777,73606427785313090,,0,4,-1.0,21300.0,3300,489.0,20,20,43211,44200,,23055619,,,,,,,50,1,45250,0,0
178778,73606428020455820,,0,4,-1.0,21300.0,3300,489.0,20,20,43211,44200,,23055619,,,,,,,42,1,45250,0,0
178779,73606428398666712,,0,4,-1.0,21300.0,3300,489.0,20,20,43211,44200,,23055619,,,,,,,330,1,45250,0,0
178780,73606431115444224,,0,4,,,3300,,20,20,43211,44200,,23055619,,,,,,,19,3,0,0,0
178781,73606430235310929,,0,4,-1.0,21300.0,3300,489.0,20,20,43211,44200,,23055619,,,,,,,13,1,45250,0,0
178782,73606431664808178,,0,4,-1.0,21300.0,3300,489.0,20,20,43211,44200,,23055619,,,,,,,10855,1,45250,0,0
178783,73606431927042048,,0,4,,,3300,,20,20,43211,44200,,23055619,,,,,,,7953,3,0,0,0
178784,73606432512933888,,0,4,,,3300,,20,20,43211,44200,,23055619,,,,,,,435,3,0,0,0
178785,73606431973472126,,0,4,-1.0,21300.0,3300,489.0,20,20,43211,44200,,23055619,,,,,,,1,1,45250,0,0
178786,73606432714493291,,0,4,-1.0,21300.0,3300,489.0,20,20,43211,44200,,23055619,,,,,,,47712,1,45250,0,0
178787,73606433217576960,,0,4,,,3300,,20,20,43211,44200,,23055619,,,,,,,3372,3,0,0,0
178788,73606435104303639,,0,4,-1.0,21300.0,3300,489.0,20,20,43211,44200,,23055619,,,,,,,72,1,45250,0,0
178789,73606433459975566,,0,4,-1.0,21300.0,3300,489.0,20,20,43211,44200,,23055619,,,,,,,205,1,45250,0,0
178790,73606435129393152,,0,4,,,3300,,20,20,43211,44200,,23055619,,,,,,,1252,3,0,0,0
178791,73606436102471680,,0,4,,,3300,,20,20,43211,44200,,23055619,,,,,,,227,3,0,0,0
178792,73606435755933498,,0,4,-1.0,21300.0,3300,489.0,20,20,43211,44200,,23055619,,,,,,,1498,1,45250,0,0
178793,73606436520525824,,0,4,,,3300,,20,20,43211,44200,,23055619,,,,,,,7646,3,0,0,0
178794,73606436788436992,,0,4,,,3300,,20,20,43211,44200,,23055619,,,,,,,1667,3,0,0,0
178795,73606437078958080,,0,4,,,3300,,20,20,43211,44200,,23055619,,,,,,,2121,3,0,0,0
178796,73606437259051008,,0,4,,,3300,,20,20,43211,44200,,23055619,,,,,,,304,3,0,0,0
178797,73606437337432064,,0,4,,,3300,,20,20,43211,44200,,23055619,,,,,,,962,3,0,0,0
178798,73606437416075264,,0,4,,,3300,,20,20,43211,44200,,23055619,,,,,,,1443,3,0,0,0
178799,73606437494718464,,0,4,,,3300,,20,20,43211,44200,,23055619,,,,,,,1534,3,0,0,0
178800,73606437573361664,,0,4,,,3300,,20,20,43211,44200,,23055619,,,,,,,1494,3,0,0,0
178801,73606438046138368,,0,4,,,3300,,20,20,43211,44200,,23055619,,,,,,,8995,3,0,0,0
178802,73606438522191872,,0,4,,,3300,,20,20,43211,44200,,23055619,,,,,,,9088,3,0,0,0
178803,73606438918956272,,0,4,-1.0,21300.0,3300,489.0,20,20,43211,44200,,23055619,,,,,,,8977,1,45250,0,0
178804,73606439069351936,,0,4,,,3300,,20,20,43211,44200,,23055619,,,,,,,1438,3,0,0,0
178805,73606439621623808,,0,4,,,3300,,20,20,43211,44200,,23055619,,,,,,,10611,3,0,0,0
178806,73606440180776960,,0,4,,,3300,,20,20,43211,44200,,23055619,,,,,,,10628,3,0,0,0
178807,73606441181380608,,0,4,,,3300,,20,20,43211,44200,,23055619,,,,,,,10078,3,0,0,0
178808,73606441732014080,,0,4,,,3300,,20,20,43211,44200,,23055619,,,,,,,10481,3,0,0,0
178809,73606442203938816,,0,4,,,3300,,20,20,43211,44200,,23055619,,,,,,,9979,3,0,0,0
178810,73606442957733888,,0,4,,,3300,,20,20,43211,44200,,23055619,,,,,,,14072,3,0,0,0
178811,73606443281022976,,0,4,,,3300,,20,20,43211,44200,,23055619,,,,,,,5601,3,0,0,0
178812,73606444532579153,,0,4,-1.0,21300.0,3300,489.0,20,20,43211,44200,,23055619,,,,,,,673396,1,45250,0,0
178813,73606445611093087,,0,4,-1.0,21300.0,3300,489.0,20,20,43211,44200,,23055619,,,,,,,63,1,45250,0,0
178814,73606446693301284,,0,4,-1.0,21300.0,3300,489.0,20,20,43211,44200,,23055619,,,,,,,21,1,45250,0,0
178815,73606447229796527,,0,4,-1.0,21300.0,3300,489.0,20,20,43211,44200,,23055619,,,,,,,7,1,45250,0,0
178816,73606448841451488,,0,4,-1.0,21300.0,3300,489.0,20,20,43211,44200,,23055619,,,,,,,61,1,45250,0,0
178817,73606449378320565,,0,4,-1.0,21300.0,3300,489.0,20,20,43211,44200,,23055619,,,,,,,17,1,45250,0,0
178818,73606478341219638,,0,4,-1.0,21300.0,3300,489.0,20,20,43211,44200,,23055619,,,,,,,16451,1,45250,0,0
178819,73606478538997760,,0,4,,,3300,,20,20,43211,44200,,23055619,,,,,,,1711,3,0,0,0
178820,73606479041992383,,0,4,-1.0,21300.0,3300,489.0,20,20,43211,44200,,23055619,,,,,,,30685,1,45250,0,0
178821,73606481170006016,,0,4,,,3300,,20,20,43211,44200,,23055619,,,,,,,8872,3,0,0,0
178822,73606481557061632,,0,4,,,3300,,20,20,43211,44200,,23055619,,,,,,,861,3,0,0,0
178823,73606481678499840,,0,4,,,3300,,20,20,43211,44200,,23055619,,,,,,,1353,3,0,0,0
178824,73606481757208576,,0,4,,,3300,,20,20,43211,44200,,23055619,,,,,,,279,3,0,0,0
178825,73606481835851776,,0,4,,,3300,,20,20,43211,44200,,23055619,,,,,,,1534,3,0,0,0
178826,73606481916592128,,0,4,,,3300,,20,20,43211,44200,,23055619,,,,,,,1637,3,0,0,0
178827,73606482002313216,,0,4,,,3300,,20,20,43211,44200,,23055619,,,,,,,1587,3,0,0,0
178828,73606482238177280,,0,4,,,3300,,20,20,43211,44200,,23055619,,,,,,,4476,3,0,0,0
178829,73606482811158528,,0,4,,,3300,,20,20,43211,44200,,23055619,,,,,,,10918,3,0,0,0
178830,73606483281707008,,0,4,,,3300,,20,20,43211,44200,,23055619,,,,,,,8928,3,0,0,0
178831,73606483644950770,,0,4,-1.0,21300.0,3300,489.0,20,20,43211,44200,,23055619,,,,,,,8319,1,45250,0,0
178832,73606483843874816,,0,4,,,3300,,20,20,43211,44200,,23055619,,,,,,,2397,3,0,0,0
178833,73606484673363968,,0,4,,,3300,,20,20,43211,44200,,23055619,,,,,,,16195,3,0,0,0
178834,73606485145157632,,0,4,,,3300,,20,20,43211,44200,,23055619,,,,,,,8632,3,0,0,0
178835,73606486208524465,,0,4,-1.0,21300.0,3300,490.0,20,20,43211,44200,,23055618,,,,,,,29566,1,45250,0,0
178836,73606485671368488,,0,4,-1.0,21300.0,3300,489.0,20,20,43211,44200,,23055619,,,,,,,268,1,45250,0,0
178837,73606486607724544,,0,4,,,3300,,20,20,43211,44200,,23055618,,,,,,,40,3,0,0,0
178838,73606486700720128,,0,4,,,3300,,20,20,43211,44200,,23055618,,,,,,,15186,3,0,0,0
178839,73606486742427151,,0,4,-1.0,21300.0,3300,490.0,20,20,43211,44200,,23055618,,,,,,,1228,1,45250,0,0
178840,73606487192308980,,0,4,-1.0,21300.0,3300,490.0,20,20,43211,44200,,23055618,,,,,,,2,1,45250,0,0
178841,73606487296835584,,0,4,,,3300,,20,20,43211,44200,,23055618,,,,,,,0,3,0,0,0
178842,73606487486732006,,0,4,-1.0,21300.0,3300,489.0,20,20,43211,44200,,23055619,,,,,,,3237,1,45250,0,0
178843,73606487711416320,,0,4,,,3300,,20,20,43211,44200,,23055619,,,,,,,5288,3,0,0,0
178844,73606488361926656,,0,4,,,3300,,20,20,43211,44200,,23055619,,,,,,,7691,3,0,0,0
178845,73606488515042159,,0,4,-1.0,21300.0,3300,489.0,20,20,43211,44200,,23055619,,,,,,,6320,1,45250,0,0
178846,73606488713920512,,0,4,,,3300,,20,20,43211,44200,,23055619,,,,,,,1706,3,0,0,0
178847,73606489180078080,,0,4,,,3300,,20,20,43211,44200,,23055619,,,,,,,6413,3,0,0,0
178848,73606493906075648,,0,4,,,3300,,20,20,43211,44200,,23055619,,,,,,,10239504,3,0,0,0
178849,73606496595311707,,0,4,-1.0,21300.0,3300,489.0,20,20,43211,44200,,23055619,,,,,,,987,1,45250,0,0
178850,73606490304249322,,0,4,-1.0,21300.0,3300,489.0,20,20,43211,44200,,23055619,,,,,,,93,1,45250,0,0
178851,73606491224841282,,0,4,-1.0,21300.0,3300,489.0,20,20,43211,44200,,23055619,,,,,,,12,1,45250,0,0
178852,73606491758099483,,0,4,-1.0,21300.0,3300,489.0,20,20,43211,44200,,23055619,,,,,,,37,1,45250,0,0
178853,73606492297959455,,0,4,-1.0,21300.0,3300,489.0,20,20,43211,44200,,23055619,,,,,,,5,1,45250,0,0
178854,73606492839697749,,0,4,-1.0,21300.0,3300,489.0,20,20,43211,44200,,23055619,,,,,,,5,1,45250,0,0
178855,73606493372054891,,0,4,-1.0,21300.0,3300,489.0,20,20,43211,44200,,23055619,,,,,,,14,1,45250,0,0
178856,73606493907404924,,0,4,-1.0,21300.0,3300,489.0,20,20,43211,44200,,23055619,,,,,,,29,1,45250,0,0
178857,73606494979255211,,0,4,-1.0,21300.0,3300,489.0,20,20,43211,44200,,23055619,,,,,,,120,1,45250,0,0
178858,73606495519339160,,0,4,-1.0,21300.0,3300,489.0,20,20,43211,44200,,23055619,,,,,,,35,1,45250,0,0
178859,73606496059020201,,0,4,-1.0,21300.0,3300,489.0,20,20,43211,44200,,23055619,,,,,,,2,1,45250,0,0
178860,73607025444126720,,0,4,,,3300,,20,20,43211,44200,,23055619,,,,,,,216,3,0,0,0
178861,73607025444126720,,0,4,,,3300,,20,20,43211,44200,,23055619,,,,,,,111,3,0,0,0
178862,73607026033360896,,0,4,,,3300,,20,20,43211,44200,,23055619,,,,,,,19941,3,0,0,0
178863,73607025979003036,,0,4,-1.0,21300.0,3300,489.0,20,20,43211,44200,,23055619,,,,,,,33360,1,45250,0,0
178864,73607026770202160,,0,4,-1.0,21300.0,3300,489.0,20,20,43211,44200,,23055619,,,,,,,456,1,45250,0,0
178865,73607029521186816,,0,4,,,3300,,20,20,43211,44200,,23055619,,,,,,,11667,3,0,0,0
178866,73607029599698944,,0,4,,,3300,,20,20,43211,44200,,23055619,,,,,,,1110,3,0,0,0
178867,73607029732671488,,0,4,,,3300,,20,20,43211,44200,,23055619,,,,,,,3759,3,0,0,0
178868,73607029830516736,,0,4,,,3300,,20,20,43211,44200,,23055619,,,,,,,0,3,0,0,0
178869,73607029702744356,,0,4,-1.0,21300.0,3300,489.0,20,20,43211,44200,,23055619,,,,,,,732,1,45250,0,0
178870,73607029909422080,,0,4,,,3300,,20,20,43211,44200,,23055619,,,,,,,3233,3,0,0,0
178871,73607030011461632,,0,4,,,3300,,20,20,43211,44200,,23055619,,,,,,,1265,3,0,0,0
178872,73607030117629952,,0,4,,,3300,,20,20,43211,44200,,23055619,,,,,,,1080,3,0,0,0
178873,73607030196273152,,0,4,,,3300,,20,20,43211,44200,,23055619,,,,,,,1299,3,0,0,0
178874,73607030274981888,,0,4,,,3300,,20,20,43211,44200,,23055619,,,,,,,1494,3,0,0,0
178875,73607030749855744,,0,4,,,3300,,20,20,43211,44200,,23055619,,,,,,,9068,3,0,0,0
178876,73607031234035712,,0,4,,,3300,,20,20,43211,44200,,23055619,,,,,,,9256,3,0,0,0
178877,73607031784603648,,0,4,,,3300,,20,20,43211,44200,,23055619,,,,,,,10512,3,0,0,0
178878,73607032337989632,,0,4,,,3300,,20,20,43211,44200,,23055619,,,,,,,10513,3,0,0,0
178879,73607032888623104,,0,4,,,3300,,20,20,43211,44200,,23055619,,,,,,,10514,3,0,0,0
178880,73607033360613376,,0,4,,,3300,,20,20,43211,44200,,23055619,,,,,,,8989,3,0,0,0
178881,73607033911836672,,0,4,,,3300,,20,20,43211,44200,,23055619,,,,,,,10531,3,0,0,0
178882,73607034392805376,,0,4,,,3300,,20,20,43211,44200,,23055619,,,,,,,9164,3,0,0,0
178883,73607034759495693,,0,4,-1.0,21300.0,3300,489.0,20,20,43211,44200,,23055619,,,,,,,8954,1,45250,0,0
178884,73607034943832064,,0,4,,,3300,,20,20,43211,44200,,23055619,,,,,,,2189,3,0,0,0
178885,73607035503312896,,0,4,,,3300,,20,20,43211,44200,,23055619,,,,,,,10032,3,0,0,0
178886,73607035975237632,,0,4,,,3300,,20,20,43211,44200,,23055619,,,,,,,9010,3,0,0,0
178887,73607036493037568,,0,4,,,3300,,20,20,43211,44200,,23055619,,,,,,,9887,3,0,0,0
178888,73607036986785792,,0,4,,,3300,,20,20,43211,44200,,23055619,,,,,,,9398,3,0,0,0
178889,73607037543907328,,0,4,,,3300,,20,20,43211,44200,,23055619,,,,,,,10628,3,0,0,0
178890,73607038181638144,,0,4,,,3300,,20,20,43211,44200,,23055619,,,,,,,12183,3,0,0,0
178891,73607038685282304,,0,4,,,3300,,20,20,43211,44200,,23055619,,,,,,,9631,3,0,0,0
178892,73607038769434475,,0,4,-1.0,21300.0,3300,489.0,20,20,43211,44200,,23055619,,,,,,,2968,1,45250,0,0
178893,73607039258132480,,0,4,,,3300,,20,20,43211,44200,,23055619,,,,,,,8224,3,0,0,0
178894,73607039732809728,,0,4,,,3300,,20,20,43211,44200,,23055619,,,,,,,8743,3,0,0,0
178895,73607040283312128,,0,4,,,3300,,20,20,43211,44200,,23055619,,,,,,,10517,3,0,0,0
178896,73607040833945600,,0,4,,,3300,,20,20,43211,44200,,23055619,,,,,,,10487,3,0,0,0
178897,73607041305935872,,0,4,,,3300,,20,20,43211,44200,,23055619,,,,,,,9003,3,0,0,0
178898,73607041856569344,,0,4,,,3300,,20,20,43211,44200,,23055619,,,,,,,10502,3,0,0,0
178899,73607042371813376,,0,4,,,3300,,20,20,43211,44200,,23055619,,,,,,,9857,3,0,0,0
178900,73607042986541056,,0,4,,,3300,,20,20,43211,44200,,23055619,,,,,,,12693,3,0,0,0
178901,73607043537043456,,0,4,,,3300,,20,20,43211,44200,,23055619,,,,,,,9500,3,0,0,0
178902,73607044087676928,,0,4,,,3300,,20,20,43211,44200,,23055619,,,,,,,10504,3,0,0,0
178903,73607044339118369,,0,4,-1.0,21300.0,3300,489.0,20,20,43211,44200,,23055619,,,,,,,6144,1,45250,0,0
178904,73607044562092032,,0,4,,,3300,,20,20,43211,44200,,23055619,,,,,,,2908,3,0,0,0
178905,73607044913581438,,0,4,-1.0,21300.0,3300,489.0,20,20,43211,44200,,23055619,,,,,,,8086,1,45250,0,0
178906,73607045007129465,,0,4,-1.0,18450.0,450,489.0,10,10,43211,44200,,23055639,,,,,,,2430,1,45250,0,0
178907,73607045118885888,,0,4,,,450,,10,10,43211,44200,,23055639,,,,,,,309,3,0,0,0
178908,73607045654446080,,0,4,,,450,,10,10,43211,44200,,23055639,,,,,,,10023,3,0,0,0
178909,73607046205014016,,0,4,,,450,,10,10,43211,44200,,23055639,,,,,,,10484,3,0,0,0
178910,73607046677463040,,0,4,,,450,,10,10,43211,44200,,23055639,,,,,,,9049,3,0,0,0
178911,73607047218855936,,0,4,,,450,,10,10,43211,44200,,23055639,,,,,,,10743,3,0,0,0
178912,73607047769423872,,0,4,,,450,,10,10,43211,44200,,23055639,,,,,,,10073,3,0,0,0
178913,73607048273657856,,0,4,,,450,,10,10,43211,44200,,23055639,,,,,,,9607,3,0,0,0
178914,73607048824225792,,0,4,,,450,,10,10,43211,44200,,23055639,,,,,,,10495,3,0,0,0
178915,73607049296805888,,0,4,,,450,,10,10,43211,44200,,23055639,,,,,,,9037,3,0,0,0
178916,73607049563869842,,0,4,-1.0,18450.0,450,489.0,10,10,43211,44200,,23055639,,,,,,,6461,1,45250,0,0
178917,73607049847439360,,0,4,,,450,,10,10,43211,44200,,23055639,,,,,,,4040,3,0,0,0
178918,73607049847390514,,0,4,-1.0,21300.0,3300,490.0,20,20,43211,44200,,23055618,,,,,,,2627,1,45250,0,0
178919,73607050344398848,,0,4,,,3300,,20,20,43211,44200,,23055618,,,,,,,6832,3,0,0,0
178920,73607050894835712,,0,4,,,3300,,20,20,43211,44200,,23055618,,,,,,,10489,3,0,0,0
178921,73607051445403648,,0,4,,,3300,,20,20,43211,44200,,23055618,,,,,,,12813,3,0,0,0
178922,73607051995512832,,0,4,,,3300,,20,20,43211,44200,,23055618,,,,,,,10165,3,0,0,0
178923,73607052487032832,,0,4,,,3300,,20,20,43211,44200,,23055618,,,,,,,7555,3,0,0,0
178924,73607052959023104,,0,4,,,3300,,20,20,43211,44200,,23055618,,,,,,,8826,3,0,0,0
178925,73607053509656576,,0,4,,,3300,,20,20,43211,44200,,23055618,,,,,,,11742,3,0,0,0
178926,73607054152171520,,0,4,,,3300,,20,20,43211,44200,,23055618,,,,,,,11197,3,0,0,0
178927,73607054257602734,,0,4,-1.0,21300.0,3300,489.0,20,20,43211,44200,,23055619,,,,,,,3019,1,45250,0,0
178928,73607054347648937,,0,4,-1.0,21300.0,3300,489.0,20,20,43211,44200,,23055619,,,,,,,1865,1,45250,0,0
178929,73607054545780736,,0,4,,,3300,,20,20,43211,44200,,23055619,,,,,,,2453,3,0,0,0
178930,73607055104933888,,0,4,,,3300,,20,20,43211,44200,,23055619,,,,,,,10667,3,0,0,0
178931,73607055576727552,,0,4,,,3300,,20,20,43211,44200,,23055619,,,,,,,8998,3,0,0,0
178932,73607056127361024,,0,4,,,3300,,20,20,43211,44200,,23055619,,,,,,,10506,3,0,0,0
178933,73607056677994496,,0,4,,,3300,,20,20,43211,44200,,23055619,,,,,,,10517,3,0,0,0
178934,73607057149919232,,0,4,,,3300,,20,20,43211,44200,,23055619,,,,,,,8982,3,0,0,0
178935,73607057283295847,,0,4,-1.0,21300.0,3300,489.0,20,20,43211,44200,,23055619,,,,,,,3980,1,45250,0,0
178936,73607057704550400,,0,4,,,3300,,20,20,43211,44200,,23055619,,,,,,,6597,3,0,0,0
178937,73607058262196224,,0,4,,,3300,,20,20,43211,44200,,23055619,,,,,,,10640,3,0,0,0
178938,73607058734186496,,0,4,,,3300,,20,20,43211,44200,,23055619,,,,,,,9002,3,0,0,0
178939,73607059284819968,,0,4,,,3300,,20,20,43211,44200,,23055619,,,,,,,11132,3,0,0,0
178940,73607059835387904,,0,4,,,3300,,20,20,43211,44200,,23055619,,,,,,,9896,3,0,0,0
178941,73607060309344256,,0,4,,,3300,,20,20,43211,44200,,23055619,,,,,,,9030,3,0,0,0
178942,73607060860043264,,0,4,,,3300,,20,20,43211,44200,,23055619,,,,,,,10488,3,0,0,0
178943,73607060878853993,,0,4,-1.0,21300.0,3300,489.0,20,20,43211,44200,,23055619,,,,,,,1749,1,45250,0,0
178944,73607061448032256,,0,4,,,3300,,20,20,43211,44200,,23055619,,,,,,,10944,3,0,0,0
178945,73607061883584512,,0,4,,,3300,,20,20,43211,44200,,23055619,,,,,,,6829,3,0,0,0
178946,73607062434152448,,0,4,,,3300,,20,20,43211,44200,,23055619,,,,,,,10501,3,0,0,0
178947,73607062984720384,,0,4,,,3300,,20,20,43211,44200,,23055619,,,,,,,10506,3,0,0,0
178948,73607063501340672,,0,4,,,3300,,20,20,43211,44200,,23055619,,,,,,,9855,3,0,0,0
178949,73607064052695040,,0,4,,,3300,,20,20,43211,44200,,23055619,,,,,,,10539,3,0,0,0
178950,73607064603262976,,0,4,,,3300,,20,20,43211,44200,,23055619,,,,,,,10484,3,0,0,0
178951,73607064949563309,,0,4,-1.0,21300.0,3300,489.0,20,20,43211,44200,,23055619,,,,,,,7934,1,45250,0,0
178952,73607065126240256,,0,4,,,3300,,20,20,43211,44200,,23055619,,,,,,,2031,3,0,0,0
178953,73607065602490368,,0,4,,,3300,,20,20,43211,44200,,23055619,,,,,,,9440,3,0,0,0
178954,73607066102661120,,0,4,,,3300,,20,20,43211,44200,,23055619,,,,,,,9181,3,0,0,0
178955,73607066661027840,,0,4,,,3300,,20,20,43211,44200,,23055619,,,,,,,10654,3,0,0,0
178956,73607067211726848,,0,4,,,3300,,20,20,43211,44200,,23055619,,,,,,,10513,3,0,0,0
178957,73607067683586048,,0,4,,,3300,,20,20,43211,44200,,23055619,,,,,,,8999,3,0,0,0
178958,73607068234153984,,0,4,,,3300,,20,20,43211,44200,,23055619,,,,,,,10493,3,0,0,0
178959,73607068775612416,,0,4,,,3300,,20,20,43211,44200,,23055619,,,,,,,10338,3,0,0,0
178960,73607069326245888,,0,4,,,3300,,20,20,43211,44200,,23055619,,,,,,,10493,3,0,0,0
178961,73607070051729408,,0,4,,,3300,,20,20,43211,44200,,23055619,,,,,,,13836,3,0,0,0
178962,73607070164033516,,0,4,-1.0,21300.0,3300,489.0,20,20,43211,44200,,23055619,,,,,,,4509,1,45250,0,0
178963,73607070651056128,,0,4,,,3300,,20,20,43211,44200,,23055619,,,,,,,7177,3,0,0,0
178964,73607071121997824,,0,4,,,3300,,20,20,43211,44200,,23055619,,,,,,,9725,3,0,0,0
178965,73607071602442240,,0,4,,,3300,,20,20,43211,44200,,23055619,,,,,,,8168,3,0,0,0
178966,73607072153010176,,0,4,,,3300,,20,20,43211,44200,,23055619,,,,,,,10506,3,0,0,0
178967,73607072703709184,,0,4,,,3300,,20,20,43211,44200,,23055619,,,,,,,10502,3,0,0,0
178968,73607073175568384,,0,4,,,3300,,20,20,43211,44200,,23055619,,,,,,,9008,3,0,0,0
178969,73607073727447040,,0,4,,,3300,,20,20,43211,44200,,23055619,,,,,,,10513,3,0,0,0
178970,73607074278146048,,0,4,,,3300,,20,20,43211,44200,,23055619,,,,,,,10534,3,0,0,0
178971,73607074827730944,,0,4,,,3300,,20,20,43211,44200,,23055619,,,,,,,11084,3,0,0,0
178972,73607075028420160,,0,4,-1.0,21300.0,3300,489.0,20,20,43211,44200,,23055619,,,,,,,4681,1,45250,0,0
178973,73607075316695040,,0,4,,,3300,,20,20,43211,44200,,23055619,,,,,,,5191,3,0,0,0
178974,73607075302760663,,0,4,-1.0,18450.0,450,489.0,10,10,43211,44200,,23055639,,,,,,,45,1,45250,0,0
178975,73607075817193472,,0,4,,,450,,10,10,43211,44200,,23055639,,,,,,,8324,3,0,0,0
178976,73607076452368384,,0,4,,,450,,10,10,43211,44200,,23055639,,,,,,,12131,3,0,0,0
178977,73607076924424192,,0,4,,,450,,10,10,43211,44200,,23055639,,,,,,,9011,3,0,0,0
178978,73607077474992128,,0,4,,,450,,10,10,43211,44200,,23055639,,,,,,,10474,3,0,0,0
178979,73607077940265010,,0,4,-1.0,18450.0,450,489.0,10,10,43211,44200,,23055639,,,,,,,10308,1,45250,0,0
178980,73607078025822208,,0,4,,,450,,10,10,43211,44200,,23055639,,,,,,,200,3,0,0,0
178981,73607078500958208,,0,4,,,450,,10,10,43211,44200,,23055639,,,,,,,9067,3,0,0,0
178982,73607079051526144,,0,4,,,450,,10,10,43211,44200,,23055639,,,,,,,10502,3,0,0,0
178983,73607079602159616,,0,4,,,450,,10,10,43211,44200,,23055639,,,,,,,10518,3,0,0,0
178984,73607080074149888,,0,4,,,450,,10,10,43211,44200,,23055639,,,,,,,8995,3,0,0,0
178985,73607080624652288,,0,4,,,450,,10,10,43211,44200,,23055639,,,,,,,10488,3,0,0,0
178986,73607081175351296,,0,4,,,450,,10,10,43211,44200,,23055639,,,,,,,10503,3,0,0,0
178987,73607081627549696,,0,4,,,450,,10,10,43211,44200,,23055639,,,,,,,8641,3,0,0,0
178988,73607082178183168,,0,4,,,450,,10,10,43211,44200,,23055639,,,,,,,10525,3,0,0,0
178989,73607082608978160,,0,4,-1.0,18450.0,450,489.0,10,10,43211,44200,,23055639,,,,,,,10052,1,45250,0,0
178990,73607082735435776,,0,4,,,450,,10,10,43211,44200,,23055639,,,,,,,747,3,0,0,0
178991,73607083287117824,,0,4,,,450,,10,10,43211,44200,,23055639,,,,,,,10315,3,0,0,0
178992,73607083759108096,,0,4,,,450,,10,10,43211,44200,,23055639,,,,,,,9000,3,0,0,0
178993,73607084309676032,,0,4,,,450,,10,10,43211,44200,,23055639,,,,,,,10505,3,0,0,0
178994,73607084861227008,,0,4,,,450,,10,10,43211,44200,,23055639,,,,,,,10520,3,0,0,0
178995,73607085379158016,,0,4,,,450,,10,10,43211,44200,,23055639,,,,,,,9886,3,0,0,0
178996,73607085724948264,,0,4,-1.0,18450.0,450,489.0,10,10,43211,44200,,23055639,,,,,,,7987,1,45250,0,0
178997,73607085936869376,,0,4,,,450,,10,10,43211,44200,,23055639,,,,,,,2643,3,0,0,0
178998,73607086408794112,,0,4,,,450,,10,10,43211,44200,,23055639,,,,,,,9002,3,0,0,0
178999,73607086959362048,,0,4,,,450,,10,10,43211,44200,,23055639,,,,,,,10505,3,0,0,0
179000,73607087431352320,,0,4,,,450,,10,10,43211,44200,,23055639,,,,,,,9021,3,0,0,0
179001,73607087994109952,,0,4,,,450,,10,10,43211,44200,,23055639,,,,,,,10730,3,0,0,0
179002,73607088544743424,,0,4,,,450,,10,10,43211,44200,,23055639,,,,,,,10496,3,0,0,0
179003,73607089095442432,,0,4,,,450,,10,10,43211,44200,,23055639,,,,,,,10501,3,0,0,0
179004,73607089576738816,,0,4,,,450,,10,10,43211,44200,,23055639,,,,,,,9168,3,0,0,0
179005,73607090118000640,,0,4,,,450,,10,10,43211,44200,,23055639,,,,,,,10332,3,0,0,0
179006,73607090311081864,,0,4,-1.0,18450.0,450,489.0,10,10,43211,44200,,23055639,,,,,,,4937,1,45250,0,0
179007,73607090671124480,,0,4,,,450,,10,10,43211,44200,,23055639,,,,,,,5611,3,0,0,0
179008,73607091142787072,,0,4,,,450,,10,10,43211,44200,,23055639,,,,,,,8988,3,0,0,0
179009,73607091693486080,,0,4,,,450,,10,10,43211,44200,,23055639,,,,,,,10512,3,0,0,0
179010,73607092193067008,,0,4,,,450,,10,10,43211,44200,,23055639,,,,,,,9948,3,0,0,0
179011,73607092743438336,,0,4,,,450,,10,10,43211,44200,,23055639,,,,,,,10079,3,0,0,0
179012,73607093294071808,,0,4,,,450,,10,10,43211,44200,,23055639,,,,,,,10518,3,0,0,0
179013,73607093766127616,,0,4,,,450,,10,10,43211,44200,,23055639,,,,,,,9037,3,0,0,0
179014,73607094273310720,,0,4,,,450,,10,10,43211,44200,,23055639,,,,,,,9700,3,0,0,0
179015,73607094823616512,,0,4,,,450,,10,10,43211,44200,,23055639,,,,,,,10412,3,0,0,0
179016,73607094804526572,,0,4,-1.0,18450.0,450,489.0,10,10,43211,44200,,23055639,,,,,,,947,1,45250,0,0
179017,73607095513382912,,0,4,,,450,,10,10,43211,44200,,23055639,,,,,,,12249,3,0,0,0
179018,73607095994155008,,0,4,,,450,,10,10,43211,44200,,23055639,,,,,,,9135,3,0,0,0
179019,73607096535613440,,0,4,,,450,,10,10,43211,44200,,23055639,,,,,,,10341,3,0,0,0
179020,73607097051250688,,0,4,,,450,,10,10,43211,44200,,23055639,,,,,,,9836,3,0,0,0
179021,73607097601884160,,0,4,,,450,,10,10,43211,44200,,23055639,,,,,,,10487,3,0,0,0
179022,73607098107822080,,0,4,,,450,,10,10,43211,44200,,23055639,,,,,,,9839,3,0,0,0
179023,73607098663829504,,0,4,,,450,,10,10,43211,44200,,23055639,,,,,,,10417,3,0,0,0
179024,73607099135754240,,0,4,,,450,,10,10,43211,44200,,23055639,,,,,,,8999,3,0,0,0
179025,73607099565774658,,0,4,-1.0,18450.0,450,489.0,10,10,43211,44200,,23055639,,,,,,,9454,1,45250,0,0
179026,73607099687763968,,0,4,,,450,,10,10,43211,44200,,23055639,,,,,,,2506,3,0,0,0
179027,73607100246589440,,0,4,,,450,,10,10,43211,44200,,23055639,,,,,,,9362,3,0,0,0
179028,73607100719890432,,0,4,,,450,,10,10,43211,44200,,23055639,,,,,,,8912,3,0,0,0
179029,73607101270458368,,0,4,,,450,,10,10,43211,44200,,23055639,,,,,,,10482,3,0,0,0
179030,73607101978378240,,0,4,,,450,,10,10,43211,44200,,23055639,,,,,,,13523,3,0,0,0
179031,73607102529142784,,0,4,,,450,,10,10,43211,44200,,23055639,,,,,,,10515,3,0,0,0
179032,73607103001133056,,0,4,,,450,,10,10,43211,44200,,23055639,,,,,,,9033,3,0,0,0
179033,73607103573917696,,0,4,,,450,,10,10,43211,44200,,23055639,,,,,,,10862,3,0,0,0
179034,73607103581695646,,0,4,-1.0,18450.0,450,489.0,10,10,43211,44200,,23055639,,,,,,,1549,1,45250,0,0
179035,73607104045907968,,0,4,,,450,,10,10,43211,44200,,23055639,,,,,,,7469,3,0,0,0
179036,73607104065455857,,0,4,-1.0,21300.0,3300,490.0,20,20,43211,44200,,23055618,,,,,,,1663,1,45250,0,0
179037,73607104349619558,,0,4,-1.0,21300.0,3300,489.0,20,20,43211,44200,,23055619,,,,,,,7562,1,45250,0,0
179038,73607104615350272,,0,4,,,3300,,20,20,43211,44200,,23055619,,,,,,,1750,3,0,0,0
179039,73607105165524992,,0,4,,,3300,,20,20,43211,44200,,23055619,,,,,,,10374,3,0,0,0
179040,73607105637711872,,0,4,,,3300,,20,20,43211,44200,,23055619,,,,,,,9022,3,0,0,0
179041,73607106190245888,,0,4,,,3300,,20,20,43211,44200,,23055619,,,,,,,10537,3,0,0,0
179042,73607106709225472,,0,4,,,3300,,20,20,43211,44200,,23055619,,,,,,,9879,3,0,0,0
179043,73607107165696627,,0,4,-1.0,21300.0,3300,489.0,20,20,43211,44200,,23055619,,,,,,,10136,1,45250,0,0
179044,73607107260448768,,0,4,,,3300,,20,20,43211,44200,,23055619,,,,,,,372,3,0,0,0
179045,73607107684703646,,0,4,-1.0,21300.0,3300,489.0,20,20,43211,44200,,23055619,,,,,,,9457,1,45250,0,0
179046,73607107794763776,,0,4,,,3300,,20,20,43211,44200,,23055619,,,,,,,987,3,0,0,0
179047,73607108274814976,,0,4,,,3300,,20,20,43211,44200,,23055619,,,,,,,8922,3,0,0,0
179048,73607108862803968,,0,4,,,3300,,20,20,43211,44200,,23055619,,,,,,,13263,3,0,0,0
179049,73607109359370240,,0,4,,,3300,,20,20,43211,44200,,23055619,,,,,,,7410,3,0,0,0
179050,73607109910003712,,0,4,,,3300,,20,20,43211,44200,,23055619,,,,,,,10512,3,0,0,0
179051,73607110382977024,,0,4,,,3300,,20,20,43211,44200,,23055619,,,,,,,9038,3,0,0,0
179052,73607110938394624,,0,4,,,3300,,20,20,43211,44200,,23055619,,,,,,,10584,3,0,0,0
179053,73607111485882368,,0,4,,,3300,,20,20,43211,44200,,23055619,,,,,,,10429,3,0,0,0
179054,73607111808395113,,0,4,-1.0,21300.0,3300,489.0,20,20,43211,44200,,23055619,,,,,,,7401,1,45250,0,0
179055,73607111958331392,,0,4,,,3300,,20,20,43211,44200,,23055619,,,,,,,1605,3,0,0,0
179056,73607112516042752,,0,4,,,3300,,20,20,43211,44200,,23055619,,,,,,,12664,3,0,0,0
179057,73607113014509568,,0,4,,,3300,,20,20,43211,44200,,23055619,,,,,,,7494,3,0,0,0
179058,73607113586376704,,0,4,,,3300,,20,20,43211,44200,,23055619,,,,,,,10911,3,0,0,0
179059,73607114058235904,,0,4,,,3300,,20,20,43211,44200,,23055619,,,,,,,8987,3,0,0,0
179060,73607115013685248,,0,4,,,3300,,20,20,43211,44200,,23055619,,,,,,,18376,3,0,0,0
179061,73607115406835712,,0,4,,,3300,,20,20,43211,44200,,23055619,,,,,,,7372,3,0,0,0
179062,73607116165349376,,0,4,,,3300,,20,20,43211,44200,,23055619,,,,,,,14462,3,0,0,0
179063,73607116494340096,,0,4,,,3300,,20,20,43211,44200,,23055619,,,,,,,6261,3,0,0,0
179064,73607116480921414,,0,4,-1.0,21300.0,3300,489.0,20,20,43211,44200,,23055619,,,,,,,1055,1,45250,0,0
179065,73607116968493056,,0,4,,,3300,,20,20,43211,44200,,23055619,,,,,,,8357,3,0,0,0
179066,73607117533478912,,0,4,,,3300,,20,20,43211,44200,,23055619,,,,,,,10400,3,0,0,0
179067,73607118050295808,,0,4,,,3300,,20,20,43211,44200,,23055619,,,,,,,9867,3,0,0,0
179068,73607118600994816,,0,4,,,3300,,20,20,43211,44200,,23055619,,,,,,,10497,3,0,0,0
179069,73607119074492416,,0,4,,,3300,,20,20,43211,44200,,23055619,,,,,,,9067,3,0,0,0
179070,73607119625125888,,0,4,,,3300,,20,20,43211,44200,,23055619,,,,,,,10550,3,0,0,0
179071,73607120175759360,,0,4,,,3300,,20,20,43211,44200,,23055619,,,,,,,10423,3,0,0,0
179072,73607120453177238,,0,4,-1.0,21300.0,3300,489.0,20,20,43211,44200,,23055619,,,,,,,6594,1,45250,0,0
179073,73607120726589440,,0,4,,,3300,,20,20,43211,44200,,23055619,,,,,,,3904,3,0,0,0
179074,73607121369366528,,0,4,,,3300,,20,20,43211,44200,,23055619,,,,,,,12260,3,0,0,0
179075,73607121936187392,,0,4,,,3300,,20,20,43211,44200,,23055619,,,,,,,10830,3,0,0,0
179076,73607122391990272,,0,4,,,3300,,20,20,43211,44200,,23055619,,,,,,,8679,3,0,0,0
179077,73607122938691584,,0,4,,,3300,,20,20,43211,44200,,23055619,,,,,,,10433,3,0,0,0
179078,73607123489325056,,0,4,,,3300,,20,20,43211,44200,,23055619,,,,,,,10502,3,0,0,0
179079,73607123961249792,,0,4,,,3300,,20,20,43211,44200,,23055619,,,,,,,9002,3,0,0,0
179080,73607124512014336,,0,4,,,3300,,20,20,43211,44200,,23055619,,,,,,,11546,3,0,0,0
179081,73607124416113298,,0,4,-1.0,21300.0,3300,489.0,20,20,43211,44200,,23055619,,,,,,,123,1,45250,0,0
179082,73607124665940969,,0,4,-1.0,18450.0,450,489.0,10,10,43211,44200,,23055639,,,,,,,3121,1,45250,0,0
179083,73607125081522176,,0,4,,,450,,10,10,43211,44200,,23055639,,,,,,,6571,3,0,0,0
179084,73607125549318144,,0,4,,,450,,10,10,43211,44200,,23055639,,,,,,,8934,3,0,0,0
179085,73607126100017152,,0,4,,,450,,10,10,43211,44200,,23055639,,,,,,,10507,3,0,0,0
179086,73607126650585088,,0,4,,,450,,10,10,43211,44200,,23055639,,,,,,,10488,3,0,0,0
179087,73607127325278208,,0,4,,,450,,10,10,43211,44200,,23055639,,,,,,,12952,3,0,0,0
179088,73607127718625280,,0,4,,,450,,10,10,43211,44200,,23055639,,,,,,,7418,3,0,0,0
179089,73607128192122880,,0,4,,,450,,10,10,43211,44200,,23055639,,,,,,,9033,3,0,0,0
179090,73607128742756352,,0,4,,,450,,10,10,43211,44200,,23055639,,,,,,,10502,3,0,0,0
179091,73607128837470061,,0,4,-1.0,18450.0,450,489.0,10,10,43211,44200,,23055639,,,,,,,3050,1,45250,0,0
179092,73607128917232165,,0,4,-1.0,21300.0,3300,490.0,20,20,43211,44200,,23055618,,,,,,,5941,1,45250,0,0
179093,73607129110132030,,0,4,-1.0,21300.0,3300,490.0,20,20,43211,44200,,23055618,,,,,,,5176,1,45250,0,0
179094,73607129469288448,,0,4,,,3300,,20,20,43211,44200,,23055618,,,,,,,0,3,0,0,0
179095,73607129783795712,,0,4,,,3300,,20,20,43211,44200,,23055618,,,,,,,5696,3,0,0,0
179096,73607130334560256,,0,4,,,3300,,20,20,43211,44200,,23055618,,,,,,,10527,3,0,0,0
179097,73607130885521408,,0,4,,,3300,,20,20,43211,44200,,23055618,,,,,,,10480,3,0,0,0
179098,73607131357511680,,0,4,,,3300,,20,20,43211,44200,,23055618,,,,,,,10000,3,0,0,0
179099,73607131926691840,,0,4,,,3300,,20,20,43211,44200,,23055618,,,,,,,9871,3,0,0,0
179100,73607132398616576,,0,4,,,3300,,20,20,43211,44200,,23055618,,,,,,,8974,3,0,0,0
179101,73607132942696448,,0,4,,,3300,,20,20,43211,44200,,23055618,,,,,,,10522,3,0,0,0
179102,73607133487824896,,0,4,,,3300,,20,20,43211,44200,,23055618,,,,,,,10996,3,0,0,0
179103,73607133998809088,,0,4,,,3300,,20,20,43211,44200,,23055618,,,,,,,9015,3,0,0,0
179104,73607134136926508,,0,4,-1.0,21300.0,3300,489.0,20,20,43211,44200,,23055619,,,,,,,5115,1,45250,0,0
179105,73607134517133312,,0,4,,,3300,,20,20,43211,44200,,23055619,,,,,,,4771,3,0,0,0
179106,73607135071436800,,0,4,,,3300,,20,20,43211,44200,,23055619,,,,,,,10682,3,0,0,0
179107,73607135622070272,,0,4,,,3300,,20,20,43211,44200,,23055619,,,,,,,10396,3,0,0,0
179108,73607136093995008,,0,4,,,3300,,20,20,43211,44200,,23055619,,,,,,,9009,3,0,0,0
179109,73607136644562944,,0,4,,,3300,,20,20,43211,44200,,23055619,,,,,,,10490,3,0,0,0
179110,73607137195458560,,0,4,,,3300,,20,20,43211,44200,,23055619,,,,,,,10510,3,0,0,0
179111,73607137929003008,,0,4,,,3300,,20,20,43211,44200,,23055619,,,,,,,15054,3,0,0,0
179112,73607138253144064,,0,4,,,3300,,20,20,43211,44200,,23055619,,,,,,,5541,3,0,0,0
179113,73607138129548739,,0,4,-1.0,21300.0,3300,489.0,20,20,43211,44200,,23055619,,,,,,,4,1,45250,0,0
179114,73607138747613184,,0,4,,,3300,,20,20,43211,44200,,23055619,,,,,,,9011,3,0,0,0
179115,73607139297984512,,0,4,,,3300,,20,20,43211,44200,,23055619,,,,,,,11777,3,0,0,0
179116,73607139771416576,,0,4,,,3300,,20,20,43211,44200,,23055619,,,,,,,7769,3,0,0,0
179117,73607140400693248,,0,4,,,3300,,20,20,43211,44200,,23055619,,,,,,,11989,3,0,0,0
179118,73607140850860032,,0,4,,,3300,,20,20,43211,44200,,23055619,,,,,,,8574,3,0,0,0
179119,73607141401493504,,0,4,,,3300,,20,20,43211,44200,,23055619,,,,,,,10521,3,0,0,0
179120,73607141918638080,,0,4,,,3300,,20,20,43211,44200,,23055619,,,,,,,9866,3,0,0,0
179121,73607141979003739,,0,4,-1.0,21300.0,3300,489.0,20,20,43211,44200,,23055619,,,,,,,2515,1,45250,0,0
179122,73607142498762752,,0,4,,,3300,,20,20,43211,44200,,23055619,,,,,,,8530,3,0,0,0
179123,73607142970753024,,0,4,,,3300,,20,20,43211,44200,,23055619,,,,,,,9014,3,0,0,0
179124,73607143527546880,,0,4,,,3300,,20,20,43211,44200,,23055619,,,,,,,10614,3,0,0,0
179125,73607144001634304,,0,4,,,3300,,20,20,43211,44200,,23055619,,,,,,,9057,3,0,0,0
179126,73607144553185280,,0,4,,,3300,,20,20,43211,44200,,23055619,,,,,,,10517,3,0,0,0
179127,73607145103687680,,0,4,,,3300,,20,20,43211,44200,,23055619,,,,,,,10486,3,0,0,0
179128,73607145575743488,,0,4,,,3300,,20,20,43211,44200,,23055619,,,,,,,9043,3,0,0,0
179129,73607146126639104,,0,4,,,3300,,20,20,43211,44200,,23055619,,,,,,,10507,3,0,0,0
179130,73607146484900732,,0,4,-1.0,21300.0,3300,489.0,20,20,43211,44200,,23055619,,,,,,,8071,1,45250,0,0
179131,73607146892558336,,0,4,,,3300,,20,20,43211,44200,,23055619,,,,,,,7986,3,0,0,0
179132,73607146931175609,,0,4,-1.0,21300.0,3300,489.0,20,20,43211,44200,,23055619,,,,,,,3546,1,45250,0,0
179133,73607147359895552,,0,4,,,3300,,20,20,43211,44200,,23055619,,,,,,,3876,3,0,0,0
179134,73607147910332416,,0,4,,,3300,,20,20,43211,44200,,23055619,,,,,,,10516,3,0,0,0
179135,73607148360237056,,0,4,,,3300,,20,20,43211,44200,,23055619,,,,,,,8569,3,0,0,0
179136,73607148910870528,,0,4,,,3300,,20,20,43211,44200,,23055619,,,,,,,10521,3,0,0,0
179137,73607149461504000,,0,4,,,3300,,20,20,43211,44200,,23055619,,,,,,,10482,3,0,0,0
179138,73607149985988608,,0,4,,,3300,,20,20,43211,44200,,23055619,,,,,,,10072,3,0,0,0
179139,73607150312187284,,0,4,-1.0,21300.0,3300,489.0,20,20,43211,44200,,23055619,,,,,,,7489,1,45250,0,0
179140,73607150480064512,,0,4,,,3300,,20,20,43211,44200,,23055619,,,,,,,2032,3,0,0,0
179141,73607150981480448,,0,4,,,3300,,20,20,43211,44200,,23055619,,,,,,,9398,3,0,0,0
179142,73607151532048384,,0,4,,,3300,,20,20,43211,44200,,23055619,,,,,,,10513,3,0,0,0
179143,73607152083140608,,0,4,,,3300,,20,20,43211,44200,,23055619,,,,,,,12232,3,0,0,0
179144,73607152625319936,,0,4,,,3300,,20,20,43211,44200,,23055619,,,,,,,8611,3,0,0,0
179145,73607153101111296,,0,4,,,3300,,20,20,43211,44200,,23055619,,,,,,,9069,3,0,0,0
179146,73607153651679232,,0,4,,,3300,,20,20,43211,44200,,23055619,,,,,,,10502,3,0,0,0
179147,73607153769720466,,0,4,-1.0,21300.0,3300,489.0,20,20,43211,44200,,23055619,,,,,,,3964,1,45250,0,0
179148,73607154202771456,,0,4,,,3300,,20,20,43211,44200,,23055619,,,,,,,7096,3,0,0,0
179149,73607154701828096,,0,4,,,3300,,20,20,43211,44200,,23055619,,,,,,,9007,3,0,0,0
179150,73607155252396032,,0,4,,,3300,,20,20,43211,44200,,23055619,,,,,,,10496,3,0,0,0
179151,73607155726352384,,0,4,,,3300,,20,20,43211,44200,,23055619,,,,,,,9017,3,0,0,0
179152,73607156291469312,,0,4,,,3300,,20,20,43211,44200,,23055619,,,,,,,11793,3,0,0,0
179153,73607156846428160,,0,4,,,3300,,20,20,43211,44200,,23055619,,,,,,,10585,3,0,0,0
179154,73607157335588864,,0,4,,,3300,,20,20,43211,44200,,23055619,,,,,,,8846,3,0,0,0
179155,73607157547482266,,0,4,-1.0,21300.0,3300,489.0,20,20,43211,44200,,23055619,,,,,,,4849,1,45250,0,0
179156,73607157826453504,,0,4,,,3300,,20,20,43211,44200,,23055619,,,,,,,3974,3,0,0,0
179157,73607158377742336,,0,4,,,3300,,20,20,43211,44200,,23055619,,,,,,,10552,3,0,0,0
179158,73607158928244736,,0,4,,,3300,,20,20,43211,44200,,23055619,,,,,,,10461,3,0,0,0
179159,73607159478943744,,0,4,,,3300,,20,20,43211,44200,,23055619,,,,,,,10516,3,0,0,0
179160,73607159943987200,,0,4,,,3300,,20,20,43211,44200,,23055619,,,,,,,8863,3,0,0,0
179161,73607160494686208,,0,4,,,3300,,20,20,43211,44200,,23055619,,,,,,,10527,3,0,0,0
179162,73607161045254144,,0,4,,,3300,,20,20,43211,44200,,23055619,,,,,,,10807,3,0,0,0
179163,73607161517244416,,0,4,,,3300,,20,20,43211,44200,,23055619,,,,,,,8676,3,0,0,0
179164,73607161637258894,,0,4,-1.0,21300.0,3300,489.0,20,20,43211,44200,,23055619,,,,,,,3725,1,45250,0,0
179165,73607162076135424,,0,4,,,3300,,20,20,43211,44200,,23055619,,,,,,,6930,3,0,0,0
179166,73607162626572288,,0,4,,,3300,,20,20,43211,44200,,23055619,,,,,,,10507,3,0,0,0
179167,73607163098497024,,0,4,,,3300,,20,20,43211,44200,,23055619,,,,,,,9011,3,0,0,0
179168,73607163649196032,,0,4,,,3300,,20,20,43211,44200,,23055619,,,,,,,10487,3,0,0,0
179169,73607164198780928,,0,4,,,3300,,20,20,43211,44200,,23055619,,,,,,,10880,3,0,0,0
179170,73607164733947904,,0,4,,,3300,,20,20,43211,44200,,23055619,,,,,,,9812,3,0,0,0
179171,73607165206462464,,0,4,,,3300,,20,20,43211,44200,,23055619,,,,,,,9012,3,0,0,0
179172,73607166369398784,,0,4,,,3300,,20,20,43211,44200,,23055619,,,,,,,9733,3,0,0,0
179173,73607166920032256,,0,4,,,3300,,20,20,43211,44200,,23055619,,,,,,,10490,3,0,0,0
179174,73607166887664503,,0,4,-1.0,21300.0,3300,489.0,20,20,43211,44200,,23055619,,,,,,,721,1,45250,0,0
179175,73607167598919680,,0,4,,,3300,,20,20,43211,44200,,23055619,,,,,,,12970,3,0,0,0
179176,73607167941804032,,0,4,,,3300,,20,20,43211,44200,,23055619,,,,,,,5868,3,0,0,0
179177,73607168492437504,,0,4,,,3300,,20,20,43211,44200,,23055619,,,,,,,10434,3,0,0,0
179178,73607169043005440,,0,4,,,3300,,20,20,43211,44200,,23055619,,,,,,,10507,3,0,0,0
179179,73607169606746112,,0,4,,,3300,,20,20,43211,44200,,23055619,,,,,,,11364,3,0,0,0
179180,73607170096627712,,0,4,,,3300,,20,20,43211,44200,,23055619,,,,,,,8742,3,0,0,0
179181,73607170568617984,,0,4,,,3300,,20,20,43211,44200,,23055619,,,,,,,8975,3,0,0,0
179182,73607171107127296,,0,4,,,3300,,20,20,43211,44200,,23055619,,,,,,,10293,3,0,0,0
179183,73607171046182169,,0,4,-1.0,21300.0,3300,489.0,20,20,43211,44200,,23055619,,,,,,,222,1,45250,0,0
179184,73607171747610624,,0,4,,,3300,,20,20,43211,44200,,23055619,,,,,,,12214,3,0,0,0
179185,73607172393074688,,0,4,,,3300,,20,20,43211,44200,,23055619,,,,,,,12942,3,0,0,0
179186,73607172888854528,,0,4,,,3300,,20,20,43211,44200,,23055619,,,,,,,8600,3,0,0,0
179187,73607173377687552,,0,4,,,3300,,20,20,43211,44200,,23055619,,,,,,,9966,3,0,0,0
179188,73607173928255488,,0,4,,,3300,,20,20,43211,44200,,23055619,,,,,,,9854,3,0,0,0
179189,73607174478888960,,0,4,,,3300,,20,20,43211,44200,,23055619,,,,,,,10515,3,0,0,0
179190,73607174950879232,,0,4,,,3300,,20,20,43211,44200,,23055619,,,,,,,11191,3,0,0,0
179191,73607175479230464,,0,4,,,3300,,20,20,43211,44200,,23055619,,,,,,,12329,3,0,0,0
179192,73607175874257611,,0,4,-1.0,21300.0,3300,489.0,20,20,43211,44200,,23055619,,,,,,,4502,1,45250,0,0
179193,73607176015446016,,0,4,,,3300,,20,20,43211,44200,,23055619,,,,,,,1277,3,0,0,0
179194,73607176566276096,,0,4,,,3300,,20,20,43211,44200,,23055619,,,,,,,10568,3,0,0,0
179195,73607177037938688,,0,4,,,3300,,20,20,43211,44200,,23055619,,,,,,,8952,3,0,0,0
179196,73607177588572160,,0,4,,,3300,,20,20,43211,44200,,23055619,,,,,,,10486,3,0,0,0
179197,73607178143989760,,0,4,,,3300,,20,20,43211,44200,,23055619,,,,,,,10594,3,0,0,0
179198,73607178694557696,,0,4,,,3300,,20,20,43211,44200,,23055619,,,,,,,10495,3,0,0,0
179199,73607179166547968,,0,4,,,3300,,20,20,43211,44200,,23055619,,,,,,,9006,3,0,0,0
179200,73607179594530882,,0,4,-1.0,21300.0,3300,489.0,20,20,43211,44200,,23055619,,,,,,,9769,1,45250,0,0
179201,73607179718361088,,0,4,,,3300,,20,20,43211,44200,,23055619,,,,,,,754,3,0,0,0
179202,73607180044687295,,0,4,-1.0,18450.0,450,489.0,10,10,43211,44200,,23055639,,,,,,,7968,1,45250,0,0
179203,73607180209160192,,0,4,,,450,,10,10,43211,44200,,23055639,,,,,,,1394,3,0,0,0
179204,73607180759728128,,0,4,,,450,,10,10,43211,44200,,23055639,,,,,,,10512,3,0,0,0
179205,73607181310296064,,0,4,,,450,,10,10,43211,44200,,23055639,,,,,,,10498,3,0,0,0
179206,73607181782286336,,0,4,,,450,,10,10,43211,44200,,23055639,,,,,,,8997,3,0,0,0
179207,73607182310047744,,0,4,,,450,,10,10,43211,44200,,23055639,,,,,,,10066,3,0,0,0
179208,73607182860943360,,0,4,,,450,,10,10,43211,44200,,23055639,,,,,,,10524,3,0,0,0
179209,73607183411642368,,0,4,,,450,,10,10,43211,44200,,23055639,,,,,,,10491,3,0,0,0
179210,73607183883501568,,0,4,,,450,,10,10,43211,44200,,23055639,,,,,,,9017,3,0,0,0
179211,73607184434200576,,0,4,,,450,,10,10,43211,44200,,23055639,,,,,,,10541,3,0,0,0
179212,73607184529298298,,0,4,-1.0,18450.0,450,489.0,10,10,43211,44200,,23055639,,,,,,,3061,1,45250,0,0
179213,73607184986865664,,0,4,,,450,,10,10,43211,44200,,23055639,,,,,,,7436,3,0,0,0
179214,73607185537564672,,0,4,,,450,,10,10,43211,44200,,23055639,,,,,,,10490,3,0,0,0
179215,73607186088067072,,0,4,,,450,,10,10,43211,44200,,23055639,,,,,,,10521,3,0,0,0
179216,73607186559991808,,0,4,,,450,,10,10,43211,44200,,23055639,,,,,,,8979,3,0,0,0
179217,73607187110625280,,0,4,,,450,,10,10,43211,44200,,23055639,,,,,,,10493,3,0,0,0
179218,73607187661455360,,0,4,,,450,,10,10,43211,44200,,23055639,,,,,,,10517,3,0,0,0
179219,73607188133380096,,0,4,,,450,,10,10,43211,44200,,23055639,,,,,,,9031,3,0,0,0
179220,73607188672675840,,0,4,,,450,,10,10,43211,44200,,23055639,,,,,,,10260,3,0,0,0
179221,73607189224488960,,0,4,,,450,,10,10,43211,44200,,23055639,,,,,,,10599,3,0,0,0
179222,73607189304848288,,0,4,-1.0,18450.0,450,489.0,10,10,43211,44200,,23055639,,,,,,,2888,1,45250,0,0
179223,73607189616161666,,0,4,-1.0,21300.0,3300,490.0,20,20,43211,44200,,23055618,,,,,,,8403,1,45250,0,0
179224,73607189818507264,,0,4,,,3300,,20,20,43211,44200,,23055618,,,,,,,5903,3,0,0,0
179225,73607190268018688,,0,4,,,3300,,20,20,43211,44200,,23055618,,,,,,,3019,3,0,0,0
179226,73607190770876416,,0,4,,,3300,,20,20,43211,44200,,23055618,,,,,,,11449,3,0,0,0
179227,73607191420338176,,0,4,,,3300,,20,20,43211,44200,,23055618,,,,,,,10169,3,0,0,0
179228,73607191940825088,,0,4,,,3300,,20,20,43211,44200,,23055618,,,,,,,10946,3,0,0,0
179229,73607192491458560,,0,4,,,3300,,20,20,43211,44200,,23055618,,,,,,,9464,3,0,0,0
179230,73607192963514368,,0,4,,,3300,,20,20,43211,44200,,23055618,,,,,,,8984,3,0,0,0
179231,73607193232378229,,0,4,-1.0,21300.0,3300,490.0,20,20,43211,44200,,23055618,,,,,,,6983,1,45250,0,0
179232,73607193514082304,,0,4,,,3300,,20,20,43211,44200,,23055618,,,,,,,3541,3,0,0,0
179233,73607193884889401,,0,4,-1.0,21300.0,3300,489.0,20,20,43211,44200,,23055619,,,,,,,9113,1,45250,0,0
179234,73607194257588224,,0,4,,,3300,,20,20,43211,44200,,23055619,,,,,,,10741,3,0,0,0
179235,73607194589593600,,0,4,,,3300,,20,20,43211,44200,,23055619,,,,,,,2874,3,0,0,0
179236,73607195097759744,,0,4,,,3300,,20,20,43211,44200,,23055619,,,,,,,7469,3,0,0,0
179237,73607195573944320,,0,4,,,3300,,20,20,43211,44200,,23055619,,,,,,,12053,3,0,0,0
179238,73607196123463680,,0,4,,,3300,,20,20,43211,44200,,23055619,,,,,,,7496,3,0,0,0
179239,73607196677439488,,0,4,,,3300,,20,20,43211,44200,,23055619,,,,,,,10622,3,0,0,0
179240,73607197146087424,,0,4,,,3300,,20,20,43211,44200,,23055619,,,,,,,8895,3,0,0,0
179241,73607197777592320,,0,4,,,3300,,20,20,43211,44200,,23055619,,,,,,,12053,3,0,0,0
179242,73607198350049280,,0,4,,,3300,,20,20,43211,44200,,23055619,,,,,,,11441,3,0,0,0
179243,73607198618983920,,0,4,-1.0,21300.0,3300,489.0,20,20,43211,44200,,23055619,,,,,,,7222,1,45250,0,0
179244,73607198980046848,,0,4,,,3300,,20,20,43211,44200,,23055619,,,,,,,4267,3,0,0,0
179245,73607199451774976,,0,4,,,3300,,20,20,43211,44200,,23055619,,,,,,,8996,3,0,0,0
179246,73607200002408448,,0,4,,,3300,,20,20,43211,44200,,23055619,,,,,,,10505,3,0,0,0
179247,73607200555204608,,0,4,,,3300,,20,20,43211,44200,,23055619,,,,,,,10542,3,0,0,0
179248,73607201029357568,,0,4,,,3300,,20,20,43211,44200,,23055619,,,,,,,9044,3,0,0,0
179249,73607201579991040,,0,4,,,3300,,20,20,43211,44200,,23055619,,,,,,,10930,3,0,0,0
179250,73607202052046848,,0,4,,,3300,,20,20,43211,44200,,23055619,,,,,,,8658,3,0,0,0
179251,73607202781134848,,0,4,,,3300,,20,20,43211,44200,,23055619,,,,,,,13829,3,0,0,0
179252,73607203176972288,,0,4,,,3300,,20,20,43211,44200,,23055619,,,,,,,7553,3,0,0,0
179253,73607203662725120,,0,4,,,3300,,20,20,43211,44200,,23055619,,,,,,,9362,3,0,0,0
179254,73607203626586424,,0,4,-1.0,21300.0,3300,489.0,20,20,43211,44200,,23055619,,,,,,,625,1,45250,0,0
179255,73607204209295360,,0,4,,,3300,,20,20,43211,44200,,23055619,,,,,,,9694,3,0,0,0
179256,73607204681154560,,0,4,,,3300,,20,20,43211,44200,,23055619,,,,,,,9026,3,0,0,0
179257,73607205231984640,,0,4,,,3300,,20,20,43211,44200,,23055619,,,,,,,10481,3,0,0,0
179258,73607205783732224,,0,4,,,3300,,20,20,43211,44200,,23055619,,,,,,,10527,3,0,0,0
179259,73607206279053312,,0,4,,,3300,,20,20,43211,44200,,23055619,,,,,,,9456,3,0,0,0
179260,73607206987038720,,0,4,,,3300,,20,20,43211,44200,,23055619,,,,,,,13967,3,0,0,0
179261,73607207349125120,,0,4,,,3300,,20,20,43211,44200,,23055619,,,,,,,6505,3,0,0,0
179262,73607207307078780,,0,4,-1.0,21300.0,3300,489.0,20,20,43211,44200,,23055619,,,,,,,660,1,45250,0,0
179263,73607207821115392,,0,4,,,3300,,20,20,43211,44200,,23055619,,,,,,,8278,3,0,0,0
179264,73607208375549952,,0,4,,,3300,,20,20,43211,44200,,23055619,,,,,,,10568,3,0,0,0
179265,73607208926052352,,0,4,,,3300,,20,20,43211,44200,,23055619,,,,,,,10498,3,0,0,0
179266,73607209398173696,,0,4,,,3300,,20,20,43211,44200,,23055619,,,,,,,9006,3,0,0,0
179267,73607210029416448,,0,4,,,3300,,20,20,43211,44200,,23055619,,,,,,,12040,3,0,0,0
179268,73607210507304960,,0,4,,,3300,,20,20,43211,44200,,23055619,,,,,,,9112,3,0,0,0
179269,73607210575472078,,0,4,-1.0,21300.0,3300,489.0,20,20,43211,44200,,23055619,,,,,,,2655,1,45250,0,0
179270,73607211066195968,,0,4,,,3300,,20,20,43211,44200,,23055619,,,,,,,8021,3,0,0,0
179271,73607211540152320,,0,4,,,3300,,20,20,43211,44200,,23055619,,,,,,,12428,3,0,0,0
179272,73607212075646976,,0,4,,,3300,,20,20,43211,44200,,23055619,,,,,,,10854,3,0,0,0
179273,73607212623986688,,0,4,,,3300,,20,20,43211,44200,,23055619,,,,,,,6417,3,0,0,0
179274,73607213177700352,,0,4,,,3300,,20,20,43211,44200,,23055619,,,,,,,10583,3,0,0,0
179275,73607213657030656,,0,4,,,3300,,20,20,43211,44200,,23055619,,,,,,,9120,3,0,0,0
179276,73607213805959812,,0,4,-1.0,21300.0,3300,489.0,20,20,43211,44200,,23055619,,,,,,,4602,1,45250,0,0
179277,73607214209695744,,0,4,,,3300,,20,20,43211,44200,,23055619,,,,,,,6483,3,0,0,0
179278,73607214864269312,,0,4,,,3300,,20,20,43211,44200,,23055619,,,,,,,11962,3,0,0,0
179279,73607215336259584,,0,4,,,3300,,20,20,43211,44200,,23055619,,,,,,,10723,3,0,0,0
179280,73607215837413376,,0,4,,,3300,,20,20,43211,44200,,23055619,,,,,,,7818,3,0,0,0
179281,73607216388177920,,0,4,,,3300,,20,20,43211,44200,,23055619,,,,,,,10506,3,0,0,0
179282,73607216938811392,,0,4,,,3300,,20,20,43211,44200,,23055619,,,,,,,10510,3,0,0,0
179283,73607217526407168,,0,4,,,3300,,20,20,43211,44200,,23055619,,,,,,,192,3,0,0,0
179284,73607217440470584,,0,4,-1.0,21300.0,3300,489.0,20,20,43211,44200,,23055619,,,,,,,11259,1,45250,0,0
179285,73607218001412096,,0,4,,,3300,,20,20,43211,44200,,23055619,,,,,,,8805,3,0,0,0
179286,73607218470125568,,0,4,,,3300,,20,20,43211,44200,,23055619,,,,,,,8930,3,0,0,0
179287,73607219020693504,,0,4,,,3300,,20,20,43211,44200,,23055619,,,,,,,10620,3,0,0,0
179288,73607219577749504,,0,4,,,3300,,20,20,43211,44200,,23055619,,,,,,,10666,3,0,0,0
179289,73607220094435328,,0,4,,,3300,,20,20,43211,44200,,23055619,,,,,,,9759,3,0,0,0
179290,73607220568129536,,0,4,,,3300,,20,20,43211,44200,,23055619,,,,,,,9027,3,0,0,0
179291,73607220758689698,,0,4,-1.0,21300.0,3300,489.0,20,20,43211,44200,,23055619,,,,,,,5100,1,45250,0,0
179292,73607220957142295,,0,4,-1.0,18450.0,450,489.0,10,10,43211,44200,,23055639,,,,,,,3330,1,45250,0,0
179293,73607221127217152,,0,4,,,450,,10,10,43211,44200,,23055639,,,,,,,2193,3,0,0,0
179294,73607221677785088,,0,4,,,450,,10,10,43211,44200,,23055639,,,,,,,10508,3,0,0,0
179295,73607222149709824,,0,4,,,450,,10,10,43211,44200,,23055639,,,,,,,8991,3,0,0,0
179296,73607222700343296,,0,4,,,450,,10,10,43211,44200,,23055639,,,,,,,10504,3,0,0,0
179297,73607223251042304,,0,4,,,450,,10,10,43211,44200,,23055639,,,,,,,10504,3,0,0,0
179298,73607223725064192,,0,4,,,450,,10,10,43211,44200,,23055639,,,,,,,9045,3,0,0,0
179299,73607224185755626,,0,4,-1.0,18450.0,450,489.0,10,10,43211,44200,,23055639,,,,,,,10189,1,45250,0,0
179300,73607224276942848,,0,4,,,450,,10,10,43211,44200,,23055639,,,,,,,1197,3,0,0,0
179301,73607224827838464,,0,4,,,450,,10,10,43211,44200,,23055639,,,,,,,9650,3,0,0,0
179302,73607225299566592,,0,4,,,450,,10,10,43211,44200,,23055639,,,,,,,9000,3,0,0,0
179303,73607225850200064,,0,4,,,450,,10,10,43211,44200,,23055639,,,,,,,10502,3,0,0,0
179304,73607226322190336,,0,4,,,450,,10,10,43211,44200,,23055639,,,,,,,8994,3,0,0,0
179305,73607226877280256,,0,4,,,450,,10,10,43211,44200,,23055639,,,,,,,10591,3,0,0,0
179306,73607227490762752,,0,4,,,450,,10,10,43211,44200,,23055639,,,,,,,12432,3,0,0,0
179307,73607227903180800,,0,4,,,450,,10,10,43211,44200,,23055639,,,,,,,7134,3,0,0,0
179308,73607228453683200,,0,4,,,450,,10,10,43211,44200,,23055639,,,,,,,10533,3,0,0,0
179309,73607229274128384,,0,4,,,450,,10,10,43211,44200,,23055639,,,,,,,16037,3,0,0,0
179310,73607229513882682,,0,4,-1.0,18450.0,450,489.0,10,10,43211,44200,,23055639,,,,,,,750,1,45250,0,0
179311,73607229598466048,,0,4,,,450,,10,10,43211,44200,,23055639,,,,,,,6601,3,0,0,0
179312,73607230003347456,,0,4,,,450,,10,10,43211,44200,,23055639,,,,,,,6205,3,0,0,0
179313,73607230632361984,,0,4,,,450,,10,10,43211,44200,,23055639,,,,,,,11934,3,0,0,0
179314,73607231182995456,,0,4,,,450,,10,10,43211,44200,,23055639,,,,,,,10511,3,0,0,0
179315,73607231700008960,,0,4,,,450,,10,10,43211,44200,,23055639,,,,,,,10045,3,0,0,0
179316,73607232170950656,,0,4,,,450,,10,10,43211,44200,,23055639,,,,,,,8793,3,0,0,0
179317,73607232721584128,,0,4,,,450,,10,10,43211,44200,,23055639,,,,,,,10514,3,0,0,0
179318,73607233272676352,,0,4,,,450,,10,10,43211,44200,,23055639,,,,,,,10545,3,0,0,0
179319,73607233605490338,,0,4,-1.0,18450.0,450,489.0,10,10,43211,44200,,23055639,,,,,,,7848,1,45250,0,0
179320,73607233760329728,,0,4,,,450,,10,10,43211,44200,,23055639,,,,,,,1402,3,0,0,0
179321,73607234124222705,,0,4,-1.0,21300.0,3300,490.0,20,20,43211,44200,,23055618,,,,,,,7951,1,45250,0,0
179322,73607234314960896,,0,4,,,3300,,20,20,43211,44200,,23055618,,,,,,,2628,3,0,0,0
179323,73607234912387072,,0,4,,,3300,,20,20,43211,44200,,23055618,,,,,,,11415,3,0,0,0
179324,73607235305668608,,0,4,,,3300,,20,20,43211,44200,,23055618,,,,,,,7481,3,0,0,0
179325,73607235856367616,,0,4,,,3300,,20,20,43211,44200,,23055618,,,,,,,10498,3,0,0,0
179326,73607236374626304,,0,4,,,3300,,20,20,43211,44200,,23055618,,,,,,,9893,3,0,0,0
179327,73607236940070912,,0,4,,,3300,,20,20,43211,44200,,23055618,,,,,,,10778,3,0,0,0
179328,73607237041988820,,0,4,-1.0,21300.0,3300,490.0,20,20,43211,44200,,23055618,,,,,,,3332,1,45250,0,0
179329,73607237418483712,,0,4,,,3300,,20,20,43211,44200,,23055618,,,,,,,7504,3,0,0,0
179330,73607237959745536,,0,4,,,3300,,20,20,43211,44200,,23055618,,,,,,,8852,3,0,0,0
179331,73607238510247936,,0,4,,,3300,,20,20,43211,44200,,23055618,,,,,,,11494,3,0,0,0
179332,73607238982172672,,0,4,,,3300,,20,20,43211,44200,,23055618,,,,,,,7756,3,0,0,0
179333,73607239593361408,,0,4,,,3300,,20,20,43211,44200,,23055618,,,,,,,11770,3,0,0,0
179334,73607240065351680,,0,4,,,3300,,20,20,43211,44200,,23055618,,,,,,,8901,3,0,0,0
179335,73607240615919616,,0,4,,,3300,,20,20,43211,44200,,23055618,,,,,,,10506,3,0,0,0
179336,73607241087844352,,0,4,,,3300,,20,20,43211,44200,,23055618,,,,,,,11533,3,0,0,0
179337,73607241633890304,,0,4,,,3300,,20,20,43211,44200,,23055618,,,,,,,8198,3,0,0,0
179338,73607242184523776,,0,4,,,3300,,20,20,43211,44200,,23055618,,,,,,,10196,3,0,0,0
179339,73607242656448512,,0,4,,,3300,,20,20,43211,44200,,23055618,,,,,,,8997,3,0,0,0
179340,73607242975054167,,0,4,-1.0,21300.0,3300,490.0,20,20,43211,44200,,23055618,,,,,,,7418,1,45250,0,0
179341,73607243207147520,,0,4,,,3300,,20,20,43211,44200,,23055618,,,,,,,3079,3,0,0,0
179342,73607243740479488,,0,4,,,3300,,20,20,43211,44200,,23055618,,,,,,,10917,3,0,0,0
179343,73607244290916352,,0,4,,,3300,,20,20,43211,44200,,23055618,,,,,,,9944,3,0,0,0
179344,73607244769525760,,0,4,,,3300,,20,20,43211,44200,,23055618,,,,,,,9538,3,0,0,0
179345,73607245341196288,,0,4,,,3300,,20,20,43211,44200,,23055618,,,,,,,10739,3,0,0,0
179346,73607245813383168,,0,4,,,3300,,20,20,43211,44200,,23055618,,,,,,,8768,3,0,0,0
179347,73607246363951104,,0,4,,,3300,,20,20,43211,44200,,23055618,,,,,,,10315,3,0,0,0
179348,73607246385259986,,0,4,-1.0,21300.0,3300,489.0,20,20,43211,44200,,23055619,,,,,,,1888,1,45250,0,0
179349,73607246895054848,,0,4,,,3300,,20,20,43211,44200,,23055619,,,,,,,8235,3,0,0,0
179350,73607247448375296,,0,4,,,3300,,20,20,43211,44200,,23055619,,,,,,,10558,3,0,0,0
179351,73607247920365568,,0,4,,,3300,,20,20,43211,44200,,23055619,,,,,,,8996,3,0,0,0
179352,73607248470933504,,0,4,,,3300,,20,20,43211,44200,,23055619,,,,,,,10501,3,0,0,0
179353,73607249021501440,,0,4,,,3300,,20,20,43211,44200,,23055619,,,,,,,10505,3,0,0,0
179354,73607249487134720,,0,4,,,3300,,20,20,43211,44200,,23055619,,,,,,,8884,3,0,0,0
179355,73607250060378112,,0,4,,,3300,,20,20,43211,44200,,23055619,,,,,,,10981,3,0,0,0
179356,73607250117687641,,0,4,-1.0,21300.0,3300,489.0,20,20,43211,44200,,23055619,,,,,,,2383,1,45250,0,0
179357,73607250668552192,,0,4,,,3300,,20,20,43211,44200,,23055619,,,,,,,231,3,0,0,0
179358,73607250557417045,,0,4,-1.0,21300.0,3300,489.0,20,20,43211,44200,,23055619,,,,,,,11073,1,45250,0,0
179359,73607251089489920,,0,4,,,3300,,20,20,43211,44200,,23055619,,,,,,,5894,3,0,0,0
179360,73607251641368576,,0,4,,,3300,,20,20,43211,44200,,23055619,,,,,,,10594,3,0,0,0
179361,73607252114014208,,0,4,,,3300,,20,20,43211,44200,,23055619,,,,,,,8943,3,0,0,0
179362,73607252665106432,,0,4,,,3300,,20,20,43211,44200,,23055619,,,,,,,10511,3,0,0,0
179363,73607252785472097,,0,4,-1.0,21300.0,3300,489.0,20,20,43211,44200,,23055619,,,,,,,3614,1,45250,0,0
179364,73607253205319680,,0,4,,,3300,,20,20,43211,44200,,23055619,,,,,,,9206,3,0,0,0
179365,73607253670625280,,0,4,,,3300,,20,20,43211,44200,,23055619,,,,,,,6369,3,0,0,0
179366,73607254221258752,,0,4,,,3300,,20,20,43211,44200,,23055619,,,,,,,10490,3,0,0,0
179367,73607254772219904,,0,4,,,3300,,20,20,43211,44200,,23055619,,,,,,,10520,3,0,0,0
179368,73607255244210176,,0,4,,,3300,,20,20,43211,44200,,23055619,,,,,,,8990,3,0,0,0
179369,73607255797268480,,0,4,,,3300,,20,20,43211,44200,,23055619,,,,,,,10563,3,0,0,0
179370,73607256352489472,,0,4,,,3300,,20,20,43211,44200,,23055619,,,,,,,10598,3,0,0,0
179371,73607256825856000,,0,4,,,3300,,20,20,43211,44200,,23055619,,,,,,,9016,3,0,0,0
179372,73607257341624320,,0,4,,,3300,,20,20,43211,44200,,23055619,,,,,,,9840,3,0,0,0
179373,73607257898221568,,0,4,,,3300,,20,20,43211,44200,,23055619,,,,,,,10611,3,0,0,0
179374,73607257876687566,,0,4,-1.0,21300.0,3300,489.0,20,20,43211,44200,,23055619,,,,,,,1028,1,45250,0,0
179375,73607258470744064,,0,4,,,3300,,20,20,43211,44200,,23055619,,,,,,,10429,3,0,0,0
179376,73607258929954816,,0,4,,,3300,,20,20,43211,44200,,23055619,,,,,,,8221,3,0,0,0
179377,73607259444543488,,0,4,,,3300,,20,20,43211,44200,,23055619,,,,,,,9809,3,0,0,0
179378,73607260048326656,,0,4,,,3300,,20,20,43211,44200,,23055619,,,,,,,12319,3,0,0,0
179379,73607260520972288,,0,4,,,3300,,20,20,43211,44200,,23055619,,,,,,,8214,3,0,0,0
179380,73607261093232640,,0,4,,,3300,,20,20,43211,44200,,23055619,,,,,,,10923,3,0,0,0
179381,73607261565288448,,0,4,,,3300,,20,20,43211,44200,,23055619,,,,,,,8982,3,0,0,0
179382,73607261708314741,,0,4,-1.0,21300.0,3300,489.0,20,20,43211,44200,,23055619,,,,,,,5112,1,45250,0,0
179383,73607262171627520,,0,4,,,3300,,20,20,43211,44200,,23055619,,,,,,,6753,3,0,0,0
179384,73607262643355648,,0,4,,,3300,,20,20,43211,44200,,23055619,,,,,,,8717,3,0,0,0
179385,73607263194054656,,0,4,,,3300,,20,20,43211,44200,,23055619,,,,,,,10512,3,0,0,0
179386,73607263669387264,,0,4,,,3300,,20,20,43211,44200,,23055619,,,,,,,9072,3,0,0,0
179387,73607264220020736,,0,4,,,3300,,20,20,43211,44200,,23055619,,,,,,,10492,3,0,0,0
179388,73607264770588672,,0,4,,,3300,,20,20,43211,44200,,23055619,,,,,,,10505,3,0,0,0
179389,73607265242710016,,0,4,,,3300,,20,20,43211,44200,,23055619,,,,,,,8989,3,0,0,0
179390,73607265365622244,,0,4,-1.0,21300.0,3300,489.0,20,20,43211,44200,,23055619,,,,,,,3883,1,45250,0,0
179391,73607265832927232,,0,4,,,3300,,20,20,43211,44200,,23055619,,,,,,,7473,3,0,0,0
179392,73607266355052544,,0,4,,,3300,,20,20,43211,44200,,23055619,,,,,,,9883,3,0,0,0
179393,73607266827042816,,0,4,,,3300,,20,20,43211,44200,,23055619,,,,,,,8983,3,0,0,0
179394,73607267671146496,,0,4,,,3300,,20,20,43211,44200,,23055619,,,,,,,18175,3,0,0,0
179395,73607268246355968,,0,4,,,3300,,20,20,43211,44200,,23055619,,,,,,,8915,3,0,0,0
179396,73607268725030912,,0,4,,,3300,,20,20,43211,44200,,23055619,,,,,,,9212,3,0,0,0
179397,73607269282873344,,0,4,,,3300,,20,20,43211,44200,,23055619,,,,,,,10539,3,0,0,0
179398,73607269368223677,,0,4,-1.0,21300.0,3300,489.0,20,20,43211,44200,,23055619,,,,,,,3227,1,45250,0,0
179399,73607269816270848,,0,4,,,3300,,20,20,43211,44200,,23055619,,,,,,,7391,3,0,0,0
179400,73607270289768448,,0,4,,,3300,,20,20,43211,44200,,23055619,,,,,,,8589,3,0,0,0
179401,73607270840336384,,0,4,,,3300,,20,20,43211,44200,,23055619,,,,,,,10496,3,0,0,0
179402,73607271390969856,,0,4,,,3300,,20,20,43211,44200,,23055619,,,,,,,10507,3,0,0,0
179403,73607271880720384,,0,4,,,3300,,20,20,43211,44200,,23055619,,,,,,,9338,3,0,0,0
179404,73607272384561152,,0,4,,,3300,,20,20,43211,44200,,23055619,,,,,,,9627,3,0,0,0
179405,73607272657855931,,0,4,-1.0,21300.0,3300,489.0,20,20,43211,44200,,23055619,,,,,,,6484,1,45250,0,0
179406,73607272935391232,,0,4,,,3300,,20,20,43211,44200,,23055619,,,,,,,4006,3,0,0,0
179407,73607273426583552,,0,4,,,3300,,20,20,43211,44200,,23055619,,,,,,,9369,3,0,0,0
179408,73607274091839488,,0,4,,,3300,,20,20,43211,44200,,23055619,,,,,,,13462,3,0,0,0
179409,73607274484858880,,0,4,,,3300,,20,20,43211,44200,,23055619,,,,,,,10075,3,0,0,0
179410,73607275041456128,,0,4,,,3300,,20,20,43211,44200,,23055619,,,,,,,7270,3,0,0,0
179411,73607275592155136,,0,4,,,3300,,20,20,43211,44200,,23055619,,,,,,,10519,3,0,0,0
179412,73607276064210944,,0,4,,,3300,,20,20,43211,44200,,23055619,,,,,,,8988,3,0,0,0
179413,73607276659933184,,0,4,,,3300,,20,20,43211,44200,,23055619,,,,,,,12777,3,0,0,0
179414,73607277133824000,,0,4,,,3300,,20,20,43211,44200,,23055619,,,,,,,7619,3,0,0,0
179415,73607277375172201,,0,4,-1.0,21300.0,3300,489.0,20,20,43211,44200,,23055619,,,,,,,5909,1,45250,0,0
179416,73607277686685696,,0,4,,,3300,,20,20,43211,44200,,23055619,,,,,,,4637,3,0,0,0
179417,73607278170144768,,0,4,,,3300,,20,20,43211,44200,,23055619,,,,,,,9220,3,0,0,0
179418,73607278708850688,,0,4,,,3300,,20,20,43211,44200,,23055619,,,,,,,10277,3,0,0,0
179419,73607279259549696,,0,4,,,3300,,20,20,43211,44200,,23055619,,,,,,,10504,3,0,0,0
179420,73607279731474432,,0,4,,,3300,,20,20,43211,44200,,23055619,,,,,,,12735,3,0,0,0
179421,73607280285712384,,0,4,,,3300,,20,20,43211,44200,,23055619,,,,,,,6838,3,0,0,0
179422,73607280836345856,,0,4,,,3300,,20,20,43211,44200,,23055619,,,,,,,10511,3,0,0,0
179423,73607281386913792,,0,4,,,3300,,20,20,43211,44200,,23055619,,,,,,,10495,3,0,0,0
179424,73607281953210368,,0,4,,,3300,,20,20,43211,44200,,23055619,,,,,,,11084,3,0,0,0
179425,73607282134856320,,0,4,-1.0,21300.0,3300,489.0,20,20,43211,44200,,23055619,,,,,,,4590,1,45250,0,0
179426,73607282628886528,,0,4,,,3300,,20,20,43211,44200,,23055619,,,,,,,8769,3,0,0,0
179427,73607282978783232,,0,4,,,3300,,20,20,43211,44200,,23055619,,,,,,,5925,3,0,0,0
179428,73607283450707968,,0,4,,,3300,,20,20,43211,44200,,23055619,,,,,,,8992,3,0,0,0
179429,73607284002390016,,0,4,,,3300,,20,20,43211,44200,,23055619,,,,,,,10524,3,0,0,0
179430,73607284474314752,,0,4,,,3300,,20,20,43211,44200,,23055619,,,,,,,9000,3,0,0,0
179431,73607285137866752,,0,4,,,3300,,20,20,43211,44200,,23055619,,,,,,,13323,3,0,0,0
179432,73607285302435525,,0,4,-1.0,21300.0,3300,489.0,20,20,43211,44200,,23055619,,,,,,,3853,1,45250,0,0
179433,73607285507746204,,0,4,-1.0,18450.0,450,489.0,10,10,43211,44200,,23055639,,,,,,,3815,1,45250,0,0
179434,73607285561294848,,0,4,,,450,,10,10,43211,44200,,23055639,,,,,,,0,3,0,0,0
179435,73607286111731712,,0,4,,,450,,10,10,43211,44200,,23055639,,,,,,,10241,3,0,0,0
179436,73607286662299648,,0,4,,,450,,10,10,43211,44200,,23055639,,,,,,,10500,3,0,0,0
179437,73607287134289920,,0,4,,,450,,10,10,43211,44200,,23055639,,,,,,,9003,3,0,0,0
179438,73607287685120000,,0,4,,,450,,10,10,43211,44200,,23055639,,,,,,,10519,3,0,0,0
179439,73607288239816704,,0,4,,,450,,10,10,43211,44200,,23055639,,,,,,,10567,3,0,0,0
179440,73607288517587530,,0,4,-1.0,18450.0,450,489.0,10,10,43211,44200,,23055639,,,,,,,6633,1,45250,0,0
179441,73607288722489344,,0,4,,,450,,10,10,43211,44200,,23055639,,,,,,,2574,3,0,0,0
179442,73607289309102080,,0,4,,,450,,10,10,43211,44200,,23055639,,,,,,,12266,3,0,0,0
179443,73607289797541888,,0,4,,,450,,10,10,43211,44200,,23055639,,,,,,,8243,3,0,0,0
179444,73607290269728768,,0,4,,,450,,10,10,43211,44200,,23055639,,,,,,,9003,3,0,0,0
179445,73607290820362240,,0,4,,,450,,10,10,43211,44200,,23055639,,,,,,,10500,3,0,0,0
179446,73607291370995712,,0,4,,,450,,10,10,43211,44200,,23055639,,,,,,,10557,3,0,0,0
179447,73607291842985984,,0,4,,,450,,10,10,43211,44200,,23055639,,,,,,,8964,3,0,0,0
179448,73607292011887070,,0,4,-1.0,18450.0,450,489.0,10,10,43211,44200,,23055639,,,,,,,4605,1,45250,0,0
179449,73607292389556224,,0,4,,,450,,10,10,43211,44200,,23055639,,,,,,,8780,3,0,0,0
179450,73607293098590208,,0,4,,,450,,10,10,43211,44200,,23055639,,,,,,,10558,3,0,0,0
179451,73607293649158144,,0,4,,,450,,10,10,43211,44200,,23055639,,,,,,,10505,3,0,0,0
179452,73607294121148416,,0,4,,,450,,10,10,43211,44200,,23055639,,,,,,,8989,3,0,0,0
179453,73607294671781888,,0,4,,,450,,10,10,43211,44200,,23055639,,,,,,,10504,3,0,0,0
179454,73607295222546432,,0,4,,,450,,10,10,43211,44200,,23055639,,,,,,,10505,3,0,0,0
179455,73607295694602240,,0,4,,,450,,10,10,43211,44200,,23055639,,,,,,,8999,3,0,0,0
179456,73607296087177585,,0,4,-1.0,18450.0,450,489.0,10,10,43211,44200,,23055639,,,,,,,8908,1,45250,0,0
179457,73607296231669760,,0,4,,,450,,10,10,43211,44200,,23055639,,,,,,,1344,3,0,0,0
179458,73607296746651648,,0,4,,,450,,10,10,43211,44200,,23055639,,,,,,,10033,3,0,0,0
179459,73607297297219584,,0,4,,,450,,10,10,43211,44200,,23055639,,,,,,,10291,3,0,0,0
179460,73607297869348864,,0,4,,,450,,10,10,43211,44200,,23055639,,,,,,,10912,3,0,0,0
179461,73607298360541184,,0,4,,,450,,10,10,43211,44200,,23055639,,,,,,,9366,3,0,0,0
179462,73607298919432192,,0,4,,,450,,10,10,43211,44200,,23055639,,,,,,,10686,3,0,0,0
179463,73607299391160320,,0,4,,,450,,10,10,43211,44200,,23055639,,,,,,,8970,3,0,0,0
179464,73607299941728256,,0,4,,,450,,10,10,43211,44200,,23055639,,,,,,,14259,3,0,0,0
179465,73607300469948416,,0,4,,,450,,10,10,43211,44200,,23055639,,,,,,,6370,3,0,0,0
179466,73607300619391638,,0,4,-1.0,18450.0,450,489.0,10,10,43211,44200,,23055639,,,,,,,4144,1,45250,0,0
179467,73607300942266368,,0,4,,,450,,10,10,43211,44200,,23055639,,,,,,,4817,3,0,0,0
179468,73607301091505757,,0,4,-1.0,21300.0,3300,490.0,20,20,43211,44200,,23055618,,,,,,,4383,1,45250,0,0
179469,73607301493293056,,0,4,,,3300,,20,20,43211,44200,,23055618,,,,,,,6203,3,0,0,0
179470,73607301558337164,,0,4,-1.0,21300.0,3300,489.0,20,20,43211,44200,,23055619,,,,,,,3364,1,45250,0,0
179471,73607302027083776,,0,4,,,3300,,20,20,43211,44200,,23055619,,,,,,,6745,3,0,0,0
179472,73607302577520640,,0,4,,,3300,,20,20,43211,44200,,23055619,,,,,,,10498,3,0,0,0
179473,73607303049445376,,0,4,,,3300,,20,20,43211,44200,,23055619,,,,,,,10432,3,0,0,0
179474,73607303600865280,,0,4,,,3300,,20,20,43211,44200,,23055619,,,,,,,9083,3,0,0,0
179475,73607303977396872,,0,4,-1.0,21300.0,3300,489.0,20,20,43211,44200,,23055619,,,,,,,8497,1,45250,0,0
179476,73607304160542720,,0,4,,,3300,,20,20,43211,44200,,23055619,,,,,,,2171,3,0,0,0
179477,73607304538525918,,0,4,-1.0,21300.0,3300,489.0,20,20,43211,44200,,23055619,,,,,,,9727,1,45250,0,0
179478,73607304633319424,,0,4,,,3300,,20,20,43211,44200,,23055619,,,,,,,9,3,0,0,0
179479,73607305203351552,,0,4,,,3300,,20,20,43211,44200,,23055619,,,,,,,11222,3,0,0,0
179480,73607305753919488,,0,4,,,3300,,20,20,43211,44200,,23055619,,,,,,,9448,3,0,0,0
179481,73607306225844224,,0,4,,,3300,,20,20,43211,44200,,23055619,,,,,,,9005,3,0,0,0
179482,73607306783227904,,0,4,,,3300,,20,20,43211,44200,,23055619,,,,,,,10625,3,0,0,0
179483,73607307255152640,,0,4,,,3300,,20,20,43211,44200,,23055619,,,,,,,9002,3,0,0,0
179484,73607307813126144,,0,4,,,3300,,20,20,43211,44200,,23055619,,,,,,,10634,3,0,0,0
179485,73607308363759616,,0,4,,,3300,,20,20,43211,44200,,23055619,,,,,,,10501,3,0,0,0
179486,73607308835684352,,0,4,,,3300,,20,20,43211,44200,,23055619,,,,,,,9018,3,0,0,0
179487,73607309190318419,,0,4,-1.0,21300.0,3300,489.0,20,20,43211,44200,,23055619,,,,,,,8105,1,45250,0,0
179488,73607309387497472,,0,4,,,3300,,20,20,43211,44200,,23055619,,,,,,,2406,3,0,0,0
179489,73607309938196480,,0,4,,,3300,,20,20,43211,44200,,23055619,,,,,,,10500,3,0,0,0
179490,73607310411431936,,0,4,,,3300,,20,20,43211,44200,,23055619,,,,,,,9039,3,0,0,0
179491,73607310964228096,,0,4,,,3300,,20,20,43211,44200,,23055619,,,,,,,10544,3,0,0,0
179492,73607311514796032,,0,4,,,3300,,20,20,43211,44200,,23055619,,,,,,,13990,3,0,0,0
179493,73607312010248192,,0,4,,,3300,,20,20,43211,44200,,23055619,,,,,,,5949,3,0,0,0
179494,73607312561733632,,0,4,,,3300,,20,20,43211,44200,,23055619,,,,,,,10560,3,0,0,0
179495,73607312890024424,,0,4,-1.0,21300.0,3300,489.0,20,20,43211,44200,,23055619,,,,,,,7552,1,45250,0,0
179496,73607313267097600,,0,4,,,3300,,20,20,43211,44200,,23055619,,,,,,,6894,3,0,0,0
179497,73607313581801472,,0,4,,,3300,,20,20,43211,44200,,23055619,,,,,,,4982,3,0,0,0
179498,73607314134269952,,0,4,,,3300,,20,20,43211,44200,,23055619,,,,,,,10537,3,0,0,0
179499,73607314685624320,,0,4,,,3300,,20,20,43211,44200,,23055619,,,,,,,10544,3,0,0,0
179500,73607315158335488,,0,4,,,3300,,20,20,43211,44200,,23055619,,,,,,,9009,3,0,0,0
179501,73607315708903424,,0,4,,,3300,,20,20,43211,44200,,23055619,,,,,,,10477,3,0,0,0
179502,73607315880936832,,0,4,-1.0,21300.0,3300,489.0,20,20,43211,44200,,23055619,,,,,,,4660,1,45250,0,0
179503,73607316260978688,,0,4,,,3300,,20,20,43211,44200,,23055619,,,,,,,5989,3,0,0,0
179504,73607316733624320,,0,4,,,3300,,20,20,43211,44200,,23055619,,,,,,,8888,3,0,0,0
179505,73607317284257792,,0,4,,,3300,,20,20,43211,44200,,23055619,,,,,,,10513,3,0,0,0
179506,73607317994864640,,0,4,,,3300,,20,20,43211,44200,,23055619,,,,,,,15104,3,0,0,0
179507,73607318397648896,,0,4,,,3300,,20,20,43211,44200,,23055619,,,,,,,6132,3,0,0,0
179508,73607318871998464,,0,4,,,3300,,20,20,43211,44200,,23055619,,,,,,,9057,3,0,0,0
179509,73607319422631936,,0,4,,,3300,,20,20,43211,44200,,23055619,,,,,,,10494,3,0,0,0
179510,73607319602668741,,0,4,-1.0,21300.0,3300,489.0,20,20,43211,44200,,23055619,,,,,,,4774,1,45250,0,0
179511,73607320021237760,,0,4,,,3300,,20,20,43211,44200,,23055619,,,,,,,8739,3,0,0,0
179512,73607319960001375,,0,4,-1.0,21300.0,3300,489.0,20,20,43211,44200,,23055619,,,,,,,0,1,45250,0,0
179513,73607320478154752,,0,4,,,3300,,20,20,43211,44200,,23055619,,,,,,,12030,3,0,0,0
179514,73607320975835136,,0,4,,,3300,,20,20,43211,44200,,23055619,,,,,,,4070,3,0,0,0
179515,73607321496846336,,0,4,,,3300,,20,20,43211,44200,,23055619,,,,,,,9940,3,0,0,0
179516,73607322047414272,,0,4,,,3300,,20,20,43211,44200,,23055619,,,,,,,10511,3,0,0,0
179517,73607322519404544,,0,4,,,3300,,20,20,43211,44200,,23055619,,,,,,,8996,3,0,0,0
179518,73607323108638720,,0,4,,,3300,,20,20,43211,44200,,23055619,,,,,,,11266,3,0,0,0
179519,73607323103095446,,0,4,-1.0,21300.0,3300,489.0,20,20,43211,44200,,23055619,,,,,,,1261,1,45250,0,0
179520,73607323623489536,,0,4,,,3300,,20,20,43211,44200,,23055619,,,,,,,9158,3,0,0,0
179521,73607324099608576,,0,4,,,3300,,20,20,43211,44200,,23055619,,,,,,,8452,3,0,0,0
179522,73607324895084544,,0,4,,,3300,,20,20,43211,44200,,23055619,,,,,,,16146,3,0,0,0
179523,73607325391323136,,0,4,,,3300,,20,20,43211,44200,,23055619,,,,,,,8508,3,0,0,0
179524,73607325941891072,,0,4,,,3300,,20,20,43211,44200,,23055619,,,,,,,10524,3,0,0,0
179525,73607326492655616,,0,4,,,3300,,20,20,43211,44200,,23055619,,,,,,,10476,3,0,0,0
179526,73607326964580352,,0,4,,,3300,,20,20,43211,44200,,23055619,,,,,,,8992,3,0,0,0
179527,73607327349018975,,0,4,-1.0,21300.0,3300,489.0,20,20,43211,44200,,23055619,,,,,,,8662,1,45250,0,0
179528,73607327493390336,,0,4,,,3300,,20,20,43211,44200,,23055619,,,,,,,1422,3,0,0,0
179529,73607328066568192,,0,4,,,3300,,20,20,43211,44200,,23055619,,,,,,,10934,3,0,0,0
179530,73607328617070592,,0,4,,,3300,,20,20,43211,44200,,23055619,,,,,,,10513,3,0,0,0
179531,73607329167704064,,0,4,,,3300,,20,20,43211,44200,,23055619,,,,,,,10505,3,0,0,0
179532,73607329650180096,,0,4,,,3300,,20,20,43211,44200,,23055619,,,,,,,9262,3,0,0,0
179533,73607330021660425,,0,4,-1.0,21300.0,3300,489.0,20,20,43211,44200,,23055619,,,,,,,8419,1,45250,0,0
179534,73607330200944640,,0,4,,,3300,,20,20,43211,44200,,23055619,,,,,,,2017,3,0,0,0
179535,73607330672738304,,0,4,,,3300,,20,20,43211,44200,,23055619,,,,,,,9013,3,0,0,0
179536,73607331223371776,,0,4,,,3300,,20,20,43211,44200,,23055619,,,,,,,10494,3,0,0,0
179537,73607331914645504,,0,4,,,3300,,20,20,43211,44200,,23055619,,,,,,,13934,3,0,0,0
179538,73607332275224576,,0,4,,,3300,,20,20,43211,44200,,23055619,,,,,,,6115,3,0,0,0
179539,73607332779196416,,0,4,,,3300,,20,20,43211,44200,,23055619,,,,,,,9614,3,0,0,0
179540,73607333330026496,,0,4,,,3300,,20,20,43211,44200,,23055619,,,,,,,10503,3,0,0,0
179541,73607333446618733,,0,4,-1.0,21300.0,3300,489.0,20,20,43211,44200,,23055619,,,,,,,3674,1,45250,0,0
179542,73607333881053184,,0,4,,,3300,,20,20,43211,44200,,23055619,,,,,,,6852,3,0,0,0
179543,73607334352977920,,0,4,,,3300,,20,20,43211,44200,,23055619,,,,,,,8986,3,0,0,0
179544,73607334903545856,,0,4,,,3300,,20,20,43211,44200,,23055619,,,,,,,10514,3,0,0,0
179545,73607335454179328,,0,4,,,3300,,20,20,43211,44200,,23055619,,,,,,,10489,3,0,0,0
179546,73607335926169600,,0,4,,,3300,,20,20,43211,44200,,23055619,,,,,,,9029,3,0,0,0
179547,73607336496857088,,0,4,,,3300,,20,20,43211,44200,,23055619,,,,,,,10859,3,0,0,0
179548,73607336592889248,,0,4,-1.0,21300.0,3300,489.0,20,20,43211,44200,,23055619,,,,,,,3308,1,45250,0,0
179549,73607336968847360,,0,4,,,3300,,20,20,43211,44200,,23055619,,,,,,,5785,3,0,0,0
179550,73607337575645184,,0,4,,,3300,,20,20,43211,44200,,23055619,,,,,,,11500,3,0,0,0
179551,73607338126147584,,0,4,,,3300,,20,20,43211,44200,,23055619,,,,,,,10485,3,0,0,0
179552,73607338626973696,,0,4,,,3300,,20,20,43211,44200,,23055619,,,,,,,9550,3,0,0,0
179553,73607339177541632,,0,4,,,3300,,20,20,43211,44200,,23055619,,,,,,,10522,3,0,0,0
179554,73607339649531904,,0,4,,,3300,,20,20,43211,44200,,23055619,,,,,,,9000,3,0,0,0
179555,73607340201148416,,0,4,,,3300,,20,20,43211,44200,,23055619,,,,,,,10518,3,0,0,0
179556,73607340751716352,,0,4,,,3300,,20,20,43211,44200,,23055619,,,,,,,10488,3,0,0,0
179557,73607341223706624,,0,4,,,3300,,20,20,43211,44200,,23055619,,,,,,,9005,3,0,0,0
179558,73607341365410510,,0,4,-1.0,21300.0,3300,489.0,20,20,43211,44200,,23055619,,,,,,,4167,1,45250,0,0
179559,73607341797277696,,0,4,,,3300,,20,20,43211,44200,,23055619,,,,,,,7071,3,0,0,0
179560,73607342319403008,,0,4,,,3300,,20,20,43211,44200,,23055619,,,,,,,9711,3,0,0,0
179561,73607342791393280,,0,4,,,3300,,20,20,43211,44200,,23055619,,,,,,,8963,3,0,0,0
179562,73607343341961216,,0,4,,,3300,,20,20,43211,44200,,23055619,,,,,,,10485,3,0,0,0
179563,73607344026812416,,0,4,,,3300,,20,20,43211,44200,,23055619,,,,,,,13141,3,0,0,0
179564,73607344420093952,,0,4,,,3300,,20,20,43211,44200,,23055619,,,,,,,9778,3,0,0,0
179565,73607344959520768,,0,4,,,3300,,20,20,43211,44200,,23055619,,,,,,,7935,3,0,0,0
179566,73607345058396820,,0,4,-1.0,21300.0,3300,489.0,20,20,43211,44200,,23055619,,,,,,,3184,1,45250,0,0
179567,73607345510154240,,0,4,,,3300,,20,20,43211,44200,,23055619,,,,,,,7320,3,0,0,0
179568,73607346060722176,,0,4,,,3300,,20,20,43211,44200,,23055619,,,,,,,10509,3,0,0,0
179569,73607346532712448,,0,4,,,3300,,20,20,43211,44200,,23055619,,,,,,,8991,3,0,0,0
179570,73607347083280384,,0,4,,,3300,,20,20,43211,44200,,23055619,,,,,,,10505,3,0,0,0
179571,73607347639091200,,0,4,,,3300,,20,20,43211,44200,,23055619,,,,,,,10617,3,0,0,0
179572,73607348123533312,,0,4,,,3300,,20,20,43211,44200,,23055619,,,,,,,11303,3,0,0,0
179573,73607348631109632,,0,4,,,3300,,20,20,43211,44200,,23055619,,,,,,,13979,3,0,0,0
179574,73607349179777024,,0,4,,,3300,,20,20,43211,44200,,23055619,,,,,,,4106,3,0,0,0
179575,73607349471832695,,0,4,-1.0,21300.0,3300,489.0,20,20,43211,44200,,23055619,,,,,,,7050,1,45250,0,0
179576,73607349731000320,,0,4,,,3300,,20,20,43211,44200,,23055619,,,,,,,3450,3,0,0,0
179577,73607350283796480,,0,4,,,3300,,20,20,43211,44200,,23055619,,,,,,,12131,3,0,0,0
179578,73607350766731264,,0,4,,,3300,,20,20,43211,44200,,23055619,,,,,,,9539,3,0,0,0
179579,73607351280271360,,0,4,,,3300,,20,20,43211,44200,,23055619,,,,,,,7879,3,0,0,0
179580,73607351830904832,,0,4,,,3300,,20,20,43211,44200,,23055619,,,,,,,10496,3,0,0,0
179581,73607352323866624,,0,4,,,3300,,20,20,43211,44200,,23055619,,,,,,,9421,3,0,0,0
179582,73607352876400640,,0,4,,,3300,,20,20,43211,44200,,23055619,,,,,,,10549,3,0,0,0
179583,73607353427165184,,0,4,,,3300,,20,20,43211,44200,,23055619,,,,,,,10479,3,0,0,0
179584,73607353903874048,,0,4,,,3300,,20,20,43211,44200,,23055619,,,,,,,9151,3,0,0,0
179585,73607353885619971,,0,4,-1.0,21300.0,3300,489.0,20,20,43211,44200,,23055619,,,,,,,1100,1,45250,0,0
179586,73607354454769664,,0,4,,,3300,,20,20,43211,44200,,23055619,,,,,,,10737,3,0,0,0
179587,73607354942160896,,0,4,,,3300,,20,20,43211,44200,,23055619,,,,,,,10542,3,0,0,0
179588,73607355465007104,,0,4,,,3300,,20,20,43211,44200,,23055619,,,,,,,7352,3,0,0,0
179589,73607356015575040,,0,4,,,3300,,20,20,43211,44200,,23055619,,,,,,,10492,3,0,0,0
179590,73607356566142976,,0,4,,,3300,,20,20,43211,44200,,23055619,,,,,,,10499,3,0,0,0
179591,73607357116776448,,0,4,,,3300,,20,20,43211,44200,,23055619,,,,,,,10500,3,0,0,0
179592,73607357588701184,,0,4,,,3300,,20,20,43211,44200,,23055619,,,,,,,9051,3,0,0,0
179593,73607357621620389,,0,4,-1.0,21300.0,3300,489.0,20,20,43211,44200,,23055619,,,,,,,2320,1,45250,0,0
179594,73607358283317248,,0,4,,,3300,,20,20,43211,44200,,23055619,,,,,,,11580,3,0,0,0
179595,73607358207537861,,0,4,-1.0,21300.0,3300,489.0,20,20,43211,44200,,23055619,,,,,,,395,1,45250,0,0
179596,73607358966267904,,0,4,,,3300,,20,20,43211,44200,,23055619,,,,,,,12319,3,0,0,0
179597,73607359202131968,,0,4,,,3300,,20,20,43211,44200,,23055619,,,,,,,4114,3,0,0,0
179598,73607359696601088,,0,4,,,3300,,20,20,43211,44200,,23055619,,,,,,,9431,3,0,0,0
179599,73607360252608512,,0,4,,,3300,,20,20,43211,44200,,23055619,,,,,,,10623,3,0,0,0
179600,73607360803241984,,0,4,,,3300,,20,20,43211,44200,,23055619,,,,,,,10492,3,0,0,0
179601,73607361275428864,,0,4,,,3300,,20,20,43211,44200,,23055619,,,,,,,10053,3,0,0,0
179602,73607361433742429,,0,4,-1.0,21300.0,3300,489.0,20,20,43211,44200,,23055619,,,,,,,3316,1,45250,0,0
179603,73607361839169536,,0,4,,,3300,,20,20,43211,44200,,23055619,,,,,,,6385,3,0,0,0
179604,73607362327478272,,0,4,,,3300,,20,20,43211,44200,,23055619,,,,,,,9337,3,0,0,0
179605,73607362964684800,,0,4,,,3300,,20,20,43211,44200,,23055619,,,,,,,12128,3,0,0,0
179606,73607363516432384,,0,4,,,3300,,20,20,43211,44200,,23055619,,,,,,,10519,3,0,0,0
179607,73607364001333248,,0,4,,,3300,,20,20,43211,44200,,23055619,,,,,,,9250,3,0,0,0
179608,73607364562518016,,0,4,,,3300,,20,20,43211,44200,,23055619,,,,,,,10723,3,0,0,0
179609,73607365043552256,,0,4,,,3300,,20,20,43211,44200,,23055619,,,,,,,9158,3,0,0,0
179610,73607365572296704,,0,4,,,3300,,20,20,43211,44200,,23055619,,,,,,,10158,3,0,0,0
179611,73607366148751360,,0,4,,,3300,,20,20,43211,44200,,23055619,,,,,,,10921,3,0,0,0
179612,73607366303649971,,0,4,-1.0,21300.0,3300,489.0,20,20,43211,44200,,23055619,,,,,,,4216,1,45250,0,0
179613,73607366625787904,,0,4,,,3300,,20,20,43211,44200,,23055619,,,,,,,5243,3,0,0,0
179614,73607367176290304,,0,4,,,3300,,20,20,43211,44200,,23055619,,,,,,,10142,3,0,0,0
179615,73607367645790208,,0,4,,,3300,,20,20,43211,44200,,23055619,,,,,,,8958,3,0,0,0
179616,73607368196358144,,0,4,,,3300,,20,20,43211,44200,,23055619,,,,,,,10496,3,0,0,0
179617,73607368747057152,,0,4,,,3300,,20,20,43211,44200,,23055619,,,,,,,10503,3,0,0,0
179618,73607369300246528,,0,4,,,3300,,20,20,43211,44200,,23055619,,,,,,,10556,3,0,0,0
179619,73607369878798336,,0,4,,,3300,,20,20,43211,44200,,23055619,,,,,,,12290,3,0,0,0
179620,73607370394763264,,0,4,,,3300,,20,20,43211,44200,,23055619,,,,,,,8618,3,0,0,0
179621,73607370898997248,,0,4,,,3300,,20,20,43211,44200,,23055619,,,,,,,9638,3,0,0,0
179622,73607370906188545,,0,4,-1.0,21300.0,3300,489.0,20,20,43211,44200,,23055619,,,,,,,1559,1,45250,0,0
179623,73607371451203584,,0,4,,,3300,,20,20,43211,44200,,23055619,,,,,,,8924,3,0,0,0
179624,73607371952947200,,0,4,,,3300,,20,20,43211,44200,,23055619,,,,,,,9571,3,0,0,0
179625,73607372424871936,,0,4,,,3300,,20,20,43211,44200,,23055619,,,,,,,8994,3,0,0,0
179626,73607372976619520,,0,4,,,3300,,20,20,43211,44200,,23055619,,,,,,,10647,3,0,0,0
179627,73607373526401024,,0,4,,,3300,,20,20,43211,44200,,23055619,,,,,,,10366,3,0,0,0
179628,73607373998391296,,0,4,,,3300,,20,20,43211,44200,,23055619,,,,,,,9015,3,0,0,0
179629,73607374551646208,,0,4,,,3300,,20,20,43211,44200,,23055619,,,,,,,10554,3,0,0,0
179630,73607375105687552,,0,4,,,3300,,20,20,43211,44200,,23055619,,,,,,,12087,3,0,0,0
179631,73607375164549149,,0,4,-1.0,21300.0,3300,489.0,20,20,43211,44200,,23055619,,,,,,,1241,1,45250,0,0
179632,73607375775793152,,0,4,,,3300,,20,20,43211,44200,,23055619,,,,,,,17311,3,0,0,0
179633,73607376128663358,,0,4,-1.0,21300.0,3300,489.0,20,20,43211,44200,,23055619,,,,,,,2534,1,45250,0,0
179634,73607376203939840,,0,4,,,3300,,20,20,43211,44200,,23055619,,,,,,,21,3,0,0,0
179635,73607376656859136,,0,4,,,3300,,20,20,43211,44200,,23055619,,,,,,,7420,3,0,0,0
179636,73607377207754752,,0,4,,,3300,,20,20,43211,44200,,23055619,,,,,,,10235,3,0,0,0
179637,73607377761009664,,0,4,,,3300,,20,20,43211,44200,,23055619,,,,,,,10361,3,0,0,0
179638,73607378226577408,,0,4,,,3300,,20,20,43211,44200,,23055619,,,,,,,9584,3,0,0,0
179639,73607378783305728,,0,4,,,3300,,20,20,43211,44200,,23055619,,,,,,,10145,3,0,0,0
179640,73607379333939200,,0,4,,,3300,,20,20,43211,44200,,23055619,,,,,,,10261,3,0,0,0
179641,73607379607881876,,0,4,-1.0,21300.0,3300,489.0,20,20,43211,44200,,23055619,,,,,,,6618,1,45250,0,0
179642,73607379815104512,,0,4,,,3300,,20,20,43211,44200,,23055619,,,,,,,2561,3,0,0,0
179643,73607380390510592,,0,4,,,3300,,20,20,43211,44200,,23055619,,,,,,,10971,3,0,0,0
179644,73607380862304256,,0,4,,,3300,,20,20,43211,44200,,23055619,,,,,,,9011,3,0,0,0
179645,73607381413134336,,0,4,,,3300,,20,20,43211,44200,,23055619,,,,,,,10493,3,0,0,0
179646,73607382018097152,,0,4,,,3300,,20,20,43211,44200,,23055619,,,,,,,11564,3,0,0,0
179647,73607382490021888,,0,4,,,3300,,20,20,43211,44200,,23055619,,,,,,,9323,3,0,0,0
179648,73607382976561152,,0,4,,,3300,,20,20,43211,44200,,23055619,,,,,,,8936,3,0,0,0
179649,73607383537680384,,0,4,,,3300,,20,20,43211,44200,,23055619,,,,,,,11994,3,0,0,0
179650,73607384098996224,,0,4,,,3300,,20,20,43211,44200,,23055619,,,,,,,9422,3,0,0,0
179651,73607384385821279,,0,4,-1.0,21300.0,3300,489.0,20,20,43211,44200,,23055619,,,,,,,7349,1,45250,0,0
179652,73607384571248640,,0,4,,,3300,,20,20,43211,44200,,23055619,,,,,,,1652,3,0,0,0
179653,73607385262260224,,0,4,,,3300,,20,20,43211,44200,,23055619,,,,,,,14024,3,0,0,0
179654,73607385655410688,,0,4,,,3300,,20,20,43211,44200,,23055619,,,,,,,6649,3,0,0,0
179655,73607386127335424,,0,4,,,3300,,20,20,43211,44200,,23055619,,,,,,,9005,3,0,0,0
179656,73607386686488576,,0,4,,,3300,,20,20,43211,44200,,23055619,,,,,,,10664,3,0,0,0
179657,73607387201863680,,0,4,,,3300,,20,20,43211,44200,,23055619,,,,,,,9829,3,0,0,0
179658,73607387535093519,,0,4,-1.0,21300.0,3300,489.0,20,20,43211,44200,,23055619,,,,,,,7780,1,45250,0,0
179659,73607387752497152,,0,4,,,3300,,20,20,43211,44200,,23055619,,,,,,,2727,3,0,0,0
179660,73607388530147328,,0,4,,,3300,,20,20,43211,44200,,23055619,,,,,,,15147,3,0,0,0
179661,73607389025009664,,0,4,,,3300,,20,20,43211,44200,,23055619,,,,,,,9119,3,0,0,0
179662,73607389496999936,,0,4,,,3300,,20,20,43211,44200,,23055619,,,,,,,9934,3,0,0,0
179663,73607390047698944,,0,4,,,3300,,20,20,43211,44200,,23055619,,,,,,,9602,3,0,0,0
179664,73607390603837440,,0,4,,,3300,,20,20,43211,44200,,23055619,,,,,,,10577,3,0,0,0
179665,73607390817755036,,0,4,-1.0,21300.0,3300,489.0,20,20,43211,44200,,23055619,,,,,,,5534,1,45250,0,0
179666,73607391076483072,,0,4,,,3300,,20,20,43211,44200,,23055619,,,,,,,3504,3,0,0,0
179667,73607391626854400,,0,4,,,3300,,20,20,43211,44200,,23055619,,,,,,,10476,3,0,0,0
179668,73607392247349248,,0,4,,,3300,,20,20,43211,44200,,23055619,,,,,,,12211,3,0,0,0
179669,73607392640499712,,0,4,,,3300,,20,20,43211,44200,,23055619,,,,,,,7132,3,0,0,0
179670,73607393191919616,,0,4,,,3300,,20,20,43211,44200,,23055619,,,,,,,10510,3,0,0,0
179671,73607393743536128,,0,4,,,3300,,20,20,43211,44200,,23055619,,,,,,,10527,3,0,0,0
179672,73607394215985152,,0,4,,,3300,,20,20,43211,44200,,23055619,,,,,,,9056,3,0,0,0
179673,73607394144965043,,0,4,-1.0,21300.0,3300,489.0,20,20,43211,44200,,23055619,,,,,,,25,1,45250,0,0
179674,73607394925150208,,0,4,,,3300,,20,20,43211,44200,,23055619,,,,,,,13473,3,0,0,0
179675,73607395439149056,,0,4,,,3300,,20,20,43211,44200,,23055619,,,,,,,12522,3,0,0,0
179676,73607395994173440,,0,4,,,3300,,20,20,43211,44200,,23055619,,,,,,,7882,3,0,0,0
179677,73607396544872448,,0,4,,,3300,,20,20,43211,44200,,23055619,,,,,,,10465,3,0,0,0
179678,73607397048713216,,0,4,,,3300,,20,20,43211,44200,,23055619,,,,,,,9655,3,0,0,0
179679,73607397600854016,,0,4,,,3300,,20,20,43211,44200,,23055619,,,,,,,10491,3,0,0,0
179680,73607397551331781,,0,4,-1.0,21300.0,3300,489.0,20,20,43211,44200,,23055619,,,,,,,2381,1,45250,0,0
179681,73607398119178240,,0,4,,,3300,,20,20,43211,44200,,23055619,,,,,,,7503,3,0,0,0
179682,73607398233644758,,0,4,-1.0,21300.0,3300,489.0,20,20,43211,44200,,23055619,,,,,,,4041,1,45250,0,0
179683,73607398628655104,,0,4,,,3300,,20,20,43211,44200,,23055619,,,,,,,5691,3,0,0,0
179684,73607399100514304,,0,4,,,3300,,20,20,43211,44200,,23055619,,,,,,,8994,3,0,0,0
179685,73607399651278848,,0,4,,,3300,,20,20,43211,44200,,23055619,,,,,,,14069,3,0,0,0
179686,73607400206499840,,0,4,,,3300,,20,20,43211,44200,,23055619,,,,,,,7014,3,0,0,0
179687,73607400330673173,,0,4,-1.0,21300.0,3300,489.0,20,20,43211,44200,,23055619,,,,,,,3894,1,45250,0,0
179688,73607400715059200,,0,4,,,3300,,20,20,43211,44200,,23055619,,,,,,,5831,3,0,0,0
179689,73607401504702464,,0,4,,,3300,,20,20,43211,44200,,23055619,,,,,,,15046,3,0,0,0
179690,73607402055270400,,0,4,,,3300,,20,20,43211,44200,,23055619,,,,,,,10503,3,0,0,0
179691,73607402608590848,,0,4,,,3300,,20,20,43211,44200,,23055619,,,,,,,10566,3,0,0,0
179692,73607403080515584,,0,4,,,3300,,20,20,43211,44200,,23055619,,,,,,,8985,3,0,0,0
179693,73607403631149056,,0,4,,,3300,,20,20,43211,44200,,23055619,,,,,,,10544,3,0,0,0
179694,73607404181913600,,0,4,,,3300,,20,20,43211,44200,,23055619,,,,,,,10477,3,0,0,0
179695,73607404722847744,,0,4,,,3300,,20,20,43211,44200,,23055619,,,,,,,10583,3,0,0,0
179696,73607405194772480,,0,4,,,3300,,20,20,43211,44200,,23055619,,,,,,,8729,3,0,0,0
179697,73607405745340416,,0,4,,,3300,,20,20,43211,44200,,23055619,,,,,,,10506,3,0,0,0
179698,73607405962952029,,0,4,-1.0,21300.0,3300,489.0,20,20,43211,44200,,23055619,,,,,,,5599,1,45250,0,0
179699,73607406220541952,,0,4,,,3300,,20,20,43211,44200,,23055619,,,,,,,3459,3,0,0,0
179700,73607406254174888,,0,4,-1.0,18450.0,450,489.0,10,10,43211,44200,,23055639,,,,,,,1730,1,45250,0,0
179701,73607406780547072,,0,4,,,450,,10,10,43211,44200,,23055639,,,,,,,8943,3,0,0,0
179702,73607407300050944,,0,4,,,450,,10,10,43211,44200,,23055639,,,,,,,9908,3,0,0,0
179703,73607408165257216,,0,4,,,450,,10,10,43211,44200,,23055639,,,,,,,16506,3,0,0,0
179704,73607408715956224,,0,4,,,450,,10,10,43211,44200,,23055639,,,,,,,10498,3,0,0,0
179705,73607409266458624,,0,4,,,450,,10,10,43211,44200,,23055639,,,,,,,10508,3,0,0,0
179706,73607409539427237,,0,4,-1.0,18450.0,450,489.0,10,10,43211,44200,,23055639,,,,,,,6484,1,45250,0,0
179707,73607409746247680,,0,4,,,450,,10,10,43211,44200,,23055639,,,,,,,2887,3,0,0,0
179708,73607410302713856,,0,4,,,450,,10,10,43211,44200,,23055639,,,,,,,10391,3,0,0,0
179709,73607410780340224,,0,4,,,450,,10,10,43211,44200,,23055639,,,,,,,9106,3,0,0,0
179710,73607411332284416,,0,4,,,450,,10,10,43211,44200,,23055639,,,,,,,10546,3,0,0,0
179711,73607411882917888,,0,4,,,450,,10,10,43211,44200,,23055639,,,,,,,10486,3,0,0,0
179712,73607412356022272,,0,4,,,450,,10,10,43211,44200,,23055639,,,,,,,9023,3,0,0,0
179713,73607412906721280,,0,4,,,450,,10,10,43211,44200,,23055639,,,,,,,10517,3,0,0,0
179714,73607413457289216,,0,4,,,450,,10,10,43211,44200,,23055639,,,,,,,10496,3,0,0,0
179715,73607413933998080,,0,4,,,450,,10,10,43211,44200,,23055639,,,,,,,9113,3,0,0,0
179716,73607414088729746,,0,4,-1.0,18450.0,450,489.0,10,10,43211,44200,,23055639,,,,,,,4343,1,45250,0,0
179717,73607414665052160,,0,4,,,450,,10,10,43211,44200,,23055639,,,,,,,13292,3,0,0,0
179718,73607415072555008,,0,4,,,450,,10,10,43211,44200,,23055639,,,,,,,4052,3,0,0,0
179719,73607415623188480,,0,4,,,450,,10,10,43211,44200,,23055639,,,,,,,10512,3,0,0,0
179720,73607416095047680,,0,4,,,450,,10,10,43211,44200,,23055639,,,,,,,9361,3,0,0,0
179721,73607416686313472,,0,4,,,450,,10,10,43211,44200,,23055639,,,,,,,10907,3,0,0,0
179722,73607416790220670,,0,4,-1.0,18450.0,450,489.0,10,10,43211,44200,,23055639,,,,,,,3454,1,45250,0,0
179723,73607417193365504,,0,4,,,450,,10,10,43211,44200,,23055639,,,,,,,9770,3,0,0,0
179724,73607417703825408,,0,4,,,450,,10,10,43211,44200,,23055639,,,,,,,6480,3,0,0,0
179725,73607418254327808,,0,4,,,450,,10,10,43211,44200,,23055639,,,,,,,10202,3,0,0,0
179726,73607418726252544,,0,4,,,450,,10,10,43211,44200,,23055639,,,,,,,9006,3,0,0,0
179727,73607419268694016,,0,4,,,450,,10,10,43211,44200,,23055639,,,,,,,10614,3,0,0,0
179728,73607419819327488,,0,4,,,450,,10,10,43211,44200,,23055639,,,,,,,10238,3,0,0,0
179729,73607420291252224,,0,4,,,450,,10,10,43211,44200,,23055639,,,,,,,9032,3,0,0,0
179730,73607420920594432,,0,4,,,450,,10,10,43211,44200,,23055639,,,,,,,11966,3,0,0,0
179731,73607421471358976,,0,4,,,450,,10,10,43211,44200,,23055639,,,,,,,10507,3,0,0,0
179732,73607421564655178,,0,4,-1.0,18450.0,450,489.0,10,10,43211,44200,,23055639,,,,,,,3217,1,45250,0,0
179733,73607422034378752,,0,4,,,450,,10,10,43211,44200,,23055639,,,,,,,8142,3,0,0,0
179734,73607422537564160,,0,4,,,450,,10,10,43211,44200,,23055639,,,,,,,9005,3,0,0,0
179735,73607423009488896,,0,4,,,450,,10,10,43211,44200,,23055639,,,,,,,8982,3,0,0,0
179736,73607423566413824,,0,4,,,450,,10,10,43211,44200,,23055639,,,,,,,10610,3,0,0,0
179737,73607424116981760,,0,4,,,450,,10,10,43211,44200,,23055639,,,,,,,10520,3,0,0,0
179738,73607424588972032,,0,4,,,450,,10,10,43211,44200,,23055639,,,,,,,8993,3,0,0,0
179739,73607425119223808,,0,4,,,450,,10,10,43211,44200,,23055639,,,,,,,10320,3,0,0,0
179740,73607425106673738,,0,4,-1.0,18450.0,450,489.0,10,10,43211,44200,,23055639,,,,,,,938,1,45250,0,0
179741,73607425689124864,,0,4,,,3300,,20,20,43211,44200,,23055618,,,,,,,10032,3,0,0,0
179742,73607425643883243,,0,4,-1.0,21300.0,3300,490.0,20,20,43211,44200,,23055618,,,,,,,128,1,45250,0,0
179743,73607425932917308,,0,4,-1.0,21300.0,3300,489.0,20,20,43211,44200,,23055619,,,,,,,7047,1,45250,0,0
179744,73607426321809408,,0,4,,,3300,,20,20,43211,44200,,23055619,,,,,,,7649,3,0,0,0
179745,73607426705588224,,0,4,,,3300,,20,20,43211,44200,,23055619,,,,,,,4266,3,0,0,0
179746,73607427361865728,,0,4,,,3300,,20,20,43211,44200,,23055619,,,,,,,12500,3,0,0,0
179747,73607427912499200,,0,4,,,3300,,20,20,43211,44200,,23055619,,,,,,,10506,3,0,0,0
179748,73607428384358400,,0,4,,,3300,,20,20,43211,44200,,23055619,,,,,,,8998,3,0,0,0
179749,73607428935057408,,0,4,,,3300,,20,20,43211,44200,,23055619,,,,,,,10586,3,0,0,0
179750,73607429485756416,,0,4,,,3300,,20,20,43211,44200,,23055619,,,,,,,10464,3,0,0,0
179751,73607429957681152,,0,4,,,3300,,20,20,43211,44200,,23055619,,,,,,,8958,3,0,0,0
179752,73607430508249088,,0,4,,,3300,,20,20,43211,44200,,23055619,,,,,,,11131,3,0,0,0
179753,73607430980304896,,0,4,,,3300,,20,20,43211,44200,,23055619,,,,,,,8363,3,0,0,0
179754,73607431579041792,,0,4,,,3300,,20,20,43211,44200,,23055619,,,,,,,12882,3,0,0,0
179755,73607432038383616,,0,4,,,3300,,20,20,43211,44200,,23055619,,,,,,,7316,3,0,0,0
179756,73607432589213696,,0,4,,,3300,,20,20,43211,44200,,23055619,,,,,,,10556,3,0,0,0
179757,73607433139716096,,0,4,,,3300,,20,20,43211,44200,,23055619,,,,,,,10444,3,0,0,0
179758,73607433690284032,,0,4,,,3300,,20,20,43211,44200,,23055619,,,,,,,14239,3,0,0,0
179759,73607434193469440,,0,4,,,3300,,20,20,43211,44200,,23055619,,,,,,,5863,3,0,0,0
179760,73607434510961988,,0,4,-1.0,21300.0,3300,489.0,20,20,43211,44200,,23055619,,,,,,,8094,1,45250,0,0
179761,73607434690560000,,0,4,,,3300,,20,20,43211,44200,,23055619,,,,,,,1387,3,0,0,0
179762,73607435241259008,,0,4,,,3300,,20,20,43211,44200,,23055619,,,,,,,10546,3,0,0,0
