number,RSRP,RSSI,RSRQ,SNR,CINR,MOS
0,-100,-74.0,-199.0,12.762570504157006,10.097028941237086,4.0022555759677765
1,-97,-67.0,-154.0,16.509811780118824,13.382264771097566,3.9575738200712265
2,-91,-60.0,-167.07855575265947,17.658595852155653,14.177794666066108,4.011303182772747
3,-103,-59.0,-175.0,16.772214046540064,13.42001426653137,3.735515196829508
4,-114,-87.0,-251.90040710359642,8.051353923616944,5.350529154653187,3.0919957619772167
5,-93,-71.0,-153.0,15.141504350456664,11.221046315452393,4.103253045094312
6,-98,-80.0,-199.0,9.435822251954034,7.316135593030761,4.106669823404734
7,-98,-63.0,-137.0,14.291165040928613,10.596028190434804,3.935011950983788
8,-85,-65.0,-96.09104511891375,15.091750228476066,11.31293519907517,4.345557170996552
9,-101,-77.0,-205.0,10.220312208757692,8.009243615572501,3.822430291826468
10,-112,-70.0,-231.0,9.433836972975016,6.781553917576913,3.4772699296329823
11,-99,-70.00665036315992,-251.0,11.680071826677093,9.151977603365202,3.6527966997362658
12,-103,-68.85885178272302,-211.0,9.79017651503651,6.9036615798428445,3.851482982675369
13,-88,-59.0,-143.0,16.137195742940474,12.743884619151842,3.9379826363751422
14,-90,-64.0,-165.4750228027626,14.652585195680468,11.465946314428656,4.311340009562772
15,-108,-81.25095019092394,-170.6883926629435,10.53189333670116,7.74257128603931,3.256465551511161
16,-103,-65.0,-128.0,13.674872832047374,10.356592897904669,3.63147218432842
17,-112,-78.0,-165.13890043308464,8.59683547201052,5.192276381492549,3.531102162104553
18,-114,-72.0,-168.5989712953723,11.839819411385308,10.372964942745554,3.138174009327938
19,-101,-62.0,-166.5952314733291,12.577979414146288,9.62114058001454,3.5872010301779023
20,-86,-59.0,-88.0,20.5008958885175,17.81885579903853,4.353680209944655
21,-106,-83.80182071177161,-182.0,9.378587868066418,7.013746317720546,3.2395036368075747
22,-112,-81.60585594666398,-271.0,6.29888382043173,4.605510368286536,3.304839572495523
23,-99,-80.0,-173.50102479881997,10.775047084616949,9.332051980597932,3.9114405245604025
24,-95,-72.0,-169.92617963002914,16.971348161069045,13.587404186834316,3.9663581507081647
25,-93,-72.0,-110.0,13.651551302737735,10.201932537825847,3.865605409732924
26,-102,-72.0,-202.0,10.67749591760273,8.218063775044365,3.4876086941787654
27,-92,-68.0,-171.87432408443547,16.155274347858235,12.23973828645974,4.197369288816466
28,-104,-79.0,-233.0,13.112673558253224,10.231315030264394,3.768973213787725
29,-88,-53.0,-80.0,20.70035584819244,16.26776756531063,4.133853591032419
30,-96,-59.839564521752116,-119.0,17.82854126305676,13.84626822775172,3.785899598602493
31,-91,-68.0,-115.0,14.772395164450996,10.877438379614032,3.747790429975221
32,-113,-77.0,-164.69494927151428,9.299934053987982,6.39440087222606,3.4613803888455115
33,-90,-58.02655290765421,-119.0,16.999428651399874,13.310979734221892,4.021072936852601
34,-103,-63.0,-147.0,12.436116515441725,9.198852936714726,3.640459968232552
35,-86,-60.0,-126.0,16.618043301128978,13.059871483925614,4.15439117396736
36,-112,-72.0,-192.0,9.707588536182335,5.67483509207567,3.2438534492251647
37,-98,-68.0,-105.0,15.082425409603731,11.817512920254712,3.8878497907533545
38,-104,-82.0,-238.0,13.323148341684817,10.55893636392526,3.569714839439741
39,-91,-64.0,-109.0,15.192691937262335,12.035512577571952,4.54816247884209
40,-96,-63.0,-95.60996447014003,16.984853723618745,13.095608455996068,4.17748074966505
41,-90,-63.0,-148.0,17.112557670585623,14.229335681204727,3.9239182091569975
42,-91,-63.0,-168.33613022115222,14.133226862468463,10.458018196334814,4.118599519402691
43,-92,-61.0,-163.61662407730805,14.653240456475272,10.781280440824222,4.0150871385389735
44,-87,-65.0,-174.11166571920558,15.832646504160271,12.292144474662742,4.368173188816047
45,-89,-58.717394390455766,-106.0,16.751186221922932,13.164053556760786,3.8661606931501336
46,-86,-69.36456929758307,-110.0,14.839756091919616,11.173438635083588,4.158425673156638
47,-94,-72.0,-107.0,15.602737349064135,12.034821188327268,3.887376942013765
48,-100,-69.87414844719518,-114.0,13.70798147678281,10.43599471683726,3.870667849538241
49,-113,-79.0,-241.0,12.548520203295546,9.94483747981836,3.321231555832425
50,-95,-72.0,-185.29811459278858,17.69043918131484,13.63447841250973,4.128539554508097
51,-98,-71.0,-175.0,14.324079372012129,10.586354707167745,4.19563975051459
52,-82,-59.0,-77.0,19.32538548295965,15.506670367254706,4.170658555213047
53,-110,-75.0,-248.0,7.974940149125178,6.394597025658648,3.447026195507144
54,-103,-58.29902657855773,-181.9382820546045,14.772609445355346,10.480326328958071,3.6533613041205086
55,-112,-70.0,-241.0,9.474912205826808,6.568765596276039,2.9783317947294154
56,-94,-65.0,-138.0,14.751054932216803,10.766188325516886,4.159908654829546
57,-102,-71.0,-104.0,17.75193480755108,13.701731504468915,3.8387533279471415
58,-98,-79.0,-248.0,10.405041280877787,8.271123907788544,3.7355261864581486
59,-109,-72.0,-170.0917197723134,8.989472438851003,5.898802429766691,3.343240307124485
60,-85,-72.48776135219913,-171.0636414327269,16.05965990186538,12.937530742984478,4.182832138751859
61,-86,-68.02892593313724,-93.44519868882344,13.575548434452916,10.613712228572362,4.518372787622188
62,-105,-77.0,-220.0,13.027474267287426,8.405273784537915,3.811765221839949
63,-114,-80.26848843721697,-230.0,10.136785417817716,7.333818350939186,3.367817529577311
64,-110,-72.0,-222.0,12.011595126533912,9.318370139410622,3.5105351384838164
65,-113,-80.479894238392,-267.0,5.634571201279792,3.998364457236404,2.968464808727473
66,-88,-61.0,-107.0,17.454083861421132,13.431867631403955,4.468370070805185
67,-100,-67.0,-174.3914850068299,12.945843442407167,9.682701253176058,3.698319416915917
68,-84,-58.676564056155996,-80.0,24.18947070512713,22.09480350862872,4.544967223192294
69,-88,-66.0,-119.0,11.59639059908237,8.995596760324032,3.906165952399828
70,-87,-60.0,-137.0,16.192971178021672,12.518116001585833,4.27863493501473
71,-97,-57.10353444545283,-109.0,13.6671367017814,10.44254962020114,4.308221855621149
72,-95,-71.0,-162.81251615355106,18.174024413931885,14.541767584897396,4.002832467677236
73,-116,-84.0,-287.0,5.082961150634264,3.487669239767001,3.2307951264376555
74,-95,-72.9480111693854,-162.77080230567358,15.26233358349982,11.534410744621786,3.7878645481834097
75,-100,-57.34399116857469,-158.7319210625187,14.817095379704543,10.986167837849203,3.893632271088857
76,-91,-65.0,-112.0,14.185775556219621,9.580462502175264,3.9563167893926616
77,-92,-68.0,-153.0,14.833654879067728,10.842573088066167,3.86180590440481
78,-114,-80.0,-239.0,9.449527442723344,6.308946750185551,3.205726000348839
79,-110,-80.0,-215.0,7.621616792120678,5.830085008938223,3.962242559111393
80,-98,-80.0,-162.27461074389387,11.938655736435315,8.951945783596303,3.8677230001741583
81,-87,-52.0,-103.1244243213686,21.8711672302348,17.418267676356614,3.79046558464463
82,-85,-51.0,-78.0,24.320602644445444,21.593476248813896,3.982666847932874
83,-90,-71.45674182483796,-160.2417344407865,11.830927074640087,8.850371552647307,3.875767797875789
84,-99,-64.0,-173.01583489045652,13.284393264901274,9.244667820448411,3.860825612925765
85,-94,-66.0,-140.0,15.598369348538329,11.939249981690956,3.946969069851383
86,-82,-52.0,-88.0,19.830709529967933,17.301284879763003,4.361725636473614
87,-102,-70.0,-173.99086258991568,14.188518340623908,11.014159442143768,3.736140526471136
88,-95,-71.07571155797574,-176.0021531576837,14.706204917647248,11.607965019784622,4.3204331870186445
89,-87,-67.0,-103.0,11.303256209321537,8.131110642321815,4.424618888703114
90,-78,-51.0,-81.0,18.831608088936232,15.041161943593394,4.406572906131841
91,-98,-74.472413520392,-141.0,16.46636146426234,12.652779309854065,3.8668144052779514
92,-101,-76.0,-221.0,11.809316779094779,8.954221735074196,3.7661096022910807
93,-95,-67.0,-121.0,16.99002984367203,13.353028296623844,3.909503146156831
94,-83,-48.0,-108.0,20.105333647213083,15.655492361694504,4.478383004157161
95,-101,-64.0,-151.0,15.589731891249103,11.931771370723668,3.5964205479365425
96,-103,-72.0,-142.0,16.036415406895532,12.092220574282702,3.5213650225133595
97,-114,-81.9323214179238,-259.0,7.183854280883545,6.000520905352742,3.4564862876264137
98,-108,-74.0,-219.0,9.430078197141368,6.675451033898991,3.205502816625277
99,-96,-61.0,-153.0,18.15709165572922,14.322454822238306,3.859214239880732
100,-82,-54.0,-85.0,18.62389445387644,14.647346257245896,4.439195131102304
101,-108,-72.66891306345038,-190.0,8.391965529954618,5.444378217511063,3.1354961233723584
102,-102,-72.0,-184.0,8.243090455690732,6.224991256914404,3.879963861148261
103,-100,-68.0,-158.89202929754643,17.332800538578518,13.807082561691493,4.076010371115829
104,-89,-72.0,-136.0,16.832588865301826,14.127592601928322,3.9673093603923126
105,-114,-78.0,-211.0,9.046907067167334,5.478910102570931,3.3884107075099674
106,-81,-49.0,-87.0,19.85281044089686,16.398378048340707,4.186754490624746
107,-89,-48.0,-84.0,24.11376728183542,19.557270000363985,4.077190849623028
108,-92,-58.39032128113307,-147.0,17.565358732342457,14.900288316066073,3.706355677727261
109,-115,-82.36639942751077,-295.0,5.143096132095968,3.588292481252033,3.0738585909517093
110,-99,-61.0,-141.0,17.820421715535716,14.140435832913916,3.7977956455140833
111,-108,-82.41734731825055,-190.0,8.19635757689343,6.142041968858543,3.679915815145252
112,-97,-72.0,-122.0,15.27780463937371,11.33442065169086,3.762397387798685
113,-100,-61.0,-150.0,14.866743516059664,11.409226068329946,4.35753547745307
114,-92,-62.0,-117.0,13.803087729724407,9.961781542940386,3.894728264171356
115,-92,-72.21613602938166,-161.10879057925328,15.409688504765308,11.84680894342038,4.463197073132346
116,-101,-84.29505111921073,-237.0,9.4519919955237,7.077642330961414,3.819910222103277
117,-98,-81.29887775763072,-221.0,8.959433620571595,6.740863760985725,3.5677270951427027
118,-101,-80.83774410792633,-229.0,9.079640265642187,6.0651042760522245,3.886243823745206
119,-98,-68.6968489634918,-123.0,16.467577911518475,13.103578841446666,3.8853840586519968
120,-109,-69.03195986207233,-252.0,7.964701560001966,5.596068639003234,3.4709532168864934
121,-93,-63.0,-117.0,16.804629042438723,14.407866263639631,4.399983434034125
122,-95,-65.0,-154.0,14.094936318708474,10.492130989794903,3.758642506931813
123,-102,-79.0,-184.0,11.640571642437717,9.615367459344654,3.448457873382208
124,-89,-65.0,-122.0,15.339961677088098,11.404627002439485,4.179620175893888
125,-103,-67.0,-131.0,13.885576630546469,10.324070493806502,3.541055822480911
126,-106,-84.27702308540324,-223.0,11.671377220817849,8.981267412727444,3.809980930755525
127,-108,-79.0,-208.0,10.870977055669261,8.871706623253965,3.212696839204101
128,-109,-77.0,-196.0,12.570686750110042,10.17049189617338,3.5594475314799534
129,-99,-68.28315270249387,-169.74631508444412,17.389533459630634,13.76761418298066,4.013945919364944
130,-101,-68.0,-105.0,15.770679733501154,11.97857634707673,4.0709011662455445
131,-98,-62.0,-110.0,12.356739358438777,9.004531863575316,3.694335381935217
132,-89,-70.00755555835511,-118.0,16.724192884673652,13.781448171584152,4.59399401308849
133,-86,-62.0,-139.0,16.48920712750175,13.528293013549035,4.083234633871921
134,-116,-85.0,-259.0,5.3789023389031145,4.134530355322436,3.371620923102287
135,-89,-66.0,-169.8686721508615,16.853297374158128,13.052676996298803,4.180727113399962
136,-98,-69.40590053058439,-105.0,12.278726056727685,8.549668897523233,3.5934966989001245
137,-103,-71.0,-173.99978404905124,8.035337687002308,5.428863300472422,4.272626557456388
138,-113,-82.45265706550175,-200.0,10.759743121077705,7.765782060047642,2.937262756000891
139,-97,-66.0,-113.0,12.933432418172817,9.078925291028668,3.9867601161639454
140,-103,-80.53193788413373,-222.0,11.58358412678796,8.755357333107174,3.4874752595681247
141,-101,-71.0,-173.52194105447086,13.622365822192,9.859630879137868,3.550190991066587
142,-89,-68.0,-133.0,15.017698920623822,11.192061402988212,4.349958857305207
143,-88,-72.0,-129.0,16.24238277115993,12.871828450754876,3.473456502075283
144,-102,-64.0,-143.0,12.716643044930581,9.307738154363252,3.804648310751308
145,-88,-71.0,-132.0,11.485575197485137,8.754531369703342,3.926458324291794
146,-114,-87.0,-251.0,6.043953086495552,4.940603761125413,3.1658546837744432
147,-100,-76.0,-169.81368847370973,10.152922174588102,7.404030449557728,3.9814104452277066
148,-85,-59.10273386599066,-165.89390968865268,13.98920263093491,10.343160180316998,3.837522028621476
149,-98,-68.0,-131.0,14.766375405575731,11.345442172867386,3.981918714974817
150,-102,-66.0,-128.0,15.518686106433348,11.754458313738734,3.798754589045061
151,-104,-69.73524299651086,-194.0,10.7626184421672,8.229897373391873,3.716173341244188
152,-117,-85.0,-291.0,5.842034591645566,4.108154792866258,2.7716481981126666
153,-90,-67.0,-101.00036770819847,13.475349267152962,8.409258380197166,4.327168421475877
154,-98,-62.0,-107.0,16.97622598512576,13.10366983414752,3.8270867852814296
155,-98,-71.0,-154.0,16.80509506427722,13.73768567574184,3.729869363065474
156,-93,-71.0,-161.59268637922523,17.24362587009334,13.5993708730975,3.950987125527415
157,-91,-62.0,-131.0,16.143052213992025,12.51679403553424,4.328046346919533
158,-94,-70.0,-114.0,15.07281656633719,11.302403370404017,4.058379314023243
159,-105,-70.0,-187.0,12.61155519161,9.7895300649879,3.646710822072076
160,-86,-68.84080341569302,-130.0,17.233728606512862,14.55605068079274,4.43530612966484
161,-74,-56.0,-70.0,23.61777864219993,20.938704632194465,4.134952270222004
162,-87,-68.0,-140.0,13.141923572571146,9.147146361833416,3.97921326629444
163,-90,-60.03724103879542,-161.85026478144638,12.71461737803466,10.308482134063429,4.384418264972915
164,-87,-61.0,-135.0,13.29698688485512,9.606868786176246,4.6390890790583095
165,-106,-71.0,-186.0,7.518892100835233,5.328684463760993,3.731021114535625
166,-95,-59.0,-125.0,13.663783319693518,9.1689505607606,4.297835941883178
167,-90,-60.0,-121.0,14.898376508080757,11.645942788254278,4.29027094720732
168,-112,-82.10192877742516,-275.0,5.489107330245337,3.589918413923704,2.7879009751486383
169,-100,-59.0,-172.14948274247485,16.717218052287954,13.392555224238084,3.9202416000771954
170,-100,-82.0,-208.0,9.552662542017892,7.008552384570139,3.685627490752109
171,-103,-81.03980972386289,-250.0,9.125508207001795,6.794860655302449,3.798634140402022
172,-85,-59.0,-147.0,13.497295297254894,9.431208466521092,4.550568317967583
173,-87,-62.0,-163.56619886293916,12.923310468759027,9.522104798146984,4.11738115971721
174,-110,-83.29928522507268,-234.0,13.284304903505923,10.652838034932714,3.3990702264563235
175,-110,-74.56936333282228,-231.0,10.705568184519606,8.239870423427629,3.4680277250218867
176,-94,-65.0,-147.77955622707418,13.00703505147776,9.08902494861431,3.718058637123785
177,-103,-71.0,-189.0,10.63791397902842,8.512117493987308,4.089524154221816
178,-103,-64.0,-152.0,17.16268296848252,13.994164239465114,3.546108614097207
179,-102,-67.0,-175.32906111544938,15.05730659351585,11.08425425613647,3.733157448164984
180,-92,-70.0,-158.36520836803354,17.39900157889564,14.555833133954492,4.27722480710699
181,-86,-56.0,-92.0,20.470434896097423,15.603597875804756,4.62940327408541
182,-103,-59.0,-126.0,13.482273694917762,10.150862825267758,3.308851230529273
183,-112,-79.0,-173.33299794376714,13.602578175928436,9.632003284648734,2.996256243270953
184,-109,-83.65733830972107,-175.0,13.048324046533518,10.408636830309966,3.4217421283963194
185,-101,-82.0,-225.0,7.768946503952328,5.633384830559033,3.4305933962446398
186,-88,-63.0,-129.0,14.410301262077107,10.73650626856099,3.853674123165254
187,-89,-67.0,-134.0,17.270291693828046,14.001647416382973,4.068277529933905
188,-92,-58.46066756661815,-146.0,14.281429341419994,10.71134752729675,3.96767471360969
189,-99,-82.0,-232.0,13.440673385483201,10.102719145647654,3.850973523166504
190,-105,-82.0,-171.85499072595184,11.545973717967007,8.891938703163564,3.521397746720564
191,-104,-80.30106219496614,-185.0,10.600961672149278,7.785682362787365,3.258198698728451
192,-100,-80.89874346093266,-180.0,9.730403398542654,6.77345897971226,4.254788389418496
193,-103,-61.0,-170.10119744212346,11.797905602349026,9.356505687765344,3.8018004096961335
194,-94,-73.06684975435509,-109.0,15.689160441096597,12.266884866748352,3.869207564492888
195,-91,-66.0,-120.0,12.686192186229492,8.793668734686594,3.967239948720584
196,-100,-66.0,-123.0,11.973795187060274,9.2601482929289,3.846749931089752
197,-105,-80.89143579355073,-190.0,10.428725377067735,7.944254778692962,3.865709167791015
198,-91,-59.0,-133.0,14.006493107669424,10.783554370830483,4.253144064036095
199,-119,-84.01909382250244,-257.0,7.707026769987678,6.034576618914795,2.5746535965942114
200,-90,-65.0,-155.71043819325894,14.10594423942069,10.395457716387192,3.857254612296829
201,-101,-61.0,-147.0,13.295035153447602,10.2078966008619,3.475633510636165
202,-86,-61.0,-106.53709887278768,21.86171554326169,19.07475429783684,3.712265199555104
203,-102,-83.21130624579598,-201.0,11.403555345374453,9.926317907458502,3.793978476476815
204,-100,-74.0,-205.0,8.32705787596535,6.520710615728598,3.921044753589236
205,-89,-60.0,-181.54659434256496,17.057509222123237,13.636340422879032,3.9650193786585866
206,-102,-61.0,-141.0,13.87423566085289,10.390035445565475,3.6380650700459385
207,-89,-57.625516700699755,-166.89203724661613,17.297921248495456,13.70593911565095,4.048999515711894
208,-74,-53.0,-84.0,21.801772023571548,18.689157528893453,4.408136044777304
209,-100,-82.0,-250.0,11.571738808889934,8.208759104896737,4.084968703679763
210,-104,-70.0,-182.0,9.92230152939577,7.316292916767038,3.981143075201805
211,-112,-78.0,-196.0,8.498923051725544,6.134160485388652,3.3643375794081347
212,-103,-71.0,-191.0,10.944178268010628,8.83113632795802,3.6283543068941615
213,-96,-72.0,-171.6236139842135,14.159324665166764,11.112856770745744,4.406858818058879
214,-101,-59.0,-114.0,12.146741135092144,9.490491198809934,3.967270442488059
215,-108,-77.0,-183.0,8.473298728445585,6.807226155872483,3.307065835261765
216,-113,-82.54502818683049,-266.0,7.1041312621585835,5.56685792411098,3.3368917796838837
217,-97,-63.0,-136.0,16.43284362461653,13.090997214860703,3.800361870926716
218,-91,-62.0,-123.0,18.053428005468486,14.17806919249761,3.995758557800873
219,-108,-74.0,-230.0,8.747602280861516,6.533282775838829,3.7569385663152857
220,-85,-71.0,-111.0,12.925978318606301,9.885015985406524,3.696155479615272
221,-103,-60.0,-134.0,12.988695151368226,9.405222758158285,3.311454039626489
222,-100,-67.0,-135.0,15.118205836362142,12.057970626032908,4.130221750143056
223,-102,-80.0,-222.0,9.46140979723086,6.642121061468839,3.73940021557864
224,-95,-71.0,-124.0,16.764018638072407,14.000153563862874,4.189889690105704
225,-110,-69.61014793976682,-208.0,7.803896715880693,5.369749316083869,3.496141792896902
226,-114,-83.20021895090719,-211.0,9.358044357354558,6.406637087482409,3.261978417593084
227,-102,-79.0,-214.0,11.720892922413478,9.140126573286096,3.652458177185879
228,-103,-63.0,-138.0,15.678281010790696,12.16329882030164,3.782413433733178
229,-92,-61.0,-151.0,16.708209399978713,13.301908267105974,4.303666661607786
230,-92,-68.9927654301907,-155.0,16.40111825800678,12.925110695360315,4.509911550545236
231,-76,-54.0,-93.0,24.10692520899625,21.118059723855097,4.528270541262377
232,-84,-60.0,-104.91882580333869,24.2020163511966,19.858525733661384,4.391475748819716
233,-93,-68.0,-173.35166555284277,16.28717655700176,13.226374967840336,4.085109739430412
234,-102,-75.0,-244.0,9.047228507715277,6.517981594824668,3.938048805553642
235,-95,-72.0,-161.88300309116653,16.365749781058256,12.717278327064031,4.439110471381915
236,-101,-59.0,-119.0,14.090746898582271,10.547955793908372,3.714473625091385
237,-82,-57.0,-75.0,18.050692531943103,15.049116436129204,4.456195039422534
238,-97,-73.63561971154526,-105.12242553436194,13.258118069787574,9.577228577120628,4.095564496359396
239,-94,-61.0,-101.2843850712944,17.92907663377937,14.415786759857244,3.45996171651036
240,-98,-72.0,-126.0,14.97303243426203,11.080039060420184,3.739117796006735
241,-97,-61.0,-125.0,13.885205365323435,10.211180068653285,3.797882766919809
242,-93,-65.0,-109.0,16.76378477499252,12.911510531946204,4.006566395625329
243,-100,-73.81694696889737,-135.0,11.869573505728647,9.348566604199224,3.557730795628625
244,-107,-76.0,-199.0,9.940617831759408,7.241783625502772,3.295282497434512
245,-114,-83.82291524049731,-204.0,9.75658855878837,7.518262385534951,2.966925439490289
246,-86,-54.0,-81.0,21.08522437650082,16.733580669397853,4.544514518273554
247,-93,-61.0,-144.0,12.446523151421115,9.516157317290936,4.093936750319015
248,-88,-61.0,-109.0,15.800599307391458,12.011942411169665,4.249519679670805
249,-99,-68.61777954862202,-117.0,13.251099763131256,9.903852137864826,3.6259694864699576
250,-104,-73.95032480640853,-229.0,10.903953282409493,8.48299260625821,3.6850700332869257
251,-112,-80.31601152459963,-246.0,6.08844941942739,4.160626311235255,2.947514121066065
252,-92,-67.0,-165.87756804488436,12.507167719002947,8.949184625892807,4.466462194066321
253,-99,-80.27565815881006,-250.0,12.252125253612009,9.825384245915494,3.8336538714487625
254,-100,-80.0,-163.3299754360337,11.925116544825368,10.075216479057996,3.8224186852154047
255,-101,-66.0,-154.34038687920003,14.709752673971137,11.572610877617173,3.707484538891866
256,-91,-57.359496928759185,-117.0,12.834542780053152,9.0359249311338,4.154653217257865
257,-85,-48.0,-93.0,20.11203805827402,17.744893977013913,4.454278457696859
258,-101,-60.0,-111.0,15.95395206948244,11.961673358730891,4.318552272446384
259,-98,-72.66634934587694,-107.0,13.096107219216924,9.424007211027105,4.1297959458439335
260,-76,-54.0,-87.0,22.587949676095405,19.74476683920951,4.414685839589376
261,-91,-73.63151189674487,-174.34320268390684,15.635412127802276,12.049114175904444,4.250157267727854
262,-81,-56.0,-78.0,23.25547689461965,20.09181503222581,4.264928514236277
263,-92,-65.0,-136.0,13.759112482813617,10.433117472569984,3.9674897813324415
264,-97,-72.0,-132.0,16.809578659466116,13.649612331925423,3.764828374832224
265,-113,-84.0,-296.0,6.976894002150857,5.321699306713988,3.094277594966379
266,-105,-78.0,-191.0,10.497355397308317,8.415009005145144,3.90579419377195
267,-102,-68.0,-175.0,17.078413990632413,14.212655616410492,3.567161490620068
268,-95,-66.0,-119.0,12.039635413007966,8.584838170011079,3.9840694646593056
269,-115,-85.0,-250.0,5.670565701296445,4.52129849579315,3.326976419784726
270,-86,-66.0,-128.0,14.222243862203674,10.706109039700294,4.080755864771391
271,-103,-64.0,-171.73991672283603,14.236263695605826,10.180199682405735,3.9250616703268935
272,-106,-71.80791366937682,-161.08922350896654,9.954825544063306,7.943101804548499,3.656855549161968
273,-90,-62.0,-106.0,16.491673005575272,13.357873599307242,4.331893106560251
274,-85,-60.0,-143.0,14.124387165027064,10.272440385740286,4.417556863433069
275,-108,-80.74279916535107,-171.92689598952805,11.407654912214607,9.43116137249348,3.615314565576517
276,-100,-71.0,-237.0,12.444791253332339,9.602449995950092,4.00695536444506
277,-118,-87.0,-287.0,6.193357716567984,5.119024183498002,2.967767321634893
278,-99,-72.0,-175.0,10.7901696864114,8.847397348285993,3.8433220531493286
279,-102,-70.35792506804461,-136.0,15.428802751706998,11.891952814453148,3.859561042427654
280,-95,-63.0,-152.0,16.393328308379196,12.45428743156282,4.071591693495799
281,-103,-67.86069561743253,-202.0,12.283608317516318,9.131014686455732,3.5718715434288795
282,-103,-62.0,-149.0,18.508406869915603,14.676013859481955,4.039137946698548
283,-100,-67.0,-167.50594974126196,16.954252510155353,14.107105700529,3.878019437899638
284,-93,-65.0,-119.0,15.839931849518432,12.35586517575269,3.818957218015411
285,-98,-72.0,-180.41606493431132,17.99538470657612,14.15442385377632,3.8150080509118016
286,-114,-75.0,-193.0,9.917537165042908,7.834647135558937,3.1505456997162304
287,-92,-61.0,-137.0,15.351844970261284,12.228544768173744,4.206325632826998
288,-99,-63.0,-134.0,11.568340855750591,8.950185719488402,4.064150513260986
289,-95,-68.0,-143.0,13.682908919431771,10.46457533424584,3.7312152270976857
290,-77,-57.0,-96.0,22.193747506277763,18.676267172997253,4.315106358042591
291,-88,-58.23814822182545,-110.0,14.185085920294004,10.213796808760888,4.5128812799113165
292,-112,-84.0,-269.0,7.890470279894004,6.991178466046352,3.2452705132898734
293,-109,-82.0,-226.0,8.791577078073843,6.063253912725436,3.7984238646719337
294,-96,-70.0,-163.8843406281143,15.073872348786548,11.882698484750629,3.88680728954751
295,-101,-72.0,-144.0,13.93584231205592,9.808111025774735,4.00704464768004
296,-97,-63.0,-141.0,14.22452279988373,10.64204447864729,4.477154527591948
297,-115,-82.05781928364087,-259.0,6.935212565871585,5.275184585141957,2.6394615118349942
298,-98,-67.0,-133.0,14.615175697110956,11.27490508156058,4.246090304170609
299,-96,-60.021469725126714,-108.14120378496851,12.170229055145994,8.972502135009423,3.944923056363264
300,-103,-61.0,-113.0,15.42591669017349,11.443494819105796,3.917069308110796
301,-85,-61.0,-172.8673821805701,14.335763645396543,11.319197261533915,4.388061932564455
302,-87,-63.0,-104.0,15.256439844677754,11.627513388047952,4.223238150889639
303,-108,-76.0,-208.0,9.34395676161214,7.146180085103491,3.3177902337208027
304,-92,-60.0,-173.54817458947056,16.8655281326124,13.9092190658753,4.150059204900989
305,-87,-71.0,-141.0,13.690990824226404,10.32173734095873,3.983316707967419
306,-90,-64.0,-165.24246170431664,17.888437057547577,13.776738732428251,3.904057127872924
307,-98,-66.0,-135.0,13.263702519716437,9.998966539861462,3.9084994118161775
308,-87,-67.0,-128.0,15.269835448576732,11.963093842573215,4.421273685984682
309,-100,-68.0,-159.77837434765456,16.76237523374265,13.312749097271135,3.530942055127195
310,-90,-72.0,-131.0,12.728741070317314,8.710270164493728,4.268965252036453
311,-88,-74.62183088142918,-115.0,15.462429285473416,11.475240950793008,4.319019724701751
312,-79,-54.0,-110.0,19.556081358314817,15.675804189945248,4.18178932508347
313,-110,-83.48415785951273,-244.0,13.188893653216372,10.13282923270667,3.1664475772725003
314,-102,-71.0,-120.0,16.342795824792155,12.530199955120391,2.962408456411955
315,-87,-67.0,-115.0,16.69349775058445,13.968832401328832,4.248050510886981
316,-107,-74.0,-175.0,9.164557599947385,6.793432510556569,3.5984574207606377
317,-97,-72.0,-143.0,15.0323065253443,11.90882118939853,3.9091830661339793
318,-103,-63.0,-115.0,14.4139295153335,10.620561935141575,3.64761291599985
319,-88,-66.0,-164.90840456426076,17.410284959576654,13.243488782848916,3.833695540751605
320,-106,-79.0,-229.0,8.042423272299729,5.628814113053801,3.5395172950652376
321,-119,-81.02454875654276,-296.0,5.312991784447538,4.2413703817925885,2.7989171465311324
322,-100,-74.0,-184.16549359008374,10.861355759868122,8.622827611004944,3.464288253045832
323,-86,-68.0,-154.0,17.31066810762117,13.988652759142676,3.881839410831632
324,-97,-56.58785310521108,-118.0,14.967114710507254,11.74838528912756,3.772362973802008
325,-94,-65.0,-142.0,13.767178773396765,10.291540789259258,3.769703835389542
326,-93,-65.0,-128.0,17.232158276819497,13.61399713699772,3.9191768302855374
327,-92,-64.0,-103.15171331054204,15.095347187703094,11.584029480098268,4.5389325418324855
328,-103,-68.0,-145.0,11.623251811417571,8.641886726610666,3.3844561214848023
329,-100,-61.0,-145.0,16.75579675317405,13.217601622858986,3.987468546084547
330,-87,-61.0,-144.0,15.750049030269148,12.190771208858898,4.192704214102371
331,-89,-59.0,-70.0,24.907143994044223,20.274291482861145,4.412295627111185
332,-94,-63.0,-116.0,15.451126690943228,12.137505878013638,3.78084127203796
333,-86,-57.07544187630425,-136.0,16.25759204500563,13.25378038565135,4.3253746460604265
334,-102,-59.0,-126.0,17.516526141791743,14.720361125218,3.713816874193784
335,-88,-61.0,-103.0,15.923372685509522,12.458568613720187,3.948100187731213
336,-112,-76.0,-225.0,12.84229553128268,10.27156106911929,3.169300928813072
337,-105,-70.0,-211.0,8.711784520013792,5.748540425848564,3.500390514853706
338,-117,-85.0,-242.0,7.143261780821763,6.483762343887724,2.9071842939216737
339,-96,-63.0,-107.0,14.685279709020922,10.72481897354911,3.959169795856977
340,-102,-72.0,-128.0,17.7315528587425,14.417229015171865,3.5081974820039123
341,-83,-62.0,-83.0,20.817838702973603,16.18322679617899,4.2476834607693785
342,-82,-60.0,-78.0,17.83074320743443,14.251398879317527,3.7857085562346087
343,-113,-83.13139719940091,-277.0,9.451187055861023,7.510301059641725,2.8207660941906147
344,-93,-62.0,-144.0,14.603334855743194,10.994315624301674,3.8405665049345856
345,-102,-70.0,-167.07178375603905,11.784819832341272,9.681548642645277,3.852280924470546
346,-112,-82.60630988976018,-215.0,11.160929940660973,9.007899290256637,3.371731663040149
347,-113,-75.0,-259.4301127924275,13.123750156934058,9.78358763717316,3.192576192500937
348,-95,-60.0,-137.0,14.278297346999068,10.552222232055934,3.94002417355376
349,-100,-68.4757369898137,-144.0,13.60875361536757,9.643807922158537,4.021948093782274
350,-117,-88.0,-250.0,5.798194183811006,4.439135087652229,3.207778397220129
351,-104,-70.0,-180.0,10.660180444885102,7.926544129438007,3.872696653103615
352,-112,-70.0,-251.0,12.486476620790466,10.111568398018324,2.801472208214775
353,-106,-84.36781934623414,-200.0,12.079917640263204,10.493535610082867,3.280903344499622
354,-94,-71.0,-141.0,17.40103223900694,13.5787978841876,3.927016018671195
355,-98,-56.70883240735671,-103.0,14.494805851485221,9.98667916631646,4.25367525030489
356,-113,-82.42891955268007,-244.0,13.5431743648975,10.387305984448965,3.1356409807375174
357,-97,-61.0,-147.0,17.63520204615955,14.408151687733362,3.675118984596868
358,-101,-80.03976590004233,-247.0,10.621281344580016,9.222764149736824,3.652352663671403
359,-104,-71.0,-201.0,9.993907601054277,7.551441339633876,3.0496627176011373
360,-97,-65.0,-176.52177404033554,17.52686601732456,14.132142163507414,4.033266595519259
361,-89,-70.49652643881747,-152.0,16.787499429007777,13.23173470023836,3.914402666638397
362,-93,-67.0,-126.0,16.59668740323718,14.124789133342526,4.057697515123343
363,-86,-61.0,-149.0,14.530877470053952,10.57943914968573,4.510568375738632
364,-100,-71.0,-145.0,12.844149782873838,10.108593854490517,3.576282357105711
365,-94,-67.0,-149.0,17.364717817924163,14.059453827889602,4.137517162791289
366,-102,-82.79525623228292,-187.0,9.175286484022177,7.005638554924621,3.794545304516688
367,-112,-83.58300922185074,-170.73820843320328,11.097095608231658,8.869369607271517,3.4726167242310355
368,-106,-77.0,-236.0,9.03732919322418,6.5719628516054165,3.5500901794972357
369,-75,-50.0,-73.0,24.767059030666623,21.31152201953057,4.169850524468446
370,-88,-64.0,-117.0,14.021125983611569,10.702197617684645,4.560825235599764
371,-105,-76.0,-195.0,10.653263945383149,7.96253622891491,4.172326941227917
372,-92,-67.0,-130.0,15.352356798752492,12.15804529885131,3.915433014447456
373,-89,-56.0,-85.0,20.72144994249154,17.52567689934237,4.034864603190127
374,-111,-80.0,-240.0,11.213178575038606,10.021360598637369,3.194519777121827
375,-101,-72.0,-226.0,10.81735837852602,8.535819813055387,3.704955345309679
376,-99,-71.0,-243.0,10.787254233378375,8.652866783027342,3.945677640172497
377,-101,-67.0,-136.0,15.508965586942848,11.648386669970147,3.806755827961586
378,-102,-63.0,-159.33682936918325,15.598567954630823,12.114622944541166,3.5192055654515557
379,-102,-72.8502903681389,-208.0,9.799848136388768,6.8919642524741125,3.4939310033814053
380,-103,-71.0,-134.0,11.943385512080672,9.02807037292178,3.642341513966752
381,-78,-56.0,-109.0,21.238789985006736,17.215200057795805,4.342610187711501
382,-95,-68.76556249669409,-104.0,13.557940411594133,10.071154528913466,3.81284330947327
383,-100,-74.0,-195.0,13.816855239906786,10.660132217998065,3.749505491762488
384,-106,-69.13441358564324,-244.0,7.545983807319184,6.133594894294569,3.980695256972689
385,-98,-70.0,-170.78091753464594,16.952917919664735,14.192078708079771,4.342079272067237
386,-98,-71.68537920674065,-218.0,9.688648517560152,7.450710183183476,3.582297827187987
387,-103,-61.0,-113.0,16.576627128213417,13.114314628925962,3.801444373762257
388,-100,-66.0,-140.0,13.012861812591307,9.49433972785146,4.006510399957008
389,-94,-59.0,-185.77827807179955,13.040565032353479,8.362239760740058,3.9709485956052992
390,-103,-59.0,-123.0,17.766738485603703,14.77016930593799,4.091849385834497
391,-101,-68.0,-114.0,12.620510238470485,10.211582085383986,4.011080312050393
392,-110,-70.0,-180.84255319143253,8.880564524937213,6.53984068747746,3.638888476890192
393,-87,-59.0,-133.0,14.994983423716308,11.632120067569822,4.256267485224826
394,-95,-71.0,-121.0,16.535614193584383,13.4627511992374,4.083604453651606
395,-103,-72.0,-147.0,18.433615199197607,14.63464002774918,3.651078795570055
396,-92,-68.0,-145.0,16.567431999929163,12.8264068587752,4.199329639227578
397,-87,-57.428942559148695,-132.0,16.125549796053757,12.904591059119042,3.6968235185166183
398,-87,-72.0,-110.0,13.726900691151995,9.729987736704766,4.221888680250608
399,-114,-74.0,-243.0,12.444309541372926,9.782748736678126,3.4875970841089328
400,-87,-60.0,-170.80916862214366,13.137695092432953,9.264304761121338,4.149996091973636
401,-109,-81.4864899624648,-185.0,10.995138141845926,8.621750029769292,3.598576015940623
402,-85,-67.0,-135.0,14.469397186905065,10.683974318130325,4.237732562815644
403,-118,-88.0,-250.0,5.49567783049921,3.9434149377607177,3.144992233353916
404,-93,-67.0,-144.0,13.373504456971395,9.241782832956606,3.957404430634351
405,-102,-82.0,-216.0,9.046353605495469,6.455246762550386,3.8179532998872623
406,-82,-54.0,-86.0,21.600083985384604,18.942931586101874,4.111178243221551
407,-87,-50.0,-71.0,23.65265037715935,20.65102668575125,4.138782001910761
408,-91,-56.442517626793126,-117.0,16.20623498765499,12.22497463975273,4.116773872795704
409,-106,-80.0,-171.6144577334323,10.197043420652156,7.223778688887719,3.4230451590185504
410,-107,-82.35559060981025,-193.0,11.395244780431977,8.951370204848402,3.59775809167452
411,-103,-59.093460122166455,-154.0,14.057303191123504,10.174321906596084,3.538765516513523
412,-101,-78.0,-171.598495522368,12.437374919471237,9.624520804619712,3.824981242694897
413,-81,-58.85180672954652,-106.0,19.57160023887033,15.748797113225482,4.404554030606548
414,-98,-75.0,-188.0,7.949044610607221,5.951952951959048,3.5449473160111307
415,-90,-73.0068678418196,-187.68324961952948,14.15378307639011,10.611814201439037,4.039923246059075
416,-89,-73.67850470218833,-116.0,14.964347056551492,11.352461608175055,4.346501411550832
417,-114,-82.0,-184.0,14.002604482155173,10.281896296166853,3.318788905191981
418,-102,-62.0,-108.0,13.960196005483805,9.382747616174832,3.607486337705376
419,-88,-59.0,-134.0,16.96068677400972,13.86520524459982,4.233898732267568
420,-88,-55.0,-93.0,20.053532871016948,16.497790249980284,4.379346154039779
421,-92,-59.0,-169.7269681747133,13.260621467846006,9.34341150645974,4.025906853218784
422,-99,-59.0,-120.0,17.9329613197019,14.05562939909962,3.6652443929591456
423,-103,-58.14695926536859,-129.0,14.693098728194256,10.806082991948989,3.257743503745288
424,-87,-68.0,-155.62151773249767,14.919791776329845,11.619397275731796,3.845654901391511
425,-88,-61.0,-150.0,11.521607976794522,8.927343349144039,4.538416803963841
426,-83,-56.0,-96.0,23.46250926689683,19.733972171792747,4.248007787628805
427,-90,-63.0,-131.0,13.840055788619159,10.03882782520434,4.065904243321348
428,-111,-76.0,-217.0,10.96806029712242,8.657729104855205,3.305804076268246
429,-103,-72.0,-219.0,10.521140270929696,8.131394378650281,4.149751020581283
430,-98,-65.0,-144.0,17.187959009031772,13.97210509696316,3.644451485389978
431,-102,-81.50604117606298,-172.60652504216657,9.034936431411356,6.982650820631108,3.920762826341454
432,-87,-68.0,-166.19783099672202,13.24111954489572,10.383209903286527,4.172514329673142
433,-112,-79.0,-165.88111810108123,13.688357371098311,10.563147981042018,3.437631963872944
434,-109,-80.0,-190.0,13.0054088704895,10.22623645009637,3.315916880445719
435,-76,-62.0,-106.38457473929861,21.833441197581,17.29373129514316,4.577984648971341
436,-86,-71.26691040603998,-110.0,14.961795484218346,11.508788003628483,4.600331171914632
437,-81,-53.0,-108.0,24.10844235620868,21.34411872059137,4.11751102085156
438,-90,-72.27058250254036,-154.0,14.469081164953325,11.052694521475903,4.075402217928737
439,-113,-75.0,-181.0,11.326602319764561,9.24183325219566,3.1348553831549006
440,-98,-60.0,-171.4507047065218,11.977303756878115,9.40499945631863,4.261857851422083
441,-91,-62.0,-160.52207533421247,15.466905747863326,11.920845446945034,4.122343998075002
442,-100,-72.0,-237.0,9.242458413867569,7.084844143494364,4.091482573304317
443,-99,-67.88069127149387,-190.0,11.560746242253046,8.5158903300217,3.489227038173128
444,-106,-72.49094298962216,-224.0,11.674895395464393,9.652492277662825,3.391076103454329
445,-105,-70.55433959842414,-170.94821602113274,10.520374451106012,8.100428405585026,3.4012495699218026
446,-90,-73.33671437011105,-130.0,11.820253620914544,9.088811635013329,4.032392265147479
447,-109,-74.0,-165.55012886134966,12.344364511880807,9.900037471612704,2.853903853987129
448,-92,-60.0,-110.0,12.8858824012469,9.298888209348728,3.706982253046937
449,-100,-79.0,-220.0,10.812752778861512,7.866770413875074,3.795873656704569
450,-90,-71.6719504017791,-103.12471309124633,15.23199427552919,12.076535430292484,4.100233295835968
451,-106,-75.0,-171.2240423069889,13.893633833145007,9.582382170968312,3.4268809716288757
452,-87,-60.0,-113.0,16.129986519785152,12.389122600725187,4.049003791637704
453,-107,-76.0,-227.0,10.815253310156928,8.668558057025194,3.633548192568074
454,-106,-71.0,-202.0,8.729603254695633,6.250999252633786,3.798831098609365
455,-86,-56.0,-85.0,20.663091457448107,18.146477909113223,4.218931729143357
456,-105,-71.0,-242.0,11.583879605478161,8.708006664407247,3.490319594373645
457,-95,-65.0,-180.10568272854675,17.769783611675667,14.681509788592956,4.115992550923816
458,-114,-81.39750249147228,-215.0,10.186816500717782,7.571061699814363,3.6297942549063977
459,-91,-59.0,-153.0,13.719365846414357,10.712970876709148,4.027439162900923
460,-113,-83.03544532422443,-244.0,6.510348600601411,4.710075499902596,2.975804789690476
461,-88,-55.0,-81.0,20.58023449672227,17.685602564412264,4.368200909223101
462,-98,-60.0,-154.0,14.223072452372634,10.627775867924166,3.5701802751529925
463,-96,-62.0,-108.0,14.170415224640202,11.049525615949166,4.0825153659220135
464,-114,-82.73729245419419,-300.0,5.138031142309251,3.5666584457932538,3.5773241566591096
465,-114,-81.67691642539869,-289.0,7.936040423881162,6.424759946360016,3.2332827892597096
466,-114,-84.94925985292959,-283.0,6.237802183435653,5.145963333281339,2.995538866098552
467,-105,-72.0,-213.0,11.656379177011072,9.079428655430744,3.561463150725233
468,-101,-72.0,-197.0,11.993460044513277,10.213593944876248,3.578653030492766
469,-98,-74.0,-215.0,10.348793381486992,8.173415456502482,4.202069811841135
470,-89,-59.0,-151.88997903484395,17.937645057931697,13.96811450184329,4.216579231336652
471,-100,-76.0,-231.0,9.99132995789887,7.855364206440518,3.9988835319782936
472,-91,-72.0,-155.0,15.808694227914224,12.72961799438644,4.2228139786489605
473,-113,-85.0,-292.0,9.059472136634879,6.665859927961454,3.315748036426373
474,-100,-62.0,-173.93696057681132,17.31423214082404,13.817099878231526,3.5989843871876874
475,-85,-66.0,-132.0,14.412542203016294,11.20391914114026,4.436858160183521
476,-103,-75.0,-174.3199210783621,10.14405447501103,7.155328441491276,4.067148082269459
477,-85,-68.0,-119.0,13.4304858983854,9.54764622773615,3.9822507934664246
478,-113,-71.0,-159.2300049941561,10.623465097087305,8.188686457101625,3.44919707046924
479,-101,-67.0,-127.0,14.954475594274111,11.028140740695353,3.835225394285476
480,-88,-67.0,-118.0,14.468106551754344,10.684243979258962,4.179053260958978
481,-87,-64.0,-170.03092782984646,14.037734807011564,10.151353278368116,3.8248539109395945
482,-79,-54.0,-71.0,18.072613375377124,15.92025082276012,4.227810088968147
483,-90,-72.0,-121.0,13.326991601712134,8.92065133782755,3.5487494023550523
484,-95,-72.0,-175.0,14.033053666229916,9.611230958756284,3.953815132387948
485,-118,-87.0,-244.0,7.496060948450665,5.274152701142001,2.9153187313235565
486,-105,-77.0,-216.0,9.443142534870791,6.445872208693285,3.747631166531321
487,-103,-80.0,-178.6123947094975,9.915093057606745,7.148068762027815,3.715116637820704
488,-84,-62.0,-84.0,17.312123179179203,14.134671900668431,4.024389323757181
489,-109,-75.0,-192.0,9.64024348851068,7.143386369454565,3.3379897936298737
490,-94,-64.0,-103.0,16.59338680846277,12.659987329583515,4.375478581123698
491,-113,-68.51310094596195,-219.0,11.080479048278155,8.43222863920958,3.384726631411722
492,-114,-85.0,-293.0,8.058947302019362,6.70821109635207,3.256266094863322
493,-94,-69.98128881691473,-164.23073866130966,16.78235048835428,13.0661142295472,4.340323656211861
494,-112,-77.0,-178.95098986353895,11.316904175475603,9.073610725530834,3.359521573352881
495,-106,-77.0,-222.0,8.814233185967682,6.56416543781538,3.890258496295464
496,-93,-63.0,-150.0,13.064267482865718,9.269893385805592,3.837610765264664
497,-90,-59.0,-118.0,12.78244784332771,9.250127964491352,4.082608413286701
498,-100,-72.0,-139.0,12.279944360077318,8.40097292486329,3.971491926985001
499,-91,-72.0,-139.0,14.904425732261773,11.256527969390536,4.172665197074138
500,-89,-70.0,-158.9603696779937,15.2264946879081,11.882642671384495,3.8947385736712192
501,-103,-61.0,-137.0,18.068525696182316,13.904026336517342,3.8092098212612617
502,-83,-49.0,-90.0,20.88434998017033,16.87686290161774,4.210006342632347
503,-101,-75.0,-234.0,12.09021357921973,9.678867778674338,3.531641673420321
504,-87,-66.0,-143.0,16.403619476837715,13.314261324268136,4.107872186392174
505,-87,-67.0,-111.0,14.13202117770248,10.05126241496708,4.163208510320481
506,-114,-80.40662097329901,-265.4323984371977,8.222775496440352,6.766186344820321,3.0743163406278984
507,-92,-59.0,-118.0,12.567484945757448,9.668685288053796,3.8514461798914175
508,-86,-69.74833109418782,-110.0,14.798429347575455,11.547279946946302,4.200750589066698
509,-88,-58.99159398917241,-173.98363054854423,16.950835936654947,13.68227437845271,3.8353348942502574
510,-88,-70.0,-171.59952877779335,12.458908368681264,8.780903398133233,4.414857838794715
511,-102,-80.89743027613724,-226.0,10.18117047850429,7.713942154232579,3.4250005850965106
512,-93,-71.0,-122.0,15.838432646801824,12.126869132093686,4.043379631749833
513,-80,-53.0,-83.0,24.912884553017985,22.5338877363243,4.420690353179029
514,-119,-85.0,-250.0,5.842148173000231,4.0896754217975495,3.424850165822878
515,-103,-82.24066606191671,-204.0,9.127425148241011,6.700407954485426,3.737314002618757
516,-112,-72.0,-237.0,10.298939533694226,7.325861256515642,3.219821481249335
517,-93,-72.0,-155.70484807077435,17.590098113635058,14.167479351623347,4.221276016838857
518,-80,-48.0,-96.52461400741619,22.801604210708337,20.519111655223764,4.164096566497856
519,-94,-71.0,-146.0,16.930227317501966,13.215363143356225,4.131493372177389
520,-111,-74.0,-216.0,10.170120501227863,7.583413511094605,3.4016187561412075
521,-112,-82.0,-221.0,9.254700272846309,7.1286918081449855,3.006804939961196
522,-119,-87.0,-298.0,8.272829195581629,6.044733518918127,3.006834443141347
523,-113,-74.08734399877349,-201.0,10.551429866727617,8.484488340433924,2.815487062976335
524,-107,-77.0,-154.52890452791868,9.763279742286958,7.267496120885456,3.6508684819311714
525,-98,-74.0,-166.73732863408932,11.738930087334671,9.141662265680024,4.185669883595535
526,-102,-68.0,-162.37457417376623,16.18290864312042,12.3900232402488,3.3810061968304845
527,-92,-70.0,-163.9718445250995,15.633938514113602,11.99652466537417,4.25006058929644
528,-98,-59.0,-109.0,16.104416165042448,12.725401741314052,4.1048552291119424
529,-120,-84.0,-280.0,6.821379287887446,5.7953615100634135,2.533605121499414
530,-98,-77.0,-184.0,8.000880037764796,5.475535615360423,3.923643585586895
531,-81,-63.0,-103.0,21.29008196389784,18.366390329907663,4.481981908820233
532,-109,-78.0,-227.0,9.08343790974178,6.809910782636639,3.1183636109069903
533,-86,-61.0,-83.0,19.080115866194138,14.540159765387209,4.183891067096215
534,-95,-65.0,-140.0,15.505465637671143,11.56518270161325,3.901419473177543
535,-89,-64.0,-114.0,13.266301858926717,8.62043998674536,4.116227895790678
536,-99,-59.0,-127.0,15.679547031653604,11.83107778411223,3.413663824886058
537,-110,-74.0,-251.0,10.55618142539079,8.462665278618553,3.773059452632253
538,-95,-60.0,-175.78475145586344,17.724014151037984,14.421011291685524,4.288753603582349
539,-114,-78.0,-239.0,11.224332548057072,8.808918103363473,3.4819992255969674
540,-101,-64.0,-139.0,17.632374980565555,14.385700081701136,3.606251022664743
541,-110,-80.0,-215.0,14.337282465026385,10.449510073264456,3.4616868648347485
542,-102,-70.97562674084591,-106.0,17.618150208319413,14.560472874853115,3.88796893210366
543,-112,-79.0,-172.36743438916992,9.68472080464192,7.682250329468692,3.523094602493536
544,-103,-68.0,-141.0,16.040018156077203,12.315241648094185,4.065176836721625
545,-99,-72.16988858183191,-140.0,12.716953103071528,8.567062928695986,4.148886310274948
546,-104,-74.0,-194.0,8.383825372123315,5.882769300520033,3.422826106932126
547,-101,-80.0,-168.96508337193532,10.386974187621725,8.105515895149821,4.045419543970019
548,-95,-70.0,-149.0,14.955044349735024,11.763292323342773,3.8538947505357566
549,-93,-70.0,-160.09035398872646,13.808927552682297,10.155567469529084,3.902310282472465
550,-99,-74.0,-228.0,9.459777243691835,7.367149569815261,3.8549293582317774
551,-88,-70.0,-106.0,17.629798260173022,13.784758156691552,4.501261530019549
552,-89,-66.0,-149.29372977331747,14.410678606520817,10.54253068621286,4.176634389582095
553,-102,-76.0,-162.34377858745322,12.894983798701869,10.395314411576948,3.6520203546607153
554,-102,-68.69464737491481,-110.0,11.877042308914588,9.035319312750104,3.747941287136064
555,-94,-61.0,-126.0,15.592876439191008,12.170871797968273,3.9979099151178654
556,-87,-67.0,-131.0,13.568600815289207,9.644870934702652,4.034842309542849
557,-105,-77.0,-250.0,9.930854309100583,7.585720668701168,3.785388200046925
558,-82,-57.55873565196358,-95.0,21.458123176999315,19.39755332478351,4.126472322070383
559,-103,-80.65421947792595,-201.0,10.816867359791877,8.80441037289921,3.7807567456950353
560,-99,-76.0,-241.0,8.720553906948963,6.744173607669738,3.696540357979286
561,-79,-61.0,-107.0,22.897687234178207,20.269937370970336,4.220215323398093
562,-97,-72.0,-143.0,16.06979395408978,12.118296515609645,4.248852357369234
563,-93,-67.0,-140.0,14.221813471808394,10.00972886547719,3.857182948076059
564,-99,-67.0,-109.0,14.162288368034291,10.59590837866424,3.9538296596382616
565,-96,-68.92438282122156,-104.0,16.746176699918397,12.782737793003635,4.23778842081881
566,-110,-79.0,-161.09263185176624,8.659453371081803,5.684191352295706,3.279270428976913
567,-87,-69.94774125849104,-97.23244625917069,18.05088724258042,13.895508600333804,4.330053473009602
568,-104,-80.0,-205.0,10.714519946834264,8.538672838405251,3.616590312707647
569,-112,-76.0,-251.84382773782838,10.687673784138523,8.49215344881252,3.4184671399625537
570,-93,-73.2216661408875,-105.0,15.76823747599528,11.968884113193948,4.197435842382813
571,-93,-65.0,-127.0,16.98896478019543,14.403150331439146,4.15648333657376
572,-98,-59.11007275722518,-112.0,15.677532440930316,11.799838416353683,3.73478343438088
573,-104,-70.0,-264.6671706424438,9.358079758507271,7.345194994862755,3.5368203591848397
574,-96,-68.0,-132.0,15.661412719747451,11.686369867831525,3.580611265965371
575,-101,-74.0,-202.0,11.871627517857691,10.047360493637315,3.744317120231788
576,-85,-66.0,-122.0,15.941640844763588,12.060459379758036,4.548854901827788
577,-107,-75.0,-172.6616819072668,10.595545492939468,8.186766000014625,3.756245743335524
578,-99,-76.0,-189.0,10.8028904971053,8.556178577003298,3.9933976137824367
579,-106,-76.0,-192.0,8.123758897965725,5.936314985921637,3.754341225853962
580,-92,-70.0,-96.0804568114835,15.597624512992208,11.682718534422346,4.134033212304024
581,-98,-71.0,-140.0,11.956470720990303,8.39549268613759,3.80409095668609
582,-98,-71.0,-109.0,15.003241402657736,11.663654012683253,3.88576547272638
583,-92,-66.0,-167.87030895476084,13.311327331497445,8.439297622282929,4.160003582730607
584,-87,-69.77531218148003,-136.0,16.17764182320626,12.657125167382588,3.9716800527198783
585,-85,-59.0,-103.0,13.863974072533257,10.843201635332129,3.9592324009624553
586,-112,-83.11943882783817,-299.0,8.57492443925048,7.545723886762838,3.188594605060989
587,-89,-62.0,-111.0,17.39041921181591,14.743097494344845,4.256214925562379
588,-103,-62.0,-174.18664532290785,15.059761306557167,11.808246341545562,3.5826068471313794
589,-101,-72.0,-198.0,10.826222791748457,8.774964073410942,4.046211726525352
590,-99,-78.0,-215.0,10.944948531499277,8.398392859913567,3.3120041011993195
591,-96,-71.8235526584615,-150.0,14.254683061812285,9.658972839493131,3.919516768563371
592,-113,-75.0,-182.0,12.390416806246886,9.343042660803922,3.6375777873186106
593,-86,-71.0,-140.0,12.815666258491868,9.077432804868137,3.794264384771684
594,-85,-70.0,-127.0,11.151348950955866,8.85417183345487,4.326626734788632
595,-89,-66.0,-116.0,11.456212466252913,8.048141755472024,4.182568223796283
596,-95,-59.0,-129.0,16.02760670309439,12.614110549400142,4.119967952255003
597,-74,-61.0,-80.0,22.80237572287346,19.106589273040967,4.424497021490802
598,-113,-88.0,-279.0,5.921008590430265,4.6063992858173215,2.873742425969699
599,-100,-73.22644671097893,-117.0,14.480278160405515,9.980582239879917,3.819973946950313
600,-90,-57.90663957116996,-121.0,16.51132417965689,12.680225438018104,4.279446791788544
601,-106,-77.0,-205.0,9.717331841478876,7.433665125533743,3.953328722667576
602,-99,-67.0,-120.0,16.016174356710348,12.65212291958196,3.987886152983768
603,-102,-72.0,-105.0,17.502885133153292,13.684798015404304,3.549663108257404
604,-96,-71.0,-148.0,14.994303964491836,11.103544827759324,4.099085204869436
605,-87,-57.0,-100.92431081794253,19.54205014107601,16.489687832550175,4.334250879649281
606,-96,-66.0,-120.0,14.184407551183464,10.28124579422389,3.961781692161615
607,-86,-72.0,-145.0,12.300145793447763,9.261498405582005,4.094300188777673
608,-100,-68.13186074816413,-126.0,14.678986380871594,11.213714972353056,3.5338173031999736
609,-91,-68.87206221313203,-168.52038540301257,15.382761834121428,11.535347623896527,4.119627246019284
610,-110,-80.90382679395388,-201.0,8.567266721357644,5.471446269473884,3.004441710027063
611,-85,-63.0,-173.95793734829545,13.572600402409835,8.607631401053963,4.017877942159959
612,-111,-74.11492032021854,-216.0,13.162952692677518,9.474312429311931,3.256080848395138
613,-113,-74.0,-231.0,10.23997096403211,7.462683325895314,3.3634912511859327
614,-89,-64.0,-165.62418763119123,16.075350494870627,12.55440654654972,4.136097116721842
615,-88,-71.64989084659877,-104.0,13.017564904358277,10.256772569055745,3.857715081278045
616,-114,-82.0,-165.17245859747942,11.903427013997058,9.74196674901936,3.2904921895502817
617,-96,-67.0,-146.0,14.86204594191944,11.586209126571887,3.886002601448242
618,-108,-82.0,-228.0,9.639457391146212,6.744708480543235,3.414800624051937
619,-84,-50.0,-88.0,18.545474362446257,15.891586294725688,4.566298284213904
620,-99,-76.0,-204.0,10.768501417831493,8.020290757859307,4.012521737655723
621,-77,-50.0,-81.0,22.6973494114721,20.383561845945025,4.399931137377863
622,-85,-71.0,-152.0,16.502984097888255,12.629145462419782,4.097613521679411
623,-115,-87.0,-287.0,8.390222413213314,6.908511703624827,3.1238208446926947
624,-85,-70.80873094748155,-174.472538264965,17.640480091968794,13.649626225169236,4.5098618903951575
625,-99,-82.0,-251.47718434711874,10.811632799899028,8.694700038445621,3.837424161389935
626,-87,-60.0,-126.0,12.46878426524958,9.448310333155112,4.433605025874005
627,-87,-65.0,-153.0,14.056350595434344,10.415145695790498,4.120619622619194
628,-97,-65.0,-110.0,11.814985517307077,8.292225396465057,3.883587316149287
629,-106,-77.0,-182.0,10.970273170787358,8.756499124636994,3.444251174253355
630,-85,-63.0,-155.95822914322687,15.520342346179053,12.0033790075531,4.275835376361214
631,-103,-58.10143655523169,-143.0,12.270582270549335,9.078643712641002,3.72828668329914
632,-93,-67.0,-120.0,15.167121982529672,11.259617700664355,4.047925085029251
633,-113,-80.45720340720464,-232.0,8.748370707850773,6.0092545401727655,3.189929968195834
634,-118,-82.0,-296.0,5.999993908352847,4.938802004796905,2.623466481030384
635,-99,-83.20124119649358,-253.0,9.003792768888452,6.25145315296755,3.754558347409099
636,-102,-80.69147422950417,-198.0,10.000199574603547,7.636328171967941,3.7615604885316194
637,-89,-71.0,-160.06399233582172,14.312675465027318,10.75265704065974,4.009636441561312
638,-117,-86.0,-294.0,6.657084653228305,4.8423345711775845,2.860222219004753
639,-114,-81.38133229994017,-159.95895281012977,12.877346084847327,9.854824548910358,3.288541165294216
640,-119,-88.0,-271.0,6.048604392259205,4.821480570586553,2.469843783159868
641,-92,-65.0,-155.43114739336795,18.12642030629908,14.623524152831235,4.396664291328094
642,-103,-60.0,-125.0,17.000752374996264,14.044635194235417,3.693248507801135
643,-109,-79.0,-210.0,13.35158774946361,9.984715538330228,3.4940126423549422
644,-114,-80.0,-187.0,11.821459979837199,9.509116455332368,2.974804725307274
645,-98,-74.0,-186.0,9.57733649572016,7.1799801331432445,3.592382604259809
646,-95,-58.06776224661714,-148.0,16.531442841857416,13.167295880454812,4.543468780605371
647,-100,-79.0,-202.0,12.339284600202229,10.186526659658622,3.819796230081337
648,-89,-68.0,-134.0,15.575599789973232,12.514392756017454,4.000761964372896
649,-118,-84.0,-248.0,7.7230685916913595,6.942409432077152,3.0307940936772475
650,-87,-53.0,-88.0,20.940889953177653,18.65713058004441,4.000578052864982
651,-85,-68.0,-151.0,16.802916799941386,13.702654691746762,3.97233332031866
652,-91,-62.0,-138.0,12.472136008431178,9.60503947587952,4.043760211204083
653,-77,-54.0,-91.0,24.72776896258548,19.76340913476276,4.459908066676354
654,-113,-82.0,-207.0,9.06659394653117,6.277360265005889,3.148252007731039
655,-105,-80.5773646764086,-182.92827487819042,14.116974453485275,10.359495557994103,3.786491782833949
656,-113,-80.29311124700646,-253.0,6.886197335678035,5.172092519690054,3.370441097215504
657,-89,-70.0,-136.0,16.388109448925587,12.3984113381377,4.281125130734496
658,-90,-59.0,-170.12099786158868,12.78015320470519,9.708923300337467,3.7417917170595234
659,-100,-82.0,-170.99775210588805,13.168686734211123,9.99990018572518,3.837647661626843
660,-102,-77.0,-169.03632741196807,8.09563268110079,5.917115377708545,4.09628486357839
661,-97,-73.53161861997225,-183.7759042168989,15.25410741930402,11.624946903295813,3.7050396678162585
662,-85,-66.0,-141.0,17.17593802950477,13.222253062156264,4.419675084330299
663,-90,-57.93825146684673,-122.0,15.8836859550186,12.868862729068953,4.374598919617367
664,-103,-69.11433815632417,-193.0,13.553754365140106,9.944793979494674,3.6127363543284425
665,-82,-51.0,-94.0,20.11197963910466,16.891974935954007,4.444212446960618
666,-85,-59.0,-150.0,18.101635380025748,14.87229667818088,4.086944225522041
667,-91,-63.0,-157.09144542919995,15.808872668260925,12.487073726898137,4.032970208961466
668,-89,-71.0,-132.0,14.816785496553615,11.172364097863074,4.047877034901484
669,-84,-57.0,-104.07215375537578,21.495749448818536,17.3502500052406,4.3226338666208814
670,-94,-72.0,-110.0,17.33480771670484,14.349109112917406,4.257521530982267
671,-103,-72.0,-151.12801181109702,14.870373817882893,10.87052327061146,3.3121884099715846
672,-103,-76.0,-253.0,10.365150700601998,7.544027281166425,3.872671749683159
673,-99,-81.6814643971602,-229.0,7.585005105816021,5.979410593611117,4.001077452896161
674,-101,-72.53815518272839,-213.0,11.48858480267077,8.474200082716873,3.712592300622202
675,-102,-60.0,-134.0,12.888117752486854,10.282394593748997,3.6829067156621713
676,-92,-66.0,-112.0,15.866226506144086,12.704785436890958,3.845034391959768
677,-96,-64.0,-126.0,12.361227779199666,8.898373941914496,4.146380614736679
678,-117,-80.05644798753211,-300.0,6.784003600317034,5.25398652380033,2.7374667367622907
679,-110,-78.0,-173.76686295506275,13.204899378389408,10.003960677499494,3.461078658473018
680,-90,-71.0,-110.21655594938554,15.000832701008642,11.320463085661716,3.8230174463120665
681,-85,-63.0,-87.0,19.68267512456909,16.241738149448754,4.532095861656847
682,-80,-50.0,-87.0,20.89412018477073,17.892554880124738,4.14539900222725
683,-111,-72.0,-198.0,7.491638518591046,5.566534124863605,3.6762028736066257
684,-97,-63.0,-167.56209097699502,12.92757949306542,8.909313136376275,3.76245788106007
685,-98,-60.0,-152.0,18.152529819009498,13.87911501230357,4.023397035455691
686,-93,-71.0,-131.0,16.603946648239152,13.048872792131752,4.032823251934238
687,-92,-59.0,-138.0,15.910816604312576,12.845372468657356,4.505936958919314
688,-101,-64.0,-125.0,16.350605745385685,12.868787324801737,3.741267807009914
689,-85,-65.0,-109.0,14.381637378280782,10.843928958366227,4.007038443011783
690,-89,-68.0,-175.0,15.07985998279448,11.626557061647242,3.984356437158832
691,-102,-68.0,-121.0,12.255709675022548,8.524314996924428,3.656337903250196
692,-99,-67.0,-163.85766407519154,16.920642452854032,13.677577621380625,3.808527464428955
693,-98,-69.76405203888405,-161.3440231397895,17.227994063555027,14.00430021566309,4.111373053045596
694,-88,-57.61058784284012,-167.8893572486785,15.929456315506927,12.821722532473473,4.022705786278584
695,-89,-61.0,-73.0,24.11904666065415,21.210943490256664,4.26760864579114
696,-99,-68.0,-160.03931264932743,13.96239466459146,9.671464095448822,4.313105110267846
697,-99,-74.0,-245.0,7.854942321125521,5.880287885684205,3.567435982586644
698,-113,-86.0,-267.0,8.606822289258394,7.026939811573343,3.759864485230885
699,-107,-76.0,-245.0,11.461032995197723,9.662161773229489,3.640035894010576
700,-94,-63.0,-105.0,16.510022237133555,12.928119690645593,4.184246386378141
701,-103,-72.0,-181.84688140871052,9.64309173829535,7.399597127280712,3.400332417112108
702,-81,-52.0,-73.0,24.314468322588056,21.66674077437388,4.03378856250774
703,-89,-49.0,-95.0,22.26272364634442,17.685982551990175,4.169511776111765
704,-86,-61.0,-78.0,20.232233713787384,18.109028267915587,4.157155243021287
705,-99,-82.0,-172.9819367977199,13.786415344037115,10.272237218353355,3.5806088713242783
706,-96,-71.0,-167.25204668524282,17.714722922636188,13.984494970299732,3.8736084969141817
707,-103,-63.0,-142.0,15.313351839904596,12.20714722059787,3.746892467105489
708,-74,-59.0,-100.03917577030833,21.32392898993825,16.764227479078144,4.536840595276598
709,-89,-70.0,-147.0,16.000739524786063,12.075033010929005,3.997700647113821
710,-108,-72.72233252997262,-178.5506541747234,10.441483618594209,7.766670444097373,3.795944265999395
711,-75,-60.0,-86.0,18.647827515347046,14.900479141323208,4.223722107109154
712,-113,-84.24702937939539,-281.0,6.898924473822521,5.1988105602036345,3.125431119932222
713,-96,-67.0,-130.0,15.827378119514378,12.401866804258797,4.014849345615438
714,-111,-75.0,-243.0,11.340818571211711,9.054314854223213,3.660251038258185
715,-104,-76.0,-234.0,11.849815030772556,10.09972569510185,3.650885860617968
716,-106,-73.8880948435562,-187.0,13.580542052977462,10.467330885274576,3.619391009592874
717,-99,-75.0,-228.0,11.21372650669039,8.869990545821294,3.903843260770807
718,-112,-86.0,-288.0,5.52217888748085,3.6764322337985673,3.4043980167575887
719,-94,-62.0,-137.0,18.407940945693063,14.600202895652275,4.042525132873697
720,-103,-67.0,-127.0,15.056806490433658,11.20147763223522,3.733180468950973
721,-89,-60.0,-167.5356294043667,15.539435878320496,11.618353389225692,3.947092821536167
722,-113,-79.0,-169.17233978075464,8.901078308322015,6.51609625914816,3.2399676099306074
723,-111,-71.0,-191.0,8.95236870748426,6.245403148083158,3.3435403128398304
724,-114,-84.0,-284.0,5.0545205173802525,3.429756901987756,3.19519552610965
725,-90,-62.0,-99.50359369222373,16.586093255678424,12.76804173401881,3.927576751371356
726,-85,-54.0,-106.0,23.607588941391526,19.43437484025044,4.01408402300767
727,-92,-66.0,-136.0,16.74603264191531,13.17950466433129,4.289643504875767
728,-101,-66.0,-103.0,16.78571427809841,13.578099109655696,3.6153678954708286
729,-87,-74.00164689822331,-156.5828903385502,14.394104785896191,11.26628818037719,4.214123663285772
730,-103,-72.21645911312396,-115.0,16.943037796916865,13.29359782213071,3.844470668483977
731,-102,-70.0,-207.0,11.336916187073056,9.03937778932367,3.977736408020641
732,-102,-70.0,-165.7413068929838,13.121694573157901,10.141241149973684,3.887065720613356
733,-78,-48.0,-87.0,22.65697973470057,18.091082276952857,4.266911863924231
734,-84,-52.0,-105.0,23.69426518726654,20.62558775614596,3.9383412625295167
735,-87,-61.0,-146.8662828383009,14.284353039551617,10.800234124446238,4.120985843987329
736,-110,-79.11181200929597,-164.07120895531085,13.40424092802743,10.025607703741002,3.2215804028492028
737,-98,-69.48902260461699,-216.0,10.804433837557013,8.614260651694892,3.918108129301659
738,-102,-64.0,-175.0,11.998929605456997,8.35682085666031,3.894294134504423
739,-85,-72.0,-134.0,12.296078580449723,9.15684163311559,4.34558116443471
740,-97,-72.0,-155.86159137029935,16.424863659950294,13.397079187669451,3.548566149978976
741,-85,-72.0,-99.78241807381862,16.040595679956716,12.906124385157296,4.133156569621404
742,-86,-70.0,-164.65784944289982,12.978285846755869,9.489473746958204,3.774661676494449
743,-82,-49.0,-106.0,19.672497689165528,15.548040600864322,3.8886192713776353
744,-92,-60.0,-170.62536151208158,10.97587439428189,8.157699609868557,3.92291758202482
745,-98,-64.0,-105.0,13.315073965623826,8.88798388441811,3.913016698120439
746,-102,-68.0,-139.0,12.611456552770921,9.545921459936269,3.765292345908276
747,-112,-68.81827100831251,-239.0,11.900866564028167,8.709658374410695,3.7475649985631496
748,-79,-51.0,-79.0,22.4240669262634,18.34782240889274,4.352910410749
749,-95,-68.0,-173.47587084435415,16.980940602593737,13.673260002974468,3.997117073201165
750,-85,-72.0,-120.0,12.75033594985761,9.80891909354708,4.395453695380718
751,-114,-82.0,-173.64128109739636,12.270382323332672,10.152009515834608,2.888840702509073
752,-99,-74.0,-238.0,9.571552923915636,7.3352875175171555,3.61740183905075
753,-99,-82.0,-167.37208513364763,11.039422201350863,8.891059848006906,3.8449975537924086
754,-102,-66.0,-135.0,14.936672042142472,11.831001136938038,3.917528686289537
755,-85,-50.0,-85.0,18.67003005711063,14.169554074893442,4.171964081477633
756,-93,-65.0,-165.2784217456672,17.265756961860376,13.389634182238025,3.963806778373677
757,-101,-67.0,-155.0,17.86193685873815,14.566393348550696,3.606058732087445
758,-101,-72.0,-149.0,13.444876920846621,10.436776138568426,3.918608007213667
759,-104,-82.0,-238.0,9.979640897942671,7.175932692581066,3.8857726304433786
760,-87,-61.0,-121.0,15.562684251307,12.243384964969398,4.22654010770533
761,-114,-82.0,-197.0,12.44975670511442,10.156171585970188,3.4457745714833004
762,-108,-77.0,-163.30707652541278,13.553421937670558,10.498281754595649,3.799818620843054
763,-95,-60.0,-168.85866311771005,17.40075805384795,13.650838021990875,4.233482407358307
764,-102,-80.0,-245.06511475930168,8.841536632016348,5.839636002896358,3.638453453531221
765,-92,-61.0,-94.85642084379896,19.283520425852053,14.08682848516452,4.207236815827657
766,-114,-84.0,-275.0,5.10806214370251,4.08542826319561,2.8044771345089723
767,-85,-61.0,-126.0,14.583760810952327,11.032953199751924,4.167687257126548
768,-74,-62.0,-73.0,20.213020421579333,15.231660345615827,4.1274840884676784
769,-100,-70.76459582668915,-131.0,11.8412619681284,9.160337700812851,4.005772999100272
770,-96,-71.0,-164.88980621511382,16.16523837012182,12.892993364081857,4.214999759042612
771,-93,-72.0,-130.0,16.678848909957644,13.472923283651095,3.951984400552549
772,-89,-57.4425156914436,-89.0,22.64599796354004,18.167247940379628,4.460256999623632
773,-98,-72.0,-103.0,13.376795882779263,10.027263193158856,4.185559300611714
774,-99,-67.0,-124.0,17.585648769011673,14.436742034503,4.116296043625046
775,-103,-76.0,-173.64991005828873,11.981852886121231,9.00935418581422,3.90016838669444
776,-101,-76.0,-204.0,7.911586756928658,5.429360222801079,3.11700546820014
777,-88,-73.39949684169044,-135.0,14.820708161923662,11.287868621604218,4.054537876524839
778,-114,-88.0,-288.0,7.911613655723022,7.215255728838064,3.3185168359564887
779,-110,-76.0,-179.26794436997696,9.445739625007432,6.484869639331818,3.6183963845990905
780,-101,-65.0,-138.0,14.420222137651605,11.385101947495476,3.8872886731099103
781,-78,-60.0,-89.0,18.540654779510536,16.447264907517006,3.9070660879404833
782,-105,-70.0,-248.0,10.966835880628835,8.046051586040646,3.4508500291513844
783,-108,-79.59687206974057,-184.73702147318312,10.025689713208116,7.715025509897376,3.307785688163564
784,-86,-55.58006599924389,-120.0,13.783459492198944,10.28832117146263,4.276515861704671
785,-87,-72.0,-157.16350778630917,15.085932172298184,10.57280586972354,4.166806986629332
786,-90,-61.0,-116.0,16.623781368721712,13.531788763232475,3.788912531856621
787,-89,-70.0,-146.0,12.816625088099695,9.52272472583324,4.095175627960323
788,-106,-82.0,-232.0,11.31996377020458,8.683150269621658,3.91494181554026
789,-85,-62.0,-132.0,14.357161979710083,11.207206621882598,4.414500571364672
790,-107,-70.0,-253.0,13.198746703914951,9.479789005131837,3.404747938497884
791,-113,-88.0,-297.0,7.725189722376064,6.076078699678461,3.520369868249961
792,-104,-75.0,-202.0,10.002913022724991,7.320070539300467,3.87146202205801
793,-107,-84.28283960704117,-211.0,9.909910323047937,6.968178301624331,3.5635818997683626
794,-113,-72.0,-229.0,12.28671781605273,10.30298885902243,3.298131022982692
795,-91,-72.0,-141.0,12.798856874951262,9.819265648237474,4.527026274318274
796,-100,-64.0,-179.06789620639435,18.395501124333407,13.608247018016858,3.7945907976451054
797,-95,-66.0,-117.0,12.674749346871332,10.21478487553868,3.850250860536456
798,-98,-82.0,-199.0,9.32117867673426,6.518951340412368,3.956313093744467
799,-97,-66.0,-155.0,15.241494533858075,11.97427677748864,3.905052103091564
800,-103,-60.0,-133.0,14.46623843507679,11.352308188987683,3.700581424277731
801,-101,-72.0,-135.0,13.611929778696132,9.776876921154456,3.997794537750056
802,-111,-68.7300601011026,-226.0,12.733207891784238,9.781317471202032,3.379632091877613
803,-104,-74.0,-180.0,13.55191323935728,10.155930895666668,3.755510595681264
804,-89,-62.0,-85.0,24.28086199220456,20.25393600764524,4.058060528421655
805,-88,-63.0,-167.7720213684425,11.538916942521976,8.875031048814662,4.168799980291787
806,-103,-73.66412723271523,-146.0,18.40788469374586,13.40081139196334,3.5350955581464767
807,-77,-49.0,-79.0,19.06114232384809,16.056623766477735,4.221398938700681
808,-106,-72.37388201507505,-188.0,10.615498772796107,9.23162499791144,3.681827011227276
809,-99,-62.0,-146.0,16.543175553646698,13.390320741702563,4.471259756119551
810,-88,-63.0,-152.0,14.097323409111674,10.813507090071283,4.241683269786666
811,-99,-72.0,-230.0,8.60524915918003,5.783256537657266,3.246441051231954
812,-99,-78.0,-171.94456333491487,9.3291699615246,6.500213846031795,4.013635302288972
813,-91,-65.0,-136.0,14.941336397675837,11.710298656068035,4.268838391917254
814,-104,-80.0,-200.0,11.610039638629223,8.801791217268692,4.195588849813925
815,-85,-63.0,-153.0,16.252318117926286,12.891711477857925,4.598455677237831
816,-98,-72.0,-181.97385736374505,9.879255061588802,7.689745910648938,3.583467127889456
817,-92,-59.0,-163.49739470095017,13.354305742343522,8.875190904490283,4.404041610179003
818,-105,-82.3033452902158,-196.0,11.455868521386979,9.590259825473698,3.6042662547571194
819,-87,-71.0,-119.0,16.93688074193271,13.975297736924643,4.530828645295648
820,-98,-60.0,-144.0,11.594429220209157,8.835649494503365,3.5363195121782858
821,-94,-61.0,-166.5372918270031,13.461618939473425,10.241065462256884,3.68132630233282
822,-90,-66.0,-169.94913754178282,13.189925441172937,8.320584477711922,4.340573641148419
823,-107,-76.0,-204.0,8.729277925813246,6.253855308474622,3.689049715644584
824,-98,-67.0,-111.0,13.396745007069493,9.688470087871588,3.5571780667270905
825,-79,-49.0,-98.60283413521094,23.26977726841048,19.667666010444503,4.223190045181056
826,-104,-82.0,-252.0,10.703999436683262,8.073818553890401,3.57684499876286
827,-74,-56.0,-87.0,24.13775397828274,21.51623869854342,4.268520293694439
828,-101,-70.15749817994327,-125.0,13.982955115406499,10.360119436328551,3.8855275822131055
829,-95,-70.0,-113.0,17.932991293902614,13.63933868162736,3.5399477297952373
830,-78,-50.0,-73.0,22.15949747393605,17.72337050084412,4.013670562559288
831,-113,-83.06119361054499,-258.0,7.44979648133807,5.896226280712552,3.587918814198399
832,-99,-61.0,-174.23874418358741,14.121920308019071,10.813386296212888,3.927313660924657
833,-96,-63.0,-121.0,16.653623522915105,13.056198095481484,3.7355503493946007
834,-99,-78.0,-205.0,9.332841052785795,6.913489646083682,4.136780219801077
835,-101,-60.0,-133.0,16.93163137778095,13.431825184980084,3.7120428606134426
836,-90,-60.0,-163.6149960542307,15.547271569076894,12.299606090673809,4.327476740743734
837,-110,-69.27209366151658,-193.0,9.241958748804697,6.63013706651569,3.169388690588984
838,-85,-64.0,-168.58666748195026,15.27820203854312,12.131846088055037,4.267523803866892
839,-103,-74.798534294066,-163.0047925677794,15.561968154227854,11.784407437521772,3.4193314229363074
840,-85,-71.0,-133.0,16.068950678387694,12.919460743066614,4.130951669217
841,-102,-71.0,-151.0,15.485448591416215,12.23818108035102,3.485163961963819
842,-85,-57.467370405528015,-108.0,14.925168802979082,11.4802001002144,4.331018341557793
843,-91,-64.0,-150.0,15.502114520916894,11.578420225531836,4.345478108937997
844,-100,-70.0,-209.0,9.725974486076977,6.755359509045885,3.799007985559194
845,-95,-65.0,-144.0,14.148149322811973,10.593242601427452,3.8637253394234414
846,-103,-59.0,-170.21464705131902,17.747417907825945,13.448680761163356,4.077289420957011
847,-102,-75.0,-171.84262764561782,12.18933868715446,9.660082235795732,3.513450526120109
848,-102,-63.0,-155.0,16.75299884918752,13.099252234200216,4.045541230129164
849,-102,-79.0,-174.93347264250897,7.547856915080333,5.943152156667661,3.554273565308364
850,-87,-72.0,-105.0,12.687828668879133,9.74752551375566,4.506895153248972
851,-88,-61.0,-175.0,17.1811469786064,14.040431094742114,3.834816740842245
852,-101,-76.0,-247.0,11.850715160995554,10.393439678874897,3.512023384712481
853,-90,-69.63135004628532,-108.0,12.52289309283656,9.790842359751757,3.886009722369266
854,-102,-68.47910067202706,-141.0,13.566058602872898,10.031064096150626,3.544207666693493
855,-87,-61.0,-139.0,15.668712290995444,12.582686487372662,4.266232789398612
856,-89,-67.0,-154.60351237141444,16.54168840860041,12.842664557604335,4.355976657633163
857,-98,-60.0,-121.0,18.49758239218819,14.358260382668382,3.4772156380239374
858,-91,-60.0,-89.38012370136593,11.743170984619942,9.349608854250237,4.245665507617732
859,-106,-71.0,-235.0,9.989480249867013,7.379255402056037,3.9112909307988897
860,-113,-76.0,-220.0,9.676971115450716,7.560454274130588,3.540985884243513
861,-113,-71.0,-169.0515779385679,7.896465959791248,5.611692336761132,2.9322063831646763
862,-94,-60.0,-109.0,13.26431336187806,9.839096596671762,4.310654233859304
863,-112,-86.0,-273.0,7.097628043610684,6.6156952259821775,3.16861770178236
864,-97,-66.0,-124.0,15.651207761249369,11.99116739385694,3.738617816977676
865,-114,-81.55451975779248,-211.0,12.776028053012391,9.904433895056512,2.9946740089552057
866,-95,-67.56902314472373,-173.8314741328958,16.288769178850014,13.119076765806138,3.876037787734339
867,-113,-85.0,-253.229052006561,8.434692975195663,6.291734444823852,3.2650145119994054
868,-100,-72.0,-123.0,15.596856528526375,11.910423024058698,3.968314972417237
869,-95,-71.53066103843595,-135.0,14.228291413957717,10.707336029822464,4.443182934435677
870,-103,-70.0,-207.0,9.486544408926411,7.45898570546127,3.956239612782393
871,-98,-63.0,-124.0,17.666249372495628,13.961397202375275,3.7954582756051343
872,-81,-51.0,-82.0,18.966758116325725,15.81142677663902,3.906501889950568
873,-103,-64.0,-145.0,17.84668578916166,14.171993930468242,3.697120558190179
874,-111,-71.0,-245.0,8.73655400074461,6.3155239578090985,3.642888789518114
875,-89,-59.0,-146.0,16.962971771980346,13.398225083326116,4.341064391108544
876,-114,-79.0,-239.0,10.941832586092092,8.255746569890047,2.6495461424597533
877,-93,-67.0,-162.11794798364238,16.57594434067431,12.911512986926974,3.8998150553943343
878,-77,-56.0,-80.0,20.64087785453848,16.8993419839854,4.250719924181024
879,-99,-69.79022135885516,-205.0,11.1150323759547,8.861829532123068,3.625206140912245
880,-97,-72.0,-172.222086686725,15.776549889226924,12.082257454897109,4.276354011528709
881,-101,-81.20915741348809,-189.0,7.679364254004407,5.880352353279786,3.5632975579036463
882,-103,-70.0,-128.0,14.042385759054572,9.883130676633389,3.645754348647935
883,-86,-70.0,-169.47986984722428,16.08725956628095,12.472522533932166,4.19810911639166
884,-108,-80.0,-243.0,8.118480021298533,5.538418156179298,3.292464995334395
885,-92,-67.0,-105.0,15.660009661825452,12.044753709484125,3.863328718318674
886,-114,-77.0,-228.0,8.496891100237624,6.111455013150156,3.054944670452885
887,-96,-72.88737488316549,-110.0,15.14850637323081,11.48088687279374,4.188338277592785
888,-102,-79.0,-238.0,9.577763701856073,6.68548788662943,3.88813367414233
889,-103,-59.0,-145.0,14.109252224614114,10.55438725331489,4.021027661269256
890,-95,-69.48131903093415,-155.0,13.184537713974724,10.171195051298,4.225644739363219
891,-120,-82.0,-257.0,8.24438281530897,6.430535739843019,2.613721156113014
892,-116,-85.0,-275.0,5.112104546622663,3.504352710521342,2.900944123713737
893,-86,-67.0,-149.0,16.727583877917755,13.459181849994511,4.02275562541158
894,-120,-84.0,-296.0,7.791662259526286,6.576649683364952,3.022608970627134
895,-99,-66.0,-102.9901369360349,14.044722955738786,10.94382313499176,3.480824963519869
896,-89,-65.0,-158.81228926152087,11.98009588413171,8.725646878332707,4.520167827694378
897,-74,-56.0,-94.0,24.556785006301773,20.22663568215396,4.571705453781108
898,-98,-58.1900781498029,-125.0,15.89394911989095,11.985869571916307,3.837455619191258
899,-103,-82.0,-253.0,9.163521700014817,6.480644746845779,3.4985633173177875
900,-103,-60.0,-160.14484921603471,13.036942767219148,9.403589204605224,3.7000463225169886
901,-108,-76.0,-246.0,9.281121847684851,6.761547179859111,4.2298232038705645
902,-95,-66.0,-115.0,14.06244979916702,10.330798529636544,3.896623602961745
903,-85,-70.0,-162.97253163495486,16.881861260478345,13.449597143654136,3.922083028944651
904,-89,-66.0,-136.0,16.965783527603573,13.495027285043586,4.151180649959899
905,-101,-80.0,-190.0,11.866510644288919,9.321317077948416,4.046596445536178
906,-101,-69.15416162670363,-242.0,9.07085147521666,6.896438985126561,3.788161251768434
907,-113,-72.0,-175.0,9.5119899029154,7.010969500782568,3.255496263810286
908,-89,-62.0,-84.0,19.5745182035401,16.53748571831044,3.891063211183953
909,-110,-68.91651588717143,-215.0,12.455597118372992,10.044257717316558,3.4701933616157263
910,-91,-64.0,-152.0,11.47465729347206,8.183161388074728,4.047294677769772
911,-98,-65.0,-133.0,15.722726606551763,12.619828197347696,3.8609990607756735
912,-98,-68.0,-134.0,14.460821952515753,10.724910136742526,3.581683800054035
913,-96,-70.0,-104.0,15.793821754099186,11.89785177252516,3.757821706329708
914,-107,-75.0,-241.0,9.067697709080123,6.341908727502279,3.731682476142218
915,-102,-64.0,-148.00158558752062,17.710003200886195,14.389653054190992,3.4640709465285355
916,-90,-60.0,-161.02494736971414,13.762561563892817,9.3177429046883,4.425594809578552
917,-99,-60.0,-129.0,15.339628197621554,12.068015125532389,3.614710575611789
918,-100,-76.0,-211.0,11.682106601086668,8.998368655175621,3.3285106916728284
919,-101,-72.0,-104.0,16.307457006206963,12.872278069465253,3.8148379316963457
920,-119,-87.0,-249.0,8.31023224379047,6.363720521733418,2.5727555178323014
921,-108,-82.0,-177.00065096124078,7.909594931879621,6.48667607348199,3.206305352776756
922,-104,-76.0,-182.0,7.60935558063438,5.465193114782165,3.929326690606668
923,-79,-63.0,-90.1058176115978,20.113176460253342,16.511326722819387,3.985548836072829
924,-90,-69.62821194792363,-108.0,15.982094703161774,12.0290337041151,4.241196958330952
925,-85,-59.4345780748166,-117.0,13.113935339036356,10.191416728582569,4.190642242538054
926,-98,-62.0,-119.0,16.221831606437647,12.748301198091404,4.188155536347331
927,-113,-82.79081658181443,-182.0,12.704390216896813,8.788058152435596,3.396882262825886
928,-85,-72.0,-149.0,18.44596691843132,14.143753210696865,4.365246733232866
929,-81,-49.0,-106.0,23.200243205912457,20.80788926600277,4.487890500481911
930,-103,-82.74623761373435,-222.0,11.776857754837563,9.347999564071522,3.46998804297182
931,-93,-66.7130145332781,-150.0,14.326403760918287,10.793396814883348,3.990448375465101
932,-99,-63.0,-120.0,12.131674989516782,9.377049139164242,3.9116997974416994
933,-87,-64.0,-114.0,16.701512747796233,13.05999304398996,4.048511804130259
934,-110,-73.07755488090349,-220.0,10.232427651595454,7.59149369931233,3.622180952491506
935,-96,-60.0,-150.65027023883675,12.878581127741633,8.645164440835234,4.0107011022456005
936,-119,-83.01786268823533,-300.0,7.351747138765426,6.927838164819334,2.9667233215445696
937,-84,-60.0,-93.74670163331483,20.519221718598995,16.66987347719718,3.780075554426504
938,-100,-82.22155438140072,-170.455775064709,8.824418598865416,5.691667202654893,3.7231352716230015
939,-116,-80.89229832019926,-276.0,6.543573782600134,4.638501773604743,3.577454245532268
940,-83,-61.0,-92.0,19.99384895848437,15.518226881332344,4.185684130027437
941,-111,-70.0,-181.0,12.78597865572673,10.339464409991248,3.4569477687287318
942,-102,-72.0,-195.0,8.206147776172443,5.559756306777455,3.5356666810767283
943,-97,-67.0,-124.0,17.84266728869328,13.84893583904477,4.486815928080482
944,-100,-69.01682570612911,-154.0,18.070451203527764,13.706578547195948,3.256038526561418
945,-97,-63.0,-169.14599426898803,14.516396634886563,10.197396597874846,3.678644332126048
946,-89,-59.0,-129.0,13.87170403581736,9.6579526945323,3.806436933112569
947,-110,-67.95578844075061,-195.0,9.36667653134752,7.354697508070382,3.315381425675014
948,-106,-70.0,-211.0,11.604808131026157,8.858488363982008,3.215317283303761
949,-92,-57.50419212126543,-150.0,13.749283531255607,10.76109558845275,3.950480289209685
950,-96,-66.0,-114.0,14.374182234952146,11.212725847626254,3.943558082249612
951,-101,-70.0,-193.0,9.622112629286178,7.210375173290656,3.685956005480098
952,-77,-51.0,-75.0,19.94898265002623,17.03735352684845,3.958360757231045
953,-102,-76.0,-200.0,12.5429445243687,10.347678243172702,3.991779204464509
954,-101,-76.0,-180.0,11.889613058477327,9.823646715044193,3.4172331504132107
955,-88,-68.0,-133.0,16.949250060911417,13.78550401023008,4.075783749298268
956,-114,-76.0,-237.0,7.620240669392665,6.058021718499955,3.1964581108626344
957,-100,-59.0,-105.0,14.832336490208384,10.977115092315664,4.112742197906559
958,-89,-69.49658459565501,-107.0,17.183917868012585,13.939809011621588,4.552960704272127
959,-110,-71.0,-185.0,12.518959353327526,9.383337667339788,3.642615165347134
960,-86,-72.0,-154.0,12.151690589350515,8.817806388664883,4.3350402288020256
961,-108,-82.0,-180.0,12.615601640896529,9.1535099443933,3.5639259865485657
962,-74,-50.0,-74.0,21.51539220944445,17.13017818043662,4.532843163282293
963,-107,-70.0,-216.0,9.03230779314329,6.922520641525211,3.299327490752249
964,-94,-68.0,-124.0,15.820489829729656,12.151942257444771,3.958067288678335
965,-98,-81.48452500761242,-249.0,9.033488545703774,5.413515201084323,4.219851664742902
966,-102,-74.0,-242.0,9.046388164835147,5.628406144387608,3.643457594306251
967,-85,-68.0,-119.0,16.112250390498353,12.12939517806635,4.3637623549869735
968,-90,-66.0,-157.02320872450755,15.719451019022058,12.606530187977825,4.301432371920202
969,-87,-56.0,-75.0,24.68240293145185,22.14050863947449,4.005252714476824
970,-90,-58.449660087867244,-95.63316823156796,15.280558665080385,11.820539815397616,4.151447584267498
971,-104,-81.15253707711096,-176.20149572876542,11.591296767924263,9.93292667415022,3.668422313090921
972,-100,-78.0,-206.0,12.021885393016781,9.270284566833087,4.040202732440044
973,-76,-53.0,-76.0,19.489002957695043,17.000525839727125,4.154067568052237
974,-112,-84.0,-295.0,5.115487934779367,3.908553576860551,3.618314812358216
975,-93,-67.0,-130.0,14.9879118157049,11.223825141752627,4.161432349256237
976,-98,-84.14857360995771,-252.0,10.936811718622373,8.76287956033467,3.7100546916274855
977,-99,-67.0,-141.0,13.190299314552975,9.236633425417256,3.944652916163221
978,-77,-62.0,-71.0,23.00284927706396,19.426982473585955,4.296354488021104
979,-113,-72.0,-192.0,11.761570769333012,8.70651713197961,3.489569881025564
980,-97,-70.0,-152.3161301657704,12.919753152744166,9.960208980833997,4.096653385199383
981,-110,-80.0,-212.0,8.404015747643015,5.92933362520772,3.4822097777587047
982,-99,-77.0,-232.0,9.87933969591883,7.629001029564163,4.324405286552433
983,-87,-50.0,-93.0,19.35555743874224,15.101955147819698,4.367638589007579
984,-96,-72.0,-119.0,13.238011351545534,9.720230345410403,3.824947572885341
985,-97,-68.0,-167.42261775812193,14.171367753105342,10.959215211050434,4.054237182982365
986,-87,-58.51930502895404,-107.0,17.589917331362972,14.33191002499686,4.30740453878721
987,-94,-70.0,-172.01606843845283,16.69248904248753,12.876226775274906,4.253495475171419
988,-93,-67.0,-146.0,15.05380271529445,11.20959660103751,3.951379564804969
989,-93,-67.0,-176.12804664724575,14.583779902334577,11.464599863087138,4.223315846351348
990,-101,-71.0,-109.0,16.327171013437866,12.350869553628538,3.4454198113828047
991,-96,-59.0,-117.0,15.419394259528088,12.385542211111217,3.5384717544765003
992,-109,-76.0,-203.0,10.114443857354203,7.48873743822835,3.539439226235787
993,-103,-70.0,-126.0,16.255103080222412,12.51521837352253,3.772264751300847
994,-85,-71.0,-105.0,16.083888291305996,13.076577939147748,4.50253674464667
995,-99,-67.0,-112.0,13.013149815218965,10.30000157942473,3.82798063262288
996,-96,-66.0,-136.0,18.71005221118333,13.931007337731115,3.931508398683614
997,-85,-67.0,-172.40349597598063,13.87250060667498,9.947453491088082,4.538697084396766
998,-99,-67.0,-175.0,12.502058032681417,9.19845027467168,3.791572471355904
999,-107,-80.0,-175.0,11.63532959475871,8.79419242206185,3.549080239582364
1000,-90,-68.50205059275127,-166.7449217475193,16.857168023397715,13.401393493714592,4.178981707614721
1001,-86,-60.0,-91.0,22.57526798685805,20.14023107547928,4.545955477963133
1002,-100,-72.0,-200.0,9.758159668447144,7.284878473130087,4.192878229767315
1003,-93,-68.0,-136.0,17.294558286604502,14.020772497680705,3.9717612533679
1004,-107,-77.0,-250.0,7.9860572452326215,5.707386296542308,3.3757655113062888
1005,-108,-78.0,-240.0,10.978521198957326,8.20607095895952,3.152599463030596
1006,-110,-82.93198235407709,-163.10025806752452,10.73506848765372,8.280596160175996,3.5374119634411043
1007,-85,-62.0,-135.0,17.778806215152184,14.557755968185056,4.256724251094769
1008,-98,-61.0,-172.58800908706516,16.138847232034326,13.266326226333678,4.397102203931943
1009,-110,-71.0,-228.0,13.7266551861198,10.894190163809082,3.63259616057588
1010,-102,-61.0,-103.54431540381296,14.645109949520172,10.809365068766075,3.5118194707376653
1011,-101,-71.0,-203.0,10.53224161663575,8.903999734953068,3.755321680300768
1012,-103,-74.0,-218.0,8.220198564048246,6.548936169379453,3.648942785445693
1013,-79,-52.0,-87.0,22.47218088080038,18.98947057511472,4.53956500492296
1014,-107,-76.0,-206.0,11.862072512845188,8.541869725745702,3.332928570885035
1015,-113,-80.0,-213.0,8.322696010484554,5.7128643747765135,3.375315462573472
1016,-103,-80.0,-245.0,11.93769075129004,9.48258441346292,3.842986551239215
1017,-99,-71.0,-230.0,12.16426006359802,10.62648940309889,3.677216794025339
1018,-106,-82.32589310783644,-222.0,11.599853525227457,9.051487471489327,3.4806584340743854
1019,-103,-59.0,-175.6036907252792,14.034193075215873,10.499872470629128,3.775418520535692
1020,-110,-77.0,-197.0,11.834060203741524,10.045119970506082,3.479474306203255
1021,-80,-53.0,-80.0,22.1727062419716,17.291685177242055,4.329162146616855
1022,-101,-64.0,-167.07745637371127,12.497576531000247,8.845563908458193,3.414139203009015
1023,-94,-74.32568949821943,-180.5308461438804,14.393657939260962,10.757635403302064,3.782086822041913
1024,-88,-71.64043995941498,-139.0,15.249831100008745,11.983995412082656,4.0443741371894095
1025,-88,-61.0,-142.0,16.808556528286694,14.148473782623997,4.0205928504245225
1026,-76,-61.0,-94.0,22.17398616675473,19.53613994476532,4.025111660406918
1027,-113,-78.0,-212.0,14.04063811962532,10.6885136825281,3.337733603819412
1028,-85,-63.0,-70.0,21.00492656106828,17.97183669324936,4.035617665652058
1029,-89,-61.0,-147.0,19.092434630224844,13.749317180967155,4.442454456175115
1030,-92,-63.0,-114.0,12.96502327962405,9.659833543141271,4.2796445437829895
1031,-91,-63.0,-173.68052135754115,15.885159510864842,12.007240178192184,4.093994913262243
1032,-94,-72.81368939600475,-137.0,13.529849110682536,10.10403569523443,4.08739109545199
1033,-113,-82.0,-243.0,7.719572315372835,6.310180719366323,2.694841647969354
1034,-103,-82.51737740344295,-242.0,11.596274031369889,9.362316500917728,3.803473582207791
1035,-100,-63.0,-127.0,16.37024962812386,13.218685864954038,3.4278711702619264
1036,-114,-79.0,-200.0,12.348069279990897,9.21565460374751,3.0782685315816987
1037,-90,-68.0,-168.38966671219103,13.073307921906375,10.213063425920652,4.264756168230576
1038,-115,-86.0,-278.0,5.344892529314018,3.5256578683298216,2.9957853664126373
1039,-86,-61.0,-108.0,14.222328211954885,10.223729063368587,4.038382549754885
1040,-110,-74.0,-230.0,12.076526195648206,9.972097017460028,3.15576767094441
1041,-98,-79.0,-247.0,10.458985813058804,7.955786221461043,4.165986717837842
1042,-109,-82.0,-177.1633087825593,10.174074853456691,7.57809883623416,3.453357590532682
1043,-103,-72.0,-101.07122375036786,14.392565567335424,10.86221714193644,4.080666079870497
1044,-74,-53.0,-90.0,24.222530475743795,20.30233680833987,3.962111152567569
1045,-93,-68.0,-140.0,17.89912639062906,14.149526593902907,3.922029054983925
1046,-96,-72.9120448701013,-163.97882562791648,12.66196852158484,9.927191025101829,3.277120779772381
1047,-103,-58.40102944359322,-120.0,18.226284230103495,14.714982864825686,3.780044689124099
1048,-111,-76.0,-180.13575862486493,10.750049211617364,8.453968180493348,3.526849611165567
1049,-90,-66.0,-147.84733130096805,13.29981238497134,10.227522415298974,4.070427570443851
1050,-92,-61.0,-120.0,13.40330917233307,10.305579073800494,4.171897024617896
1051,-103,-72.0,-145.0,13.215144080361835,9.417153273896313,4.146895052485204
1052,-109,-79.0,-185.0,8.959239709506246,5.932529089422631,3.751758997566229
1053,-120,-84.21620629837669,-280.0,6.440611516355858,5.203465775077496,2.861632024900027
1054,-102,-65.0,-131.0,14.155918725192446,10.223553035843928,3.9066834363579663
1055,-97,-59.07282539348556,-133.0,12.95982146808683,9.83037032944781,3.670908938999099
1056,-102,-72.0,-122.0,15.446353177855796,11.55841848807745,3.691978826454628
1057,-102,-82.0,-158.28239852092253,12.604258075170437,9.8728456071044,3.467276991548826
1058,-97,-59.36998710199165,-107.52134431619947,16.81479266164947,13.214564583054992,3.827738695613248
1059,-97,-66.0,-108.0,12.34084480645592,9.145471400672308,4.191200251979558
1060,-112,-72.9362390054373,-185.0,11.968067656572789,8.43218681255814,3.2950242642241507
1061,-109,-71.0,-210.0,11.960237162470916,9.819033795804511,3.0410537178341537
1062,-86,-72.0,-151.92388710887332,15.08464077205371,12.00244603777629,3.9332283275036737
1063,-92,-62.0,-167.067122866639,14.771283326902148,11.507699670696631,3.767173686997611
1064,-112,-72.0,-192.0,9.369862837653978,6.373795900244765,3.297224003506483
1065,-95,-63.0,-118.0,14.008851162118967,10.206458337874178,3.600704728758764
1066,-90,-68.39896112452413,-161.56040256746127,15.098033590946429,11.407529436639653,4.155736106880749
1067,-101,-75.0,-247.0,13.759506947845665,10.078539496437944,3.973943259414492
1068,-82,-59.0,-102.59679739535237,22.95471690571533,18.75681565434818,4.24228004731426
1069,-89,-73.4515843038018,-165.57431026110274,16.580224904902853,13.434358704260289,4.246118008101155
1070,-101,-68.97140042993924,-113.0,17.03186651263853,13.61285261043604,4.1738851953415335
1071,-113,-82.0,-230.0,8.766920136678287,6.124837502180084,3.360281229504632
1072,-97,-63.0,-158.9637028249621,16.2709011327803,13.07962204715399,3.982931488714084
1073,-100,-71.0,-159.67038672040457,17.467726724039576,13.547249429240974,3.524148712594639
1074,-85,-65.0,-168.36372945519474,12.865009042096812,9.836172315020818,3.956293430440645
1075,-116,-86.0,-298.0,8.223294886217053,5.7682390493980655,2.598392357015921
1076,-101,-68.80175591524882,-172.44542639694748,12.34374047296939,10.457712888698882,4.047640066300917
1077,-114,-80.28596778795203,-290.0,8.529493593914289,6.445379358756658,3.149631910968409
1078,-96,-66.0,-174.29121888094537,16.843190788550807,13.52668547523879,3.850327137377273
1079,-109,-76.0,-228.0,12.187611091267339,9.69092278080648,2.994004872267986
1080,-91,-71.0,-181.53623181026165,15.906350325699986,12.167277797724708,4.5219825921188415
1081,-100,-65.0,-158.53993824708235,14.198550028149864,10.069355716678096,3.936937253733831
1082,-85,-59.0,-87.0,20.256049636897256,16.194971923624703,4.621363794474189
1083,-113,-72.0,-192.0,9.87736526663556,7.571658289659076,3.4074419125691926
1084,-118,-88.0,-273.0,6.240630584776916,4.698667999153864,3.2939932724669205
1085,-110,-71.0,-239.0,12.884038033634326,10.032196110854796,3.4770420735299528
1086,-76,-62.0,-94.0,19.421858883874897,16.80239765373416,4.431942987620921
1087,-114,-77.0,-222.0,8.852080222187382,6.2147282982074445,2.945283035482513
1088,-98,-78.0,-235.0,9.397347018299998,6.635679766793424,4.057678769016595
1089,-98,-66.0,-124.0,13.085989973203205,9.508233572140734,3.957599605173432
1090,-98,-67.20558407847504,-128.0,14.960091699725854,11.835916068124565,3.32323592805087
1091,-101,-68.0,-146.0,16.073879165619907,12.56474751063186,3.8639841935368735
1092,-113,-79.0,-182.0,9.861023203059748,7.386415810172282,3.2488252725930677
1093,-90,-60.0,-134.0,13.769186171490652,10.49297858592379,3.93609538973336
1094,-92,-59.0,-126.0,15.819099464570035,12.056807974267802,3.9192315174765264
1095,-102,-80.0,-223.0,12.970315622526694,9.312207644705111,3.7206792998325735
1096,-120,-82.0,-252.86000855604095,6.23240651540238,4.577947829298399,3.4139052137910246
1097,-99,-73.34831071868078,-182.0,9.014711541822276,6.4058117505702015,4.292065274534825
1098,-100,-78.0,-236.0,8.71169765833771,6.058464374799289,3.829976893352108
1099,-92,-67.0,-174.489722927924,12.825881768710511,9.960399488238618,4.21640648194408
1100,-115,-84.0,-247.0,7.159476476038529,5.177688338601316,3.3266394638750416
1101,-98,-71.0,-152.0,11.992321728174682,8.524258412706729,3.818405784694181
1102,-99,-70.0,-209.0,11.85020225794212,9.539385252968437,3.9448057245280648
1103,-93,-66.0,-171.15919211342404,15.372176235482549,11.445110304749434,4.453984196636855
1104,-100,-72.0,-193.0,8.875413208398633,6.590863497570334,4.196184174609604
1105,-91,-70.0,-175.43358347017892,14.558871521678904,10.884855826000123,4.021587991801728
1106,-85,-61.0,-90.0,21.703449342575105,18.59436259919455,4.134791877356265
1107,-82,-57.0,-110.0,20.75946476502716,17.28111874836348,3.983732398382503
1108,-114,-68.40530335370516,-247.0,10.299308727069892,8.23030207516785,3.630377437941816
1109,-111,-71.0,-223.0,7.917952309947993,6.176227564227445,3.2000519847075184
1110,-110,-80.0,-173.35381615648768,12.109899975087403,10.369649146883004,3.642503230758091
1111,-114,-78.0,-199.0,9.490471767449698,7.302590266213368,2.970829800694933
1112,-98,-80.0,-193.0,9.440529633970794,7.200039461193551,4.064351100896088
1113,-107,-72.0,-206.0,10.581348933957637,7.7383936373197795,3.827898912267088
1114,-113,-82.0,-260.1358192087783,7.970025825848929,6.273937078531333,2.8611125210192405
1115,-109,-80.0,-231.0,11.776251635034392,9.052926295678477,3.702801318879892
1116,-103,-72.97345296914015,-239.0,8.625430971057806,5.942149140288296,3.768481671568776
1117,-94,-64.0,-148.0,13.784638142983232,9.820336788574572,4.117922849998295
1118,-105,-82.40944128098111,-237.0,10.702572844393478,8.26810530143847,3.523146155299671
1119,-95,-57.49699518702261,-126.0,12.48605012417968,9.367802666590476,4.122430200853639
1120,-88,-55.0,-87.0,19.62617722669792,15.658969858296311,4.136224797124322
1121,-93,-67.0,-149.0,16.523930319385475,12.76686529296834,4.091877281262235
1122,-113,-70.0,-227.0,11.156987421296057,9.68031685242516,3.429943300953278
1123,-85,-64.0,-100.72261593370257,11.656026251513449,9.582496547579831,4.2688908222603485
1124,-92,-69.3094255407264,-151.0,17.08161107866635,13.27624778658432,3.917361940065953
1125,-103,-70.0,-174.0078758224056,8.766871081107412,5.896097604245968,3.6839541824419686
1126,-102,-75.0,-196.0,12.25002525152096,9.8281149051127,3.710827685618389
1127,-114,-75.0,-186.0,12.934861668576383,10.71434835549871,3.066744720643781
1128,-100,-68.0,-124.0,13.337657665296465,9.710522044689434,3.857114047072404
1129,-97,-67.0,-111.0,15.940957642942546,12.90027538886616,3.8089936829147
1130,-101,-68.39891400286827,-155.0,13.005840902017098,9.41673172714491,3.4676811219729435
1131,-105,-75.0,-201.0,10.831860167433334,8.36653490623797,3.5859881025515783
1132,-118,-80.05880719783849,-244.0,5.158689487253049,3.9498440338777394,3.001275445324276
1133,-88,-63.0,-169.4191640203046,17.333706914311716,13.28131744028382,4.354168796679871
1134,-106,-76.0,-208.0,8.012063745683298,5.360025723597143,3.2632804174057903
1135,-100,-72.0,-230.0,11.271202005897694,9.0168136992878,3.509057067145853
1136,-107,-76.0,-203.0,11.94812343496321,9.821483001682626,3.3709917097824924
1137,-89,-65.0,-135.0,17.22935511486746,14.161811214996828,4.106591932694512
1138,-86,-63.0,-149.0,14.73684289801235,11.370008228007556,4.439962184353425
1139,-85,-63.0,-127.0,16.951349289854885,13.49519061001907,4.006639592883913
1140,-82,-54.0,-76.0,19.349280934632365,15.959206292069393,4.501765208278073
1141,-107,-72.0,-226.0,11.320840973839644,9.411791602422891,3.3264237701331165
1142,-84,-52.0,-95.0,21.015469147223826,18.3710218294168,4.339432552300544
1143,-91,-64.0,-113.0,17.760601121492474,14.482591646887387,3.931733972273277
1144,-76,-53.0,-79.0,24.700973394000016,21.51511706742692,4.410329361547452
1145,-101,-65.0,-142.0,16.278729080839202,12.321167079438064,3.482971686176744
1146,-91,-71.0,-111.0,15.004387197611155,11.667315605557286,3.913436663288268
1147,-102,-72.05182444708032,-126.0,14.442941218415143,10.972694477447888,3.777637067475788
1148,-89,-66.0,-110.0,12.623013203979827,8.457307072895242,3.918055789249605
1149,-83,-63.0,-95.0,24.8048440567219,21.644321295860284,4.624666501952262
1150,-101,-68.0,-122.0,15.703961480701755,12.205582660480673,3.6623238137908847
1151,-86,-60.0,-99.63724585518604,16.039367758144223,12.44947628849098,4.110493155621412
1152,-119,-81.07909038848675,-291.0,6.7869766293946405,5.659541390654608,2.829831648899352
1153,-98,-71.0,-201.0,9.507282373976365,7.068369722454479,4.002203802787882
1154,-92,-59.0,-103.0,13.945120541210422,9.824002110068347,4.212888033816733
1155,-96,-71.0,-118.0,13.42201443280998,9.95025359172019,3.852890940256057
1156,-114,-70.0,-239.0,8.398756506947286,6.028759951316761,3.595910268847188
1157,-100,-77.0,-168.8555277432853,7.5219906899397815,5.97792984907023,3.5280578326003726
1158,-87,-66.0,-145.0,16.384163448254235,13.307919495911891,4.41370465807782
1159,-88,-56.01149593638709,-175.0,15.671753978954222,12.217396609744696,4.472215499067259
1160,-90,-72.0,-161.53529312151974,17.249509730136328,13.770314228806164,4.22226239770903
1161,-109,-80.0,-183.0,9.52639678293362,6.093185425864465,3.513371282576741
1162,-107,-76.0,-205.0,11.792649038619293,8.376439525895531,3.58201279880158
1163,-98,-78.0,-172.16347488242022,12.271722323875334,9.897379680225676,4.394558316468284
1164,-98,-66.0,-158.28307182607833,11.96598762077027,9.403278704374976,4.243322482435737
1165,-120,-86.0,-275.0,6.182392827590517,4.698947665453822,2.676769142712924
1166,-89,-66.0,-104.0,14.475552363591362,11.205536672405437,4.547621527066179
1167,-112,-84.0,-268.0,7.424354692224544,6.667517733199368,3.7680042203145767
1168,-100,-69.72345033228869,-146.0,12.939029342168551,9.838666423120532,4.026867703958817
1169,-104,-71.0,-177.9759143737539,10.824547798924732,7.95861022553977,3.483900616205108
1170,-98,-63.0,-103.0,13.613886161504375,9.177609909117646,3.879769388794231
1171,-81,-51.0,-92.0,18.210961198448963,15.209142138283916,4.433583452350626
1172,-98,-62.0,-108.08022344126901,13.125637553610618,9.787703311423687,4.335389045821253
1173,-102,-61.0,-107.0,16.599038224806574,13.499771653789626,3.4851492958763224
1174,-119,-81.03841201564907,-278.0,5.851948344802171,4.225108951491468,3.2954472767849503
1175,-114,-85.0,-272.0,5.92456140702791,4.853117311330196,3.016244036891663
1176,-100,-61.0,-110.0,11.728788949245486,8.28518573822936,4.095065297245258
1177,-98,-71.0,-112.0,13.880657346570027,10.284176162689288,3.579018788898933
1178,-96,-67.0,-134.0,15.4179103111083,12.298541892275564,3.7501386280627487
1179,-93,-66.0,-135.0,18.019097048385923,14.291427983129138,4.131123415480955
1180,-120,-85.0,-296.0,5.995442952927064,4.266082445053031,3.156767764120532
1181,-97,-72.18519298936987,-126.0,14.53034100154928,11.029829549349165,4.250044746708061
1182,-88,-60.0,-128.0,16.529125496472634,12.84808144006417,4.364180766017897
1183,-87,-72.0,-132.0,11.82618156599429,9.633147868674149,4.606113597579334
1184,-102,-69.68010066024199,-113.0,15.84376222871208,12.327975157107751,3.6172511726880265
1185,-110,-70.0,-212.0,9.83251320649822,7.386560834405389,3.51917774782578
1186,-113,-72.0,-178.6052236429239,9.06420084249361,5.514297526844239,3.233253989316484
1187,-90,-68.0,-135.0,16.297522420781966,12.710386416385528,3.8896808955093753
1188,-92,-62.0,-159.2612469112636,13.817825932614014,9.31962962857909,3.695315448906373
1189,-102,-69.32935191907627,-137.0,11.646815707565018,8.251869602845964,3.5898409269394764
1190,-103,-64.0,-152.78452238995246,15.79440774822966,12.20398046321694,3.75528895534967
1191,-87,-61.0,-143.0,14.01768060943126,10.580770784268502,4.603322862558505
1192,-87,-72.0,-136.0,18.49061083974562,13.858544738188227,4.085038752939302
1193,-103,-67.0,-119.0,18.237934667157635,14.3883931524221,3.9013636315338025
1194,-92,-72.0,-155.0,14.275759943862582,10.618780542191352,3.96567436980076
1195,-113,-87.0,-259.0,8.898418225716865,7.584867962710929,3.265121803738747
1196,-105,-78.0,-179.27801031716618,9.33862810416993,6.870243735122795,3.526900060620877
1197,-89,-62.0,-144.0,17.164614747931314,13.152636244472331,4.181214717075654
1198,-98,-79.0,-175.0,12.711267057374808,10.017373043975669,3.674743224299916
1199,-96,-60.0,-113.0,17.426805619677307,13.695181914759932,3.899527148275598
1200,-113,-72.0,-248.0,10.862748148736788,8.244612130434604,3.4994625247192364
1201,-88,-66.0,-151.0,14.120540089507449,10.558179489436617,4.5876054883247805
1202,-89,-71.0,-147.0,14.732559761578822,10.98774114932952,4.328528824046895
1203,-87,-64.0,-107.0,15.744384960270631,12.088482642215975,3.968274308372944
1204,-94,-73.1159797022471,-113.0,15.397373228630766,11.727570520047443,4.541658134142338
1205,-108,-80.58287728178757,-208.0,10.86256187660371,8.688944364953207,3.5190636120264487
1206,-100,-74.0,-163.68958654168082,10.965761939972783,8.554793909501107,4.499275107265988
1207,-97,-65.0,-114.0,13.824439284513398,8.764976207341421,4.081376134771964
1208,-88,-72.14931024803789,-148.0,14.870048841308131,11.0571904404565,3.9147044299382494
1209,-111,-82.0,-192.0,10.371455257815054,8.12884566868431,2.9796703465484544
1210,-114,-75.0,-244.0,8.722026763793169,5.418841846429153,3.233835764197226
1211,-110,-70.0,-197.0,10.1333643325983,7.750425827828062,3.189740054022705
1212,-87,-59.0,-157.12643676500014,15.160747837195494,12.064981050771683,4.04270012760782
1213,-86,-64.0,-116.0,16.003499506160118,12.143649041115165,4.343933679023728
1214,-109,-77.0,-244.0,11.281141183783092,9.63894084271211,3.381399553280195
1215,-85,-60.0,-104.67418504617947,14.03548187100993,10.507283236399005,4.400640554928727
1216,-93,-62.0,-170.46082072858644,18.03908569795903,13.652592541803676,4.342251300799468
1217,-87,-65.0,-165.8764708252503,14.953498718400224,11.260966630148069,4.303314432804029
1218,-91,-61.0,-161.8629517330926,16.24248654683729,12.843725914378512,4.51361636761655
1219,-116,-87.0,-263.0,8.28616324680842,6.261441565146177,3.2516888898417777
1220,-97,-65.0,-125.0,16.282704592269205,12.88201182323862,3.954135027428757
1221,-115,-81.25844983478656,-242.0,5.611036574086986,3.7499345676357567,2.862265558492245
1222,-95,-65.0,-174.64444476466286,14.239806281901407,10.23633161503191,4.121672919168423
1223,-94,-66.0,-121.0,13.158324088926902,9.658435404882496,4.05133090173578
1224,-97,-65.0,-113.0,13.118419509010119,9.15042291793069,3.8182466695437816
1225,-88,-66.0,-145.0,14.468312321487872,11.24327485016598,4.461361335905579
1226,-111,-82.5117989002501,-199.0,10.316367219219142,7.800242671826431,3.3839685531464667
1227,-87,-72.53567831640368,-145.0,12.311781836527492,9.106518537578404,4.187546072597791
1228,-101,-78.0,-225.0,8.31636673359517,5.985054861741283,3.8859177725647904
1229,-75,-56.81324787409682,-110.0,18.072565388679873,14.787178646428304,4.507113468452762
1230,-92,-69.84819490742018,-158.16372575151723,13.127232085280996,8.42770188865449,3.9772448041998807
1231,-109,-78.0,-167.72711630554454,9.14340156528194,6.744303189013965,3.4915363071588037
1232,-99,-68.0,-103.0,15.429724816799986,11.74967031475762,4.194801266683135
1233,-75,-54.0,-87.0,20.201512656738046,15.248251195693202,4.400179143236996
1234,-113,-76.0,-232.0,9.378847673971674,6.739128289980949,3.3583172867598527
1235,-108,-77.0,-166.6490313526653,11.911127331828524,8.67875563404079,3.1871766516902658
1236,-103,-71.73244638633717,-222.0,9.395011216178396,6.837614206492452,3.883031782061066
1237,-94,-71.56262647722843,-131.0,15.153591187480307,11.570744224932996,3.9729205596833457
1238,-97,-72.0,-151.61165151682243,13.762537349454716,8.683103875758182,3.906705552826753
1239,-97,-70.0,-175.89149546868342,16.46317754184139,12.542554182805826,3.814395162844112
1240,-107,-78.0,-247.0,8.250660749508524,5.779741955311072,3.5675422240169823
1241,-88,-70.0,-105.0,15.2557406922504,11.64902135565116,3.966549767943948
1242,-102,-71.0,-248.0,11.161844652063003,8.527452559108516,3.7513474194974057
1243,-113,-73.01083069778294,-175.22716428116462,7.680157318937997,5.810108172329514,3.125342426444421
1244,-95,-61.0,-124.0,14.94176901162809,11.138262220805814,4.397471991668595
1245,-91,-72.0,-162.08963492911266,13.71764325132706,9.353520887847388,4.2468619931716445
1246,-103,-72.0,-260.3747235171619,9.497966778726834,6.632902372891621,3.491392167960369
1247,-100,-71.0,-151.0,15.535463538400688,11.992736888916037,3.998869229631556
1248,-86,-71.0,-120.0,17.25886223923974,14.47972239522411,4.031342594747339
1249,-97,-61.0,-169.34144772839664,12.583262671882201,9.580835823713722,4.321273111561038
1250,-77,-61.0,-72.0,22.10299329138341,18.097888742883875,4.365223189194586
1251,-98,-71.0,-127.0,13.067229223294383,9.515385871543725,3.6596310547971935
1252,-103,-58.122312687116256,-131.0,14.94465808499369,11.43500297231424,3.483647273745548
1253,-99,-66.0,-166.95489304135802,13.530385558632098,9.5956439264184,3.9432187354661297
1254,-97,-69.74901863164797,-144.0,14.22296613522522,10.69892976930806,3.9248959827450847
1255,-98,-76.0,-178.3660417512668,10.06358474904876,7.625940559684015,3.562508762717746
1256,-109,-82.75492840746323,-163.58672051923858,10.692267780192282,8.7007737486799,3.28825901256583
1257,-91,-70.0,-128.0,14.318353853158326,10.770569480961743,4.1635327874890224
1258,-104,-73.70573052582517,-167.28320097104623,9.024402423984029,6.6869890787241175,3.735370386525284
1259,-101,-61.0,-155.0,13.053318047553663,9.914769181062155,3.716238812427709
1260,-103,-57.97232771131743,-162.12391216981268,12.154894251907532,8.493803682155754,3.758849434295256
1261,-103,-58.53266655994722,-142.0,16.886920492411477,13.057429030198245,3.6572619302537928
1262,-110,-82.0,-186.0,11.562641072376723,8.845150819265218,3.200745852072429
1263,-93,-61.0,-118.0,15.728535967789847,12.390824727190948,3.743122667048459
1264,-99,-75.0,-194.0,9.285729100318814,6.984336637319256,3.703866834153815
1265,-105,-76.0,-228.0,10.112695536837563,7.949568917815657,3.8173172144814
1266,-96,-66.0,-163.66660194043774,12.465419330446425,8.999676589404189,3.822584874515778
1267,-96,-61.0,-131.0,14.949051923066069,11.68229872727119,4.409563647488495
1268,-120,-81.08034803585147,-285.0,8.663688916529962,6.356961841005691,2.949514805320077
1269,-88,-57.71876747207584,-83.0,20.075350161767204,15.41355380025004,4.053231285757841
1270,-109,-75.0,-193.0,13.842946055933426,9.678129466381332,3.872098406310132
1271,-110,-82.04578513922485,-180.0,11.138123240092117,8.671319252322618,3.4689558169930863
1272,-104,-75.0,-220.0,8.898511643088172,6.319231370773534,3.86470183571849
1273,-114,-84.0,-258.0,7.744576786425201,5.443489672084646,3.114641601971118
1274,-95,-68.0,-90.71808160662798,14.228262728824024,11.047979552113524,3.956015486263612
1275,-101,-72.0,-238.0,9.909523940633946,7.833029354423284,3.76903111003134
1276,-102,-59.0,-161.4074027277403,13.438933359784038,8.47664964514889,3.6543256705770433
1277,-75,-48.0,-71.0,24.234152551861065,20.09993809366544,4.526185626234546
1278,-77,-55.0,-80.0,19.323506151476394,14.890083052720067,3.922846143879529
1279,-114,-68.9696263472469,-246.0,9.861824527450626,7.347424740834862,3.4996848580041213
1280,-89,-64.0,-157.65382859060435,13.07894370231275,9.338726803916828,4.344261075085942
1281,-115,-87.0,-243.0,6.707514060138347,4.83841526154559,3.151996218664077
1282,-90,-65.0,-105.0,16.268468819783916,12.999157545999632,4.545366418637588
1283,-97,-70.0,-102.40212215495644,15.173172834898558,11.216400944733614,3.951586227568408
1284,-107,-79.0,-224.0,9.312648757648596,6.75563401772612,3.335513269101245
1285,-98,-78.0,-225.0,8.488214264992898,5.4774785020901415,3.80586059567433
1286,-96,-66.0,-151.0,15.063973054937524,11.546703338788337,3.947284916903407
1287,-112,-74.06253240521688,-213.0,10.15459143851222,7.495390818223753,3.2079688152010646
1288,-102,-71.0,-215.0,9.368939578386552,7.3096686286280175,4.088092644999027
1289,-99,-72.56315315881169,-140.0,16.30559566221661,12.950887097710048,3.93952086642696
1290,-89,-66.0,-129.0,16.268826463764,12.708074588372035,4.2965126941449565
1291,-105,-80.82047531439153,-227.0,10.44275991384822,7.815710906442551,3.849219970048572
1292,-99,-69.14432042338979,-200.0,11.53996965748116,8.673476043812236,3.4349138987269447
1293,-104,-79.0,-204.0,12.643077977155068,9.283749998137914,3.7676292436303247
1294,-89,-63.0,-105.0,23.08276587572633,19.270508787899487,4.200557788411822
1295,-101,-75.40165273107776,-119.0,11.671531854152349,8.198355418995114,3.718000158958709
1296,-103,-69.89724455465385,-145.0,14.685098499151657,11.521634064148966,3.256886311464858
1297,-97,-70.0,-168.73681757615128,16.288842878894577,13.248059316797368,3.533418458626062
1298,-102,-72.0,-170.4585510062925,16.754854424161035,13.556718629061642,3.695671174391968
1299,-117,-82.0,-280.0,6.6008357102066055,4.648907659574217,3.007824339962155
1300,-97,-71.0,-143.0,16.29912027347538,12.471727651536716,3.587979003518077
1301,-103,-65.0,-121.0,17.694501803651082,14.722712559733356,4.087686407177912
1302,-84,-48.0,-83.0,24.864222701228343,20.65922529104003,4.160319516892708
1303,-85,-50.0,-83.0,18.344393223769217,16.164690176122903,3.7717463617057865
1304,-100,-69.37457013840472,-160.3193512634577,15.101374614914205,12.059393317691493,3.5612107371582518
1305,-111,-71.0,-241.0,9.122929363879855,6.654873872896063,3.5934976824309546
1306,-104,-74.0,-197.0,12.731598742658566,10.232179526324664,3.690960746463967
1307,-100,-64.0,-115.0,15.551566866798844,12.512797445089513,3.895069562322637
1308,-108,-77.0,-227.0,10.972851767379884,9.053117771185564,3.686260291255524
1309,-108,-78.0,-200.0,10.207290487113696,7.262099904091025,3.134504276300952
1310,-113,-82.21469272441625,-220.0,12.380409096830876,9.594541948288542,3.2647113475634097
1311,-88,-61.0,-121.0,14.597219771904935,11.446399269947172,3.8670296390305423
1312,-97,-71.0,-124.0,15.23422555451553,11.98920671132612,3.495201680810819
1313,-89,-70.0,-128.0,14.210997034661691,10.979131914621716,4.051547612711676
1314,-88,-62.0,-114.0,17.976483471692603,14.090733840698036,4.212487444678349
1315,-107,-70.0,-180.36701088953427,9.243783155900555,6.598134037981865,3.051299486116328
1316,-96,-68.0,-109.0,10.95899242336626,8.282819133085251,3.9303598495502095
1317,-94,-63.0,-134.0,15.95492139345634,12.070950400206751,4.058897403897904
1318,-87,-66.0,-175.0,14.632144312886991,10.740670183298985,4.16908045853328
1319,-112,-79.0,-161.75727637177198,8.828613876168887,5.687659556867789,3.2201754351838763
1320,-85,-55.0,-110.0,24.0108275167565,20.01231924789023,4.070437427658296
1321,-87,-68.0,-144.0,16.87528275276845,14.127649658423287,4.508835246200112
1322,-118,-87.0,-300.0,9.315742476043555,7.647036970899594,3.222452701625923
1323,-100,-68.00098781399684,-171.9060621845053,16.642673574148553,13.225288853298355,4.057110312974202
1324,-95,-68.0,-152.0,13.642354599154832,9.36914349304842,4.547702112069441
1325,-95,-58.517182416725696,-167.832423633711,13.308535042149279,9.41202066332491,3.763122952353128
1326,-102,-64.0,-132.0,12.926871096088734,9.912528092545369,3.41259420270842
1327,-111,-76.0,-182.0,11.532139995952981,8.332515360276549,3.654337031314015
1328,-98,-66.0,-164.81685380997095,12.170965479435864,8.08177764768029,3.789667968073877
1329,-103,-75.0,-207.0,10.030158836505676,7.6998578149495795,3.631945690341937
1330,-109,-71.0,-191.0,9.023236341816842,6.374523418806634,3.059460654846055
1331,-101,-72.0,-107.0,16.953928870584047,14.192956883986714,3.923246505371605
1332,-95,-62.0,-102.88637399116993,14.05020416169757,11.02595499684833,4.59636926775116
1333,-92,-57.608198442183294,-163.07754253709203,17.847545232993248,13.694859260574628,3.9490412096017296
1334,-86,-61.0,-85.0,23.114693631006272,18.92859734637568,4.052668086197684
1335,-100,-78.0,-198.0,11.88256791045313,9.496711883992678,3.6437827585993294
1336,-88,-64.0,-110.0,14.457327609446018,10.7931188521285,4.528098738601545
1337,-101,-67.67269825324342,-201.0,11.847782789770164,10.347852622603057,3.6515675846613
1338,-96,-62.0,-155.0,16.626894158007904,13.048903242173887,3.575955981267101
1339,-102,-64.0,-102.6909841456163,14.378794728144051,10.035746394310918,3.4998708318472747
1340,-96,-66.0,-132.0,13.301175847614571,8.702597473444278,4.091150289854468
1341,-94,-73.2091940716562,-158.78786171986988,17.238383192917706,14.40685300027426,4.122901533219381
1342,-93,-71.0,-149.0,12.564786442135933,9.233099915334831,4.196239491745555
1343,-116,-82.0,-260.0,5.515488169165111,4.330007778878878,2.6704419825453707
1344,-101,-59.0,-136.0,17.619899325300477,14.755995804825137,3.918948463761228
1345,-103,-68.0,-127.0,14.600527958755986,11.196208536498268,4.087731644068358
1346,-101,-72.0,-175.0,15.715136560598587,11.832744831616605,4.031282379915173
1347,-96,-61.0,-156.93481712925708,16.850465223061658,13.67612031382381,3.9379209058346336
1348,-76,-57.015008165950086,-95.0,23.61848507539568,19.5848776933914,4.382387015431309
1349,-88,-54.0,-110.0,19.729344343611533,15.711517077071647,3.912958909098845
1350,-116,-82.0,-272.0,7.585390766714132,6.845508111200383,3.0401261780781845
1351,-90,-61.0,-175.0,17.76118282717578,14.66944063722503,4.00691681351749
1352,-112,-81.19359658826792,-237.0,10.778088338319824,8.23407012334777,3.246341461749725
1353,-106,-70.0,-165.51699603756245,11.073837215654015,10.245132183428735,3.8423370558938346
1354,-93,-67.0,-111.0,14.899048192948207,11.782418712739547,4.247009131127778
1355,-102,-65.0,-161.8228048466202,15.78811943559256,12.428891613999316,3.895806868637172
1356,-119,-81.75667432410691,-251.0,7.559641230124014,5.39868017687713,3.014225873137104
1357,-113,-87.0,-264.0,6.622819508102498,4.822578912633129,2.8793208503629293
1358,-87,-67.0,-143.0,13.793770016115962,10.29202401685745,4.117955120840575
1359,-99,-70.0,-207.0,11.729929739961966,8.684984810920291,4.030321159724263
1360,-99,-66.0,-119.0,11.963663084265221,9.144336672409388,3.6501079530275566
1361,-110,-80.0,-190.0,10.330146439190525,7.444711945242384,3.4260442870849155
1362,-98,-82.0,-221.0,10.331678706807011,7.44583950527196,3.762562051944085
1363,-103,-66.0,-124.0,15.019497331433548,11.27474860556913,3.386636084208945
1364,-85,-70.59916440220853,-130.0,17.694842451043804,13.877418727448346,4.476264513307537
1365,-108,-70.0,-175.0,12.121248860326766,8.731424122615419,3.480921773709326
1366,-99,-62.0,-172.35023705107116,16.54431854938015,13.07329141262604,4.258026735899993
1367,-99,-62.0,-103.0,15.7871860283535,12.49106530479766,3.9086049824816818
1368,-102,-67.0,-113.0,13.622925969670355,9.54795433339662,3.6419845444292873
1369,-95,-64.0,-131.0,15.133919491946406,11.245135404763456,3.62288307825498
1370,-98,-69.47601726317409,-151.0,13.62889171964273,10.040378655275935,4.141534974486118
1371,-92,-68.0,-107.0,14.51167718010769,10.596873272348988,4.024141226475995
1372,-106,-76.0,-230.0,12.798563412591111,9.83419806691368,3.413504266578458
1373,-104,-79.0,-238.0,9.936006118503498,7.871048526374892,3.509819474539356
1374,-95,-68.0,-149.0,17.574931937333382,14.408639799777747,4.286583420602932
1375,-113,-83.2031217734098,-197.0,9.384588785731475,6.388423723959088,3.209034004998735
1376,-101,-66.0,-165.8273021457445,12.027488741497114,9.38291783199326,3.8181530567990944
1377,-94,-60.0,-143.0,15.763333416809845,11.810545851655563,4.144630067480496
1378,-113,-76.0,-235.0,10.54113296924378,8.052328147613458,3.1176981027698734
1379,-103,-62.0,-144.0,12.946944757525257,9.707503877611517,3.532155404067813
1380,-98,-71.9419291910646,-211.0,11.698396669789114,9.856286931436308,4.075860527251089
1381,-98,-72.0,-110.0,17.792281918424532,14.30573642912903,3.818551892748675
1382,-99,-80.0,-223.0,10.82386926296646,8.606991591259378,4.117527614333278
1383,-85,-57.74378043035673,-143.0,15.02721198774034,11.14587198221188,4.215460945720795
1384,-83,-56.168134159915446,-81.0,20.62247289597272,17.230952835786788,4.464142453973641
1385,-105,-79.0,-215.0,13.262264182218466,10.478479245075988,3.798359189628037
1386,-96,-61.0,-109.0,15.503980479896985,11.952189140746215,4.2834786714172095
1387,-88,-60.0,-106.0,15.168396859262652,11.74383908162084,4.351967739684395
1388,-77,-49.0,-84.0,20.00131867030984,16.014689204830688,4.570704369039081
1389,-101,-62.0,-164.0722950773783,14.698889357150172,11.156600121961745,3.689087239116276
1390,-103,-60.0,-143.0,11.457964225422668,8.805474841856427,3.776963275133224
1391,-88,-63.0,-134.0,16.611824163138635,13.398798001705249,4.322444971651384
1392,-108,-80.0,-191.0,11.604444140332953,9.811567469629084,3.1928638092291486
1393,-112,-87.0,-297.0,7.321710748031642,6.024562680832448,3.3759263650175577
1394,-85,-71.8237609513084,-129.0,15.793488056842946,12.000202923740538,4.51110785687905
1395,-97,-68.18839096415121,-146.0,15.581371332977994,12.518062337615126,4.035750354273096
1396,-96,-58.98727392816372,-112.0,16.817160178503492,13.131793274396289,4.404498605157462
1397,-97,-59.0,-149.0,13.429876916458987,9.846392169270896,3.821162973008031
1398,-85,-67.0,-155.8100875629011,13.774177710224786,9.922749285712184,4.446699143446853
1399,-89,-63.0,-124.0,15.53966368867198,12.094892491485734,3.94633207774535
1400,-120,-81.93046964606043,-268.0,5.323899255509796,4.193006673782652,2.49906094603507
1401,-113,-78.0,-183.0,9.364733696653,6.518548374655057,2.823520786386116
1402,-97,-67.39173270791815,-107.0,13.23226359776427,9.246178385975837,3.5394782770799065
1403,-105,-72.0,-245.0,10.64436853001676,8.202472192583775,3.565566108521321
1404,-98,-65.0,-133.0,16.212182363014893,12.630732741266668,3.91680604206944
1405,-91,-71.0,-152.0,17.073630382203604,13.948089680080615,4.288375071284847
1406,-101,-63.0,-141.0,16.16851710058872,12.409235788273074,4.074879987495932
1407,-99,-62.0,-134.0,17.895964074899602,14.162484757735989,3.8282162303373615
1408,-119,-81.27730632757482,-260.0,6.972829739785011,5.266562413342541,3.019671483461117
1409,-109,-70.0,-239.0,10.49183196262322,8.33163878815439,4.029900826269107
1410,-96,-59.0,-120.0,16.575657375747035,13.788374897058784,3.859322325442324
1411,-97,-68.0,-106.0,17.511686391280257,14.067560210380144,3.7991691379000767
1412,-93,-69.62703291262558,-170.04414310744048,16.865059133383113,14.502991167602426,4.089410082809853
1413,-116,-84.04509366390558,-252.83898555022125,6.872739598125614,5.151740349589583,2.748522737501257
1414,-106,-79.58051676869393,-227.0,9.287956671614548,7.149166584631227,3.7798255145887647
1415,-110,-79.95409141187702,-172.54776445517066,9.05844296128307,6.111028088013413,3.5009734072569256
1416,-87,-68.97641006853384,-129.0,13.440047124074955,9.255689356231471,4.123775995799448
1417,-118,-85.0,-265.0,5.276277440813052,3.504942040056895,2.7158189233980274
1418,-99,-75.0,-207.0,9.888408973971616,7.229014154082651,3.946313475123152
1419,-95,-72.0,-157.0448903354232,14.690213682184398,11.165845149424378,4.184186628071502
1420,-103,-59.0,-107.0,15.55682484010392,11.832289763517023,3.797761809147755
1421,-88,-59.0,-148.0,13.200690208882156,9.979086929442255,4.520721984708557
1422,-105,-83.36162354242813,-208.0,8.337560487961065,5.678436957809071,3.796297441012872
1423,-108,-81.6011421306015,-192.0,11.196074776464453,9.83012878510308,3.665040355701727
1424,-117,-86.0,-258.0,7.706433487994674,5.512316199001786,3.3790948511351315
1425,-98,-71.0,-136.0,17.85806295402095,14.326221417226437,3.9514695130174817
1426,-95,-66.0,-138.0,16.642228724151227,13.343313070110671,4.099380016009697
1427,-104,-76.0,-184.0,8.229763551153264,6.484204322178195,3.1971829185113103
1428,-119,-80.50672196821853,-259.0,6.707662321381758,5.034440792217653,2.5918530245316505
1429,-112,-85.0,-277.0,5.048628868866004,3.65513573946788,3.0305303973780813
1430,-90,-59.0,-172.91186272631285,16.828076666690443,13.696284836295924,4.251207933461302
1431,-91,-64.0,-133.0,14.445927840616982,10.901479388161691,3.653501811510431
1432,-103,-82.52523238059273,-166.24632718113978,10.630170841881018,8.078699201213556,3.4411807777201804
1433,-110,-82.0,-239.0,8.134750677346354,5.091213589043935,3.376677180573781
1434,-92,-65.0,-172.52831432154554,14.57008403339058,11.298482824797333,4.067645655928993
1435,-95,-68.80907065309812,-168.44451699698863,12.682029119200092,8.925271296136499,3.7430220398548135
1436,-85,-68.87104529057855,-179.21163560863963,12.307839349999211,8.538515815791744,4.32187975699092
1437,-88,-72.90520194284665,-125.0,14.071369214268449,9.663766315824423,4.153894401052807
1438,-103,-68.77533052891108,-184.0,9.370284235921527,5.75285793904066,3.653597256504569
1439,-120,-86.0,-260.0,6.915320233434381,5.748109578165314,2.7391147869630066
1440,-113,-70.0,-230.0,11.763452413911233,8.518966047180182,3.1165038622609478
1441,-104,-79.0,-191.0,12.941598822294901,9.5627687948922,3.655428783473036
1442,-102,-64.0,-125.0,15.838029712555922,12.502403492623516,3.5080928860472054
1443,-88,-62.0,-107.0,15.945341297943912,12.039859392439972,4.32291547834264
1444,-85,-65.0,-95.20055384173195,11.78508243383818,8.830056379428841,4.36727038038577
1445,-87,-68.0,-155.0,12.90813927405121,10.074183828197654,4.195935769311433
1446,-99,-71.0,-221.0,11.139834557349193,9.382021182747271,4.182677115807296
1447,-107,-80.85899383862619,-244.0,12.29169347563926,10.441180807609278,3.824120240488204
1448,-100,-60.0,-106.0,12.081759155837032,8.723202113015528,3.767136576196657
1449,-95,-70.0,-139.0,13.631740130223024,9.735044995337132,3.923193382060869
1450,-110,-70.0,-190.0,9.7503230027349,7.672925583426495,3.4796045570729097
1451,-96,-66.0,-130.0,11.98462779798071,9.220411526051327,3.836068297288739
1452,-105,-79.0,-202.0,9.822652903506707,7.599338443012542,3.854104919294044
1453,-89,-61.0,-168.19816116596758,15.80397026755141,12.70688193359547,4.415743575194208
1454,-95,-70.0,-137.0,13.973648211738318,10.703210773595076,4.21222265322734
1455,-94,-68.0,-109.0,13.728271696083906,10.012386889462125,3.8180496186465858
1456,-92,-71.0,-114.97810995560407,15.933895771295536,12.887199517570536,4.319408590900476
1457,-100,-57.523926151216514,-167.05357111184827,11.865766550671395,8.189252105907535,3.443455557519176
1458,-87,-71.0,-131.0,14.411084093694257,10.817396290052294,4.179979467792128
1459,-119,-87.0,-299.0,6.8315389205625525,6.090693578657199,2.4679050781860283
1460,-86,-64.0,-155.79260063882086,13.367780939765412,8.659605780055674,4.242113201926308
1461,-91,-65.0,-149.0,12.174669547550092,10.21890075558069,4.298871909473031
1462,-103,-69.68876885990775,-135.0,12.466860056258003,9.519958334402824,3.8710132441771545
1463,-92,-60.0,-132.0,12.666889410379431,8.734070106842708,4.552144265619881
1464,-111,-82.0,-165.49779763712542,9.26228390378354,5.759926492780863,3.439080921514019
1465,-111,-71.0,-252.0,12.562544606805869,9.974221412380352,3.58680220703747
1466,-86,-48.0,-106.0,19.572914102585827,16.522969580862124,3.982277368021277
1467,-97,-70.61502029703531,-137.0,16.84011001556641,13.70915426522266,3.955738977010024
1468,-111,-82.0,-232.0,12.264111011945506,9.698425336970946,3.6009666888238523
1469,-98,-64.0,-149.0,13.701640348838282,9.975484050882802,3.795040813405212
1470,-95,-68.14072735711822,-148.0,14.929152664868097,11.309532681639087,3.5102083151052925
1471,-99,-64.0,-167.78232312231088,16.84061581242277,13.16182311254984,3.81988923893972
1472,-102,-79.0,-224.0,12.320866062196624,9.106369013314207,3.588953548385893
1473,-113,-79.0,-252.0,9.048712552131736,6.957377804599492,3.397640361140777
1474,-112,-72.91671145143279,-189.60159670175295,10.271886745921156,7.480273909139592,2.9970641417101724
1475,-103,-70.0,-143.0,15.041640356220809,11.837130289070956,3.7266567201946743
1476,-81,-62.0,-76.0,19.396022301326735,15.176474408105536,4.450684429904952
1477,-83,-49.0,-89.0,23.618615125793188,19.509772439037736,4.19210185544225
1478,-93,-68.29754290408123,-122.0,11.826915858598102,8.977799283318983,3.7869808246495342
1479,-112,-86.0,-281.0,8.568402079290028,6.841655248352464,3.2893089489532046
1480,-96,-70.0,-138.0,12.313928211034328,8.977727305746717,4.309029059611091
1481,-99,-75.0,-171.55774559907437,12.66004849448122,10.375303956270034,3.850539504924711
1482,-98,-77.0,-203.0,8.660348967680019,6.722785308596736,4.06885991622068
1483,-96,-59.0,-147.0,16.946647453069623,13.481736332677478,3.7759127899535248
1484,-113,-84.54939619559046,-223.0,8.676744361010241,5.878655151295465,3.5257927542425427
1485,-94,-59.0,-104.0,13.163506194897916,9.739887396500858,3.649361254869013
1486,-113,-84.0,-267.0,9.533166706320454,7.515744720369371,3.0244089650125376
1487,-109,-78.0,-220.0,9.454340614649016,7.423525021485385,3.176923496300294
1488,-95,-60.0,-118.0,14.12679504447443,10.185212800298242,3.833172479760997
1489,-102,-72.0,-235.0,7.325302537599584,5.729850790298981,3.3657858417511566
1490,-95,-68.0,-127.0,13.729881689324818,10.28636421360054,3.739274613769819
1491,-114,-76.0,-181.0,8.483320007843318,5.746441546437433,2.988015718984732
1492,-76,-60.0,-89.0,21.85995181842348,18.05767617073301,4.525826068275038
1493,-95,-64.0,-145.0,12.24980432250799,8.958797188215165,3.977028766861941
1494,-91,-71.67317993506958,-151.0,16.92371313122853,13.164013219419491,4.477433913724022
1495,-102,-61.0,-104.75574842271206,14.406661341084169,10.90917389344513,3.5559946001374025
1496,-86,-60.0,-92.0,24.23365472727768,20.19980261027964,4.462877636783241
1497,-103,-71.0,-136.0,14.145744252574152,10.457243145230688,3.74242813669584
1498,-112,-73.00900748648175,-203.0,11.43486037318588,8.698715580754918,3.162657484630554
1499,-110,-70.0,-183.0,10.942340451437552,8.242644150879448,3.151299262909496
1500,-85,-61.0,-138.0,14.043126408459578,10.325276503655676,4.346938046223063
1501,-97,-68.23015768584021,-174.23886905618298,12.212365735310806,8.803314116285915,3.897543520569106
1502,-74,-52.0,-75.0,23.434225510770773,19.580685080973605,4.497709603964035
1503,-97,-66.0,-148.0,14.417798791719882,11.216630229151535,3.919361324512792
1504,-100,-66.0,-156.47644319488398,16.866357127526793,13.170175451715211,3.919136766590615
1505,-86,-65.0,-127.0,16.36974573789572,12.66352113727523,4.436479180247091
1506,-96,-64.0,-106.0,15.293127028606913,11.934163174850612,3.9545604471036713
1507,-115,-85.0,-277.0,9.138918508758366,6.817885769418658,2.999202140446588
1508,-114,-76.0,-244.0,12.216298937893107,9.736126011978811,3.4555808919713296
1509,-100,-68.0,-175.0,14.540316939084262,11.52791466367794,3.430370873459134
1510,-93,-69.81598812248707,-128.0,12.659308057830634,8.912456388838672,4.350790420155051
1511,-101,-75.0,-226.0,9.432872792196735,6.013292728435178,3.775593610891911
1512,-87,-71.0,-157.90601087745515,16.844754737366767,13.006682159491346,4.410239804785542
1513,-103,-83.27500199773893,-204.0,8.861196711244549,6.107064157727191,3.6958979290148894
1514,-102,-62.0,-118.0,15.821366709680644,12.574633103610823,3.861368279444704
1515,-92,-70.0,-107.0,15.193338366794022,11.208288221461777,4.327730317248817
1516,-112,-74.0,-190.0,9.335825143695764,6.888386926687193,3.723690276847384
1517,-110,-76.0,-187.0,12.83829522036669,9.618981001348024,3.792261165608452
1518,-107,-72.10316278208015,-189.0,13.50339697684625,10.28169204977394,3.3817691506492364
1519,-104,-68.85684629721233,-247.0,9.629081388904298,7.060732289979036,3.5439194428459024
1520,-92,-55.730611762655734,-113.0,15.586676251085516,12.220619945627211,4.125991495708203
1521,-88,-62.0,-175.0,17.430655640780955,14.000281464276505,4.05231357106544
1522,-99,-80.49387322565227,-229.0,11.382217369484211,9.651674727742392,3.83829069198492
1523,-101,-66.0,-164.16588396551745,12.19527005098843,9.145397042991378,3.790905116760458
1524,-103,-78.0,-218.0,11.302069204858048,9.779183868748028,3.701888877599209
1525,-116,-85.0,-293.0,7.096115050777636,5.905007370345425,2.59083063695706
1526,-88,-57.66511506429883,-107.0,18.832473125439833,13.858526469215011,4.5166230487572285
1527,-109,-76.0,-172.9145513229334,9.213967774022253,7.191811631814662,3.3146435572471336
1528,-80,-56.0,-92.0,18.505773022012065,16.771613270241275,4.370247801480542
1529,-94,-72.0,-139.0,14.157794153549531,11.004820505379572,4.190121482859402
1530,-101,-63.0,-146.0,15.706496174873228,12.006838564706896,3.826105106684352
1531,-99,-70.0,-252.0,9.261746443351536,5.602696012587218,3.852115981618888
1532,-99,-62.0,-125.0,13.10017519493817,8.997938843641384,3.8165766595075095
1533,-90,-58.00688494722069,-168.85798192210535,18.127455891837982,13.7971438415389,4.500796707416543
1534,-103,-70.0,-122.0,14.268775942933843,9.855535617359404,3.489293635904222
1535,-99,-80.0,-171.918081350163,9.083465963560013,6.719807248669291,3.802206458973603
1536,-103,-68.738123477928,-109.0,16.674488293676614,13.39865481387476,3.713373708532593
1537,-103,-79.0,-242.0,10.194879763621367,7.813314481576288,3.786842718553112
1538,-86,-73.66201278039178,-125.0,15.562047648659982,11.98206062632131,4.430156830281716
1539,-90,-63.0,-121.0,14.606387183355416,11.228778532700783,4.041408267393931
1540,-89,-72.0,-155.0,16.839932528646266,12.947340962554078,4.134472584891377
1541,-112,-70.0,-234.0,10.137683582309869,8.067466312443747,3.214015182333558
1542,-106,-76.0,-241.0,8.259858283143886,6.183491907757462,3.653314739645377
1543,-113,-80.85082335276056,-292.0,5.755217177523001,3.87179880238099,2.831724655598719
1544,-99,-61.0,-126.0,15.253587726189714,11.82846000613817,4.081114803773482
1545,-111,-82.0,-253.0,12.306458701768324,10.212928774450772,3.0540671223670413
1546,-103,-72.0,-197.0,10.893910552758854,8.592044381675167,3.719701833180804
1547,-76,-59.0,-80.0,23.11556591799012,18.533211770725377,4.5116269237810736
1548,-76,-50.0,-71.0,22.00279665309948,18.82672353145601,4.410743205684561
1549,-92,-62.0,-136.0,15.619355063053474,11.988592841119363,4.119068004606119
1550,-93,-60.0,-153.0,18.110571723686036,14.251300201305035,3.5122862781898787
1551,-88,-72.0,-103.0,15.475966242153378,12.048392826183214,3.7140916325893816
1552,-96,-71.78743032066852,-148.0,12.167238498355209,8.961404786663168,4.150906525329007
1553,-117,-85.0,-273.0,8.68147039586775,7.098186454418346,2.86101669259366
1554,-100,-72.0,-213.0,11.680130675689036,9.626087581380304,4.144475500982592
1555,-105,-67.75947873239548,-219.0,12.727519836315455,10.005981753488676,4.094474966918471
1556,-110,-84.43521475032217,-170.11286085143598,10.170994127299938,7.880658821664976,3.489224145676483
1557,-87,-64.0,-103.0,18.56539070959824,14.524135149901234,4.132868752983593
1558,-91,-60.0,-133.0,16.30464589310089,13.626717119534533,4.087950267573412
1559,-96,-57.312353294524044,-105.0,15.215821034489224,12.162502474826638,4.064705581945052
1560,-102,-78.91041316688226,-180.54986250941994,11.885962242868874,9.812594549249136,3.799905823796328
1561,-95,-72.35090001358617,-150.0,16.975530334125793,13.719907959370277,4.0914782127218
1562,-85,-70.50201493082857,-131.0,16.97945273939032,13.2283931599242,4.442094528831414
1563,-76,-59.0,-77.0,19.6502011713221,15.068017125433716,4.588877706593056
1564,-77,-50.0,-105.0,22.58464526395336,19.00303146969594,4.361041316491763
1565,-114,-77.0,-161.10256843382527,9.90540082054546,7.315133101927213,3.068789911625401
1566,-89,-72.0,-162.96533903549636,17.237614226590438,14.135345079763322,3.651659513782202
1567,-90,-71.0,-138.0,16.844496802995288,13.757993237396876,3.910189287177333
1568,-106,-78.0,-200.0,10.164072031702862,8.020234718336946,3.737566157937332
1569,-106,-82.67750177007969,-171.16662621897498,13.429331489951904,9.557962622644808,3.557576377565734
1570,-91,-67.0,-114.0,12.68487061473676,9.540190996485547,4.039255548092964
1571,-94,-61.0,-169.14862099758724,17.265700253314705,13.738824938299544,4.323654886866536
1572,-119,-87.0,-294.0,9.083907419840918,6.53696802566172,2.92399515376488
1573,-99,-67.0,-138.0,12.415078942675366,8.519057021198684,3.7066917815940568
1574,-100,-74.0,-215.0,8.56762201222907,5.556808791636082,3.625125658613748
1575,-75,-52.0,-110.0,23.981848213556773,21.36063099083539,4.522809742870795
1576,-108,-78.0,-180.0,11.432811358226594,9.198969070490238,3.1750068765145243
1577,-90,-70.0,-158.28473561512772,12.098773849360416,9.03653312125995,3.8428807838931434
1578,-101,-66.0,-182.2356612992049,15.607876393556984,12.060571140922466,3.983961624177569
1579,-109,-79.0,-174.9609272313615,8.153017300960212,5.534226972906307,3.3042527131452144
1580,-99,-59.36981098434827,-127.0,14.997164478028196,11.63311915959909,3.948792416701989
1581,-99,-61.0,-160.5078468180754,14.593994806499946,10.868063658767683,4.008526357599423
1582,-114,-70.0,-231.0,14.074550025657995,9.619086327231413,3.2591068929968485
1583,-99,-80.43226068088246,-200.0,10.653283077849625,8.51490049557184,3.689933938778241
1584,-99,-59.0,-165.66130812925806,14.311239152661768,9.762058519463066,4.185777604467967
1585,-89,-65.0,-162.65810990912078,14.291040887297267,10.42340982107997,4.369303115160308
1586,-112,-70.82022237397219,-230.0,10.902718782250094,8.40748069911481,3.4482733764108078
1587,-114,-72.37229572451827,-174.4126346209943,11.34420137298418,10.264636743418253,3.4360505776471486
1588,-115,-85.0,-289.0,5.818421632493713,4.754677719270614,3.7439110371296302
1589,-104,-74.0,-218.0,9.310486575959292,6.161158536642592,3.5650673508510398
1590,-112,-70.0,-236.0,14.057527241396516,10.505985774164504,3.3648525206794138
1591,-101,-82.0,-194.0,12.551258491701581,8.790530502994203,3.817416852401761
1592,-99,-72.0,-154.0,14.072153754178888,10.78240566769298,3.8447683424253873
1593,-114,-70.0,-190.0,9.47326525553956,6.676736996783918,3.035856076496409
1594,-103,-64.0,-151.05683227429273,16.095868711273347,12.170000206138756,4.104549726197839
1595,-106,-80.09575168884813,-216.0,9.399912265854445,7.171221506909133,3.682595260913704
1596,-107,-82.0,-170.78912718370267,10.03968964080503,7.155475285146527,3.6785541196372855
1597,-89,-55.0,-83.0,20.69416961413644,18.24250212509157,4.26789492996047
1598,-89,-63.0,-147.0,17.41640917682126,14.665059647671034,4.383733032490436
1599,-120,-86.0,-300.0,6.767137240878316,5.373307598776127,3.1302610725554487
1600,-82,-57.0,-107.0,24.822567206640297,22.66992051278472,4.248650267942623
1601,-102,-65.0,-145.0,16.65736021050668,13.214049959698762,3.950296145172999
1602,-101,-60.0,-108.0,16.952943028833587,13.042534379998576,3.99618856459038
1603,-114,-82.30632273352141,-297.0,5.631945995065633,4.089681439274346,3.1802406397849428
1604,-87,-72.0,-171.2888608555077,16.45546517766208,13.237052243711322,4.391726445443817
1605,-107,-69.3314269151612,-188.0,11.650827123832148,8.937408214981929,3.887886977899728
1606,-86,-68.0,-153.88433497786508,16.471864690545523,13.210626874754514,3.880564479600965
1607,-89,-72.37464445270601,-96.69951028555654,16.25461098035126,12.923164162391028,4.597037720646214
1608,-112,-84.0,-263.0,6.9729407442946085,5.141547629146566,3.670706514251544
1609,-76,-52.0,-101.05510225838259,21.82980886806368,17.409716116738313,4.443273119010541
1610,-76,-50.0,-77.0,20.67596923250312,16.871048514010457,4.48906714361624
1611,-98,-68.0,-117.0,13.111193257109518,10.19241564470759,3.98499276424806
1612,-96,-61.0,-121.0,16.09854214511769,12.960422465950614,3.558865386343945
1613,-76,-53.0,-109.0,20.57166689340932,17.591064379680464,4.087825021289804
1614,-92,-64.0,-131.0,14.006876072896556,9.482924433352936,4.115643681276558
1615,-103,-72.91331805533554,-122.0,15.418885875217777,11.999513959100526,3.748967512594927
1616,-95,-61.0,-151.0,14.097682704218288,10.345788678778774,4.022167646097639
1617,-98,-72.0,-173.68641714607176,13.826097087090156,8.74290014273641,3.6584621316512895
1618,-112,-82.17713052924012,-288.0,5.5961806118891015,4.258094016474157,3.7708888187935865
1619,-86,-72.0,-182.0482306150825,15.821155597781203,12.816800128541454,4.091572704510811
1620,-106,-83.19521603121977,-215.0,10.117921379406551,7.5960043411049085,4.0179890778379335
1621,-92,-71.0,-151.0,15.77880590998193,12.00484177913797,4.23247167675919
1622,-104,-71.0,-186.0,10.232381942284432,8.040661988487296,3.716860679816653
1623,-98,-67.0,-137.0,12.144909501142818,9.665764063616322,4.060375212409876
1624,-96,-67.0,-147.0,12.3746179116979,9.01834952155429,3.787823095631951
1625,-80,-53.0,-79.0,22.98071203229972,19.281495392562235,4.232922550539528
1626,-96,-62.0,-157.7037169754991,15.203955464882856,12.03442216111025,4.156781370148192
1627,-88,-65.0,-172.5958973716232,17.7413620844614,13.83963337279224,3.90104812337041
1628,-110,-76.0,-238.0,9.972913463165368,7.862873990861289,3.412847460155936
1629,-120,-85.0,-246.0,6.690758140396143,5.47313768293207,3.092679945065669
1630,-115,-83.81562687463985,-245.0,5.329286961220602,3.8557901009398496,3.376847226300038
1631,-87,-62.0,-111.0,15.256221901616456,11.417392587875408,3.809309902132194
1632,-94,-66.0,-153.0,17.586353090511263,14.367434192726243,4.053866925538559
1633,-107,-74.0,-225.0,9.812661036522163,6.930830214712248,3.2652368173454924
1634,-106,-77.0,-184.0,7.965157678372738,6.116442690569305,3.777187257314775
1635,-112,-85.0,-278.0,5.294660377552191,3.29698732063731,3.529337335677593
1636,-89,-59.0,-118.0,16.08495729779068,12.204839909992216,4.401883831201294
1637,-106,-73.10594557190953,-172.66848463941878,12.09808531498748,10.181479822760249,3.884221622512354
1638,-100,-70.0,-142.0,14.29760358012399,10.907705453700856,4.316904120057604
1639,-98,-77.0,-211.0,10.73671493771651,8.605869420379674,3.982652734190903
1640,-89,-57.310766276251705,-73.0,22.363814591485863,17.7271978810534,4.355758139049037
1641,-98,-76.0,-212.0,10.566091962619138,8.749341164620482,4.004496865360593
1642,-96,-57.364596686595746,-147.0,13.601760655188887,8.801216176911328,4.185173793222031
1643,-96,-63.0,-147.0,18.288359130009027,13.750011065950876,4.022261410262886
1644,-91,-70.0,-106.0,13.081081086904858,9.75502198040713,4.159246626411079
1645,-103,-67.0,-120.0,12.90136516357601,9.374955431204835,3.7395445413168416
1646,-77,-55.0,-110.0,18.311039224012777,13.45139408643517,4.228564576479412
1647,-98,-60.0,-148.0,12.899852245271939,9.903274381809204,4.246942709955833
1648,-98,-60.0,-155.51144438600483,16.839479339990028,13.819980804004992,3.497507694681306
1649,-89,-62.0,-131.0,16.68272694662717,13.583958356875725,3.891328636734375
1650,-75,-61.0,-105.1649262200282,17.744424828632738,14.923146503278495,4.455317905084591
1651,-100,-63.0,-121.0,16.62023689421291,13.4913268682838,3.985845218504557
1652,-99,-68.0,-147.0,15.38189006974229,11.657228271017912,3.621056578476922
1653,-114,-78.0,-236.0,10.758334774301126,8.475896573933518,3.0459090621122216
1654,-88,-65.0,-116.0,12.428530508778868,9.987844533254403,4.090867668880034
1655,-105,-73.46052483079221,-187.0,9.856292685976404,7.845128316890493,3.4796938335907446
1656,-87,-71.24318070481957,-135.0,11.400911065902593,8.177444291016041,4.271010184085219
1657,-100,-74.0,-186.0,10.605510519810446,8.226942637070536,4.056601500797689
1658,-106,-72.0,-207.0,10.328847978842337,7.765352742350863,3.696690651789313
1659,-116,-87.0,-299.0,8.466242415707777,6.3531259566010405,3.0011348761443464
1660,-106,-84.62350322708848,-245.0,8.400334317843287,6.378071205536147,3.626656674577828
1661,-99,-70.0,-115.0,14.167866065609022,10.361975317709064,3.760784599416363
1662,-112,-75.0,-221.0,9.860651402789532,7.528952640911342,3.358327627264138
1663,-92,-63.0,-157.20220784314483,12.92613413864748,9.296087287578722,4.1190278452795415
1664,-106,-82.0,-182.0,7.828049223411331,5.543412859747272,3.728872055225753
1665,-100,-63.0,-154.0,14.388767071806514,10.179593866045304,4.012921764785131
1666,-98,-62.0,-147.0,16.240080804696593,12.998160719158314,3.5559274338785065
1667,-102,-66.0,-134.0,13.389514350213254,9.413192182645869,3.5263780945135674
1668,-91,-62.0,-108.0,16.758499860112586,13.751394377559354,4.289856150808082
1669,-98,-77.0,-209.0,9.001204862954607,6.573270858572581,4.088329046853501
1670,-109,-78.0,-201.0,10.707460353862068,8.369334522102447,3.297767715558134
1671,-115,-87.0,-280.0,5.740102435702587,4.706185250103758,3.23834806977417
1672,-100,-76.0,-244.0,10.013114548052975,7.721626749519209,3.426117086408061
1673,-102,-66.0,-177.10252927453098,17.022243608170736,14.235111070164605,3.9980592418096905
1674,-99,-81.0082775113506,-231.0,8.710722574674715,5.739097366270666,3.9618912588853177
1675,-102,-70.0,-175.73180756475912,16.949595863723058,14.271989427810883,3.717589363395496
1676,-113,-77.0,-183.0,9.52505032820682,6.072105812597181,3.372409464361969
1677,-94,-67.0,-119.0,13.75815470224182,10.205877540351372,3.865140255242068
1678,-89,-51.0,-95.0,22.064469466702025,17.894430464063472,4.358250468701773
1679,-85,-71.0,-92.33161696144765,14.716200273464338,11.487784847291366,4.2785158824491125
1680,-97,-62.0,-154.09156935471125,14.721167185811632,10.806488738693533,3.769570589655907
1681,-100,-67.0,-152.0,12.755985599331773,9.117016501342864,4.159552587911097
1682,-102,-68.0,-120.0,13.852039736978492,9.480659725695116,3.858203759577993
1683,-109,-80.0,-254.9653201325161,11.11906929936009,9.73001457797819,3.259669290381806
1684,-97,-65.0,-178.15491016362807,14.743697850493865,11.391252194496287,3.6892007931667408
1685,-91,-67.0,-145.0,13.513862139014888,10.503649094202542,4.409715913479034
1686,-106,-75.0,-205.0,10.916031977618854,8.264748439315387,3.7067679990763738
1687,-89,-49.0,-97.0,19.111344546855285,14.682093282670138,4.586450557240443
1688,-101,-68.0,-116.0,15.443550831078165,12.09846354259424,3.6116492479330375
1689,-100,-68.89377302532756,-108.0,14.320751779078186,10.635015309050344,4.1113385308169255
1690,-99,-70.0,-124.0,15.068107933273172,11.547373577760636,3.830881353484771
1691,-102,-75.0,-192.0,12.0281598736403,9.747094534048728,3.765812885983383
1692,-99,-80.0,-165.54540130016028,12.251109625466887,10.16168287980422,3.7389532318218777
1693,-79,-59.0,-90.0,21.382227891939543,18.63834995782545,4.183664008518373
1694,-91,-71.0,-155.0,14.046442809788056,10.938776597847292,4.156616321548701
1695,-98,-70.0,-156.84866096994122,13.32764094811494,9.26303198324915,3.85429670474424
1696,-102,-64.0,-133.0,12.628111784022884,9.80086833044762,3.2776423331514843
1697,-100,-79.97254104789762,-226.0,10.987703505200894,8.525254546168535,4.197075484936248
1698,-91,-66.0,-122.0,15.497841934493191,12.136458959279972,4.466238044027955
1699,-107,-72.0,-190.131300513818,9.41300791039576,6.937056995802755,3.671063317064824
1700,-85,-55.0,-88.0,18.5984588773423,14.325336345255202,4.563438040946916
1701,-97,-60.0,-114.0,15.742054084189414,12.698594468312564,4.021214967158398
1702,-90,-61.0,-133.0,12.185312755902697,8.545784729272984,4.154017186462691
1703,-88,-65.0,-121.0,15.849613139421583,12.389697628373373,4.276417967588183
1704,-100,-70.0,-113.0,11.989063338773821,8.827160676381396,3.624136475964978
1705,-113,-78.29607960041724,-232.0,7.79681711716352,5.648332075460091,3.3898448512274237
1706,-98,-73.60276459913818,-211.0,12.660550493743115,10.542066305163637,3.632256907760441
1707,-106,-75.0,-159.21428873032212,10.625336193704587,8.190455065625141,3.6393457925369312
1708,-108,-80.0,-226.0,10.708668086762342,7.923536140810013,3.4634073131066314
1709,-109,-71.82663772310278,-188.0,9.193526546583106,6.602956017460032,3.404185379074508
1710,-90,-65.0,-106.0,12.600147105791242,8.676738669768431,4.058531954245638
1711,-88,-73.23415909013545,-114.0,15.904842844291814,12.903998807290128,3.7743367119372
1712,-96,-65.0,-172.73359339618133,14.403089282032823,11.321107948758346,3.877679739884204
1713,-118,-82.0,-246.0,6.157518669067802,4.902637344796107,2.664154184743857
1714,-90,-61.0,-117.0,15.115217562265896,11.697113745096264,4.103581062756155
1715,-108,-75.0,-170.25852037279907,10.532482459517738,8.049669589398366,3.3602849481311363
1716,-85,-58.11768796698155,-175.69233328858078,14.6971029616567,11.334422532087627,3.994724108641373
1717,-93,-56.5160248679132,-112.0,14.793205879580306,11.074004314627274,3.907910339011425
1718,-98,-70.97316310303633,-154.0,15.9330638689605,12.56380904499326,3.739332847993915
1719,-102,-65.0,-169.84994865774607,15.364951106039785,12.180817963541225,3.906342152553453
1720,-98,-79.0,-234.0,8.408805001365439,5.546607866606566,4.034661800901241
1721,-92,-63.0,-152.0,12.335081289085531,9.534595544186573,4.0662162229094045
1722,-102,-80.27726736539348,-229.0,10.708303438938636,9.0234200148708,3.905384824686671
1723,-99,-74.0,-177.0693839427883,8.896063565342738,5.819209790529577,4.101827551405985
1724,-86,-67.0,-152.81253485717065,14.015998419664502,9.329953310912495,4.510379295550583
1725,-103,-65.0,-175.0,15.964298674914629,12.5243855139847,3.666613635863098
1726,-111,-83.2342036238294,-225.0,10.478965413680909,8.216393323424374,3.561080371768766
1727,-112,-71.0,-226.0,12.645712165658647,10.35268423086987,3.67089908701814
1728,-107,-76.0,-240.0,14.28475208948142,10.616045275125218,3.690765384706921
1729,-86,-69.96661147400806,-112.0,12.777695653449216,9.722782350270547,4.616342216678694
1730,-102,-68.42602190656096,-233.0,8.40214658226168,5.773517971982126,4.340928766015311
1731,-76,-57.850418240966555,-106.0,23.27547519916751,19.70156321855213,3.820797574812649
1732,-92,-71.0,-135.0,14.951413242395285,11.898135791147173,3.4582377673466755
1733,-100,-59.0,-124.0,17.771379418186964,13.701340784143689,3.826912462233336
1734,-89,-72.3803701825026,-154.0,14.907776418811942,11.576105844799208,4.255654239553992
1735,-118,-87.0,-300.0,5.8717439837949215,4.444367468439409,2.7078462425338747
1736,-77,-48.0,-108.0,24.438944327599973,22.383135614806832,4.440420847380479
1737,-108,-73.5467984991429,-196.0,10.500351625195869,8.247594279364222,3.420284665721728
1738,-102,-67.0,-168.78662254948944,16.45850740612564,12.732936732360209,3.8803301389359297
1739,-87,-64.0,-139.0,14.303069947490608,10.325738733378694,4.1010886382216
1740,-94,-66.0,-169.84863158994085,14.13330625193664,10.139297921298336,3.898001986054553
1741,-98,-72.0,-251.69063901245593,10.977754969772995,8.054578981749685,3.393019547380065
1742,-88,-63.0,-106.0,23.52452988890964,19.46099597476161,3.85664446269389
1743,-97,-68.23702132361889,-150.0,12.270350454277477,8.966968228433384,3.665998731440043
1744,-119,-84.0,-241.0,7.659827371353981,5.948107147750603,2.730922935790373
1745,-88,-62.0,-128.0,18.525860865841093,14.264711289426188,4.124511415432907
1746,-100,-70.0,-133.0,14.359521501068736,11.26952954164996,3.736909651825129
1747,-88,-61.0,-171.46599617323986,15.100183186124791,11.128688642610626,3.952023879022737
1748,-102,-70.0,-152.0,18.178457604315025,14.531348683448726,4.105182100995307
1749,-84,-63.0,-93.0,23.912657519525983,21.12643826427305,4.547671755253481
1750,-102,-65.0,-182.82496888114642,11.762530206776232,8.916639717051543,3.400297214302364
1751,-95,-64.0,-144.0,15.234817331130545,12.138168785876946,3.930935129545435
1752,-87,-58.623777288882515,-146.0,17.315366511351673,13.677559506705828,4.283340238147843
1753,-105,-82.0,-209.0,11.685929036903966,8.702881122419576,3.704458706730872
1754,-102,-76.0,-243.0,9.297055454544346,6.996066538087089,3.555788609080097
1755,-89,-64.0,-154.0,14.835017192437313,11.48416192441456,4.30395643427106
1756,-118,-84.0,-283.0,6.459780674744693,4.513437636997017,3.237774716435406
1757,-98,-72.0,-116.0,15.22885969434454,11.537127169154948,4.052709513503364
1758,-101,-63.0,-121.0,15.4747802917549,11.524003559024614,3.3931339675780983
1759,-98,-72.0,-244.0,7.527246533500471,5.58057125980621,3.756742004325599
1760,-90,-66.0,-146.0,14.322392228057645,10.578513573583145,3.990773785842677
1761,-105,-78.0,-222.0,13.350935774188871,9.680652884501692,3.567288428752555
1762,-89,-62.0,-135.0,12.183600387665802,8.868199952528256,4.242071560121038
1763,-106,-76.0,-216.0,10.670771469223096,8.640830531987628,3.711427972766375
1764,-85,-61.0,-173.87070066956215,14.36716677780651,10.017024486655762,4.402139005457134
1765,-106,-71.0,-221.0,8.231424480025526,5.750103416515062,3.883814284660729
1766,-107,-73.43800419575446,-211.0,9.165803244714622,6.635353302571139,4.142517610857007
1767,-103,-61.0,-126.0,12.933054658277268,9.953993101733277,3.654892897217196
1768,-87,-70.0,-177.03214756254167,14.218106031142517,11.152375084051542,4.035714439362726
1769,-110,-69.18903413355234,-210.0,9.810069608691402,7.486338552554773,3.442675284556335
1770,-109,-80.0,-231.0,13.639291003089768,10.313493561889713,3.1869719690947536
1771,-80,-60.0,-96.77483475162036,19.533211282885027,14.27601473401256,4.427465877133018
1772,-119,-86.0,-241.0,8.606261055952354,6.852248022142504,3.011192944888031
1773,-97,-67.0,-133.0,14.105587144591633,10.96702195128824,3.905225430804288
1774,-120,-86.0,-279.0,7.874207201288243,7.324963698734432,2.758600121574952
1775,-109,-74.0,-185.0,10.002632919263371,7.919979684960741,3.3162090060052734
1776,-79,-55.0,-79.0,19.19184328676608,15.05896208717665,4.551978510196042
1777,-85,-64.0,-126.0,12.428257354290018,10.083176549880257,4.149628212774906
1778,-100,-68.6591977580673,-123.0,13.635716614643194,9.687403239221672,4.021004936416646
1779,-103,-61.0,-107.0,16.611782866594112,12.902690212030691,3.811108851132003
1780,-86,-57.4128717966597,-170.70587434722907,17.038330861896558,14.075265570091416,4.067568953095768
1781,-89,-71.0,-153.0,12.414987873139042,8.435390773264686,4.439315784120884
1782,-105,-76.0,-216.0,12.69242882415809,9.844518890903627,3.150852049170351
1783,-96,-68.0,-163.82873466985447,16.532534733057638,12.792057968314417,3.4846989691738863
1784,-100,-58.52664226131202,-110.0,14.184399281897267,10.590435114421055,3.4712176366218923
1785,-85,-63.0,-123.0,14.54415652560479,10.835485890832643,4.141594269440974
1786,-89,-60.0,-73.0,19.335154565163503,16.316432416481533,3.997544144951661
1787,-105,-74.0,-184.0,8.329293880462512,5.852917237437394,3.517381847955104
1788,-107,-74.0,-263.73086171333614,11.679745681632525,8.286817868225041,3.3542118507901604
1789,-103,-72.35411948687832,-181.421554516316,15.04992143398071,11.89130992472543,3.78334138902813
1790,-94,-59.0,-172.7289346184284,14.403055449217364,11.229333629909076,4.233979200579491
1791,-103,-65.0,-106.0,16.99240705803457,13.018876703155408,3.452917987065217
1792,-101,-72.0,-105.0,16.228434713064665,12.865924639130036,3.708042279087001
1793,-96,-66.0,-136.0,15.855769581767962,12.39239511059413,4.31449983854116
1794,-118,-84.0,-247.0,6.344959329506671,4.522732601630625,3.1100203206678123
1795,-96,-71.75105586639852,-146.0,13.11539944546434,9.35205449407147,3.681759405349882
1796,-108,-70.93207276181471,-193.0,13.283616625063985,9.901460455084887,3.1255654727138404
1797,-86,-63.0,-85.0,21.50902193431349,18.72761606343206,4.043322475514777
1798,-98,-82.0,-174.65091596403136,10.178974001424296,7.867467855493057,3.832208457766971
1799,-87,-69.99675785412111,-157.00139133349845,11.425290351536566,8.604857209682695,4.225921407314946
1800,-119,-82.98306004307096,-268.0,6.030805662705271,4.125719072978569,2.83065795815064
1801,-86,-70.0,-150.0,17.19774152220218,13.59278712214132,4.5873866693345935
1802,-111,-74.0,-225.0,9.599287185478396,7.311303642010184,3.2763159339019867
1803,-102,-62.0,-164.49478760049803,12.867379918714366,9.07724373685212,3.6942516211101495
1804,-104,-77.0,-202.0,12.703858067197094,9.228630848033612,3.575022415837976
1805,-99,-76.0,-239.0,11.772457224924178,8.987047630938795,3.907967160910879
1806,-94,-60.0,-146.0,13.56729351535403,10.04704444712021,4.117589030486601
1807,-109,-74.0,-191.0,12.16924544586851,10.822069842946124,3.355619146788182
1808,-110,-68.32414922262045,-225.0,9.065188091918948,6.375209156241157,3.494795481019481
1809,-101,-67.0,-126.0,11.872389053719212,8.763307651152829,3.696590496587613
1810,-98,-73.03517562011272,-104.05461087724046,11.795698758940794,9.155273994879316,3.631336067535704
1811,-111,-72.0,-199.0,12.082600334859366,9.692683064522214,3.0188454489333902
1812,-115,-86.0,-299.0,6.950591543916712,5.734717626241627,3.005141514400853
1813,-103,-77.0,-212.0,10.508518375682074,7.636509278965288,3.788146418838703
1814,-90,-71.0,-111.0,16.363478705897705,12.76953903695408,4.08834729736309
1815,-99,-58.19998480130115,-116.0,16.73478906837459,13.56812474861458,3.868064292484073
1816,-98,-60.0,-140.0,13.085990733318619,10.502484324766789,4.002196283173438
1817,-96,-71.61030811983545,-151.14947626213947,14.07706794195883,10.495270763939663,4.28741690492604
1818,-92,-63.0,-144.0,15.588000996976708,11.98389765196129,3.986486337834165
1819,-101,-69.9342065138861,-154.6857812457304,12.998328872858014,9.957141048521418,3.4464188634343884
1820,-107,-77.0,-196.0,11.968490978273806,9.709073843842118,3.336704353330593
1821,-100,-68.0,-162.7336941297854,16.62865081293956,13.03869541941178,3.7284013746917455
1822,-113,-77.0,-208.0,9.183341260553734,6.31844327910563,3.003865286354571
1823,-100,-63.0,-145.0,16.54661058904685,12.769523314315204,4.071334174513881
1824,-87,-54.0,-86.0,21.55872540203297,19.29400940111679,3.898640922141116
1825,-100,-66.0,-181.767419916361,17.510857750675953,14.32433487115528,3.686414011560652
1826,-103,-68.47098697555671,-253.0,11.951711751354713,8.4316736695557,3.884302117714274
1827,-99,-77.0,-165.9408776581151,8.68230553579453,5.620364469608351,3.7228191030168527
1828,-113,-80.45888821093972,-267.0,7.7433458232566785,6.161107440611523,3.008169973920711
1829,-93,-59.0,-162.3494808309795,17.391171591979276,14.026294039056744,4.053983150143265
1830,-92,-72.82741823130539,-131.0,14.377723827780422,11.116461725779342,4.217304519436362
1831,-107,-69.87082540934863,-212.0,11.184757657454364,9.20274321521622,3.263844898918306
1832,-97,-59.0,-122.0,16.295137850225714,12.5473359199943,3.7172750479495376
1833,-87,-65.0,-157.92999684188374,16.922482040118545,13.775388766499695,4.177237086533036
1834,-118,-88.0,-289.0,7.476359198005729,6.684721917654846,3.3463463718662725
1835,-91,-71.0,-109.0,15.018028751763271,11.455998731969544,3.786186880373369
1836,-115,-86.0,-275.0,5.752421908626484,3.886419296342643,3.5783563308508217
1837,-102,-76.0,-212.0,8.497998003212752,6.699282351810043,3.5010240098386216
1838,-91,-68.66859732818571,-145.0,16.555751484327477,12.855782559776989,4.204147285255865
1839,-111,-71.0,-199.0,11.090896655612836,8.604174523570364,3.4212666265477893
1840,-90,-70.51756959904948,-169.85867184116594,15.280145725355318,11.889224416140792,4.286784141323612
1841,-100,-76.0,-253.0,13.736042504124292,10.407650752378377,3.57218197678225
1842,-108,-82.29329131646436,-195.0,10.30306731168673,8.258298408568852,3.625695096388362
1843,-98,-64.0,-120.0,14.225178501781029,10.511325982791403,3.609959697533011
1844,-112,-79.0,-249.0,13.377025202732964,10.589563818918997,3.6714409428607033
1845,-94,-64.0,-133.0,17.99649545922932,13.878752450038384,4.074204464127894
1846,-107,-75.0,-253.0,11.832157354742103,9.787814562762332,3.3120916448378708
1847,-109,-75.0,-212.0,8.178038842734491,5.958206779991904,3.336169154902112
1848,-105,-76.0,-262.53216504988075,10.892371109409623,8.459433207018899,3.6076432068895503
1849,-88,-70.0,-118.0,15.965050483854265,12.60715085962899,3.922653212526715
1850,-91,-67.0,-112.0,15.189266557900632,11.668646759838458,4.408911887466564
1851,-93,-66.0,-104.0,15.813269002581697,12.227994506912069,4.117013365510295
1852,-85,-59.0,-133.0,16.14804860042727,12.954063565119409,4.442980753034513
1853,-78,-53.0,-82.0,23.742505867203946,20.579044963325664,4.43618178448402
1854,-97,-68.0,-149.0,17.717539062006026,13.31674488336144,3.894007643307951
1855,-103,-76.0,-203.0,11.253157524149264,8.488968614160399,3.512363141586195
1856,-98,-57.48752931505651,-175.30820703052817,16.928258119936523,13.7023168282781,3.76417147999937
1857,-104,-82.40232264201369,-191.0,9.007350613920194,6.192905929562031,4.263790782618284
1858,-87,-57.588200213717215,-105.0,14.636612670847247,11.260853476723115,4.177998371092749
1859,-96,-67.0,-180.69019243198537,14.137601883564988,10.57259924774016,3.8884293784594335
1860,-102,-80.0,-226.0,9.586133043310012,6.762851265917146,3.6892662824059865
1861,-102,-62.0,-122.0,13.097797402691416,10.14011877369887,3.703902717399885
1862,-116,-81.87345342585401,-263.0,5.953052029958087,4.321361315838904,3.493162450150161
1863,-90,-63.0,-145.0,18.572208351975284,14.58880925694319,4.300551922885508
1864,-112,-81.29169440930472,-180.0,13.397464173718395,9.258946866851744,3.4896236617319483
1865,-88,-64.0,-154.36495459271092,13.557279093312033,8.844833157625047,4.040488309929146
1866,-112,-80.0,-195.0,14.137943020261753,9.820600741084274,3.2827897813855005
1867,-100,-84.18959971240494,-234.0,11.30165101858032,8.886105872061226,3.908882581305709
1868,-107,-78.0,-224.0,12.05030329471297,9.810841870229602,3.6856920363461834
1869,-110,-70.0,-171.01977489600617,11.282457012930106,9.845794288077457,3.508590812766022
1870,-103,-71.0,-142.0,15.942557349366368,12.896829629705277,3.570698711640178
1871,-92,-65.0,-98.2687796615638,15.95989530899061,12.549805098653078,4.06208134342449
1872,-108,-70.0,-196.0,8.17944131701602,6.010316358127296,3.74608441467807
1873,-96,-63.0,-119.0,17.281206852102486,14.763232368174778,3.909651499011197
1874,-85,-72.0,-170.37596187370184,12.850820754809908,9.017676117995642,4.295418587527983
1875,-101,-67.0,-108.0,16.772835554028696,13.514922471963075,3.885261540255505
1876,-109,-72.0,-196.0,11.865130175616352,9.33972512105954,3.695091107428278
1877,-94,-65.0,-157.09924755770163,15.735428973200566,12.58040928372447,4.364487378204738
1878,-116,-84.0,-260.0,5.949843696665303,4.35126407403946,2.916844987376912
1879,-86,-65.0,-157.71277140730908,11.573915488133178,9.580737264774026,4.55839790067691
1880,-101,-80.0,-215.0,9.106930584814545,5.108421898771288,3.747188205347761
1881,-108,-72.0,-196.0,9.47359834426597,6.844948759783184,2.6897995422829784
1882,-83,-51.0,-70.0,19.293253661287697,17.002695639247328,4.379570757898733
1883,-117,-84.82476048211247,-272.0,7.731579909918542,6.211579240451854,3.332089313019972
1884,-88,-70.0,-132.0,19.213587759066048,14.130811166699054,4.240606376704368
1885,-94,-66.0,-154.0,14.076501853791584,10.711401028433972,4.225188571747217
1886,-102,-70.0,-155.48959080175032,15.139382560795372,11.29266087003523,3.4488039448554435
1887,-82,-48.0,-106.0,24.38245660655002,19.89514738496364,3.985414932213272
1888,-104,-70.0,-208.0,8.889026933670008,5.429796650295438,3.6149930757154936
1889,-87,-65.0,-145.0,13.621417879505806,9.258166595739311,4.059749446969107
1890,-100,-70.0,-145.0,13.752999992250668,10.486940278509064,4.045857493677336
1891,-112,-84.0,-275.0,6.818562074340348,5.159885025655045,3.220898863938143
1892,-85,-63.0,-122.0,14.321214241871164,10.49496165756354,4.1801901156368375
1893,-112,-82.51241629050402,-199.0,10.541448060981764,7.638040209054436,2.938973222674157
1894,-91,-66.0,-143.0,13.849241845912038,9.753133321395175,4.385049127970543
1895,-93,-68.0,-164.91794310139682,16.872657034472752,14.027432478188253,3.5661843605147263
1896,-93,-68.0,-104.0,14.541212090822622,10.091413078909724,4.157429779798211
1897,-100,-67.81995617740488,-164.22163587133264,14.74757949924003,10.87153615387074,4.325730011021386
1898,-101,-77.0,-181.0,8.653416431238263,5.48041555843068,3.831789955271533
1899,-107,-79.20966970602875,-224.0,11.987379786252724,10.295391185016598,3.546307090664948
1900,-102,-67.0,-128.0,13.661075074116045,10.131201428052126,3.947215996488599
1901,-111,-80.0,-231.0,8.135352360197254,6.179865399775856,3.637109546266112
1902,-79,-56.0,-100.54423568812551,21.58920173122633,18.359504083261395,4.241857848274188
1903,-97,-63.0,-130.0,17.50878461689312,13.13342592354369,4.239065862256066
1904,-101,-72.0,-240.0,10.258671423387716,7.788408970112593,4.137862750660139
1905,-90,-71.0,-118.0,11.617719754591938,8.549134053161213,4.152183978524476
1906,-109,-73.71361832043912,-201.0,8.908719129653814,6.328093708710275,3.2109317059037825
1907,-113,-78.0,-208.0,8.183895067958185,6.445656241932506,3.142497918740382
1908,-95,-62.0,-160.47280029176227,15.165744671152488,11.496892194236985,3.838233778903589
1909,-98,-72.0,-211.0,10.910084421607529,9.156239423952952,4.053009017273238
1910,-93,-69.23292463921187,-124.0,12.317583619538848,8.47826736336776,4.418188011012912
1911,-98,-70.0,-175.0,14.718843798030498,11.630808345255913,4.041064322728697
1912,-100,-62.0,-107.0,14.799916785641232,11.042769098420967,4.02275567776365
1913,-100,-77.0,-175.16684643176043,7.93508453148059,6.382305967336556,3.6782411462312767
1914,-112,-82.83939187858577,-212.0,11.442366070420233,9.244829616562004,3.102462191251176
1915,-77,-61.0,-96.0,21.3719588349136,18.89371416474015,4.063128191125244
1916,-86,-73.41113045942436,-126.0,14.146570329227576,10.724959030116096,4.448208506854892
1917,-95,-67.0,-157.60466567143376,16.24941515711295,12.938294818003508,3.782395789982417
1918,-99,-70.0,-154.0,17.59314024402411,13.716549430620796,3.964837796891364
1919,-111,-81.68914768279605,-239.0,9.647295571971911,6.8486629728845605,3.364352317981861
1920,-100,-60.0,-156.15255903550286,17.77612215386367,13.82220237289886,4.028077550197492
1921,-90,-63.0,-155.95226591398912,16.20798022202231,12.448315269682608,4.1518070324517735
1922,-86,-59.0,-115.0,14.12085245106193,10.326185371139651,4.237648950539184
1923,-107,-84.03286077369582,-223.0,12.53852570438545,10.514988951535258,3.563259984562016
1924,-98,-72.0,-166.98798445045296,17.22938216820055,13.777542698520206,3.532788229460789
1925,-85,-57.30650416795917,-152.15425993535067,16.831360156914712,13.031999724815757,4.0805032440341655
1926,-109,-78.0,-236.0,8.170516756050969,6.196962270627584,3.025009931813869
1927,-102,-70.0,-175.0,18.982029459521595,14.2206502601654,4.1458747863671634
1928,-108,-68.90770521267612,-244.0,11.740969447979948,10.171104838481568,3.847760728248757
1929,-118,-82.0,-287.0,6.422643657073422,4.768586908672556,2.684058121168976
1930,-93,-64.0,-156.69280463365436,14.21282236290678,11.085440130711271,4.237670949383932
1931,-96,-59.0,-159.53802342855678,16.133695036789696,12.196309760789608,3.85887552956335
1932,-108,-78.0,-182.0,8.661831338657542,6.50216355019149,3.601867926521152
1933,-89,-72.0,-130.0,17.65544992397835,14.579343150302943,4.51075968657595
1934,-101,-72.56567317937028,-193.0,8.764575031504709,6.270741815802956,3.701577277931467
1935,-113,-80.42005715272278,-292.0,6.16903117041559,4.937123154982684,3.493605819741532
1936,-78,-52.0,-73.0,22.464936913739407,17.704694621299716,4.464225173787012
1937,-95,-68.47904091023497,-167.92874271747158,16.07506649977163,12.166931415703845,3.82336153672332
1938,-97,-61.0,-131.0,14.801597805457297,10.84695604409914,3.372968121516761
1939,-102,-56.40541042218937,-178.30400270011017,16.445866024320374,12.778096012436826,3.801004892003644
1940,-106,-70.0,-209.0,11.843415453668808,9.613891284448387,3.390776020147717
1941,-114,-83.11882926257444,-180.0,13.160955700174434,9.955642606263504,3.431478100196629
1942,-120,-80.41750897423577,-246.0,9.186681298592529,7.586187854815733,3.318869598115131
1943,-92,-62.0,-168.21159735696392,13.204808680748744,10.568641569168976,4.428400569883671
1944,-97,-62.0,-166.06443059155916,12.1652324805119,9.100480977523658,3.790260218503959
1945,-93,-71.0,-155.4754766783687,16.81154631809352,13.620959161709244,4.147699212676814
1946,-92,-71.0,-114.0,16.69413688630363,13.23159104534069,3.814074417405641
1947,-92,-61.0,-104.0,16.588935121331986,13.264976794291496,4.311829027642396
1948,-114,-87.0,-245.0,9.080243241049216,6.931853549170932,3.4687266794768545
1949,-98,-71.0,-189.0,9.018041767195896,6.434750951390004,3.8406928216816585
1950,-98,-80.0,-245.0,9.751441715064573,7.155654487475094,3.7221648763353743
1951,-89,-60.0,-166.7823814982944,15.55493768033684,11.824699936219254,4.085837191992684
1952,-116,-82.03645305789615,-274.0,5.753681144393123,4.4068358926135245,2.970031262743675
1953,-103,-61.0,-122.0,13.207723999264323,9.874583926750727,4.111036477474732
1954,-94,-63.0,-111.0,11.154835678597522,9.43314948201859,3.876106550416612
1955,-102,-72.79341592135272,-144.0,15.487862098244603,11.631419387564216,3.2940981015587334
1956,-101,-61.0,-171.0848430797962,16.969581906117618,13.578751720061856,3.30013817581594
1957,-105,-74.0,-204.0,12.260606681634128,10.019880064063583,3.4300448739295275
1958,-108,-77.0,-201.0,9.051135049792936,6.778971358441556,3.4521875686977914
1959,-109,-77.0,-252.8209704076388,9.747725208161109,7.419780272333121,3.948798851105814
1960,-99,-58.8362136818462,-122.0,15.080765374598968,11.349217597819436,3.7012722421106616
1961,-107,-82.98065338507436,-190.0,8.750193425517606,6.626439187260435,3.7190804037503447
1962,-112,-87.0,-242.0,5.7395241357704485,4.2691811606981815,3.519039934567063
1963,-92,-64.0,-104.6535937370302,16.023516267502693,12.644700760306822,4.495187167893315
1964,-107,-82.0,-241.0,10.44495159978722,9.107072362238156,3.688076338749703
1965,-106,-71.0,-194.0,9.292173100793361,6.787019422410264,3.719771948423741
1966,-97,-56.22131561049645,-152.0,15.966772742105132,12.054865468294912,3.989539699562806
1967,-89,-65.0,-134.0,13.608876866890867,9.309030617088352,4.302030806880179
1968,-89,-52.0,-96.0,22.83560754296389,18.76387538303934,4.620115230899723
1969,-94,-59.0,-103.0,13.501705946382334,9.66977699259944,4.432328760390036
1970,-88,-64.0,-146.0,14.788498225046627,11.017414813691126,4.427838750841193
1971,-114,-71.0,-249.0,12.627935913753982,10.290653728016672,3.281309493582548
1972,-105,-78.0,-212.0,8.416062122556667,6.515061431399748,3.6319727704007807
1973,-119,-84.0,-240.0,6.660419329022469,4.954306416763453,3.107688810950373
1974,-97,-70.0,-105.0,16.994806206605595,13.724417119483078,3.954498313521666
1975,-110,-82.5898101160308,-213.0,12.099373552990329,9.694420166044646,3.3861494114850883
1976,-103,-65.0,-104.0,17.78757722332849,13.695072613033062,3.5633249179983717
1977,-93,-71.0,-129.0,14.29391995914816,11.258628492516555,4.158295157416143
1978,-109,-75.0,-260.9230995294381,11.119588186202503,8.173155823514737,3.476764462448702
1979,-89,-61.0,-112.0,13.555891053534591,10.338483326958109,4.009590381494593
1980,-97,-64.0,-109.0,14.738365779495286,11.607005202139806,3.651293586990703
1981,-91,-73.63668235943992,-175.0,12.25569504387756,8.50358912689425,4.119615125311808
1982,-92,-67.0,-171.38154577463445,17.55746338306501,13.638289045788577,4.10608313064567
1983,-84,-57.218605810713555,-87.0,22.7193640966576,19.471538457261754,4.496790202161813
1984,-98,-72.0,-249.0,8.201065538261151,6.180397450035512,4.016090624035315
1985,-110,-74.0,-212.0,13.318306691457298,10.418863129436753,3.517638471509668
1986,-92,-63.0,-170.36836324167453,15.019296168792527,11.571101336450138,3.984926804509288
1987,-113,-72.0,-198.0,9.13413150494243,6.758775174395916,3.4856943606618254
1988,-94,-66.0,-133.0,17.067441845490322,13.498267028550885,3.906868242211144
1989,-102,-65.0,-108.0,12.66537984309725,9.621289885930064,3.734909670902552
1990,-91,-64.0,-146.0,11.571491241211179,8.95541612647652,3.926446047934934
1991,-107,-72.0,-196.0,13.356897495942535,10.206166289388438,3.652693515806893
1992,-102,-72.0,-106.0,12.658875951494409,9.267453607990838,3.5734220181966707
1993,-98,-80.0,-190.0,9.184903915985538,6.427628471449157,4.058131755874847
1994,-103,-74.0,-252.0,11.420650020338407,9.443448675677534,4.259633265883181
1995,-113,-72.0,-202.0,10.366419116372285,7.409948136528331,3.147162751451731
1996,-87,-66.0,-134.0,11.950328445029198,8.820385652166559,3.947660956380452
1997,-91,-65.0,-142.0,13.676250397885388,9.146585502858375,3.985215542182968
1998,-107,-74.0,-213.0,12.905130801649099,10.599997569753551,3.7647084526400834
1999,-88,-63.0,-150.0,14.882266069525173,11.11768459833728,4.320452865946199
2000,-91,-71.97572301758657,-136.0,16.90127372193126,12.90346248565082,4.2052030274022405
2001,-87,-65.0,-148.0,16.760414791697226,14.219477449106137,4.284195605059431
2002,-102,-70.0,-170.89107627013533,11.343920459586123,8.608844928882707,3.0949027821122925
2003,-104,-74.7223473824804,-201.0,10.440902377465296,7.710288207398328,3.76032102923018
2004,-85,-56.0,-90.0,24.7388087301141,22.230669479623828,4.5093602824108805
2005,-119,-82.0,-293.0,5.16634099565136,3.210379165847776,2.4694733364270705
2006,-101,-57.34131684484224,-107.0,16.84563520389586,12.89762669322231,3.3838605147565715
2007,-92,-72.0,-147.0,12.729168748124806,10.177223570856263,4.141914904965603
2008,-103,-66.0,-115.0,14.830702489331104,11.02961353486732,3.591001508518874
2009,-109,-74.0,-231.0,10.341924865440594,7.986076860967637,3.70584339531202
2010,-103,-64.0,-128.0,17.236284819438065,14.11002219437989,3.720743147683344
2011,-90,-63.0,-166.01609013153336,14.37042203433941,11.247006770880065,3.8848487695475633
2012,-117,-87.0,-272.0,8.845433332325884,6.554870759452173,3.1448680752841427
2013,-109,-83.07692003168948,-251.0,11.083758654100896,9.11395091677146,3.597457668465511
2014,-101,-67.0,-133.0,16.2022438344261,12.640477108347056,3.424905806753629
2015,-90,-72.0,-130.0,12.884369170279555,8.926653895636377,3.83165369609624
2016,-104,-74.0,-206.0,7.963075091225987,5.841398341855254,3.681648789802452
2017,-108,-77.0,-208.0,11.741034474964527,8.874936169593761,3.44241899009717
2018,-92,-71.0,-93.24014857867552,13.166028083857778,8.650623505853119,4.199254088334146
2019,-81,-51.0,-105.0,24.792083796356067,19.966726921279555,3.968737830170909
2020,-114,-80.71574030815327,-188.0,10.408678938030366,7.77979712680871,3.0337520215645464
2021,-96,-66.0,-128.0,15.039469600950063,11.49687555856973,3.61721329955132
2022,-96,-70.0,-135.0,15.96510055439126,12.585620155589686,4.058137819620534
2023,-100,-75.0,-210.0,11.28943934818022,8.31179371033572,3.961815865947124
2024,-120,-86.0,-273.0,5.042513659199396,3.6866507876426153,2.8465514033976653
2025,-120,-88.0,-253.0,7.760605591675428,6.27050414062615,3.5398479787579897
2026,-108,-78.0,-177.65538190312313,10.4417185957066,7.789901597088359,3.568932858970951
2027,-114,-81.5346677691808,-220.0,8.462350429370925,6.216142463392296,3.041068544026151
2028,-92,-73.55062820073219,-149.0,15.37951541476363,11.753058554689584,4.353323236502612
2029,-98,-68.80747707958133,-178.0564367010435,13.816642294210359,10.150390744754862,3.6656180472795072
2030,-98,-71.0,-126.0,14.891388424747507,11.12625632021842,3.62014185843048
2031,-89,-63.0,-154.0,15.72068701370529,12.420114848801138,3.9664620199905216
2032,-86,-70.0,-146.5668876787547,16.575199262672534,13.364781695298126,4.368263032318049
2033,-92,-70.0,-176.19865943064778,15.111376286545234,11.48976567350646,4.188718842545365
2034,-89,-70.0,-169.71512997228544,18.16719638660832,13.578016505625731,3.919062867247863
2035,-107,-81.99589154634295,-220.0,9.317624850798254,6.974621673001549,3.940438589660588
2036,-99,-68.0,-160.8076272273102,12.605821786540412,9.146139471505936,3.5729124824289142
2037,-102,-64.0,-161.12955631356772,15.219006061468589,11.442374625533253,3.6674279300211374
2038,-109,-74.0,-205.0,9.28221431153034,6.882839628706385,2.892617816271627
2039,-92,-57.05209640924748,-162.01365519361065,15.087041889587876,11.619638502517324,3.679574848937798
2040,-98,-79.0,-209.0,9.176700996258424,6.573690033548572,4.088874179520245
2041,-92,-63.0,-108.0,14.151570585929782,10.177211191869004,4.242406096279677
2042,-90,-59.0,-164.86410383057452,11.641254766698689,8.454054078837894,4.242860406076222
2043,-113,-86.0,-295.0,6.338322878910549,4.594188579424394,3.497565573224242
2044,-107,-70.0,-231.0,12.25584621498958,9.203190283088489,3.5357310967957774
2045,-79,-52.0,-101.3229576971558,18.353861334754196,14.52774025615421,4.268965315838947
2046,-95,-64.0,-175.0,15.01981742947617,11.449808993290564,4.151668857800745
2047,-100,-67.0,-109.0,14.576874648469156,11.379663733501538,4.1674339065918655
2048,-90,-70.0,-150.0,15.56745108701138,11.798374751007673,4.3217866870664094
2049,-87,-74.05814320125977,-175.0,13.437343244509352,9.957596716641063,4.132450379730217
2050,-93,-59.0,-174.03615129258046,16.58074125753182,12.997080271415555,4.5469075692552
2051,-111,-75.0,-198.0,11.429451015830473,8.418792563973184,3.277068077020557
2052,-99,-68.42643216526182,-109.0,15.548308046906811,11.690059894648098,4.105369888035332
2053,-88,-67.0,-116.0,13.461962301980618,9.713907905589776,4.092578416025092
2054,-112,-79.0,-194.0,11.955873897339789,9.69872093188835,3.048506169408886
2055,-104,-71.0,-253.0,10.348520121570209,8.084056266901372,3.697872891454479
2056,-81,-52.0,-80.0,21.960960238410564,18.55988993030087,4.385110763205521
2057,-120,-87.0,-275.0,6.241456651239476,4.417401345463558,2.82412421302616
2058,-106,-72.0,-250.0,8.075245074603195,5.98757910363943,3.2980173033718496
2059,-105,-71.0,-252.8927248824451,10.4512063721264,8.290802674715222,3.4794965759335987
2060,-85,-53.0,-93.52743250067233,20.621482715362227,16.598614594172837,4.314179791821168
2061,-96,-71.0,-146.0,13.679307816671143,8.924214877326008,3.180244678998962
2062,-89,-72.90842777684834,-105.0,16.410237500425612,12.548556558653074,4.165268793301372
2063,-97,-71.0,-129.0,15.635967996014257,12.381346000571858,3.5352673852385066
2064,-88,-57.54940415649655,-114.0,17.754296250171677,14.68837303465524,4.496219283696993
2065,-102,-68.0,-138.0,16.91375777710879,14.134884860214605,3.526459502351164
2066,-103,-72.0,-139.0,13.346892093148739,10.139588366081496,3.7720369376167775
2067,-77,-63.0,-73.0,24.85479856607968,22.31607634012483,4.309938992042124
2068,-91,-64.0,-149.0,17.552543876367885,14.26112624424108,3.7299793778707935
2069,-105,-82.0,-160.97209902813526,9.662716204932392,7.295540665632218,3.918648742482188
2070,-102,-73.9422913894471,-128.0,14.934993450571405,11.041805488424092,3.9237391987664
2071,-90,-74.46765616216886,-152.0,16.90751274610903,13.443091848820556,4.287190480976257
2072,-107,-71.0,-164.5917903244481,12.060162300576348,10.183022348371557,3.345232371255119
2073,-119,-87.0,-283.0,8.103033311998901,6.0026713863515,2.6958014388627243
2074,-100,-61.0,-103.57914766312005,12.528976742634734,8.978685723113504,3.840147988793701
2075,-112,-70.0,-202.0,13.392758555943892,10.251334061777044,3.268702399726468
2076,-100,-71.0,-228.0,8.99336560863839,6.829152296090698,4.440300535259253
2077,-103,-65.0,-129.0,14.047487674411752,10.753282883446076,3.987989943160422
2078,-96,-67.0,-155.0,15.211864432855725,12.184491405418669,4.161110236986101
2079,-100,-68.0,-128.0,11.907748639180081,9.150968119275593,3.722768012962706
2080,-100,-65.0,-129.0,15.245058051414636,11.4068960175569,3.468107207200658
2081,-81,-50.0,-95.0,19.609422948149003,15.412151057727256,4.221320463369293
2082,-98,-83.55056796253055,-163.88282085795052,10.107286890662806,7.265621447302649,3.8394922414097183
2083,-88,-64.0,-103.91824545925941,16.044680162890582,12.705325009103198,3.722825746363821
2084,-87,-63.0,-146.0,16.899247240004307,13.63892677024134,4.026405851566692
2085,-93,-69.95908977787028,-165.93946466765374,15.373299213448725,12.159300037926284,3.8865934545422314
2086,-78,-50.0,-85.0,20.55202633284432,16.846133286740077,4.087574065474305
2087,-93,-59.0,-150.81866771063258,15.274077189276,11.61381371491106,3.9069770377676414
2088,-99,-72.0,-149.0,14.269565229223756,10.316100298633351,3.645674102743989
2089,-87,-64.0,-125.0,13.47230583777909,9.7125785912242,4.103629342925229
2090,-84,-52.0,-76.0,23.493121002866985,20.022553674605383,4.374595985105627
2091,-88,-72.0,-134.0,15.362527703229013,11.574813048157798,3.961459990568093
2092,-88,-64.0,-131.0,16.534440537050898,13.277481114270412,4.162282786041767
2093,-109,-79.0,-205.0,8.968937845944742,6.372080047345646,3.4586403384630158
2094,-110,-67.20389874087894,-205.0,8.761244651261205,6.05041907277729,3.23389605335334
2095,-98,-71.0,-168.92409070017285,15.848852165376062,12.045046665454358,4.14652020338748
2096,-117,-80.89340483102293,-288.0,7.841735859866914,6.184722805395221,3.038669836836239
2097,-102,-79.0,-206.0,13.361457039562335,10.292930129427374,3.8123108361642033
2098,-101,-74.0,-210.0,8.380267024809447,6.484397134579568,3.510929444061045
2099,-93,-68.75595673551797,-176.80183399399314,12.803232947219344,8.625608475038382,4.206422403429948
2100,-77,-55.0,-89.0,20.91041803953875,18.75310851245492,4.2171499303324005
2101,-102,-62.0,-191.40420391202434,15.027000980137108,11.705315633924297,3.753759520701777
2102,-104,-71.0,-192.0,12.864154763858675,10.067345723748526,3.40386660964874
2103,-87,-69.3345490511712,-125.0,17.50620519715703,14.447089839202055,4.456943294474135
2104,-107,-79.0,-246.0,12.884004494856642,9.710868552100736,3.6738141916509455
2105,-107,-82.0,-184.5504579483461,11.599018667957516,8.731341173169278,3.464967852433242
2106,-98,-71.0,-114.0,12.863894583003068,10.063287809775272,3.5781769809695883
2107,-101,-68.0,-135.0,17.11027162067523,13.465368422764588,3.5085755101845946
2108,-98,-59.0,-117.0,15.586441773864673,11.999967869279226,4.477933042060402
2109,-85,-68.0,-140.0,17.236726892458623,13.827080854213584,3.998078595083671
2110,-103,-74.0,-184.0,9.306440843543283,7.259192881474682,3.962867678590592
2111,-93,-61.0,-176.36049323619687,15.530750531665642,11.857800623583898,3.94668134366719
2112,-80,-63.0,-71.0,21.980768689151176,19.65012049727769,4.241031925901302
2113,-90,-74.8166800145506,-152.0,14.063726371395775,10.830018256071344,4.288079322950359
2114,-98,-72.0,-245.0,9.459331027472205,6.688022358546709,4.33849202516089
2115,-103,-71.0,-228.0,9.558438500416502,6.558532079050067,3.847965241676303
2116,-79,-59.15969945486309,-110.0,21.23770084389821,16.968865459247567,4.291644531538985
2117,-106,-72.53713325417158,-229.0,11.363241362972728,8.68940867513865,3.922615448323492
2118,-99,-70.0,-126.0,14.472578865492506,9.743939486815282,3.724121252466609
2119,-101,-66.0,-168.51894124510574,14.013729318493361,9.910685917992794,3.6122000348804058
2120,-106,-82.0,-251.13139330024487,12.506668387323646,10.469088008915808,3.6028152882029034
2121,-100,-65.0,-152.0,16.737771460419722,13.61826601575614,3.7201095150101833
2122,-107,-82.0,-200.0,9.814476161713664,7.513554391535565,3.653593388580631
2123,-98,-61.0,-114.0,15.832113758003125,12.123151022386097,3.770342359869168
2124,-96,-65.0,-155.0,16.991280032606504,13.881781813049257,3.944817438467647
2125,-111,-77.0,-184.0,12.27285071954401,10.759807118782586,3.378069211096371
2126,-113,-82.93555838052497,-193.0,12.728377075588206,9.427691919293611,2.831865542422898
2127,-99,-67.0,-148.0,12.371944470811606,8.42783285417898,3.6153321872162314
2128,-115,-85.0,-242.0,7.636344596345911,6.077593285918799,3.361208029966221
2129,-85,-63.0,-103.0,16.992163690856078,13.316109716229196,4.552701485587742
2130,-109,-79.0,-191.0,9.582234604838831,7.503264377321887,3.349902036394142
2131,-97,-61.0,-104.0,12.992416115504032,8.16509469145299,3.930642771881956
2132,-102,-68.0,-141.0,11.84947353442192,8.956905379973518,3.6959878406887032
2133,-107,-82.0,-172.77512552315937,11.007614338510821,8.88264636556335,3.544592544537344
2134,-115,-84.13624229473002,-289.0,7.730263500820932,6.712799715958759,3.065088754687942
2135,-96,-62.0,-151.0,16.711604924756976,13.517792798015382,3.736390303757977
2136,-96,-66.0,-129.0,12.292905431527059,8.547313131292254,3.9863466256197815
2137,-107,-72.0,-198.0,8.270870355565279,5.927370719120228,3.338185584681617
2138,-118,-87.0,-249.0,8.65650289517932,6.650816854188697,3.007288728529188
2139,-98,-64.0,-101.7341495343447,14.119670308000801,10.621631711247591,4.10664151206196
2140,-99,-59.0,-124.0,15.12447811624661,11.796853030531755,3.9109829363536575
2141,-107,-77.0,-254.09645870560138,13.361838265368654,9.93734388799163,3.602540223950511
2142,-88,-71.0,-117.0,12.838123573949392,9.094048890918762,4.365084466642598
2143,-88,-70.0,-135.0,14.052542029698232,10.211923011647666,4.119045208766762
2144,-90,-72.0,-121.0,16.623727694203115,13.098467806498974,4.334635957671398
2145,-101,-77.0,-230.0,10.951285891970192,8.007742852084085,3.942630080793264
2146,-99,-57.25557548112783,-173.09107153600743,16.956610525817233,13.550582637218811,3.940676441768264
2147,-87,-60.0,-120.0,17.45329588778512,13.764728864441558,4.372569919807342
2148,-105,-78.0,-205.0,10.619009223130956,7.879869716163906,3.3483142828703665
2149,-101,-72.49749435175018,-119.0,15.647432239113254,11.71223841860984,3.3801788317932804
2150,-107,-71.0,-223.0,9.50145653708656,7.07013110082081,3.848617243869464
2151,-82,-50.0,-96.0,22.647660788363147,20.643600658302084,4.221508907663785
2152,-91,-70.1571029531469,-125.0,12.541419269237458,8.666670891149046,4.246126846154733
2153,-118,-83.47815525643834,-283.0,8.992154034063399,6.86451875510141,3.234169494982708
2154,-99,-77.0,-251.0,8.702855266310035,6.560757808408315,3.969583096447253
2155,-98,-68.0,-124.0,16.013585218473114,12.53411533696104,4.271042648175114
2156,-102,-72.0,-165.91294743531031,12.19608303342998,9.33294093105527,3.6376937848962942
2157,-86,-71.0,-155.0,11.944832669863974,8.680637946857175,4.154268891009483
2158,-100,-78.0,-215.0,10.295772016344367,7.537406056019568,3.5199072823080355
2159,-98,-76.0,-250.0,11.5526281143641,10.288392713413778,3.674384381721109
2160,-87,-65.0,-134.0,14.231120804015791,10.794305781140215,4.217716176889168
2161,-97,-68.0,-127.0,17.81759621600491,14.499633234241337,3.9046267899685674
2162,-109,-79.0,-233.0,12.988409020618437,8.873678810241806,3.707901887219588
2163,-113,-70.0,-236.0,7.683057695395846,6.175932304405661,3.219676705829187
2164,-91,-72.0,-174.0266636543205,14.56331843841912,11.27829925272552,3.74435464681827
2165,-112,-80.0,-223.0,8.037238873668496,5.20558095427646,3.338047492790238
2166,-93,-74.47219537943039,-111.0,13.824125457177129,9.737408229689525,3.740846719469959
2167,-101,-58.434542480776194,-121.0,16.258149216884757,12.49803106177104,3.4925649834725827
2168,-97,-69.18325901215476,-138.0,17.68034554805701,14.089253170362916,3.5023750637474578
2169,-110,-72.0,-237.0,8.511060740928102,6.253530838046654,3.5270642740975906
2170,-108,-76.0,-235.0,9.480942535506028,6.521736183990793,3.537630498031556
2171,-112,-85.0,-300.0,5.525804588671775,3.7535593215417897,3.4075529205809456
2172,-100,-60.0,-165.25682041631111,13.174038248801988,9.096096826706969,3.93837501756032
2173,-91,-72.0,-130.0,16.071197338370986,12.151388106309575,4.062359699133948
2174,-89,-64.0,-119.0,16.624510856115613,12.781396166141027,3.904797682129917
2175,-87,-64.0,-155.30738641634906,16.77483558166612,13.992907896288251,4.0882308258405375
2176,-88,-70.0,-151.0,14.057399230380067,10.4852784846628,4.263711683796962
2177,-99,-59.0,-103.0,13.087114475110033,9.857465510565955,4.385962007873824
2178,-106,-84.61002477988178,-192.0,9.827583414978776,7.297117029909399,3.813510588349392
2179,-92,-59.42288516459374,-136.0,15.202810917700305,11.366314981846784,4.323352629410163
2180,-92,-72.0,-144.0,18.12179259601993,13.992397919115897,4.4513500016251735
2181,-89,-68.0,-107.0,14.000888223976304,10.095099235080756,3.841892859101258
2182,-89,-70.0,-157.57478493197695,17.79799194326327,13.8035924335285,4.521109445119861
2183,-119,-84.73769919051473,-288.0,6.416176394492154,4.499905305998864,2.910351570217301
2184,-120,-86.0,-270.0,6.6559592679217605,4.87724273919649,2.9444980156641365
2185,-94,-70.0,-112.0,16.849946180198955,13.130864270823563,4.032307196718536
2186,-92,-66.0,-136.0,14.898478376299211,11.34655723667079,4.292058326026126
2187,-100,-73.10255220175182,-126.0,16.77767229931352,12.804920331720783,4.151925823358198
2188,-85,-73.92840346860957,-108.0,11.882693148800037,8.517217699234077,3.978625484685608
2189,-97,-69.02795957680978,-142.0,17.590979421015934,14.13747649651732,3.749651465870061
2190,-111,-80.0,-169.85944650539693,9.130989300179309,6.242150013167667,3.356097420351199
2191,-116,-82.0,-283.0,8.362210676937693,7.447052794987028,2.857646182860095
2192,-111,-77.0,-247.0,8.551106845953933,6.023491011966662,3.065172111232413
2193,-86,-64.0,-163.02327584184795,17.95253965241697,14.405484561500078,4.181610440423436
2194,-89,-63.0,-77.0,22.024575648538885,19.01056368757104,4.576218191425088
2195,-101,-72.0,-220.0,11.371467070217296,8.757647260959576,4.302407820542645
2196,-107,-68.140224867916,-183.0,8.159828505696218,6.03340271120732,3.4799189705374616
2197,-103,-62.0,-116.0,12.908397670479065,9.109508006085726,3.445675908418589
2198,-91,-72.06269163030913,-134.0,17.431726815445067,14.058834754574498,4.129653735057158
2199,-91,-71.0,-155.0,17.53556076744863,13.277226413696123,3.917709678414385
2200,-100,-59.0,-163.82413228998146,15.796802561987333,11.951176923533945,3.7916585422230495
2201,-92,-65.0,-106.0,16.7101913142754,13.186560462717612,3.986208111766799
2202,-92,-64.0,-155.0,16.545947823680287,13.02114674495886,3.945655152807971
2203,-86,-72.0,-101.89180123954587,16.82270388187307,13.408355025223592,4.55246195087401
2204,-113,-79.0,-173.01155499576967,8.734845652929918,5.987548814199022,3.218551940006033
2205,-97,-59.0,-111.0,16.75794238269004,13.31195530876029,3.78574794484966
2206,-77,-55.0,-82.0,20.77457072794303,18.32436185007311,4.040183268234126
2207,-104,-70.0,-184.0,11.579420919326289,9.152335947819576,3.6507027053327024
2208,-92,-69.13354701337784,-119.0,16.63720060268092,13.398582321088156,3.922033031762652
2209,-100,-69.71047107107417,-155.0,16.40113599328129,12.591653248405631,3.9313187129667626
2210,-86,-71.5511598113155,-150.0,13.33712641008482,10.324314781577176,4.216161617841098
2211,-99,-71.0,-251.0,8.15533208037972,6.095618726898204,3.602320326412998
2212,-79,-56.0,-103.0,20.364631756356115,16.118066258818928,4.212167081206292
2213,-99,-74.0,-202.0,10.36580211961294,7.396807327907225,4.031123226192391
2214,-86,-60.0,-154.0,11.755647028987289,8.428949161211957,4.044404930547853
2215,-114,-74.48536855219237,-190.0,9.260502946475675,6.35145460726208,3.437612770630019
2216,-85,-65.0,-120.0,16.251274055874603,12.40855644064025,4.271938998183589
2217,-98,-64.0,-160.46446328016503,16.909441472802108,13.391424494184523,4.278911877619341
2218,-88,-70.25918828917918,-107.0,14.025731925912712,10.273837003974268,3.834848605599856
2219,-82,-50.0,-99.77231467362445,20.26650228144674,16.829332308936607,4.354008800593047
2220,-86,-65.0,-160.42033074279246,13.621066068748883,10.0901190329064,4.456783599299749
2221,-97,-68.0,-150.0,14.013193033379377,10.636629514406224,4.230436548813071
2222,-96,-62.0,-139.0,17.39751573320924,14.425894413958364,4.315281907220151
2223,-92,-64.0,-112.0,16.416696133734234,12.55943732060846,4.021449985570313
2224,-94,-71.0,-175.0,13.037068354016734,9.387972151795564,3.941811683928468
2225,-95,-67.0,-125.0,15.79649835260658,12.011289967989285,3.870646885426119
2226,-88,-65.0,-109.0,16.992310809307604,13.48807608421642,4.023175331363899
2227,-97,-68.0,-140.0,12.708102259673735,9.08712654249268,3.754388141483618
2228,-90,-65.0,-155.63976808775175,17.68860390074507,13.176227410350974,4.429028655024424
2229,-85,-68.0,-124.0,16.83128153902372,13.352236842149162,4.137773438914847
2230,-111,-80.0,-168.97569150848875,10.682460807639236,8.258691503959948,2.9985332688356108
2231,-81,-53.0,-74.0,17.629397882372132,14.7175012809075,4.154318465414381
2232,-99,-64.0,-122.0,14.865342588906708,11.206919256734109,4.023201906451121
2233,-102,-77.0,-188.0,10.7887452024578,8.268416030214151,3.461385376527546
2234,-118,-86.0,-277.0,7.077629907484574,5.73719988218432,3.199298555260924
2235,-103,-68.0,-114.0,13.465651718887335,10.419586451261813,3.279074038399183
2236,-91,-67.0,-114.0,16.389020484988393,12.589664852767434,4.054047333798572
2237,-101,-69.56198986426709,-224.0,11.266379956362941,8.83354235746081,3.8162664083332274
2238,-87,-63.0,-104.0,15.433296555556792,12.099399750476604,4.184534574543253
2239,-98,-65.0,-116.0,16.54715617793181,13.110315659757976,3.785515501112342
2240,-75,-63.0,-74.0,23.08086316262081,18.60802490355258,4.063687238599841
2241,-94,-70.0,-178.84744648690088,12.668722240969556,9.13983098546781,3.3848215442286764
2242,-106,-70.63225819619693,-170.9012831651885,8.992818318571834,6.361095897207609,3.370691773561393
2243,-91,-62.0,-130.0,15.377383798426058,11.676521669405314,3.95934562421557
2244,-100,-60.0,-108.71402549081289,17.01932981278504,14.037722806124624,4.077787409733952
2245,-107,-78.0,-234.0,12.435122616369599,10.076365622403191,3.4681622293368948
2246,-90,-67.54663864969318,-165.05729879103126,13.702751045382369,10.022585087787691,4.013474243504143
2247,-87,-68.0,-169.20274232293878,14.286472380460076,10.615981941327313,3.9042870097985256
2248,-109,-71.0,-224.0,10.414345743332031,8.217410481260991,3.3404425687345705
2249,-87,-60.0,-110.0,14.577346861440617,10.679189327516909,4.515052955545188
2250,-98,-71.0,-119.0,15.409101921049537,12.001587477766911,4.072851750941204
2251,-118,-81.80551752566235,-279.0,9.283682683036147,7.242575339659597,3.074061693161924
2252,-113,-69.44043694647424,-252.0,8.377466220178938,5.667155109919303,3.4248402328573038
2253,-97,-67.0,-104.0,16.272668043271192,14.443625891121838,3.695278294440698
2254,-89,-65.0,-104.0,15.256780125591408,11.266660787283069,4.131351182543914
2255,-74,-58.51904221122233,-97.0,19.044499425715795,16.93985685589285,4.324808165637066
2256,-114,-75.0,-184.0,10.4527085062954,8.078580537954757,3.140028967230228
2257,-93,-63.0,-144.0,17.996985459634594,13.57241590835332,4.237959779071281
2258,-99,-64.0,-126.0,12.735917095196346,9.307747250235115,4.029364269417035
2259,-108,-72.0,-195.0,10.38955570505994,7.457350464077228,3.2710334349286385
2260,-94,-65.0,-104.0,12.936395895003196,8.505303207792192,4.112069113537262
2261,-86,-53.0,-106.34148767012441,23.09937674316391,19.6594767400374,4.531291340427587
2262,-94,-63.0,-174.5050843670811,14.739189541551712,10.965202472647965,3.781208114785624
2263,-108,-75.0,-166.28277839442194,13.183813661650719,9.57174615084466,3.222973523542937
2264,-111,-72.0,-217.0,8.829644572879758,6.212259133162292,3.770783051278687
2265,-100,-74.0,-182.90221970192462,9.70075875817624,6.9502246946412924,3.4024134670224093
2266,-93,-60.0,-119.0,17.930323683205305,13.25354051048708,3.682100591122612
2267,-86,-57.553160644599046,-109.0,24.03549693595372,21.218472833149058,3.932683401391467
2268,-113,-87.0,-249.94804566828643,6.8187341933642704,5.177217025998258,3.286221074807185
2269,-112,-69.39659335024803,-186.0,12.234619123386725,9.158626501123678,3.493247663642154
2270,-102,-82.0,-208.0,12.217260686726428,9.781389718756994,3.604616658021773
2271,-113,-85.0,-249.0,7.744711404043281,6.346825877352609,2.895845298512816
2272,-111,-79.0,-241.0,10.231992949749614,7.562905593927988,3.1339577448935896
2273,-101,-65.0,-146.0,17.183371107484028,13.927668434464278,3.8768717063128793
2274,-119,-88.0,-287.0,6.364222362705005,4.471211243297781,2.972204702881531
2275,-112,-87.0,-280.0,5.038761038895748,3.19484803425278,3.1559275376189864
2276,-91,-61.0,-138.0,11.711937046703417,8.309067196938974,3.620643928698189
2277,-111,-76.0,-215.0,13.21988607738036,10.230379637035604,3.650478593372877
2278,-116,-85.0,-264.0,5.372299356343509,3.403716737732345,3.41455163813176
2279,-115,-85.0,-246.0,8.168505104895441,6.249729287157345,3.3614788753341625
2280,-112,-77.0,-247.0,9.210586874823395,6.9783017918609165,3.159725168624305
2281,-93,-73.361256017716,-127.0,17.48618489880571,13.627879431599304,3.9178961804656582
2282,-84,-58.38390284561369,-85.0,20.26207251931917,18.233008942107773,4.116177362522738
2283,-98,-66.0,-110.0,15.5697623490859,11.826212557882846,4.277047435847595
2284,-92,-59.0,-183.57694055974565,12.60864895805067,9.494641273224692,4.07578324947124
2285,-91,-64.0,-112.0,12.815861906441386,10.133994465370805,4.427790730873642
2286,-97,-68.89197961989649,-175.0,11.457074447651927,9.0213214069142,3.619137739617059
2287,-112,-72.96777523160091,-206.0,10.614538047796673,9.33037477345204,3.0833701424642705
2288,-86,-63.0,-150.0,15.251593195568454,11.437710261566746,4.490181609658231
2289,-87,-62.0,-75.0,18.74259399947846,16.56743366306253,4.412456127817141
2290,-85,-67.0,-166.39259749219605,11.85669101814571,9.043225664974194,3.83313845219809
2291,-101,-63.0,-119.0,18.03454311368479,14.46556046766875,3.16535221082903
2292,-94,-66.0,-110.0,12.026359383780983,9.18689959812827,4.092447928335633
2293,-105,-73.21862629767783,-231.0,11.200408690070953,10.152498924651578,2.968177585868057
2294,-113,-82.0,-253.0,5.2866395399364485,3.629612351759225,3.1555016250590424
2295,-101,-59.0,-109.0,14.819181245625437,10.959448994997986,3.743990343395247
2296,-113,-87.0,-281.0,5.528510599126198,4.02805713912646,3.177867550137659
2297,-89,-72.0,-110.0,17.208626068956566,13.592759259074311,3.8411707215555047
2298,-103,-67.77232887790296,-169.37501183225442,9.679216687245054,7.373455942613374,3.935753066576011
2299,-89,-58.547543588128356,-162.89352301399674,15.496405871304953,12.440990703094274,4.563711436046842
2300,-119,-82.0,-264.0,7.729643561614747,7.008989257843549,3.159543388318895
2301,-95,-72.0,-148.0,12.909723827400962,9.96353588069042,4.411226335689316
2302,-97,-70.0,-146.0,12.755007982483708,9.473800500826842,4.088613873994953
2303,-101,-71.0,-146.0,16.674322994794778,13.013600361266306,3.978858235600093
2304,-99,-77.0,-182.0,9.576803141367224,7.099986727846103,4.001627250935864
2305,-101,-80.5186427158182,-212.0,8.60404057654911,5.961999701017523,3.3451422326055478
2306,-112,-72.96046010517053,-202.0,12.625503278268424,9.066085883140234,2.904231465783351
2307,-112,-82.0,-243.0,11.952607403429164,9.290424868635718,3.2841519747017665
2308,-102,-61.0,-105.0,15.338702542335,11.81681289571593,3.5366160580774237
2309,-108,-82.0,-239.0,11.929215457095392,10.28705838925525,3.13896717621579
2310,-86,-58.504312061445,-175.0,13.075001652909409,9.774660824878094,4.062935673290088
2311,-91,-59.187503559864,-141.0,15.217931841180178,11.455225050921918,3.734146708509232
2312,-102,-82.0,-229.0,9.018480349288112,6.214007202094036,3.997237712258825
2313,-91,-66.0,-173.20845243625715,15.730074160939168,12.666489551120309,3.833170046209679
2314,-106,-79.0,-250.0,9.812606006524858,7.675913621573343,3.2383420312975337
2315,-89,-57.65222481597528,-183.4420866466809,15.59350768895246,11.656516888928266,4.16153449914239
2316,-98,-70.0,-138.0,17.69179646758206,13.518226101204458,4.352034161150232
2317,-108,-76.0,-240.0,7.6678365659876775,5.633416358790666,3.394152268442827
2318,-96,-72.0,-159.93228346721634,14.416538468550163,10.714922552194674,3.9180091703107296
2319,-93,-62.0,-121.0,12.594082084032568,8.961414807121505,3.946586861465213
2320,-90,-60.0,-117.0,14.440792100647506,11.427718165151838,4.485459143592998
2321,-101,-70.0,-181.0,13.141124953884269,10.27102161608292,3.43457707081109
2322,-102,-59.0,-124.0,12.754431602430158,9.637426418906928,3.648412336453433
2323,-112,-83.65665995184352,-240.46456122931343,11.12947875480533,8.875469514646579,3.4783590072774877
2324,-88,-72.0,-148.0,16.904609232968767,13.022259494608376,4.191607279551683
2325,-102,-62.0,-158.9719681885957,11.79804841218231,8.525334177709015,3.756720546677068
2326,-85,-64.0,-168.0059606358581,14.438435578923,11.328428120010322,4.571293003729968
2327,-100,-74.0,-246.0,12.294222405529238,9.192510363856098,3.752875228858206
2328,-100,-63.0,-137.0,13.113905559508453,9.251406412291958,3.5598190821465066
2329,-87,-71.0,-103.51718154409734,16.96743325517081,13.643348616344356,4.037753147885371
2330,-96,-67.0,-124.0,16.875877922650545,13.066285443964732,3.915320256035091
2331,-113,-79.0,-194.0,7.220930730736823,5.4919664319709485,3.006567334450373
2332,-98,-80.20371838673753,-229.0,8.345139822711502,5.584894567320851,3.738228435909737
2333,-111,-79.0,-231.0,10.826052126320544,8.552836614750198,3.687823434023972
2334,-78,-60.0,-77.0,21.058111798018462,18.361805967130888,4.554783069636783
2335,-114,-69.39600335234468,-186.0,10.70892250041851,8.569759386530382,3.1554648101230893
2336,-89,-71.61612918136574,-161.97391135928254,15.448288323842744,12.079213703473652,4.009794339130606
2337,-114,-84.0,-285.0,7.887169190782161,6.581399069590701,3.225080074418304
2338,-90,-59.0,-175.0,17.54736849476712,14.007499132995838,3.993241659946178
2339,-85,-59.63401226271374,-140.0,15.121977099361878,11.433649078322285,4.473241988431581
2340,-120,-80.66160327798798,-278.0,7.944038505192425,7.276948745462021,2.663875849091985
2341,-87,-58.06823968445775,-145.0,18.606926928815348,14.254161203860216,4.221051597036896
2342,-102,-57.485204461015066,-152.0,15.476679426933687,12.403923257776164,3.1956922801570946
2343,-114,-70.0,-193.0,9.76450152155972,7.734652235540866,2.8449292120255665
2344,-106,-77.0,-177.6642751792217,11.947556054099778,8.976736462268038,3.753949887249704
2345,-111,-71.0,-209.0,11.610108173229312,8.725822777373898,3.680964868692464
2346,-110,-78.0,-202.0,11.342687395424134,9.255132208638646,3.2659781768737925
2347,-88,-70.0,-144.0,18.011568267451313,14.195322285391685,4.444093006540761
2348,-86,-70.0,-126.0,12.293475362899567,9.59615448056578,4.07097874115587
2349,-109,-70.0,-235.0,7.935957456393417,5.851496911562897,3.485353060357516
2350,-94,-73.88286646059584,-105.0,13.013019461475993,9.520199574456072,4.487863975758046
2351,-103,-68.0,-151.0,13.362270743654573,10.253529037625048,3.535957658463608
2352,-95,-66.0,-160.96998986760607,14.19674365969679,10.94514795639892,4.058563142567315
2353,-95,-67.0,-135.0,12.298491184416022,8.50662942685513,3.76504310102369
2354,-92,-63.0,-106.0,18.36252097989919,13.59010576688689,4.49264050343699
2355,-102,-68.0,-133.0,14.91819593697019,10.971640919974233,3.420326950621975
2356,-114,-77.0,-175.0,8.608010070435371,5.91773869802944,3.304261220031988
2357,-95,-66.0,-120.0,15.279534039442888,11.389564912953462,4.122576764749359
2358,-101,-72.0,-159.9037960342265,18.118663484195384,14.219533645841658,3.365961237447326
2359,-103,-69.49109017360445,-162.97692511538557,12.713236832223618,9.550862510729203,3.495498885176944
2360,-93,-68.0,-125.0,17.500272639899364,13.9980816541473,4.134906598179314
2361,-102,-63.0,-111.0,17.55610115296318,13.297166827174063,3.83342313604532
2362,-111,-77.0,-181.0,11.584812383143184,9.070057123934497,3.0395480405517024
2363,-86,-74.27592016740155,-107.0,12.338546922656787,9.546223267780723,4.268424875444181
2364,-96,-64.0,-110.0,16.952587727753677,13.349606190558102,4.235504582301566
2365,-102,-65.0,-106.0,14.3111504161899,10.578794140265138,4.040558833578073
2366,-96,-68.34190279017626,-109.0,16.551576566889548,13.146859792949291,3.54366749258795
2367,-99,-82.0,-239.0,10.269851601775285,7.766739729507999,3.579156666857675
2368,-88,-62.0,-111.0,16.487313793730674,12.862994547764028,4.0387490859004265
2369,-100,-80.0,-193.0,9.848296081935375,6.935365066997463,3.996078898111288
2370,-94,-68.0,-153.97591146498223,14.668947865214792,11.310366417629806,4.009432584729168
2371,-107,-73.51663651455105,-236.0,7.489164007617765,6.30023737138858,3.659715313775592
2372,-87,-61.0,-109.0,21.86386376074249,17.192852867580445,4.25678845128866
2373,-94,-72.0,-162.46184123898766,13.492240133935848,10.428108815190145,4.125691958612402
2374,-96,-63.0,-120.0,11.342409109874612,8.749495855140236,3.93938397136541
2375,-99,-67.0,-132.0,14.558488665294924,10.753925573023729,3.692198434430776
2376,-86,-64.0,-163.2652293529832,17.54389109924652,14.513699178971436,4.296639635048245
2377,-87,-51.0,-86.0,20.730568013580747,18.07935958364196,4.059808499339495
2378,-98,-80.0,-239.0,7.7631095867963635,5.4595149962807845,4.248216530058116
2379,-95,-71.53550731683431,-152.0,16.641874851211995,12.904817550612067,3.701096185208359
2380,-88,-68.0,-143.0,16.020020892821073,12.760007331735588,4.1724801255345705
2381,-81,-49.0,-90.0,19.652963975235863,15.461000287189202,4.51265367275636
2382,-91,-72.0,-122.0,14.940049719135786,11.22008492721638,3.8334957731269887
2383,-103,-72.0,-168.13981954253495,13.973721914277153,10.45608932540896,3.434105040520985
2384,-94,-61.0,-174.17843461777684,14.97051665885826,11.582685960481388,3.7697738278903694
2385,-100,-59.0,-175.0,12.974261270760048,9.631659828525477,3.859562924602273
2386,-105,-72.0,-207.0,10.191559502821091,8.1032608009207,3.4655417168064373
2387,-89,-57.26317453240303,-137.0,14.169057746178666,11.06583884996458,4.085160705267406
2388,-99,-67.77405819930837,-140.0,16.197623481246783,13.031184328828273,4.202346684332865
2389,-99,-82.0,-207.0,8.074999392055645,5.870222141846658,3.9314910393710143
2390,-94,-71.0,-110.0,16.882349424182934,13.06855945861669,3.9222480032208153
2391,-78,-49.0,-87.0,22.58574286424792,17.76968566244613,4.500279525591619
2392,-95,-60.0,-113.0,16.531255006976483,14.012011129408725,4.2248934361325485
2393,-113,-80.57708193805065,-257.0,8.023823780974237,6.5355367908140245,3.3576253429903136
2394,-113,-82.6706571879926,-279.0,9.15537737748521,7.39770878255945,3.2326963370041137
2395,-111,-70.0,-240.0,7.528534172047941,6.268331818105212,3.2059273869382428
2396,-105,-81.7291353951516,-248.0,9.241422347075122,6.757729159177989,3.396352305172716
2397,-89,-59.0,-152.0,13.67452146702995,10.874967964840778,4.098912331695678
2398,-85,-67.0,-179.41793876117077,18.036789563313746,14.304717014294908,4.387067020903745
2399,-87,-70.0,-139.0,11.964494951010417,9.367290002715349,3.880835579422207
2400,-86,-60.0,-103.0,14.18798840221076,10.766718801865231,4.234467992699191
2401,-89,-57.0,-97.0,23.369421710543765,19.94674694176852,4.173034098635791
2402,-102,-63.0,-161.0839121656968,18.015212509670892,13.88271997217406,3.6948893075697606
2403,-109,-77.0,-214.0,13.05309772734214,9.96575309007066,3.388319898637606
2404,-94,-65.0,-123.0,13.518295629365658,9.554142252606022,3.91951681097026
2405,-89,-56.0,-95.33208167664027,20.32395546802945,17.48466045365674,4.20836891473351
2406,-99,-72.33313754980713,-165.29979425260154,14.001862856209684,10.99171764384712,3.81823246700536
2407,-100,-70.0,-168.48841563421365,16.959307523102872,13.754557485536132,3.7115364760525815
2408,-106,-76.0,-167.02300631781668,10.786388035427963,8.132403356731212,3.636132431018778
2409,-91,-66.0,-138.0,13.525351503901545,10.134559550922951,3.858889453227369
2410,-103,-76.0,-169.4606331081777,11.367837059160163,8.69053826762239,4.279107255020096
2411,-79,-53.0,-82.0,22.869081021062097,19.18022308338591,4.581163961164309
2412,-87,-73.7548118095189,-105.0,15.101368244169336,11.597739832605132,4.567897967390913
2413,-103,-82.0,-230.0,12.42912111807161,10.751125130178211,3.3763516442985675
2414,-102,-62.0,-135.0,16.111399768092035,12.212654948937,3.237927719534733
2415,-102,-70.0,-169.8638951421575,13.402050151975411,10.03285557703549,3.963840088052232
2416,-93,-57.875042589253844,-167.78264777737152,11.61389557374933,8.475420637219953,3.9502982665639137
2417,-101,-72.83145143937381,-227.0,10.369785520925433,7.524021334713354,3.988093140127477
2418,-111,-78.0,-227.0,9.512662783467707,6.605887482552511,3.327681789827054
2419,-112,-82.6569902670834,-175.0,7.949490487505224,5.25904761410815,3.3181612220080874
2420,-104,-82.81712456131513,-192.0,9.005334469048726,7.002720303234458,3.477326204889192
2421,-101,-75.0,-228.0,7.826468488276762,5.518993366053575,3.680808703032428
2422,-97,-71.0,-120.0,17.52606324814761,13.888781661992052,4.196135882068113
2423,-104,-70.0,-228.0,10.06991946658289,7.371007195279679,3.4059893403439307
2424,-99,-62.0,-119.0,13.081330652738627,8.792628379448354,3.823696043391193
2425,-101,-76.0,-183.20854691656692,9.583359039735331,6.987613322077571,3.821428825289473
2426,-100,-67.0,-133.0,11.820600620897396,8.75002808548379,3.708146115510353
2427,-119,-82.0,-253.0,5.632353492065894,4.236217163681399,3.0049100110349563
2428,-86,-65.0,-155.0,13.428278743421407,10.02823203181864,4.174717044600479
2429,-105,-77.0,-237.0,12.231619722026863,9.524649792606873,3.5393522921408045
2430,-86,-62.0,-119.0,13.278972145072999,10.331563814420896,4.054313056871294
2431,-96,-57.93793691247,-124.0,12.397936075812389,9.434607458777457,3.67436313820738
2432,-105,-75.0,-211.0,10.01787005910258,6.718965846292829,3.4485925326071216
2433,-98,-61.0,-127.0,16.492224475660553,13.319883144835115,3.733828667973437
2434,-97,-64.0,-173.84657535444327,16.91994784361567,13.48122271768564,3.9486474408262513
2435,-86,-72.0,-143.0,11.834520500425104,8.276041005996742,3.899916734549169
2436,-106,-82.61416762891602,-186.0,8.356159369185828,6.619707238221595,3.1241943224341853
2437,-97,-61.0,-140.0,11.828561365924777,9.122096881629147,3.9451242986594974
2438,-109,-79.0,-170.6467975651771,9.04771511055011,6.143287011637079,3.330800370754863
2439,-98,-69.39392844681726,-137.0,17.212241402591143,13.886913155912268,3.536852079219039
2440,-101,-73.79745976609885,-194.0,8.695194151689888,5.125595195459005,4.192299979663286
2441,-114,-77.0,-217.0,9.354816272366017,6.41608901693183,3.364186992798841
2442,-109,-82.0,-225.0,12.048437259040293,9.428280313169402,4.0605152983546615
2443,-114,-72.0,-217.0,8.952498509652536,6.202833462045334,3.187941496527716
2444,-84,-49.0,-107.0,21.69300308315241,16.92178357299843,4.1263602247831725
2445,-75,-51.0,-80.0,22.05600324162061,17.101428440974715,4.48304958799844
2446,-111,-82.0,-196.0,9.204064431756356,6.43141816617498,3.4192285476902944
2447,-105,-80.0,-182.0,12.771366544120289,10.525391348800124,3.2711319314389318
2448,-116,-82.0,-281.0,5.049642812778325,3.1257030637260668,2.913562680681625
2449,-90,-72.0,-154.0,13.509648442450587,9.323387856118789,4.496613476764583
2450,-99,-71.0,-160.84507641753518,17.53890385286008,13.876154085624966,3.767344200953228
2451,-98,-81.65012421019836,-239.0,8.949736005596577,6.305375277837054,3.865518186822567
2452,-101,-71.0,-151.0,14.576981354903822,11.303433650087324,3.581701253814404
2453,-110,-76.0,-217.0,8.552677330578259,6.034095937258545,3.5417779237688958
2454,-110,-77.0,-198.0,10.11608620423109,7.323071638901144,3.17668854538604
2455,-84,-59.0,-102.84919758102501,22.33471652270381,19.21539696757751,4.405746733569892
2456,-110,-79.0,-165.22978924457036,11.972277179186724,9.382402662961663,3.4551852047653195
2457,-94,-72.0,-128.0,12.484100015946417,9.618673384765232,3.7366475710210136
2458,-102,-67.0,-132.0,14.765703151171836,10.974330893227783,3.9908706731777728
2459,-88,-64.0,-135.0,13.776942461549767,10.456909726930276,3.845676477947253
2460,-93,-65.0,-175.0,17.26141170150623,13.312309555411655,4.351146192273845
2461,-93,-57.17403879982993,-169.78498132393673,16.635593051903903,13.24904746022161,4.285865469107505
2462,-87,-68.0,-155.0,17.50526834111471,14.116088588778506,4.605918587356232
2463,-96,-64.0,-142.0,16.83266202386459,13.26678708356076,3.603384655449584
2464,-112,-80.41753082637332,-237.0,10.214065876692471,8.055080354393032,3.6004347735852797
2465,-102,-63.0,-166.2466125055425,16.879412213345198,13.311183070793602,3.4751973197484887
2466,-102,-60.0,-122.0,16.980533701728007,13.42477848568053,4.144354784113831
2467,-95,-60.0,-172.74653183471722,16.971266150213467,13.251184175752648,4.3290582066855
2468,-104,-83.65162780187357,-181.94922503174246,12.409608245158456,9.350757347197082,3.733297527717169
2469,-86,-65.0,-113.0,12.120956957494936,9.370697974864362,3.910161777149868
2470,-101,-57.01438699206973,-149.0,15.105491250996174,11.968361228960848,3.725737447127501
2471,-109,-75.0,-225.0,11.984232120872043,9.85311781779598,3.576151592239471
2472,-85,-66.0,-139.0,15.038723245732651,11.440823784780724,4.325629134220555
2473,-85,-59.0,-104.0,11.927947696224747,8.779500268691464,3.9767209986999625
2474,-115,-84.0,-273.0,7.742506972999493,6.5236508742752815,3.239676243410089
2475,-86,-62.0,-130.0,12.278296915526214,8.986693915699753,4.115836375382749
2476,-96,-67.0,-145.0,13.421438634209892,9.479283699903036,4.030496577308929
2477,-86,-69.71863441112977,-103.0,16.929429817686653,13.942618737246644,4.114673564557461
2478,-87,-67.0,-151.41478632982148,11.932171557400201,8.6177506221975,4.610017163561961
2479,-86,-58.4111493869864,-107.0,16.039780934407833,14.149784895655724,4.426274774937885
2480,-89,-68.0,-152.0,15.036608193247147,11.060127872573451,4.150619716965251
2481,-88,-59.0,-171.6187796018645,18.310318360839844,13.932555771475574,4.044870810330286
2482,-94,-57.838162435676935,-131.0,16.13224676772655,13.116059961360731,4.029772989150568
2483,-99,-77.0,-188.0,10.567376977445496,7.884797946541764,3.942049150631008
2484,-103,-72.88733702319374,-138.0,15.624904912294989,12.287072855045007,3.616333158184936
2485,-94,-70.0,-175.0,14.198083637630695,10.381731893006329,4.175275726692437
2486,-106,-73.05989500231411,-200.0,11.850833398822417,9.503692657792165,3.392963147532649
2487,-100,-78.0,-242.0,11.733866203331315,9.7677225653256,3.768397230207845
2488,-97,-57.84325365117129,-127.0,16.46825310329961,13.420267170027866,4.080936388666684
2489,-90,-62.0,-127.0,17.160965725799,14.113944962162815,3.932183904257797
2490,-101,-68.0900146375742,-191.0,13.301891710229482,10.044381679091671,3.700888036791368
2491,-89,-54.0,-75.0,19.38930741079933,15.36689502336392,4.413408772756868
2492,-102,-77.0,-196.0,11.651713758745208,9.014885868267513,4.182874013188277
2493,-103,-60.0,-125.0,13.668635271801639,9.204086701102494,3.959280801139745
2494,-82,-55.0,-75.0,23.241577360738766,18.62203324207664,3.642158594620064
2495,-80,-52.0,-106.0,18.854730613857555,14.603874586144252,4.495348692252713
2496,-95,-69.56652291914475,-155.29963993823043,11.591898221267872,9.17107604392926,3.95577233232864
2497,-78,-57.0,-72.0,21.552454234671835,18.209321369668693,3.920182565870549
2498,-92,-72.0,-154.32176846888714,11.356554234745534,9.73544576204582,4.085747201819764
2499,-109,-70.0,-188.0,12.22324304078905,9.985956996944754,3.589426756044276
2500,-86,-59.0,-103.0,16.677873319244718,12.959246060446311,4.166688889425088
2501,-101,-67.0,-146.0,14.39090738271197,10.892945939822422,3.725964355922388
2502,-95,-63.0,-170.9787222310787,15.551734142255162,12.418978573505091,3.695210577888468
2503,-108,-72.0,-205.0,12.340815286949658,9.25486441354562,3.3091290597243845
2504,-93,-67.0,-154.0,16.096924726868053,12.802361271519382,4.04694245264351
2505,-109,-78.0,-207.0,13.214760419994265,9.953521570579994,3.801233456803363
2506,-120,-87.0,-253.0,7.280772552598005,6.564109272185592,3.0116710023965547
2507,-89,-72.0,-101.8954940796579,15.706633521101702,12.57805325901037,4.187356545015347
2508,-102,-62.0,-115.0,15.758729986339857,12.106040585895864,3.661420182506385
2509,-111,-80.0,-198.0,13.189698690460885,9.736080880831263,3.5243444526283105
2510,-100,-68.0,-119.0,11.642002354723072,8.336032487941514,3.632079263611316
2511,-102,-64.0,-128.0,16.48506078333095,13.044504611641136,3.520370692313766
2512,-90,-60.0,-132.0,17.732001099533214,14.117946850684396,4.241026670036057
2513,-101,-75.0,-247.0,9.40754602388534,6.736968302195257,3.800682653787025
2514,-93,-62.0,-154.0,12.947438419257502,9.326500798356342,3.643644653686199
2515,-89,-70.0,-145.0,16.80771124064751,13.83508064564109,3.844946526109238
2516,-103,-64.0,-162.08737768686655,16.98360363413149,13.075951779596911,3.5286271229701205
2517,-96,-66.0,-124.0,14.1274879817025,10.50517574862112,3.8722620521656377
2518,-99,-72.0,-153.0,18.356193806766232,14.571868100778833,4.487690063213351
2519,-98,-70.0,-110.0,12.656612174690995,9.540735663853566,4.054055886776063
2520,-81,-53.0,-112.98212865103042,19.22477645337629,14.33156336080493,4.387620556508967
2521,-101,-59.0,-175.0,12.6535422376221,9.566443917554531,4.19304305745912
2522,-101,-59.0,-140.0,17.206702455355273,13.989309450919908,3.7009611860684943
2523,-113,-82.0,-265.0,6.58536200752949,5.125657962551911,3.025213417095228
2524,-99,-65.0,-138.0,14.72892579699763,10.85123731575337,3.9045620736777473
2525,-103,-64.0,-144.0,11.597835921452775,9.436725305138976,3.6379922438662273
2526,-98,-82.0,-184.0,8.631602195520824,6.031088627547224,3.950014937027942
2527,-93,-61.0,-175.0,13.385634345784418,10.40310029369817,4.323702618464702
2528,-114,-74.0,-180.0,9.707297772306015,7.647356448189597,3.0557447655908176
2529,-112,-79.0,-213.0,11.74632335295782,10.030065794830255,3.380232984658124
2530,-91,-68.0,-117.0,13.263654424499776,9.788215196493914,3.9099565739314928
2531,-99,-59.0,-130.0,14.646807108343136,11.22331612301191,4.192346391441508
2532,-91,-70.37448083555019,-140.0,16.051537067384636,12.82486977215137,3.910437148314564
2533,-98,-70.0,-153.0,14.322838376554389,10.700846533642196,3.5698437263910687
2534,-92,-67.0,-123.0,15.321450459005538,11.472206555518127,4.413037961450383
2535,-100,-77.0,-231.0,8.467836674196338,5.328945496636917,3.976847944896177
2536,-117,-80.51011520079383,-284.0,5.540638485906673,4.485856117193098,2.7461650520247662
2537,-109,-71.0,-229.0,8.543717761992662,6.138842086857264,3.720441290668473
2538,-89,-54.0,-78.0,21.429682180603884,19.382603899696523,4.110142798522738
2539,-89,-66.0,-181.16947759694807,15.543341589238793,11.82290755002346,4.2054174133057325
2540,-107,-82.0,-230.0,9.469905401330486,7.230422978124402,3.368758417287756
2541,-86,-62.0,-152.0,17.116224868780623,13.810581257144529,4.379311201409196
2542,-101,-62.0,-133.0,17.288578533254608,13.885301633852862,3.80323757174516
2543,-89,-67.0,-179.3974366813324,11.81295797545219,9.391495770405154,4.343255055842656
2544,-95,-69.1271523530092,-181.89283330788763,15.143071054985803,11.742328178680223,3.8868503345052954
2545,-86,-60.0,-126.0,17.38429227728959,13.641583784071146,4.074070780686035
2546,-85,-59.0,-175.0,14.128343000408911,10.336530968368915,4.388279360502515
2547,-93,-60.0,-170.4045937043113,13.012945384756735,8.722785234990791,4.324312179265897
2548,-95,-61.0,-149.0,17.24070087102413,14.176630340087431,4.116780869701143
2549,-111,-72.0,-180.0,11.399260734986864,9.57321958152725,3.353669568092267
2550,-87,-63.0,-133.0,14.927893875618947,11.449466333669234,4.073372102619117
2551,-117,-87.0,-248.56531534274492,6.703552128655984,4.716251041886043,2.5504368237189365
2552,-111,-76.0,-170.917465878099,13.133080466376809,10.01539525049628,3.349611153726558
2553,-102,-72.0,-125.0,16.94372824430581,13.806241015044655,3.560201804411462
2554,-95,-72.0,-166.2552624194885,14.6920390849363,10.744659201958996,3.6212578762019736
2555,-102,-61.0,-124.0,15.468822246911095,12.447976257611687,3.8732117190094257
2556,-93,-72.0,-144.0,13.060070612000693,10.110577492709275,4.449683825075679
2557,-100,-74.0,-166.74105912686431,7.2287405484541845,6.122388717610538,3.8355652711608856
2558,-119,-87.0,-263.0,6.128386386999103,4.462111601257693,2.94940162685514
2559,-80,-51.0,-107.0,18.655602514738924,13.269811989026069,4.50942690144274
2560,-113,-82.11800499476287,-178.40791469441433,8.01229284613374,5.95006389487917,3.183090532982881
2561,-94,-62.0,-143.0,15.95772122074647,12.27148315930571,4.014904192174949
2562,-94,-61.0,-170.35742230215666,16.29947167053883,12.674411730968115,3.91101359625621
2563,-94,-70.30421986284898,-117.0,11.443219565982545,8.914137675620918,4.211038469781855
2564,-85,-57.56249927258592,-126.0,16.798509307283695,13.58640945212333,4.418182590187157
2565,-85,-55.0,-85.0,19.68183087499959,15.660760605373127,4.313806892886919
2566,-103,-59.0,-170.0127047024521,17.350699825564735,14.639027470549614,3.641734190439684
2567,-86,-49.0,-110.0,20.643075319590743,17.950526454403615,4.352355541219664
2568,-105,-82.14784783513358,-159.8270196341343,10.883922460014862,8.19918485713631,3.7250296762291626
2569,-95,-68.0,-163.14765481722551,15.98907933946865,12.584536958977882,4.268950015147662
2570,-101,-78.0,-172.9295474656504,9.295339974988174,7.049895774750157,3.801420316765408
2571,-113,-76.0,-253.0,11.181926640835398,8.4583239034725,3.142574469782971
2572,-100,-59.0,-126.0,17.751692909906744,14.074864885345704,3.387793142051433
2573,-98,-65.0,-145.0,12.196551930089608,8.445726471982056,4.156512033570354
2574,-85,-59.0,-136.0,13.1146939246076,9.740723898454284,4.155239928947881
2575,-101,-68.5278065738526,-143.0,14.612610527173224,11.233378765533216,4.1185879632553215
2576,-107,-70.0,-175.0,11.743014312006665,9.963935839700683,3.733009083828223
2577,-89,-59.0,-157.43095222387433,11.863868607075675,8.943224854584075,4.143680273208356
2578,-102,-60.0,-166.4852858891396,11.952948684988844,8.916755827147611,3.8575454888486074
2579,-74,-49.0,-107.0,24.18101547189088,19.82115955126508,4.371725356345599
2580,-114,-82.3644188558484,-187.0,10.733653388509218,8.575501864529166,2.6594022314802266
2581,-111,-82.6335168444326,-194.0,9.62999532363044,6.659787122558382,3.5888562125429573
2582,-98,-72.25772350346158,-195.0,9.340885361246915,6.568413240869663,4.066371633508489
2583,-117,-79.44313883070936,-298.0,8.667091026285442,6.890078811397268,2.7484768753978748
2584,-114,-81.37877579037057,-208.0,12.89927694471651,10.004262286405073,3.122388433449381
2585,-81,-59.0,-109.0,22.124963231560365,18.013176046721092,4.5981033389267205
2586,-114,-78.0,-222.0,10.892687676670192,7.957394996287752,3.559631164731978
2587,-89,-60.0,-104.43312324695435,14.290899196373786,11.22171112134843,4.311289410853089
2588,-88,-68.23582325073248,-151.0,15.627210887366708,12.462338887599907,4.423270501658288
2589,-85,-71.4221855590975,-178.8997638450275,11.038208952969926,8.82077197561899,4.256878169029646
2590,-103,-82.0,-227.0,7.993193201488788,6.273153646828543,3.462711530538655
2591,-108,-73.2181884653606,-193.0,11.84469904457615,9.478466687246058,3.525014675082008
2592,-96,-66.0,-132.0,15.330097822789114,11.917216273190853,3.860172255701901
2593,-76,-59.0,-77.0,21.67965323152358,17.55728637536894,3.791277873086064
2594,-114,-74.0,-173.80558325402095,8.602300845730092,5.802682793761033,2.977257116044114
2595,-115,-82.0,-287.0,6.736334716692526,5.662547133089477,3.38994735682735
2596,-99,-68.94382321623871,-186.8352460584414,10.624396749149586,8.269174582636019,4.289395009985221
2597,-89,-68.0,-141.0,16.58196129463586,12.97839332299716,3.789506243650555
2598,-88,-63.0,-137.0,15.549129947817905,11.60939157863773,3.611085423136063
2599,-102,-64.0,-155.19288562707018,16.66261181098094,13.133774865227396,3.700745163005453
2600,-85,-71.0,-171.09648275502337,13.732551020082372,8.83190073562257,4.235364579164263
2601,-112,-74.0,-199.0,7.686461123721511,5.659652928296094,3.5302033073425645
2602,-91,-64.0,-164.73124901666105,14.663562504313091,11.172394258683608,3.972849891085014
2603,-101,-81.60346753842195,-203.0,9.470472013003146,6.543263242286204,3.428519272953996
2604,-90,-65.0,-108.0,13.031449531270066,10.332358716013976,4.204548853339768
2605,-87,-66.0,-129.0,14.342911279989153,10.9042143396878,4.550267594516352
2606,-86,-61.0,-104.0,18.11232954036402,14.836555064251218,4.271031929699745
2607,-109,-80.0,-164.99574323662483,12.384525860419856,10.331138139331433,3.261778081368248
2608,-89,-73.08380120895458,-151.0,14.041459295440715,10.86447594238864,4.216052921683414
2609,-111,-71.80781426725396,-204.0,12.576430989535792,8.920398101030994,3.022663155805109
2610,-95,-63.0,-175.0,18.122251885561077,14.584305109618237,4.273388432120446
2611,-101,-71.0,-193.0,10.619653214222478,7.672216624815143,3.8210868830226814
2612,-87,-61.0,-128.0,13.561050669032076,10.332482805622009,4.278155000465512
2613,-87,-68.0,-115.0,16.162650508747305,12.379613787085407,4.217088010547067
2614,-99,-59.0,-155.0,15.456562645786024,11.530939524459242,4.112404238012164
2615,-91,-72.38709022959559,-175.0,17.08271895881876,14.15850852709029,3.604046157113169
2616,-112,-82.0,-210.0,9.143744694140914,6.6361241833922975,3.2400827408184703
2617,-108,-70.0,-241.0,8.796390617843626,6.016589668532639,3.0692092453870514
2618,-101,-66.0,-102.33720996792945,13.01699683963141,10.122295593571184,4.155307370102041
2619,-91,-59.0,-152.89213375154205,15.080775367085645,11.435575487315608,4.6029752143250695
2620,-101,-71.97793752238039,-126.0,16.872844114514944,14.06573997969144,3.873655975096813
2621,-85,-59.0,-167.54401962780238,15.831530331058149,12.129110447270058,4.417977685658672
2622,-114,-73.85157697010848,-214.0,9.641994630860204,7.397799271066667,3.144005916181912
2623,-91,-72.0,-153.0,16.251245411689386,12.319268235318184,4.224915883973788
2624,-109,-74.0,-165.6578983079813,9.121586275691213,6.952855927249914,3.657825432523594
2625,-74,-54.0,-98.72582825535355,23.20454705770707,19.396128057133023,4.2559974224136585
2626,-91,-70.0,-141.0,16.118141692716545,12.13309324561532,4.053512561952632
2627,-103,-79.0,-173.7028137697225,11.115618785390815,9.305038258082872,3.4100994146593098
2628,-86,-58.42302531708303,-178.08134355381927,17.108058869640733,14.083073782124472,3.7052745628797146
2629,-95,-60.0,-152.0,16.960286186129423,13.555763008844604,3.7427493963104856
2630,-96,-65.0,-110.0,15.294327502935984,11.927837616060732,4.045543513020438
2631,-108,-80.91871071460982,-192.0,11.528875807567672,9.531392086435034,3.2309079485723604
2632,-108,-82.0,-215.0,10.85706398855196,8.188918098792914,2.9663220631861025
2633,-95,-70.0,-175.0,12.275714962389602,9.034917450134976,4.210453872842645
2634,-87,-58.0862934305662,-130.0,12.589001599661142,9.016052314667668,4.448664532632882
2635,-115,-83.32213632608965,-241.0,5.994898288192671,4.766614870347917,3.108770222341271
2636,-104,-75.0,-223.0,10.750379912963844,8.457361955613763,3.3607938907617245
2637,-91,-57.58053143231376,-146.0,11.904770017610161,9.264428250125995,3.94562905849395
2638,-83,-62.0,-81.0,19.46135313407617,15.74850847077587,4.335434228925231
2639,-92,-72.0,-98.72122365073025,16.211287167404002,13.038132349191107,3.799987944116765
2640,-92,-63.0,-170.30691363625667,16.009390903723826,12.057557055697275,4.145670102563454
2641,-92,-64.0,-131.0,11.412664313269934,9.123776887385354,4.200039302037829
2642,-85,-72.0,-183.83219849477075,16.145061487577358,13.075222915267563,3.5809124714840586
2643,-98,-67.93352124674313,-188.0,10.286972173562445,8.185854215194228,4.1479804286298
2644,-87,-66.0,-136.0,15.747844527547194,12.007434318400048,4.032439273279889
2645,-91,-59.0,-135.0,14.834814705177322,11.51371365761636,4.081170880388672
2646,-99,-72.0,-227.0,13.456900895143017,9.891211726980885,3.7275088497762874
2647,-100,-67.0,-148.0,14.11084576358326,10.37209803659188,3.766801047009429
2648,-97,-67.77474688669668,-119.0,17.688527075840106,13.297601085162542,4.065108206284264
2649,-96,-66.0,-175.0,16.90626828676916,13.859072495160792,4.19168284080663
2650,-90,-64.0,-140.0,14.538513779821251,11.160189043325834,3.7011773163551314
2651,-112,-84.0,-241.0,7.816883916955551,7.0141412166673645,3.129485306097844
2652,-100,-84.00957625128908,-159.9247400421288,13.107735021459582,10.188414838396614,4.10027480387879
2653,-96,-71.45599104567262,-118.0,18.009080953519753,14.386448410486484,4.049195824470905
2654,-103,-68.84671752190282,-173.61580836211152,11.216010436518816,9.047095362677902,3.7886647234677375
2655,-106,-71.0,-246.0,9.047362281753136,6.40237073655957,3.2948920969266204
2656,-86,-64.0,-143.0,15.544513722019182,12.156723468292268,4.580223066842655
2657,-102,-67.0,-150.0,12.989082140302022,9.135232811096545,3.863552607419393
2658,-98,-68.22158822938691,-187.0,11.87618075841995,10.587138520934973,4.208366674974809
2659,-100,-65.0,-180.07893871785018,12.764313187796393,9.78323712539287,3.81685686850528
2660,-87,-71.0,-160.59961985400926,16.294279984173926,12.441324575580868,4.158194266024986
2661,-85,-74.59325234745586,-108.0,15.875791910447798,12.081271103761424,4.1738686231171735
2662,-105,-76.0,-194.0,10.363085497415035,8.676458532227741,4.102674392277552
2663,-81,-48.0,-105.0,20.81896178034291,18.674906130485503,3.9427200099145248
2664,-99,-61.0,-132.0,16.32661988787816,13.066205843324616,4.170400901697365
2665,-93,-71.0,-104.0,11.88527144737978,8.549022686974155,3.835034580401796
2666,-112,-83.20676780034889,-208.0,9.675506313656994,7.247139701993825,3.3523338955052995
2667,-113,-77.0,-184.0,13.577921521376267,10.050460866624498,3.1246791403139254
2668,-94,-64.0,-120.0,16.617148270753425,13.040746727442814,3.969133242853546
2669,-99,-63.0,-149.0,16.14993454027435,12.179886731630823,3.985970335172272
2670,-91,-59.0,-114.0,13.766784564908185,9.750657636313647,4.178111841019596
2671,-91,-68.0,-143.0,16.42099091877822,13.10302755860498,4.431817792603192
2672,-92,-66.0,-125.0,13.673307832858436,9.000448235530776,4.393956010365103
2673,-91,-70.0,-179.66409285255895,14.42335991445389,10.490460954246274,4.295794982872518
2674,-87,-56.44726326881343,-114.0,11.228903708023617,8.236060817415616,4.037287883092764
2675,-102,-70.0,-219.0,13.259428806761962,9.84163737966817,3.563068066798209
2676,-89,-66.0,-113.0,13.800010830767194,10.31652479897625,4.000059282897166
2677,-97,-59.0,-162.8181340962737,16.742050392801808,13.372785191037613,3.900512025462344
2678,-86,-59.0,-153.0,13.852803796346674,10.192175058720302,4.406641538352258
2679,-110,-72.17616986152784,-196.0,10.192091447053292,7.266039383060163,3.3350651809369323
2680,-99,-74.39121215060763,-228.0,10.516213619172218,8.056827998972333,3.953359958042124
2681,-85,-72.0,-142.0,13.298272277851222,9.120218247316632,4.421535408605318
2682,-88,-48.0,-91.0,23.14633852200109,20.9283747742059,4.380859750860267
2683,-114,-79.0,-226.0,10.88714649272923,8.866947363095232,3.528393069311975
2684,-102,-77.0,-196.0,9.623559361184428,7.4380577309641,4.17339048410732
2685,-111,-82.81414716204681,-239.0,7.781168329434974,6.22253775252485,3.151984553591742
2686,-103,-79.91310882487723,-256.760660895784,12.855169566961138,9.93170094807302,3.847201630928169
2687,-110,-73.65458517800664,-175.30075502107198,9.326408916670683,6.074364976956672,3.75646244774938
2688,-88,-61.0,-149.0,11.762036203862788,9.188237059386058,4.036537777967676
2689,-116,-88.0,-299.0,7.921982478223302,6.44800821928371,3.0110732249957906
2690,-85,-66.0,-151.0,16.630712059337984,13.285456703059983,4.022518939998201
2691,-76,-57.22198367204457,-110.0,19.083897570269546,15.346155103543492,4.269609838178516
2692,-106,-80.56359599406704,-165.84518858542995,11.772045316985492,9.787930490327394,3.455896116162908
2693,-99,-81.41672011396547,-247.0,9.766372708330492,7.7092027922424595,3.5640850423899253
2694,-96,-57.81642701024625,-187.20323834578878,15.669895865688035,12.018946137057489,3.7276658889582266
2695,-91,-65.0,-134.0,14.909753208368713,11.824841127696704,4.40788860300512
2696,-100,-77.0,-195.0,9.838388661985976,7.453831240870606,4.2964271839327
2697,-98,-76.0,-166.6577297940153,9.74283487025322,5.531253511545021,4.032380621799074
2698,-89,-64.0,-127.0,15.719049441890135,12.48217168028373,4.313570699482874
2699,-87,-70.0,-147.0,13.728328404498189,9.849064557169095,4.053991122103097
2700,-91,-66.0,-172.53257785438328,15.003189073506974,11.56513625708154,3.9629478781551786
2701,-111,-83.26602081922522,-189.0,8.843191229393371,6.582260470851294,3.359854555548758
2702,-117,-84.0,-245.0,5.771573931015107,3.783495283999757,3.281051761847116
2703,-106,-74.0,-209.0,11.673479961488772,9.469381627494148,3.775988953273752
2704,-93,-66.0,-146.0,14.714873813545568,11.463122799714611,3.763589090402588
2705,-102,-65.0,-105.35749153389287,15.50043904010085,12.39302705045771,3.693488625978089
2706,-104,-80.0,-238.0,9.2427478721973,7.136296912485935,3.6746708922846505
2707,-82,-57.0,-92.0,24.08664557009119,20.242406425440123,4.190925053352648
2708,-102,-62.0,-140.0,16.888106598225498,13.320415652612388,3.5029934095150663
2709,-100,-69.75066340676413,-228.0,11.94816118262892,8.762269844131618,4.096317843081859
2710,-102,-72.0,-223.0,9.584684346545522,7.486324931486658,3.750445959455645
2711,-110,-76.0,-199.0,8.353275958728483,6.325447864640386,3.349528231097565
2712,-89,-68.0,-110.0,16.73109351948212,13.025931516945976,4.237559126696415
2713,-99,-78.0,-198.0,11.620468006420612,9.60119118914278,4.2262985488593
2714,-110,-68.21566413678711,-177.3101037920362,10.511805373264206,7.685898678295182,3.6693142827171146
2715,-86,-60.0,-108.0,14.031812752425044,10.673938680285556,3.947032711405073
2716,-93,-59.21294919109405,-136.0,17.274927446427636,14.627016772802794,3.709015564746382
2717,-101,-61.0,-137.0,17.214708066340435,13.398411489264472,3.649218905809584
2718,-112,-86.0,-297.0,9.006881703239626,6.299185550513235,2.9671923665226427
2719,-107,-71.0,-208.0,11.935753568724408,9.655361228100912,3.502751621559913
2720,-88,-60.0,-154.0,17.210869593882155,13.147512201464323,4.093852429271364
2721,-114,-71.0,-215.0,8.418924605939809,5.677810850897745,3.530496467288277
2722,-97,-61.0,-139.0,15.20699105898619,11.53961712140952,4.08968321674765
2723,-94,-65.0,-156.84315676414903,17.026279756065115,13.579778584833882,3.862721475897605
2724,-102,-75.0,-187.0,9.749979785253087,7.719448150515163,3.897231316412888
2725,-85,-70.0,-136.0,12.863456592470968,8.935330335117683,4.14160413794084
2726,-94,-72.0,-147.0,17.980526646999156,14.11142735799445,4.203788701344722
2727,-77,-52.0,-105.17605321394007,24.769327198011016,20.767319881436656,4.545575157824151
2728,-98,-71.66309701125546,-226.0,9.31429504426398,6.358494112855126,3.570070293602237
2729,-89,-66.0,-104.21043911695637,11.945619965570001,8.578879804999666,3.652349139144103
2730,-112,-83.04166080697792,-261.0,5.597518475717592,3.661858532992972,3.2259734506572597
2731,-92,-60.0,-124.0,12.281625487535509,9.85020453441129,4.130871119226857
2732,-99,-82.0,-169.33395817110167,13.200673834958659,9.213602156170683,3.666598438782236
2733,-98,-65.0,-158.47941624936993,14.103418576574969,10.82433424194448,4.011066637945245
2734,-92,-68.17119423846975,-133.0,14.392556881980514,10.766638689134442,4.315140030241559
2735,-85,-59.0,-141.0,12.32151022130475,10.099786202453604,4.215526802903338
2736,-119,-81.35017426871279,-271.0,8.072655832552016,6.826612331935399,2.8144437543825203
2737,-96,-63.0,-122.0,12.839790994240406,9.225649153155397,3.8309770022748975
2738,-86,-72.0,-148.0,13.798341558937063,10.312630320254025,4.141431069394431
2739,-89,-63.0,-155.48439190541612,15.054405023906297,11.911662836417744,4.1620673659709455
2740,-103,-68.61983447805098,-107.0,16.163041791068324,12.438314546880552,3.4159997764109127
2741,-102,-72.69614849716372,-167.62416344593984,15.141584968964713,11.644263705192824,3.5728482548709484
2742,-103,-70.0,-151.0,12.816180684185857,9.9822581828717,3.4405981328037303
2743,-89,-74.23885429889906,-132.0,14.747221008573804,10.890936622840034,4.223530320854293
2744,-77,-49.0,-93.0,23.57110433013157,19.4526610654964,4.133217060844619
2745,-90,-70.0,-115.0,13.514840024986366,10.070306476666977,3.914450661250174
2746,-113,-84.0,-257.0,5.468716883952341,4.437651386295114,3.192710359535877
2747,-114,-86.0,-261.0,8.115612808834461,6.2736003285333455,3.519159552294751
2748,-113,-85.0,-249.0,5.77579584873124,4.621661848137617,3.2493668566935043
2749,-91,-71.38018460138277,-117.0,14.203823146185679,10.013914570392892,4.445253934058767
2750,-112,-71.0,-234.0,10.756001714678314,7.97597694160938,3.33045290731067
2751,-99,-56.15790380703576,-149.70491676894838,14.648439308685187,11.575187156190712,3.328990324620076
2752,-95,-60.0,-168.88439853414167,17.143394753773997,13.90010861456756,4.008978705165185
2753,-86,-65.0,-111.0,12.739998230438388,9.33656993786508,4.176739584261584
2754,-107,-82.0,-246.0,11.558254235158007,9.356925867361728,3.6821260770608655
2755,-116,-88.0,-289.0,6.170244929043293,4.412946050115767,2.6737065856601507
2756,-89,-59.0,-141.0,14.099946774899163,8.947887114420713,4.207084259944943
2757,-87,-68.0,-167.98259478236758,14.611728836507908,10.897317533158688,4.543364922480295
2758,-92,-68.0,-162.11667918367374,13.989320365256557,9.892390007646368,4.307326446705993
2759,-88,-70.0,-110.0,14.738916457364349,10.76973493084476,4.428457074997893
2760,-86,-66.0,-167.98090283709612,15.087967732052622,11.688636758475402,4.072145193856383
2761,-94,-57.9439392241387,-108.0,14.158547343551279,10.421836101709186,4.231696451461532
2762,-85,-71.0,-119.0,13.779433142004692,10.384086441627446,4.0648142606974575
2763,-96,-74.22995049741733,-181.09983354505835,15.53892301141314,12.16541536652625,3.895856494263609
2764,-100,-72.0,-87.22197917937746,13.253450233128389,9.98953185612145,4.002553194781244
2765,-94,-59.08269988486238,-111.0,16.511817562854105,13.6566334436759,4.017914686351064
2766,-93,-59.0,-165.2721916499022,16.804585022919788,14.43277424739889,3.760952224482197
2767,-100,-65.0,-156.07495499514792,13.057534260420045,9.668398138114243,3.762820297434043
2768,-120,-87.0,-282.0,6.226017972183838,4.520959426341663,2.998019601867568
2769,-103,-79.0,-192.0,9.57393925320394,7.008705657088346,3.562371265639621
2770,-87,-63.0,-119.0,14.66484516344789,11.047057936384146,4.073405515112474
2771,-96,-68.0,-104.0,12.042188389409862,8.557410587125958,4.231735700911745
2772,-90,-64.0,-128.0,14.03108447908497,10.178100024451778,4.087674316075925
2773,-101,-65.0,-113.0,13.84703441885611,9.789294630558464,3.472609412020986
2774,-102,-67.0,-115.0,14.253857557905611,10.540789892207538,3.4615637253663265
2775,-92,-68.4738081558272,-122.0,11.730059900570431,9.123259016901915,4.136681837441071
2776,-102,-72.0,-121.0,12.640730695585832,9.425720548347932,3.8780378774302
2777,-99,-75.0,-171.0584535371603,12.377865127482803,9.443795659171766,3.5972817455226083
2778,-87,-58.02793546733224,-174.61602482854346,15.991018404856652,12.97522280990967,3.932550303210684
2779,-105,-82.0,-180.0,9.530736360497528,7.317085083526061,3.7140415315329927
2780,-90,-57.99549837420445,-166.65931730543048,15.74927408107562,11.879446957232885,3.842187467685018
2781,-90,-65.0,-152.0,17.8564635274132,13.83514950471809,4.333181483926227
2782,-113,-70.0,-207.0,7.7794496189040725,6.680907090665462,3.3122155762437906
2783,-111,-70.0,-172.97756358562881,12.74435938537624,10.17928132085316,3.7696025466810825
2784,-100,-77.0,-212.0,7.775487196925976,5.480730800514489,3.658980671456441
2785,-101,-70.0,-217.0,9.522003421762319,5.818210252184963,4.056956168853166
2786,-102,-63.0,-132.0,16.378851982513336,12.911419574495776,3.71456764698682
2787,-100,-68.73741697034417,-110.0,14.359518971563835,10.373270422008462,3.6053791266362185
2788,-112,-72.62312330296403,-191.0,10.56946785900772,8.238644474948146,3.5597983601703804
2789,-102,-63.0,-120.0,13.075788802322526,9.855939661563111,3.997341897311552
2790,-97,-64.0,-166.73187335724927,15.556203627567465,12.164032426206887,3.750279852809424
2791,-95,-72.0,-111.0,11.900340954419063,9.480804262518346,4.125480852013238
2792,-105,-78.0,-211.0,11.205816089751853,9.610583806255256,3.566070497075753
2793,-93,-70.0,-169.293536199282,15.446029282966611,12.255138609819134,4.214512420260408
2794,-97,-71.0,-149.0,15.383300856996303,11.60672031265916,4.117305483132848
2795,-85,-72.0,-153.0,15.126891595860592,11.736018467174349,3.928626266553543
2796,-85,-68.0,-148.0,16.30516338532958,13.005446573502102,4.3306705894536845
2797,-87,-57.09904873976913,-147.0,14.255672135693889,10.657824397810431,4.295090591210631
2798,-92,-59.0,-163.73253713912584,13.52094265149273,9.271762280320294,4.317901183241423
2799,-99,-77.0,-180.0,12.955845944210354,9.756723540619571,3.935025822428135
2800,-108,-79.0,-210.0,10.923121322884969,8.461972704452135,3.685756090380629
2801,-113,-78.0,-246.0,8.086502544216033,6.582762652180268,2.9713109832929496
2802,-99,-68.0,-120.0,14.853349214852054,10.883060145718586,4.07381585657388
2803,-99,-69.35996544602787,-131.0,11.79745926688499,8.531097660684253,4.00359747970196
2804,-100,-61.0,-132.0,15.415577493595928,11.90472762574816,3.87441823144552
2805,-97,-72.0,-111.0,16.842264268364037,13.6957953115772,3.594410083160656
2806,-101,-60.0,-172.63216187511588,12.43177982440647,9.58823879603631,3.734872318979106
2807,-102,-70.0,-142.0,15.075833094711614,12.03555813024126,4.08558945923866
2808,-88,-62.0,-166.57213512010293,15.435567428216276,11.44212326530931,3.961034430446958
2809,-101,-59.0,-157.50064024361345,13.573518318790901,9.820273740442728,3.691066344382401
2810,-85,-60.0,-151.0,14.72504588241651,10.99539701858795,3.728852060298518
2811,-112,-68.9956306074608,-193.0,11.96508986136442,9.078402570654404,2.9133877054289203
2812,-92,-58.544689325250594,-112.0,17.368266320581952,13.780465891092147,3.747932949623898
2813,-93,-60.0,-91.52980689418342,17.463452362665368,13.64097232668444,4.347059001227934
2814,-96,-63.0,-112.0,13.313298975402057,9.73181597530358,4.12222273486902
2815,-96,-72.17332714806571,-107.0,13.242559148504716,9.052260264808444,4.04578151458122
2816,-92,-71.0,-131.0,13.501144455670719,9.500754754763287,3.9653902754634585
2817,-83,-58.59441688041309,-108.0,20.579228432909463,16.082083015419986,3.9989779310781977
2818,-101,-72.0,-161.96267371154565,16.389147690289626,12.801166396298791,3.4898074128202365
2819,-90,-60.0,-184.58238477858686,16.729332053546788,13.707853047910543,4.054906146392738
2820,-87,-61.0,-159.84399056219056,11.914372215283752,8.973859617628781,3.780700748279641
2821,-95,-64.0,-144.0,15.101675494339812,11.217007275004963,4.139035131982173
2822,-111,-71.0,-241.0,13.551595087121711,10.07004971200356,3.3133252094220005
2823,-103,-80.0,-187.0,12.224650478843387,8.660507354335461,3.674300859469127
2824,-89,-66.0,-137.0,14.541580103566837,11.4771740519451,4.379725443566065
2825,-94,-65.0,-175.32696978594157,13.946616237850167,10.182246072354705,3.6815540135424687
2826,-98,-80.0,-212.0,10.563020649646448,7.744644338111958,3.380874779398453
2827,-109,-79.99868116547007,-180.6281538864264,10.531329638370472,7.682135796578185,3.674602045609405
2828,-95,-70.0,-169.34934749572585,16.846068627887828,13.638803330490775,3.941505786722844
2829,-95,-60.0,-165.4940573812241,15.668755312256597,11.920479262259272,4.173099423913208
2830,-95,-59.0,-131.0,15.99640524799261,12.611871325721784,3.605963682255276
2831,-108,-81.11643387931106,-214.0,9.54946053857333,6.916627379842187,3.1424026723432186
2832,-101,-63.0,-156.49643197922146,12.777058273657858,9.484407287767535,3.823292815046057
2833,-103,-78.0,-176.21849462802444,11.561313341209067,9.16191512060819,3.540674530711018
2834,-110,-74.0,-193.0,11.90721622350232,9.11174378703359,3.2944666994145497
2835,-79,-59.41521404258381,-81.0,24.848017236015544,22.59926133656427,4.481045802771005
2836,-98,-57.47732168493165,-173.05778153535448,16.058004124953236,12.469003311051296,3.743247993738222
2837,-95,-66.45932223087279,-143.0,15.77591707816687,12.696717641751777,3.791862482930623
2838,-83,-62.0,-88.0,23.46317788981828,20.239484319316013,4.112476299920627
2839,-112,-82.0,-207.0,8.98176733503845,6.4034517352905365,3.0399526998016526
2840,-101,-80.0,-186.0,8.220144095626392,6.093369670125025,3.356053101083721
2841,-114,-70.0,-253.0,8.133515941526918,6.111620529917582,3.108772869417151
2842,-93,-67.0,-110.0,17.494882735980113,13.649359773558292,4.009375689869626
2843,-89,-68.0,-125.0,12.607191624148413,9.902091776566271,4.556822566831444
2844,-106,-83.24914143261974,-201.0,7.911774175321011,5.996311757980271,3.637846066543479
2845,-83,-61.0,-96.0,21.856321820909,18.85850202755583,4.173259329187739
2846,-98,-72.0,-110.0,13.453695843894597,8.314091794154127,3.940614198274322
2847,-91,-69.8512997454134,-104.44939430281156,14.054502633092913,10.888305617655185,4.140225651579136
2848,-94,-68.96486225953515,-172.13542028509949,13.09689880833398,10.451724638532276,4.27689293432943
2849,-96,-68.0,-172.08865710444007,16.311270651651157,13.298078024799992,4.087067901308219
2850,-105,-75.0,-186.0,9.274571356944238,6.077341783607067,3.8879516120912734
2851,-75,-62.0,-90.0,23.587473785881365,20.728290005395884,3.979883292182188
2852,-93,-64.0,-153.0,13.230557089280008,10.250977405846111,3.7433874405266216
2853,-113,-80.0,-209.0,13.098958901761902,9.391202140533776,3.722471806443064
2854,-113,-75.0,-164.6931763836763,10.724830774297665,9.191020430934092,3.421045374113393
2855,-93,-71.0,-123.0,14.951399791179512,11.421844929854434,4.475365846769459
2856,-93,-70.0,-157.96652853437243,15.098454858449948,12.012595623561335,4.2739010443134
2857,-90,-73.36186509875711,-151.0,13.688507638352235,9.88134655833539,4.002371484615755
2858,-101,-76.0,-218.0,13.370358710150821,9.71894193691071,3.8738610526350814
2859,-90,-66.0,-104.0,13.359412539305184,10.461227016239722,4.469538443770513
2860,-90,-71.0,-140.0,11.555099213500839,8.64419083089313,4.507675964283717
2861,-116,-88.0,-247.0,6.169510543104557,4.991518135744403,2.9561312543520604
2862,-100,-68.43656721597691,-167.546286685069,8.611609351759949,6.607376788658677,3.728849718361484
2863,-91,-68.0,-162.16115536690245,16.584623079476053,13.386379575209148,3.98272427048085
2864,-112,-74.0,-242.0,10.929414381943465,8.044678004138824,2.7719478782790894
2865,-110,-73.27125009613165,-236.0,11.3155330256613,8.85582916202864,3.3275555577361224
2866,-87,-51.0,-94.0,23.56444386066777,20.31814386946416,4.1823470783886965
2867,-102,-78.0,-251.0,11.237085492130685,8.798519566341941,3.709793477851701
2868,-90,-64.0,-134.0,14.123198675529054,10.720077348459135,3.984590127139769
2869,-111,-70.0,-214.0,10.193448418663042,8.093655169225933,3.339881615170832
2870,-105,-74.0,-221.0,13.178841587723381,10.359936858089084,4.104919247262847
2871,-103,-62.0,-109.0,15.591249756778373,12.51601479316977,3.9200403835889848
2872,-97,-61.0,-156.09206965733654,14.332733049909528,10.451378583182,4.249925402080367
2873,-104,-80.96437920011059,-179.46155981018194,10.907089630412615,9.14377138636278,3.755890274771851
2874,-94,-68.0,-111.0,17.776602825896376,14.158774239818936,3.971078394726092
2875,-107,-74.0,-187.0,12.177656979979647,9.573256647271869,3.334192903270412
2876,-113,-72.0,-176.53232340206887,8.488306864758583,6.161384618525897,3.088423570202058
2877,-99,-71.0,-243.0,8.680779264408608,6.827816696244814,3.9751078759420566
2878,-93,-59.0,-156.33671480425053,16.782102122781364,13.734934671688272,3.8455991688900455
2879,-94,-60.0,-131.0,17.604768071853012,14.550323503560849,4.15470580626777
2880,-110,-71.0,-173.31492593140302,11.96671650855497,9.353169090787754,3.922999124717129
2881,-112,-82.0,-197.0,11.724320623948966,9.557397085323176,3.314068181729159
2882,-88,-62.0,-167.648066580515,15.698085063499104,12.024655941573608,4.090372017174332
2883,-100,-67.0,-153.45151725058435,14.52472018877846,10.742529609831635,3.8609569124369054
2884,-104,-81.68051922418637,-195.0,12.893424878810007,9.729605653992056,3.4139740402510506
2885,-90,-66.0,-161.90376932531188,14.143955445756689,10.353868248924767,4.335460652612981
2886,-98,-65.0,-116.0,14.445814616799103,10.167737127939828,3.759749456052121
2887,-106,-82.09026065864035,-210.0,9.036632916438124,6.956660528361691,3.626290632207256
2888,-99,-74.0,-251.0,12.985203358934514,10.115816938380906,3.676964511253439
2889,-101,-67.0,-130.0,13.04149409299816,8.827131501997922,3.7505116173225166
2890,-115,-83.42905735842774,-261.0,5.141545128953144,3.6413923350901474,2.9829828601188835
2891,-99,-71.0,-135.0,16.72430981571962,13.55707504129424,3.9893026265633145
2892,-91,-59.0,-172.82026318782823,18.061151764716513,13.871014300040388,3.888912616838896
2893,-108,-83.60340835198323,-200.0,12.497740089864303,9.45094515964669,3.3849717988879555
2894,-93,-73.83004799724819,-131.0,13.243620598192695,9.767159970608224,4.211866029751789
2895,-99,-66.0,-130.0,16.67330197727035,13.48597361886983,3.630714466970453
2896,-86,-61.0,-135.0,16.905290401123636,12.9959127584988,4.152917294350502
2897,-94,-71.0,-119.0,12.634870575828367,9.222792956373556,4.152585029671781
2898,-91,-72.0,-123.0,16.573993086398424,13.00947596369818,4.016658783085722
2899,-97,-62.0,-115.0,16.11862700070847,13.027456157620689,3.818469329580519
2900,-100,-62.0,-126.0,18.18002144612363,13.49540559714813,3.8552078783873815
2901,-112,-78.0,-231.0,11.884750054791422,9.38382831224762,3.273602267142037
2902,-113,-84.0,-275.0,6.17047038600322,4.284432898918172,3.387410633998939
2903,-99,-72.82258237586409,-248.0,13.31395071429874,8.43697022516373,3.623211574152021
2904,-114,-70.81935673397949,-169.00581450310906,9.68364274370284,6.773710452307575,3.1106464409671366
2905,-98,-68.0,-120.0,12.314356381967459,8.851769245936097,3.745904833664009
2906,-102,-77.0,-221.0,9.379510097141218,6.949317957199764,3.688714328653054
2907,-84,-59.0,-107.0,19.31738232711662,16.26955804418343,4.1026323921638665
2908,-90,-73.58363052065164,-108.0,13.484393359645756,9.311335269158576,3.73137154098349
2909,-101,-66.0,-127.0,16.72463113151406,13.407220421939398,3.750127522739682
2910,-97,-67.0,-106.0,15.71782359617388,11.9323324828733,3.8139261065846486
2911,-101,-66.0,-137.0,15.001037472451308,11.187937920927473,3.6135361933874894
2912,-85,-63.0,-167.41069517847205,14.689725074865688,11.13724677236572,4.125604361984285
2913,-97,-67.0,-154.0,13.187616454183836,8.84178888936617,4.5062590835912335
2914,-117,-84.81301263231106,-288.0,5.160172028769245,4.0597893339243125,2.8147476607940827
2915,-78,-48.0,-108.0,24.83175878227579,21.5278381402275,4.370692076411742
2916,-94,-67.0,-132.0,16.401167933324892,13.205381749211131,4.237989660466663
2917,-86,-60.0,-102.70990639486291,21.684950211506493,19.60880811729659,4.013874164442538
2918,-99,-71.0,-166.89514823633027,13.207691684684226,8.891648489312757,3.9264926553927
2919,-106,-72.0,-269.69678508196716,9.515279278080342,7.255938148747458,3.0217751203492806
2920,-86,-61.0,-161.1730256990449,14.822074570968006,11.353787502403494,4.26401693266028
2921,-95,-60.0,-174.34479836467594,12.874412506974224,10.039461829179558,3.781486561483293
2922,-95,-68.0,-159.42060466957008,15.723181885248485,12.043566666603953,4.318135649740188
2923,-93,-58.74542734806294,-156.14846309002783,15.692500251499837,12.338304080336886,4.1161017304581815
2924,-97,-66.0,-106.0,17.998588083686037,14.045323117137276,4.0372048735972825
2925,-87,-70.16693981671641,-160.80496188880596,15.650648999642051,11.673304069353923,4.407515183647479
2926,-99,-64.0,-136.0,16.742162194555114,13.409942099149532,3.655318960412768
2927,-87,-60.0,-124.0,14.889947442039714,11.62414260019534,4.155831372093584
2928,-98,-71.0,-165.86467032346275,15.32476626226928,11.506858013939173,3.863518876928227
2929,-99,-61.0,-118.0,18.08186015370005,14.096106209664187,3.67929894458868
2930,-101,-60.0,-113.0,14.647411297061003,10.871685191240651,3.515576978571277
2931,-87,-63.0,-157.51409591618938,17.041656796267382,13.314628957747896,4.005146646692786
2932,-103,-70.0,-131.0,13.13690674723495,10.4346442257747,3.820999409647489
2933,-86,-72.0,-153.0,14.41586643767898,11.29932902170254,4.188050730841721
2934,-87,-69.3159398518351,-120.0,14.493376955774211,10.720476773276156,4.149629466617999
2935,-107,-74.0,-211.0,9.481037707270488,6.642026145325302,3.7573010918131007
2936,-87,-59.0,-135.0,12.161201650097343,8.424836284305616,3.938550765492464
2937,-120,-82.0,-272.0,7.277010965604872,5.596886105761021,2.5757538892438765
2938,-88,-64.0,-129.0,11.968063515388764,9.19136329575606,4.381241336393659
2939,-95,-62.0,-136.0,14.115833097396932,9.722199060282747,3.913865665726669
2940,-99,-74.0,-204.0,10.631481513812693,8.201123845788299,3.648801833914154
2941,-114,-86.0,-259.0,5.920628229983786,4.096669950520864,3.064658118482177
2942,-100,-79.0,-252.0,9.99767948289144,7.840204327721425,3.491235749596577
2943,-85,-60.0,-104.45996737478671,13.36750396882568,10.116966186363353,4.154793958676663
2944,-81,-63.0,-78.0,23.89943081549514,19.32880607937915,4.136419429370019
2945,-85,-63.0,-132.0,13.683221688814353,9.249192792522638,4.490799866702054
2946,-78,-56.0,-94.0,19.05649920151766,16.480432810600654,4.412403806634998
2947,-91,-62.0,-122.0,17.02668153101221,14.032014077921314,4.266646186312777
2948,-87,-70.10700920260356,-116.0,14.832012897125434,11.485828365307142,4.116894153429185
2949,-75,-55.0,-74.0,23.58478716986912,21.029780486470944,4.604657126974525
2950,-94,-60.0,-137.0,16.063870576475804,12.313698100880652,3.65166828627842
2951,-98,-65.0,-125.0,14.632791491430446,11.215229086259969,4.131938572704408
2952,-88,-61.0,-127.0,15.010065058846484,11.107435504145364,4.533069720380425
2953,-87,-64.0,-127.0,15.325691670567956,12.042160084068891,4.169680275268551
2954,-100,-81.33224353706936,-163.43019512508397,9.162468623968758,5.73077258049921,3.803066263642392
2955,-119,-82.0,-256.21067868452565,6.492286449899387,4.807335971683601,2.7947741329158258
2956,-92,-68.0,-157.3305827667239,15.652272978666488,11.755965402080244,3.6511953506821344
2957,-91,-72.0,-149.0,13.82474818410443,8.829738534739576,4.363641230510746
2958,-113,-75.0,-185.0,8.927005136022695,5.590460469155458,3.011009916268541
2959,-99,-70.0,-141.0,12.035066623432959,9.460137357509954,3.914454571459456
2960,-97,-60.0,-111.0,16.81432573323027,13.943407278001256,4.00832108952866
2961,-88,-71.0,-174.68659774454846,12.213092543853218,8.897445848218148,4.044730672293255
2962,-88,-66.0,-98.3709343966583,15.4498551375899,11.982349579163944,4.035127832909294
2963,-77,-52.0,-88.0,22.82907722061536,19.43940927507895,4.221593602749199
2964,-102,-67.0,-121.0,13.017045738270935,9.080491606066012,3.4303089324901284
2965,-77,-60.0,-75.0,19.016390875750503,15.41676631070422,4.290454485431516
2966,-91,-71.0,-162.17448246185742,15.571440430831831,11.949307995737428,3.880277944634652
2967,-74,-57.0,-80.0,19.333862502539034,15.375335995034447,4.523321580928843
2968,-105,-70.0,-216.0,12.889130293709224,10.14253156748369,3.677172372319679
2969,-102,-78.0,-208.0,11.340993584067574,9.317668851839784,3.5942290404431776
2970,-91,-64.0,-162.38857638536012,12.822352860526944,8.297400039307977,4.071487244949688
2971,-117,-80.06339389257514,-276.0,8.097441974473213,5.82146363719005,2.8910059156791186
2972,-76,-50.0,-104.0,20.56546694680261,15.981340176949914,4.412687445932559
2973,-76,-54.0,-109.0,19.47572379261948,15.13830948353088,4.207371880664774
2974,-85,-70.0,-157.5187951472405,16.109487661570213,12.239390201938274,4.147303281274789
2975,-78,-50.0,-85.0,19.341145871254344,16.367791712621372,3.853140720563528
2976,-90,-63.0,-158.90169776375777,17.670533587630725,13.6638101698642,4.042695090337003
2977,-93,-58.300385153204694,-145.0,12.898931778823703,9.528065160646571,3.842384516067788
2978,-114,-80.55478712929651,-189.0,10.76505063002872,7.890649783442751,3.376919563361437
2979,-98,-57.28186312189687,-141.0,11.712531418941307,9.3076664996093,3.4496985881403006
2980,-107,-71.0,-189.0,11.537009129647956,9.334140099151256,3.964438764647387
2981,-102,-67.0,-109.0,16.813981483245886,13.711489541111868,3.5585434516739403
2982,-100,-67.0,-161.4566716058471,13.858297520778045,10.192284033183816,3.5664778548042446
2983,-107,-70.8466112948753,-172.24426306749695,13.071070817969995,10.479386427710576,3.531957149575201
2984,-97,-68.0,-159.77959738775428,13.720112662029189,9.882597317804882,4.129425156566381
2985,-96,-68.0,-156.20527125438457,15.451148714170564,12.206578376534951,3.72524014229179
2986,-85,-59.0,-77.0,19.72019948311584,17.232572593588788,4.570555582244439
2987,-120,-85.0,-248.0,6.492691425822857,4.809304205858584,2.366970971711681
2988,-99,-79.0,-204.0,10.34577182028334,7.83091421944494,3.675261187463786
2989,-93,-71.0,-151.0,16.9821789857293,13.504473746556798,3.815102577228302
2990,-96,-58.53549402813216,-147.0,16.058568194278553,12.485386728193076,4.379946499673876
2991,-88,-68.0,-158.41636136650155,11.218850632423823,8.685892439069265,4.2009677821844384
2992,-109,-77.0,-186.7917389297884,10.096952076785374,7.953945325384941,3.46999636278037
2993,-87,-68.0,-153.91520358020966,18.02929975819702,14.620125293516356,4.26172799505593
2994,-85,-71.0,-156.8203034213489,16.74604672853102,13.680262923868824,4.058412127685046
2995,-101,-76.0,-240.0,8.254320161657223,6.163897219626268,3.65116753953374
2996,-82,-62.0,-104.0,20.87606817684692,17.52584281385375,4.018015997487513
2997,-120,-86.0,-265.0,5.559919478809233,3.65524865548081,2.12406509405739
2998,-102,-59.0,-103.1296589010791,13.93797809932483,10.135423944938552,3.911591005465695
2999,-105,-78.0,-217.0,11.547381102648561,9.089156643407671,3.74293820419213
3000,-101,-78.0,-230.0,12.415524210994473,9.806291501754668,3.831890892168421
3001,-97,-64.0,-129.0,16.029895039210448,14.438599324474229,3.6951781465726623
3002,-106,-74.65016001261279,-245.0,9.701609977204685,7.683226627149928,3.5480161303925315
3003,-99,-64.0,-178.72003227031735,16.202965708253497,12.774622593123269,4.115737527838903
3004,-92,-63.0,-130.0,14.57716334578059,11.26363457669346,4.389441115234982
3005,-114,-74.0,-245.0,12.474275238148785,9.351015420108704,2.686789813601361
3006,-118,-87.0,-287.0,7.826107395101489,6.587245284895326,2.593896800037544
3007,-96,-63.0,-161.94409735926564,14.999932878734668,11.891678713478584,3.842640741627007
3008,-97,-63.0,-125.0,16.204044581941762,13.200161042786794,3.5041883337163284
3009,-100,-72.0,-213.0,12.587817812448783,10.381380437618487,3.6005888359303464
3010,-93,-62.0,-168.01281549108435,14.569686510874432,10.611373683361688,4.140884389403452
3011,-85,-71.0,-176.0041386492295,14.173821665344375,10.118624313975085,4.149945438599996
3012,-119,-82.79987301113015,-291.0,5.248509553656305,4.154285929538359,2.412549707156572
3013,-87,-71.0,-128.0,16.124291768532522,12.57587300494588,4.240700861102586
3014,-100,-65.0,-119.0,12.294556574686515,9.812117914091791,4.190481053920766
3015,-107,-80.69175254395135,-211.0,8.723520626072855,5.601932319646247,3.1975374689449474
3016,-99,-62.0,-150.0,16.986483292283665,13.35707454140212,4.095137245198584
3017,-92,-70.0,-163.47982530984396,15.106522594129816,11.201655878898377,4.033598594389646
3018,-78,-61.0,-91.0,18.54630697577865,13.796838259739635,4.469694445106513
3019,-86,-66.0,-149.0,12.908874422168136,9.825826081098883,4.357233115851802
3020,-108,-82.0,-216.0,8.454938405109692,5.817117439528673,3.53138604454116
3021,-107,-80.06349627012064,-212.0,9.833547463633591,7.235322926077262,3.62139094260394
3022,-112,-70.0,-175.0,9.290231499985076,6.302062935032501,3.1121998896994154
3023,-98,-73.36868436781248,-173.10426984980137,9.19043714141038,7.076087334696014,3.842814389660673
3024,-103,-79.0,-216.0,12.7260650607917,10.436624200642942,4.286485150977384
3025,-97,-67.0,-138.0,16.224869948042453,12.507549768005138,3.897085901788324
3026,-75,-62.0,-95.0,20.66132210824137,16.55451178860711,4.371345886640848
3027,-109,-72.0,-171.88955804477422,9.048019023619869,6.748172638737529,3.3752956392159
3028,-111,-80.21415206064401,-218.0,9.862845538581697,7.210370946343648,3.04279602297941
3029,-92,-70.0,-134.0,15.244233903055472,11.484270981047134,4.379576153602869
3030,-119,-84.0,-280.0,6.499574940454162,4.665716246342221,2.660457705956144
3031,-96,-72.0,-126.0,13.384936967735154,9.6092745934271,3.824976339549619
3032,-105,-74.68816221273885,-247.0,8.9294409626855,6.309632908913914,4.078667890255259
3033,-89,-54.0,-104.0,23.68873703707493,20.568764336378138,4.343629227437559
3034,-99,-58.381427633239035,-155.0,16.774677577831213,13.590902008270698,3.649600683240193
3035,-107,-70.0,-165.78151333242778,9.808557207318916,6.893638572955337,3.651271102230532
3036,-90,-73.13895216091794,-124.0,13.25539249478946,9.62080307781726,4.509691251323073
3037,-78,-50.0,-71.0,23.24012185574786,19.34325212284729,4.061968411218432
3038,-94,-68.98258857501162,-151.0,17.59767322904362,13.8506243526869,3.889332656031189
3039,-93,-60.0,-123.0,11.622534306898444,8.929040478651116,3.881272038849856
3040,-100,-72.08799820576306,-153.0,17.728362479995518,13.869732900816285,4.214088188412374
3041,-90,-60.64358786020228,-146.0,17.40232395164799,14.237823973108371,4.364468741061045
3042,-97,-70.2060221956523,-167.19033990870963,17.065965720959454,13.626739911096736,3.855707564178815
3043,-93,-68.0,-128.0,14.220144251837272,10.647694820019808,4.382945072090336
3044,-106,-83.62187904197827,-214.0,11.786599588239525,8.62506628100697,3.517174154388308
3045,-79,-61.0,-78.0,20.38557566249999,17.721009534710053,4.1641481295831895
3046,-104,-67.91148994654503,-202.0,10.321219135347938,8.193165476736189,3.5166202337790438
3047,-102,-64.0,-175.0,14.884349361388402,11.261561932241223,3.917518815181744
3048,-85,-65.0,-171.5378841085056,11.619420765326275,8.365554401516142,4.090309939561824
3049,-101,-61.0,-167.648992535021,16.27383868368021,12.991407119772376,3.822904060121412
3050,-98,-79.0,-227.0,9.098463851658405,6.977007512436687,4.112353137731167
3051,-107,-82.33676104992249,-169.02488317183995,9.873283215186063,7.152052553117866,3.834073151241203
3052,-101,-72.0,-166.1662342507886,16.53340915128705,13.477747335633516,4.395144715600683
3053,-85,-57.0,-108.0,20.345036521208023,16.979712193086257,4.213593075562982
3054,-98,-71.0,-110.0,17.645832032016752,14.179752189030191,4.217959500342139
3055,-100,-67.88285063190236,-172.38535822909037,11.596382868556507,8.972900137165153,3.975757102448618
3056,-103,-82.52992945526337,-216.0,12.557720696020752,9.534973105814196,3.86325052120364
3057,-114,-77.0,-225.0,10.599992949325982,8.337769508768382,3.404054691439385
3058,-94,-63.0,-150.0,11.606240640721413,8.340485638432677,3.886726636378452
3059,-99,-59.0,-128.0,14.230740263819657,11.183214847624756,4.010429076037066
3060,-98,-59.0,-157.03972205362882,13.685361204122472,9.17241037595454,4.199689413209806
3061,-88,-70.0,-141.0,15.541913758763442,12.505108365181398,4.0817266757466175
3062,-113,-75.0,-167.34194384297373,12.363203637894511,8.869248171257166,2.911817471290954
3063,-102,-71.0,-155.20669545702498,16.891375178932215,13.32800841109444,3.4295532616432336
3064,-102,-70.0,-190.0,10.447881449279173,7.758627582754068,3.331614289912896
3065,-74,-51.0,-95.97301537661782,19.85836723338603,16.399980203344843,4.289608699782832
3066,-98,-68.0,-106.26896045964719,13.817440014075965,10.114945130061756,3.5859878777799272
3067,-109,-74.0,-259.2528271189128,9.808671427610085,6.922014039146551,3.525440520064625
3068,-109,-71.0,-197.0,9.838252170311804,7.273828396853437,3.2643170997196576
3069,-95,-63.0,-141.0,14.062686477028636,10.553550775117472,4.062022324651011
3070,-85,-70.0,-99.81584060514558,15.132350044927126,11.462082042048884,4.367083939041033
3071,-102,-68.0,-133.0,15.2195165359595,11.67946932826692,3.6067169349683614
3072,-102,-72.63965402395407,-170.58136589619798,9.542336048709224,6.925338931298307,3.701381992862292
3073,-75,-52.0,-96.0,20.70314942873001,16.097776905225153,4.219530836829862
3074,-116,-86.0,-272.0,6.532372699952113,5.0668108491573935,2.631567806706702
3075,-113,-71.59639690119,-221.0,11.188299642012957,9.417788149384082,3.5449891001087943
3076,-92,-73.36970907455633,-139.0,13.78807542651168,10.23781786955402,3.8658244624232343
3077,-91,-68.0,-172.67861301637717,17.650061103956734,14.66367045411947,4.041673042552812
3078,-91,-67.0,-146.0,16.382384162505687,12.720575591084591,3.969023153120383
3079,-100,-76.0,-175.0,9.089334890912813,7.071596297125524,3.829085730856541
3080,-118,-84.0,-293.0,6.714843509867541,5.161822512582501,3.0705767642508808
3081,-114,-88.0,-253.0,7.5975558924632915,5.75360830288654,3.5014691121762644
3082,-111,-79.0,-223.0,9.29710527640317,7.252520920181924,3.202157721676916
3083,-112,-86.0,-300.0,8.438732868407953,7.765166902821051,3.586496796460294
3084,-102,-66.0,-157.1469691577753,14.635652397343126,11.570780794155183,3.696186211463892
3085,-86,-62.0,-119.0,15.05898083623484,11.134946408144128,4.028811190306393
3086,-85,-72.0,-130.0,17.479060547315587,13.832648120530306,4.036999877985575
3087,-98,-65.0,-164.44426507628978,13.266438063049442,9.68562848473279,3.295531839282876
3088,-102,-56.57211268855139,-145.0,16.94614148482425,13.387155333537688,3.461608550133222
3089,-106,-74.0,-185.0,9.17634760761496,6.23976984542597,3.179388958794669
3090,-100,-62.0,-159.1476891430807,12.411973748450695,9.172337493901928,4.08982650963689
3091,-105,-76.0,-201.0,10.025369894768849,7.403202117942191,3.516307481833433
3092,-111,-68.53969285353907,-232.0,8.435210712981535,6.363958147773925,3.579113677558312
3093,-119,-87.0,-268.0,8.976033914310712,6.687221769085422,2.725675261542581
3094,-99,-72.0,-223.0,12.004153666726687,10.786814891060803,3.693723983309172
3095,-98,-83.14961568962735,-249.953769074916,12.729684113313224,10.43757472383414,4.214929193563582
3096,-111,-77.0,-222.0,9.09818505275388,6.903578252773601,3.995920874027063
3097,-100,-62.0,-154.21265555518667,16.683063704371314,12.847226985743164,3.722778923987508
3098,-92,-65.0,-165.93006526361165,11.474236408921263,9.197123973620224,4.220075751771613
3099,-89,-59.0,-166.6490979687966,16.943005274216247,13.02536977036686,3.8445865299896655
3100,-96,-60.0,-148.0,16.7912962910137,13.025824757946877,3.827885102284419
3101,-103,-80.0,-181.409291425998,10.74475662151596,7.98061505558124,3.55344743598899
3102,-92,-64.0,-153.0,14.750028792576767,11.698771393519252,3.9220264381943903
3103,-77,-54.0,-104.0,21.773531435370728,17.304929342709087,4.171538573607784
3104,-97,-62.0,-114.0,12.767004930915283,9.333963221467936,3.761544397448553
3105,-81,-61.0,-103.0987664574212,18.1079552268529,13.810611940246377,3.9588417968634806
3106,-100,-79.0,-230.0,8.971839112437758,6.515975419613278,3.774112477740221
3107,-101,-78.0,-184.0,13.26166089846745,9.701882699205376,3.820230256364966
3108,-111,-82.39439626315416,-212.0,7.55262432538529,6.160505818214269,3.3359839690202517
3109,-109,-67.63341516570851,-244.0,11.971607338112474,9.425524760086184,3.1719244776879267
3110,-113,-71.47066892506135,-202.0,11.679813639273565,10.112555728402333,3.455079226424257
3111,-86,-50.0,-85.0,23.823924291948,20.60120545154272,4.467322724651169
3112,-80,-53.0,-106.0,21.43494063103217,17.632408211935925,4.5892691218303945
3113,-100,-70.0,-222.0,10.440258168820026,7.964917484311947,3.847818854620361
3114,-100,-61.0,-118.0,12.705943019097068,10.12973544839688,3.8945181002276215
3115,-114,-69.25945863770276,-219.0,10.706118172699371,8.557730244353637,3.0426694351928223
3116,-93,-67.0,-120.0,14.833242765567167,11.488548670662617,4.100381199670768
3117,-109,-71.0,-248.0,9.940954211243486,7.840221680193634,3.2790146790620387
3118,-86,-73.94599580324245,-174.1563520242423,13.27972577809462,9.362148060681053,4.160943358820363
3119,-111,-78.0,-221.0,11.354190344658134,9.825648636249491,3.5156641605279524
3120,-76,-63.0,-106.0,18.663681529623616,13.739591815442283,3.791975416806276
3121,-103,-63.0,-122.0,13.17656156433399,9.07600407197917,3.760971757907536
3122,-112,-74.0,-207.0,13.626308622292402,9.64311676319866,3.4272542813565674
3123,-94,-59.0,-168.16908393309745,15.320091602394026,12.221376623785371,3.559749366045211
3124,-85,-59.0,-160.0690566785854,17.825021596698463,13.422282233865808,4.149393232916405
3125,-115,-87.0,-278.0,8.038155766745037,7.424916109543998,3.0164579934918816
3126,-103,-80.0,-251.0,9.280886791692064,6.4807302029506495,3.5118564063883086
3127,-109,-77.0,-229.0,9.088945005913278,6.106128736788332,3.316161500563788
3128,-114,-76.0,-228.0,10.36369813943616,7.453841172947589,3.0423295141004227
3129,-102,-77.68643300478553,-207.0,9.727265429649629,7.24525621622668,3.6760530771455255
3130,-92,-71.0,-152.50736948832383,16.011775544882244,12.608943372535087,4.112338049162526
3131,-85,-63.0,-146.0,17.994598274782202,13.879946778417311,4.411433152605984
3132,-111,-74.1833623046328,-243.0,11.242535706762295,9.129001762506276,3.411262360506826
3133,-87,-68.0,-151.0,16.167488868863217,12.38574791560904,4.362365433365563
3134,-97,-60.0,-107.0,17.916019436445893,14.176224971614328,3.8264102683158505
3135,-88,-56.5226774270755,-164.42600880290783,14.431576128335717,9.54289848981863,4.313972113816747
3136,-92,-72.0,-109.0,12.96495832852346,10.134699127624437,4.003747068974124
3137,-75,-59.0,-92.0,22.321280374679723,17.687291322373248,4.179079986664388
3138,-111,-76.0,-171.87689174772677,7.6759517584711965,6.198923042709884,3.3016908077724336
3139,-88,-71.0,-164.3575170358003,17.390882740777958,14.650746880295968,4.123685908288335
3140,-99,-60.0,-143.0,13.385437897558228,9.680407384835457,3.72423062942184
3141,-87,-62.0,-89.0,24.96646749334163,22.4848583502432,4.31845180215101
3142,-81,-50.0,-104.0,24.000059204342723,19.97481601092975,4.410507724447752
3143,-98,-70.0,-133.0,15.217176099740358,11.690202966517898,4.01532425722445
3144,-109,-70.0,-251.0,11.528493963577157,9.249872098689483,3.4872941511187285
3145,-83,-53.0,-96.0,24.91765302263265,21.92866877153284,4.427535760404589
3146,-93,-67.0,-168.13647163824976,12.613102942685027,9.130278294799542,4.08028238561195
3147,-79,-62.0,-87.0,23.66578292316434,21.01275367597931,4.60227788885079
3148,-114,-84.14473150500652,-201.0,11.399961108281,8.237437965203995,3.5511563594038384
3149,-76,-55.0,-85.0,19.86453533960468,15.899274036660934,4.268156325486686
3150,-83,-55.0,-74.0,22.07241279781209,19.47712656679297,4.30071817751471
3151,-101,-80.56757729421258,-216.0,9.54585554197755,6.54942785355674,3.498895890866668
3152,-109,-72.31586760908876,-234.0,12.580265557301793,9.907194347152942,3.3802434185747368
3153,-90,-67.0,-136.0,13.865615546298857,9.750347517013164,4.093808443606469
3154,-102,-67.0,-150.0,16.274470376767056,13.64029715848912,3.7186074087425576
3155,-94,-60.0,-166.37883677267237,16.23871656981569,14.402086877663091,3.5777648466191008
3156,-115,-81.37359165159428,-258.0,6.839731751423198,5.418689536286239,3.370533168361454
3157,-109,-69.13699807321528,-211.0,9.084394481871287,6.456668360246777,3.81167176220318
3158,-91,-71.0,-149.0,13.874954495117649,10.330289146858837,3.863916938096713
3159,-98,-64.0,-105.0,17.486541295284336,13.80904020913932,4.067081149951968
3160,-89,-64.0,-171.46526033479572,13.385169791371869,9.975026455842634,4.242370379731828
3161,-100,-71.0,-117.0,13.952335028133005,9.885573227846972,3.684071301941664
3162,-102,-66.0,-171.87082211433668,13.893182471999397,10.650417900290233,3.576488082509424
3163,-93,-61.0,-138.0,12.62245814367113,9.094156402684533,4.021899604745049
3164,-86,-65.0,-163.24529992649775,14.480479804107432,11.075914160654971,4.39561568826405
3165,-110,-78.0,-207.0,10.384999295710346,8.141710841205555,3.334028315803096
3166,-98,-63.0,-109.0,13.102458813579808,9.68308081479163,3.4787495719723376
3167,-97,-60.0,-170.90788616278908,12.651846712650515,10.203740699431616,4.0272448910639564
3168,-99,-72.0,-166.35116111915931,11.46675875624252,8.872274648124824,3.8225821127325657
3169,-89,-70.0,-103.0,18.247206646020807,14.97270303645615,4.1893201535079925
3170,-86,-63.0,-138.0,14.67349960150726,11.307769927610948,4.031644057534328
3171,-101,-59.0,-106.0,12.853727835753336,9.14750033126716,3.727616775486141
3172,-92,-73.89196933002292,-106.0,15.90951095504263,12.07052511576847,4.377894879128927
3173,-91,-59.0,-147.58420399019255,14.219194910587795,10.911307632541286,4.177924119006597
3174,-98,-77.0,-229.0,10.121364239193523,7.159537149571845,3.995760327671492
3175,-94,-63.0,-109.0,16.664651656546045,13.575237032544592,3.85543534308293
3176,-85,-64.0,-136.0,15.75478912112048,12.527534565185,4.478531706752262
3177,-86,-59.408937424514015,-77.0,22.59632045807458,19.69204666497956,4.402521660306595
3178,-103,-65.0,-137.0,16.747868687206875,13.145161653451355,3.387523212321268
3179,-107,-72.0,-181.04897702342913,14.063285391982639,10.350955634752488,3.38369164547931
3180,-100,-66.0,-119.0,11.717229242094993,9.536413035926724,3.6608497632933457
3181,-98,-65.0,-138.0,11.485036616319258,8.669096216446347,4.053336309846477
3182,-108,-76.0,-182.0,11.591761144366895,10.1025886112828,3.5725608704906944
3183,-113,-77.0,-237.0,11.883306684883095,9.6024994515415,3.3859933188615705
3184,-85,-61.0,-168.87078754674994,11.192751855575672,9.018748685603502,4.293803640013118
3185,-120,-85.05736820189402,-247.0,5.571553354728231,3.992479738359541,2.86716110079136
3186,-89,-59.0,-95.0,23.63981340474023,19.226959142965363,4.351210203738155
3187,-85,-60.0,-87.0,24.312892723482115,20.72694809539086,4.4170870365437365
3188,-101,-71.0,-180.99019579175462,10.61750652483425,7.653610733789849,3.8819916922431976
3189,-103,-71.0,-226.0,9.145115489894613,6.236538958221732,3.715536586317306
3190,-95,-66.0,-171.47730056575082,13.429681307486158,10.27994518545704,3.8745166091221863
3191,-112,-69.94311140097561,-248.0,7.797764621888652,5.947911717128205,3.2252436690369035
3192,-92,-64.0,-179.41225330540846,16.440105909942496,12.53283127430766,4.340422945966895
3193,-93,-69.63891614913301,-142.0,15.545653942778577,11.938039588051844,4.152499514241807
3194,-88,-60.0,-127.0,12.796351903018293,8.994760641603813,4.441597879261357
3195,-90,-66.0,-135.0,16.209427121654667,13.169348315073345,4.029291437922884
3196,-92,-59.0,-169.57347952088654,14.127692397300637,10.6623925605806,3.769762622792017
3197,-113,-76.0,-230.0,10.485017382693478,8.007707958331412,3.2160800635984423
3198,-106,-70.0,-186.0,11.187797495611804,10.200148102832337,3.4202680086195
3199,-99,-64.0,-130.0,14.331983806038386,10.50869322923144,3.758236326961472
3200,-90,-58.04286419740638,-127.0,14.871304997945913,10.880918098060896,3.9342047047579767
3201,-103,-71.0,-196.0,7.8811967413662085,6.49477453670165,3.8003744273441473
3202,-84,-57.68188486627724,-92.0,24.24329467239318,21.050556057617527,4.392391055757686
3203,-107,-78.0,-209.0,12.216655934533643,10.20700470459452,3.33832529618904
3204,-101,-78.0,-175.0,9.910098089676666,6.9495871867153785,3.999627523558061
3205,-98,-82.57675322012717,-188.0,9.40073253118823,6.466986616908277,3.804428662834346
3206,-78,-59.0,-86.0,18.411903163756676,14.34139948627056,4.254157695316062
3207,-103,-68.01432754872994,-196.0,10.99245605162776,8.608038529067674,3.62804354423026
3208,-102,-62.0,-114.0,17.381678559623147,13.16405879683636,3.44946987272142
3209,-88,-65.0,-107.48290646062136,11.890373413292394,8.098491400945209,4.402325657193611
3210,-95,-59.49875267257411,-154.8086537597566,15.54096706110836,11.69936453301429,4.045740507738172
3211,-99,-66.0,-140.0,13.54881812769763,9.27070201203794,3.502653093364992
3212,-102,-60.0,-140.0,15.217705885530403,11.421227899861655,3.78598276129622
3213,-103,-66.0,-103.0,16.657760786016603,12.729813917096616,3.7279530829993743
3214,-86,-71.0,-174.43663314001134,13.026972861878313,9.25800256014444,3.690913207967576
3215,-99,-74.0,-229.0,11.81370205147591,9.58043628727502,3.529025632720711
3216,-87,-66.0,-154.0,18.414935937547842,14.545199663342352,4.231226295999883
3217,-90,-65.0,-132.0,14.158250230141636,10.129457015816016,4.36419882999491
3218,-86,-72.0,-137.0,14.848475615289988,11.346070346753324,4.168909925909219
3219,-83,-60.0,-97.0,24.79915800945934,21.69162451167956,4.273720647184993
3220,-106,-70.98228127511044,-229.0,9.377899285115284,6.5141621966408,3.744995838274383
3221,-108,-76.0,-253.0,9.635736821606246,7.167197403744529,3.428199455080219
3222,-97,-67.0,-147.0,16.952270502546583,13.87145211043386,4.020474297315568
3223,-87,-68.0,-164.45318939048286,14.561682703170824,10.264140506929357,4.176965901927278
3224,-86,-68.0,-158.1692918240369,14.76831243160342,11.519088772341496,4.560991782911135
3225,-111,-80.75275997532627,-164.6689973692058,10.310688977366286,7.902298394457819,3.5597394498355555
3226,-89,-61.0,-82.0,21.50554409916355,19.364757853306426,3.691936248013383
3227,-95,-72.0,-122.0,13.711822322287253,9.721850885560368,4.242153850583335
3228,-110,-70.0,-240.0,9.04198245127526,5.89127777701721,3.5844852635485336
3229,-95,-71.0,-117.0,16.382032270531877,13.593424243255631,3.7357598892808905
3230,-97,-70.1649744658369,-173.05052234133055,15.495074909663447,12.003575087066036,3.535388370949411
3231,-103,-64.0,-133.0,16.34732265309612,12.524655533046316,4.205841379870921
3232,-97,-66.0,-170.22569984298204,15.26059413593391,11.295059871601152,3.985425019771132
3233,-99,-67.37770522419743,-113.0,13.528067940955061,10.00925160891103,4.239482608609056
3234,-100,-70.0,-148.0,17.939051762836492,13.254857348653086,3.967070341060708
3235,-101,-70.0,-229.0,12.306553815562975,10.223625199458612,3.802951807956975
3236,-87,-74.08594735908444,-150.0,15.454745457150963,11.508382981472169,4.277898946247328
3237,-99,-73.2291686405743,-171.1710609843849,16.998934467126926,14.29485494234115,3.532579587943135
3238,-87,-60.0,-91.0,19.39440582771959,16.275313332220062,3.866575540054368
3239,-102,-81.06498718966635,-252.0,9.78884697099289,7.48757692028062,3.850579259427741
3240,-82,-55.0,-91.0,21.45848328251702,18.35550597731921,4.270187820724948
3241,-102,-68.0,-175.0,17.538887420961963,14.402208908946337,4.241938642048182
3242,-92,-62.0,-150.0,14.055152400758235,10.979819283071842,4.139857649565689
3243,-101,-82.0,-254.86554391200167,8.558730910868077,5.402920935274393,3.844814463291425
3244,-104,-77.0,-247.7698386119733,9.73700866102452,6.956637384095552,3.688116728047566
3245,-106,-82.0,-194.0,9.460805720978616,6.961479744256732,3.3941426152369485
3246,-117,-86.0,-250.0,8.040861923285515,6.7130782046375135,3.227272600717152
3247,-110,-70.0,-250.0,9.84874876962032,7.710559487757518,3.28310089227962
3248,-81,-53.0,-107.0,20.67441823677477,18.19981195309365,4.528338907589085
3249,-90,-68.0,-135.0,15.744298422559172,11.901730065842935,4.055943209338805
3250,-101,-71.0,-180.0,8.76490671334438,5.791268934154909,3.640693991570803
3251,-109,-80.3994387311422,-166.68806219786475,8.20324776894448,5.952410301464219,3.630487531815513
3252,-102,-66.0,-164.8810837572679,15.571776272069666,11.724744126679076,3.336749534271596
3253,-106,-76.0,-220.0,10.003999921230651,7.956396041387636,3.712778749951577
3254,-76,-52.0,-103.0707667486723,22.62437008039608,18.418481981941248,4.601872969663854
3255,-102,-70.0,-110.0,15.205394294176797,11.281017680633624,3.744464934709554
3256,-99,-75.0,-215.0,10.707224154065246,8.085507738519947,3.364040306016641
3257,-95,-60.0,-145.0,15.513237698139632,11.643842586512676,3.98918035342668
3258,-82,-60.0,-80.0,23.96250876913216,19.153111750983847,4.475381406883203
3259,-86,-62.0,-150.0,13.0850004762841,8.394762586423191,4.292673039661142
3260,-97,-72.0,-107.0,11.832014125021459,8.439646988743956,3.843810737920877
3261,-108,-71.0,-193.0,11.839678859383797,9.53548109345718,3.1897209757631564
3262,-101,-59.0,-172.02056159587454,17.740352769505442,13.91604210764642,3.7126756300370944
3263,-79,-61.0,-78.0,20.83831267147173,18.079783135508364,4.403144775536688
3264,-90,-68.23081808647882,-169.5799436780114,12.839933969959226,9.781834184112917,4.185000154033249
3265,-86,-56.282756170484674,-175.0,14.75387338879396,10.91021818757428,4.492131796244495
3266,-104,-72.0,-219.0,11.61617329866685,9.271188761771617,3.6860289625503
3267,-114,-81.56817845119427,-264.0,8.206350243592384,6.747899553152651,3.056334586363016
3268,-109,-71.0,-214.0,9.022789660867511,6.064007439165732,3.6430324083722208
3269,-81,-57.0,-107.0,24.264696083082107,20.931483437113624,4.298383448886415
3270,-102,-59.0,-165.0257145403546,16.73548906387572,12.927287170313988,3.601763053286144
3271,-99,-62.0,-150.0,16.9427707077715,14.374573177982898,3.857800938142156
3272,-85,-60.0,-133.0,15.26383274052064,11.67311057771177,4.175650895394649
3273,-87,-67.0,-115.0,14.63003646041184,10.827359272305747,4.376675890488466
3274,-112,-74.0,-215.0,9.435370804178758,6.904328479615684,3.178549331843008
3275,-106,-75.0,-184.0,12.72610514214862,9.941042568094373,3.5901686833733257
3276,-86,-63.0,-146.0,13.559872363602684,9.672972877298012,4.387787868199566
3277,-90,-60.0,-110.0,14.318290402834627,10.924639851444706,3.992022458646231
3278,-85,-56.0,-76.0,23.779397917168808,20.311955464134783,4.346515193425341
3279,-88,-71.0,-138.0,15.40432607861351,11.444824600948628,4.235743846188691
3280,-98,-57.407015282490306,-161.81236731286936,15.556666988131596,12.253435741976563,3.4961741584135866
3281,-89,-70.0,-121.0,15.34491957724357,11.854330761509498,4.36579916328988
3282,-105,-79.0,-182.0,9.897224246342953,7.480437121463915,3.870862941880709
3283,-87,-59.0,-115.0,15.791844843953342,12.297619124436329,3.8270162424070686
3284,-107,-75.0,-247.0,12.602884689648018,8.612845804882314,2.889266494553948
3285,-111,-75.0,-166.19541786513489,11.321543772353726,9.7568470588137,3.4874599048850112
3286,-85,-70.0,-134.0,12.359101408479304,8.158423221991404,4.28881164608259
3287,-97,-62.0,-170.64035436157252,16.834432816401097,13.60568962956624,3.824192503864921
3288,-97,-62.0,-122.0,13.050776580605623,9.007893683764475,4.041983692459105
3289,-91,-62.0,-168.86081297677407,15.549906669758958,12.227740119881664,4.149498824094795
3290,-105,-74.69119403863334,-192.0,11.553998364236024,8.784177128160973,3.3922975731685416
3291,-94,-65.0,-144.0,16.181910282305218,12.776015408527153,3.8722026193651793
3292,-105,-76.0,-174.2642420757547,8.679094460399503,6.639207505667794,4.060168030588485
3293,-89,-68.0,-149.0,16.54535007578493,13.325443469120485,4.002493129030298
3294,-107,-73.46639522949012,-216.0,10.280748708643385,8.1977536777998,3.4104844620521417
3295,-89,-62.0,-105.0,14.341855336331824,10.953764286541334,4.604159476408976
3296,-89,-59.0,-107.0,16.518248264282064,13.306003171256128,4.415483874076451
3297,-86,-68.92360275125493,-160.7865158538494,17.020152876274704,13.724590803939847,4.462793003151903
3298,-98,-79.0,-171.00716676631075,10.016417809285782,7.134756934928447,3.904421848051356
3299,-106,-79.0,-190.0,8.710037275515587,5.633986714371967,3.608194340284333
3300,-86,-59.0,-131.0,15.829293688585324,12.307594561204745,4.445643049497205
3301,-104,-79.0,-174.76826611911292,8.0853585006305,5.839060119667917,3.7077746694571942
3302,-102,-80.0,-218.0,11.368486408622523,9.4035295671346,3.9617772274261127
3303,-84,-57.0,-81.0,21.102488022572345,16.873145291747974,4.352455187432598
3304,-93,-63.0,-113.0,15.182030825305084,11.232916074917934,3.747652434106612
3305,-85,-69.18126120074031,-156.8042587746632,13.065193924063527,9.463760922678262,4.34665854443591
3306,-84,-52.0,-98.37887955977091,19.121351778245714,14.84702905263386,4.417029418331467
3307,-101,-57.330825099365526,-126.0,15.05024523061643,11.85920000085794,3.6615878723157658
3308,-104,-82.0,-160.95368492332798,9.546589868381323,6.916966369507604,3.377669066848369
3309,-93,-59.0,-110.0,15.949194154677794,12.557496118328803,4.288837977218947
3310,-98,-73.60364099055961,-228.0,9.480087015654307,7.05713894556234,3.6684154135855658
3311,-98,-68.47830756010887,-106.0,17.37287219515718,14.320013126296413,3.7687932790648015
3312,-102,-69.66063080682025,-180.0,10.842188786484568,8.587072280009906,4.312173973088073
3313,-102,-82.0,-238.0,11.824935929970096,9.51498196084901,4.2328577381268095
3314,-103,-69.92926819370788,-131.0,14.573012869057774,10.852542578471365,3.778069320798394
3315,-82,-50.0,-71.0,19.337422861947967,16.133997505473776,4.291179713734895
3316,-111,-75.0,-242.0,7.477553242709294,5.439900308085445,3.677780075105436
3317,-103,-62.0,-141.0,15.8122444886399,12.54398149119087,3.6948907789765233
3318,-94,-72.0,-136.0,18.4013041888339,14.490990715653144,3.935743156075744
3319,-90,-56.98592724016576,-155.0,15.647399559411312,12.523977570301572,3.946456777568274
3320,-104,-75.0,-214.0,11.362208943673272,9.197803908955713,3.680604587035583
3321,-91,-60.0,-101.47245116594186,16.076487832645718,12.233795145346924,4.197784086144882
3322,-112,-74.0,-194.0,9.721913843665636,6.872564347527327,3.529876156245608
3323,-97,-60.0,-168.5075882026204,13.23696564651817,9.868313595376058,4.282507851431782
3324,-103,-61.0,-163.31886495980604,13.497220721438579,9.548762162440234,3.5142581574457616
3325,-85,-71.0,-133.0,14.842236345248164,11.121801464625143,4.246954913900322
3326,-93,-60.0,-128.0,16.587654084917418,13.394884488250764,3.907165538862571
3327,-90,-64.0,-172.44708424511182,14.54318003673794,11.177089266959504,4.077195367687559
3328,-103,-72.0,-203.0,10.87658993428414,8.518569661224237,3.6669002844794703
3329,-100,-71.0,-171.34622631787164,9.252472950651182,5.608057612566205,3.785934039995362
3330,-104,-81.47228333326825,-195.0,13.882891177772278,8.964291863599586,3.361872036474088
3331,-102,-70.0,-245.96606584785368,8.433996525184897,6.356095253437087,3.5895017250393417
3332,-91,-67.0,-144.0,13.410756014198089,9.54162783689412,4.387588552503445
3333,-90,-63.0,-130.0,13.363897090076616,9.66320876883912,3.985047511173499
3334,-103,-59.0,-153.0,17.802267206078124,14.1700063001651,3.4315778204205705
3335,-105,-72.51650145224869,-171.79275382676187,12.508680857601421,9.509463134136446,3.193296341765079
3336,-96,-57.62868373444471,-147.0,16.74920899203832,13.691064301041004,4.198403807519988
3337,-88,-67.0,-172.85672499955342,13.070925217909512,10.279430562924604,4.003876013870462
3338,-105,-84.06337983438941,-228.0,10.987627877666206,8.39617303081232,3.5145648338988416
3339,-99,-82.0,-233.0,9.059027784195882,6.368739903960988,3.8186414863388047
3340,-105,-72.92534920627686,-226.0,12.167714999932816,10.149181204584092,3.5366043894698573
3341,-102,-71.0,-142.0,16.35351615882191,13.223702149238331,3.9208182284568847
3342,-113,-83.96421626294608,-235.0,12.283073763913869,10.417543438427758,3.314741954640119
3343,-92,-72.0,-129.0,17.23899546736423,14.576685654781343,4.2991709126183055
3344,-82,-61.0,-76.0,21.73604302178235,17.23444939831777,4.2180936128823046
3345,-95,-64.0,-170.4009991104086,16.07340426636565,12.75092811194531,4.290813597146878
3346,-94,-72.0,-171.31725492387648,13.094952039121699,8.41460512439696,3.551151415827209
3347,-105,-77.0,-195.0,12.819646764907926,9.828262615119971,4.174204493457463
3348,-103,-66.0,-152.0,11.957100982712873,8.722927802491647,3.4524461978880328
3349,-96,-70.0,-113.0,16.530448646469935,13.130545889080851,4.33452211113683
3350,-111,-80.0,-249.0,8.482792127106665,6.1476449038278576,3.000268433685608
3351,-99,-59.0,-147.0,16.76096059648213,12.801503957236044,3.637854909109392
3352,-96,-66.0,-167.44695614155972,15.37691217168508,12.30701656408905,3.7357004464161134
3353,-100,-70.0,-131.0,14.291696242769337,10.924333698225007,3.84981661946168
3354,-104,-75.0,-232.0,10.42797745294392,7.6073543028361295,3.8178143376641263
3355,-91,-63.0,-133.0,13.173370021195442,10.339964927056114,4.639540613535101
3356,-101,-63.0,-139.0,17.063335949018192,14.59740238662896,3.636969938615789
3357,-90,-66.0,-147.0,15.876722895771138,12.257400099582515,3.694122910838387
3358,-91,-68.76574853224011,-132.0,13.56622292395593,9.233407017481774,4.177493307561585
3359,-117,-85.0,-273.0,6.053832149927745,4.167260421670499,2.958877536272811
3360,-98,-70.0,-108.0,17.367888394605423,14.150243738943397,3.746432463030449
3361,-100,-82.0,-187.0,9.944216543657124,7.063230751493113,3.311940871057128
3362,-120,-82.0,-291.0,7.236772870320503,7.100304107380955,2.6612477006297306
3363,-97,-62.0,-145.0,16.174760553863514,12.952157732570557,3.922277893648521
3364,-111,-79.0,-181.16213550011213,12.773644021404952,9.704424774214884,3.5544848851358584
3365,-103,-62.0,-162.38974777412872,15.03074252065432,11.309662068963574,3.4243985116772557
3366,-94,-72.0,-144.0,13.48771984759828,10.073221103372465,3.460148779603609
3367,-100,-72.0,-161.08492598774936,17.538339290729585,13.742270138287294,3.6226822663932743
3368,-95,-66.0,-112.0,14.88573184054293,10.900690250029683,3.755193181924467
3369,-102,-60.0,-134.0,15.351978489209728,11.62234599347709,3.544386999744149
3370,-102,-70.0,-144.0,15.83280362024082,12.056677096726654,4.12126075374144
3371,-75,-57.0,-94.1030647916395,18.97723360581,16.222737789687546,4.568197218855612
3372,-100,-72.0,-114.0,14.124856738247049,10.648392272386134,3.61606581285432
3373,-112,-83.2895827175083,-191.0,11.697007524273749,9.082430407463969,3.269972491962994
3374,-94,-68.0,-124.0,11.727248426319752,8.594496056670572,3.7885825853226094
3375,-102,-71.0,-180.03470927442515,12.533299388212797,10.19569152911262,3.707965279811987
3376,-113,-72.77284754260323,-189.0,14.25636176422241,10.531664915417858,3.1933003955958004
3377,-107,-84.5883820885616,-177.46916919970664,11.83403205914937,9.38456268846032,3.697998531554687
3378,-92,-73.02629374742752,-171.85965276017117,16.957390318067233,13.943308679381127,4.088416303087373
3379,-106,-70.5142691384059,-208.0,11.576617736510471,9.837106886115668,3.7630047618053952
3380,-101,-71.26794266404991,-163.03575768941167,11.774016477610852,9.190209937265548,3.3678766636026225
3381,-90,-56.65276019567993,-167.57092436079662,16.063920434442082,12.838169011390876,4.309050583432065
3382,-100,-68.0,-102.0671432487402,14.7333153072496,11.551654007438415,3.736140721701062
3383,-101,-72.0,-107.0,15.681673338744512,12.527121880938964,3.937379246426703
3384,-99,-61.0,-133.0,14.09601360893339,11.03022535288918,3.805479381351768
3385,-91,-72.0,-115.0,16.499998320807403,13.365124823469092,4.19010675322189
3386,-118,-82.0,-266.0,5.270701604638069,4.033062675737938,3.0785431291058045
3387,-106,-74.0,-182.0,11.927872594621151,9.81280083623788,3.325024942775419
3388,-88,-56.0,-108.0,21.58668432414069,19.058544714652,3.96881821290304
3389,-89,-64.0,-173.94320747374164,12.546851894613939,9.363595010694564,4.559472810052101
3390,-108,-75.0,-238.0,11.272900928690857,9.067359935465554,3.393633228315529
3391,-86,-61.0,-127.0,14.179563434804615,10.885011257553234,4.524558832689193
3392,-95,-63.0,-135.0,16.511949151364803,12.767817701420862,3.7734038178943248
3393,-96,-72.0,-101.96254914428958,17.466896725750285,14.24772261757314,4.092358839555305
3394,-99,-59.0,-130.0,13.262404468629313,9.32928286456623,3.432064080478705
3395,-86,-63.0,-87.0,22.8585905864647,18.20784320702039,4.605726526889305
3396,-103,-82.08952340941832,-253.0,8.59071994646718,6.154733199895631,3.926574585277377
3397,-86,-64.0,-109.0,12.988064511698278,9.174544044311292,4.341584638121194
3398,-97,-68.50454004035144,-113.0,16.931814799762897,13.378153876320331,3.6120137889170185
3399,-103,-80.0,-225.0,11.283276258594931,8.716414033486618,3.5749658381393794
3400,-106,-80.6973818498362,-247.0,12.883799367875747,9.629777306271704,3.3650392477362727
3401,-98,-79.0,-164.34142229906607,7.887696776196499,5.687183663191108,3.826454244843832
3402,-100,-66.0,-134.0,15.647759047800736,12.157576932868908,3.577902547266332
3403,-112,-78.0,-218.0,10.53307630306104,8.86410018021849,3.6844036350610936
3404,-90,-62.0,-168.2837588882946,15.261526994084267,12.081610818122954,4.178010783464174
3405,-99,-69.22230776615945,-231.0,9.878956920093934,7.33271545777744,4.109738951854975
3406,-100,-70.0,-103.0,17.96927993391495,13.76110483998132,3.579150040635652
3407,-75,-52.0,-106.0,19.851347028957107,15.294851622746249,4.356482772074816
3408,-90,-61.0,-117.0,16.93046002279263,13.153205575308766,4.323187423435906
3409,-98,-70.0,-226.0,10.806754283614344,8.509890779624161,4.123347342361426
3410,-109,-82.76008759274252,-224.0,10.529805954153089,7.582475819287063,3.056762297585385
3411,-74,-60.0,-76.0,20.319218620373285,15.706433553210022,4.119509853574049
3412,-91,-72.2480749483687,-140.0,13.18829624869085,9.823168334026482,4.456731700953804
3413,-101,-82.0,-245.0,12.464579529452758,9.917476296890255,4.055697775630694
3414,-85,-59.0,-164.70768368215622,13.018823174069954,8.932316334462563,4.051103820584335
3415,-109,-80.0,-185.05754929545918,10.443246100540454,7.624080434464492,3.4996571002165946
3416,-95,-62.0,-104.0,15.178963427017388,11.43870771318985,4.5675678289833455
3417,-96,-73.42689109439992,-167.94886680440118,14.72049831799286,10.7532162401282,3.8694720894828514
3418,-85,-64.0,-108.0,12.637748997578921,9.333761309419131,4.355973115224189
3419,-100,-71.0,-172.86536198972408,11.835006966512998,8.548629253233047,3.955335260747729
3420,-98,-70.0,-116.0,13.188437640399627,9.323560752294082,3.850913515304076
3421,-103,-63.0,-115.0,17.261835975068927,13.698562227787937,3.3454428743273072
3422,-109,-75.0,-219.0,10.611083451856787,8.182371438593034,2.9056996494288745
3423,-105,-78.0,-187.0,8.60987259497708,6.057111720703468,3.406134648519413
3424,-93,-63.0,-116.0,16.713902769210744,13.706153274743873,4.219831849891183
3425,-90,-65.0,-128.0,17.486164061892378,13.23612734074303,4.280377973849636
3426,-103,-75.41787005713573,-209.0,9.56651156771592,7.284680800784276,4.158879554788673
3427,-95,-61.0,-108.0,11.994222305541543,9.234247116762829,4.181376531861781
3428,-97,-64.0,-170.78618364616557,14.246439339806688,11.016316233112114,4.3538776545706295
3429,-95,-57.64631507791556,-125.0,15.092672353621976,11.771882086284783,3.6451058737619695
3430,-100,-68.0,-151.0,13.27709497702842,9.735159605332024,3.5992240579076533
3431,-103,-74.0,-242.0,11.503393537583875,8.761866271990836,3.575008108070953
3432,-91,-72.0,-113.0,13.183793837507265,9.192288018702596,4.022286955176933
3433,-104,-80.14206791168039,-164.93662351204367,9.431068513278312,6.260553793045711,3.533851424930518
3434,-117,-82.0,-265.0,6.371010567504134,5.263076531115439,2.4153395261298143
3435,-85,-53.0,-86.0,24.45216143454553,20.022216839875853,4.317754253834514
3436,-114,-70.0,-213.0,9.805763618105038,7.798178455131692,3.1131828249371205
3437,-90,-66.0,-120.0,15.078024787389468,12.020757085594912,4.28939896772421
3438,-105,-75.0,-228.0,8.306507117249105,5.966766166245616,3.322088119203032
3439,-85,-59.0,-157.95409528477774,16.809954152941593,13.100750649695843,4.499079464717161
3440,-102,-78.0,-225.0,9.206442607052605,6.908532760661914,3.610321079456136
3441,-93,-64.0,-160.86194452794373,18.26418347358982,14.555584558249876,3.693942196262984
3442,-86,-61.0,-104.0,20.82556948870274,17.73021359546608,4.374313460545973
3443,-108,-72.0,-217.0,8.555353660073335,6.229084168717618,3.346389785608981
3444,-112,-71.0,-221.0,10.748230603395358,9.191798822915688,2.7716911360635965
3445,-103,-66.0,-141.0,16.87924295615107,13.967799511434098,3.668408057934773
3446,-95,-70.02941804561934,-170.67932353856634,12.31961720927595,9.41056911074952,3.776174514171105
3447,-105,-77.0,-183.0,9.626456893050683,6.802972879876709,3.6985055576791055
3448,-96,-67.0,-110.0,16.536909853108625,13.235857937729357,3.902410087928747
3449,-106,-83.45647228130234,-176.44794765562315,10.72841902164762,7.960900051751075,3.786853363928317
3450,-112,-79.0,-242.0,12.512469454584807,9.640502101203955,3.770131390378479
3451,-106,-74.0,-218.0,13.397918081224969,9.695590060169728,3.951112598248945
3452,-88,-51.0,-107.0,18.602933741934947,15.686462172627364,4.412289909278987
3453,-112,-87.0,-240.0,5.948926260609812,4.256147968618135,3.0665664310570118
3454,-100,-70.0,-241.0,12.828419505527293,10.395668804474749,3.779563893969184
3455,-111,-74.0,-170.76169932365582,10.5188411029363,8.33443897834658,3.5796602974534686
3456,-114,-77.0,-218.0,10.91884214683291,8.414626026633467,3.491290091449227
3457,-103,-58.33732151194843,-147.0,14.704930124796489,10.80499647863876,4.048604152806121
3458,-77,-54.0,-79.0,24.78818088488078,19.91014961814385,4.237048746567666
3459,-110,-82.0,-197.0,12.998588158707523,9.800739681091528,2.9742154510847225
3460,-112,-84.0,-258.0,6.376458691830488,5.096003666149265,3.020949276203962
3461,-97,-59.0,-175.0,11.354237208263081,8.734768236996047,3.980378266123988
3462,-89,-63.0,-116.0,16.963061931943678,14.090883129751049,4.296416141612228
3463,-97,-68.95016760219141,-132.0,15.282346430173298,11.829412078802113,3.4355881225593063
3464,-85,-59.0,-88.0,21.66836650755951,17.50969714161668,4.148221162453787
3465,-117,-88.0,-276.0,8.975288112953338,6.938808766614613,2.8124881066255827
3466,-88,-58.42135550010012,-129.0,15.79341520308322,12.336886843513172,4.610108944124899
3467,-87,-54.0,-75.0,19.79104552679816,16.4173017793195,4.419952497472193
3468,-100,-78.0,-228.0,9.930090626917163,7.567523481441954,3.6022665596730623
3469,-100,-69.06000195078599,-184.0,13.023377279925265,10.0513718226351,4.040964740150895
3470,-90,-70.0,-121.0,16.934866907511545,13.820258651845554,4.027047227754684
3471,-100,-64.0,-130.0,15.994506228941274,12.089240988458036,3.8122813979310672
3472,-89,-60.0,-87.0,21.36499460422203,17.03806726084624,4.505629520908195
3473,-87,-71.0,-167.66689671586724,14.621681038747925,10.976548463032522,4.4254946064482645
3474,-88,-70.0,-119.0,12.69104075446467,9.127598836590492,4.402778716415717
3475,-98,-72.0,-191.0,10.2558391615579,8.187561461239046,3.7122459217175288
3476,-106,-80.82726001547888,-206.0,12.39900138053471,9.462705543153495,3.304209181457306
3477,-103,-75.0,-235.0,9.801349504401877,6.956384301411877,3.786708267293125
3478,-95,-68.0,-137.0,11.187308006396393,9.018447083636293,4.00273234098487
3479,-88,-59.0,-111.0,13.376301568997587,10.075627337795426,4.3699126491129725
3480,-85,-57.0,-107.0,23.67467257066733,19.731546499150426,4.39099126607462
3481,-92,-61.0,-147.0,16.89593723284159,13.153178962086022,4.105526439913586
3482,-86,-67.0,-150.762440049982,15.589478224928929,11.718163243117605,4.286644187751304
3483,-87,-72.76743391716111,-167.9024770376054,13.885980586202317,10.17580843144286,4.57528057111453
3484,-95,-67.0,-169.27646624384303,16.19459089400578,12.442244159894042,4.100636043333345
3485,-99,-67.0,-153.0,16.99174066510306,13.2439043933181,3.4071110317980238
3486,-87,-60.0,-124.0,12.810712106994771,8.781623995797686,4.296917756678445
3487,-90,-56.61799907281778,-107.0,14.11404977984192,10.32574793890013,4.007416972012157
3488,-103,-63.0,-152.8290198698818,13.739923393589821,10.103366261778245,3.674378856917965
3489,-92,-70.23965709663777,-175.0,18.293658656441306,14.068145790148256,3.9983995909792416
3490,-108,-76.0,-228.0,13.630398575055622,9.4537905508588,3.508224756383977
3491,-83,-59.0,-109.0,17.856830756603852,15.914033183273736,3.964340675577584
3492,-113,-75.0,-265.535293720101,10.66587593324503,8.939790221266495,3.032563636040455
3493,-93,-73.36864918339258,-131.0,14.256423004910811,10.496055335122389,4.048623818654167
3494,-98,-72.0,-175.0,13.062616051196203,9.654549297493116,3.9435899818396583
3495,-94,-67.0,-150.0,12.514826550395423,9.0534908985716,4.282287072017666
3496,-103,-76.0,-243.0,11.945024620309862,9.93784980856634,3.889162263237743
3497,-110,-77.0,-226.0,7.1018451732792665,5.984942191636087,3.5768161830302905
3498,-101,-74.0,-215.0,8.145239239881914,5.474847244832469,3.653497589751207
3499,-97,-60.0,-118.0,16.97381865871038,13.14280614963289,3.863121667148745
3500,-86,-55.0,-94.0,19.474758563640776,15.076541944835943,4.07556021105507
3501,-98,-58.175995991375785,-122.0,17.612795687306143,13.669090188434806,4.072891576923745
3502,-104,-78.0,-248.0,13.126712492995551,9.62450448075744,4.071386038507553
3503,-108,-75.0,-189.0,12.06200828481297,8.941250167917763,3.633571005030014
3504,-99,-59.0,-142.0,15.27799425411968,11.63342647913068,3.2561214399943506
3505,-97,-67.76795997361488,-120.0,12.345425202123854,9.050928835391328,3.845562659916293
3506,-103,-64.0,-111.0,16.03308060211985,12.36984424897112,3.452672861688745
3507,-100,-71.0,-140.0,15.208070399232929,11.246502371889449,3.804548904192385
3508,-85,-74.33221593653771,-162.18530469908907,14.714634197342484,11.154099873882735,4.41915872876171
3509,-99,-67.0,-135.0,11.987005290620493,8.813906729590187,3.762547009118044
3510,-108,-78.0,-240.0,10.498930678692805,7.751035377489138,3.564137969175315
3511,-95,-69.97857822387984,-139.0,16.083806055307736,12.293556351499252,3.8658548833344
3512,-112,-69.2325419224206,-212.0,12.404678091934286,9.870048559400937,2.9993167692401266
3513,-102,-76.0,-187.0,7.614301060462012,5.797152249140723,3.4744912838665165
3514,-105,-74.0,-229.0,9.894571168996524,6.9668918280821215,3.759016929172307
3515,-102,-72.0,-217.0,11.845841455963326,8.80218813113773,3.7176968810194455
3516,-88,-59.0,-160.35227768401506,14.102671157052498,10.977394034972058,4.011601691873363
3517,-99,-65.0,-108.0,17.60957390971185,13.871808002865391,3.8224775104094784
3518,-113,-83.29828223224055,-238.0,12.565145169606721,9.426117597596992,3.168180663757532
3519,-101,-60.0,-120.0,14.098110917999088,10.420933497379984,3.3484550435410227
3520,-112,-74.0,-217.0,9.18562333005742,6.602428102415338,3.4985690678755827
3521,-111,-72.0,-208.0,9.665281235552824,7.486931115442181,2.9013804272708064
3522,-105,-75.0,-206.0,10.70108696425557,8.118733702459874,3.767609234559103
3523,-104,-79.0,-229.0,11.661867728396533,9.583613902016449,3.456896885184133
3524,-90,-64.0,-117.0,16.72404142250374,13.21601686068252,3.913628799306444
3525,-96,-66.0,-175.0,13.638954361643243,9.37605884338141,3.945763262990448
3526,-115,-84.0,-283.0,5.529537479418479,4.191379363577615,3.2097046686089388
3527,-100,-66.0,-168.64094227298736,15.444307201701584,11.918717116193186,3.641174008077425
3528,-104,-78.0,-189.0,10.179427281882962,7.720951159132634,3.88562164577275
3529,-103,-75.0,-179.14778108501318,9.834387166981823,7.368553805295775,3.752261512369567
3530,-101,-78.0,-180.0,8.153068251600198,6.015405752059605,4.212344341921344
3531,-103,-60.46092677240943,-109.0,13.051726991998923,10.266133030569492,3.960958864533457
3532,-107,-72.0504502997757,-220.0,9.907647426852892,7.5516395077236655,3.8477162651535832
3533,-90,-64.0,-159.1112557271002,16.619552802582547,13.421113725008125,4.150058611342359
3534,-114,-71.0,-206.0,11.924923214935646,8.192973000333689,3.2189983328879466
3535,-113,-71.0,-223.0,9.98481511183494,7.843217658535071,2.8484854541639604
3536,-101,-73.55901071489278,-103.0,14.71395770888661,10.916331845186214,3.334646650728168
3537,-89,-60.0,-113.0,11.264153649613789,9.635632641678743,3.993819557115268
3538,-97,-65.0,-166.96310533895976,12.126821972147823,8.786773417952634,4.112664430906419
3539,-107,-79.0,-184.0,11.640679875367212,8.714183035976586,3.1363186681624384
3540,-97,-68.0,-156.92790779231046,13.295589877738093,9.985267348041177,3.789069043362875
3541,-88,-58.840289062598245,-115.0,16.62891152179231,12.792060839535834,4.261941565761778
3542,-99,-81.36165354625413,-175.2005129993792,10.099899630251466,7.394001686328166,3.920749603476463
3543,-87,-58.776716067729815,-143.0,17.393629300786394,14.066880087693596,3.9355099778960927
3544,-77,-53.0,-96.0,19.70478585888464,16.95499024176638,4.557309059313993
3545,-118,-86.0,-257.0,6.655205746199068,5.593381151379626,3.07095516516004
3546,-94,-66.0,-118.0,16.482804499867896,12.752552158159352,4.108274392890179
3547,-79,-56.92681735055586,-105.0,20.9159131472408,18.732360800976064,4.505272295536709
3548,-93,-66.0,-150.0,11.926984141875169,8.414386839131001,4.070197734693641
3549,-103,-62.0,-105.0,15.052173286092753,11.83765110327059,3.676924466645795
3550,-109,-70.0,-229.0,11.792676124835163,9.073617479089588,3.2830782088833144
3551,-87,-58.1528634032884,-114.0,14.173000395803571,10.054219193927914,4.086833468426973
3552,-101,-66.0,-145.0,18.067328166286057,14.100576972264472,3.833516831867683
3553,-85,-66.0,-113.0,12.827612766888357,9.191829558087528,4.235711931751509
3554,-88,-70.0,-174.60405976909172,15.17663004961959,11.810221269685028,3.938002506612919
3555,-97,-68.94795065121835,-117.0,14.62028632762473,10.97938295992604,3.674841455426712
3556,-98,-62.0,-114.0,16.663136090500878,13.224729215085372,4.082461289645817
3557,-108,-78.0,-216.0,8.72733541418048,5.268385687719112,3.6568178091947625
3558,-120,-82.0,-299.0,8.447100583812677,5.897009431947207,2.401078993326047
3559,-95,-67.0,-111.0,17.634276348523738,14.280137496905107,3.693176034076463
3560,-92,-66.0,-150.19374995540292,16.659646532434156,13.927360283339697,4.1864577110249845
3561,-89,-53.0,-108.0,20.373504078898584,18.195294139581897,4.424984566411975
3562,-87,-64.0,-132.0,16.136532358294634,12.733291354191197,4.047010311763483
3563,-97,-71.0,-167.86514988792536,14.809407438525309,10.936032456939662,4.124228642544089
3564,-93,-70.0,-126.0,14.837593552540564,11.270512615901282,3.991374595920737
3565,-114,-75.0,-190.0,11.575604893457777,8.809849263528918,3.354564386932
3566,-90,-67.0,-147.0,17.705371209374007,13.810170571822557,4.273362186900529
3567,-85,-61.0,-126.0,12.033722586660197,8.828911291015695,3.8302018533822233
3568,-114,-70.53678488027549,-238.0,8.38404081929709,6.44552837305125,3.1108727821170947
3569,-103,-64.0,-114.0,13.14714025588393,8.71614618824078,3.6936470268836192
3570,-106,-81.1842385950642,-244.0,12.889582336973712,10.245068182436718,3.733529055993647
3571,-103,-59.0,-180.18589691768221,14.437451050627583,10.675690305937714,3.7564291577214055
3572,-101,-71.0,-127.0,12.638354520659778,9.219080706347109,3.4610093669983986
3573,-101,-68.68060826657022,-169.57472554342678,14.008842732848686,10.547201013562168,3.713700191409699
3574,-93,-64.0,-129.0,12.954723678580818,9.641335725257656,4.187489161851375
3575,-102,-72.5050597330848,-208.0,8.320002715321733,5.739906144921061,3.635525169370983
3576,-85,-70.0,-109.0,13.798955947568185,9.915900554568134,4.339260809679567
3577,-90,-62.0,-111.0,12.957601949265818,9.618323231900684,3.992441929753309
3578,-110,-71.0,-209.0,10.41819569520262,7.662366121146416,3.445870876574851
3579,-100,-71.0,-111.0,15.971838676633515,12.368034472841774,3.697430840686588
3580,-94,-62.0,-117.0,15.653649790992937,11.723616989358394,4.035575016205441
3581,-86,-73.90192045820805,-159.7138185225213,14.649959375292106,11.068143897744356,4.07344982906316
3582,-92,-60.0,-127.0,12.086719712417466,8.960161152663098,4.127225238654194
3583,-97,-68.0,-130.0,14.476798044524664,10.86647116442279,3.71744933508881
3584,-78,-59.0,-96.0,22.79927998678593,20.21044059544699,4.094882857415271
3585,-100,-68.32738056099177,-122.0,17.379717011651,13.58751229196027,4.044353079153621
3586,-101,-82.69339728247091,-249.0,9.62264340676357,7.512798066388718,3.2053486829292925
3587,-85,-57.0,-88.0,23.418696797935368,20.37884963501615,4.088506612714994
3588,-98,-72.0,-141.0,17.60616979028096,13.456843528430138,3.5627091209363235
3589,-102,-70.0,-105.0,16.81476586926611,13.76100984898865,3.631205769437644
3590,-119,-84.0,-290.0,7.833972181395082,6.461590931368248,3.0033715749970566
3591,-109,-77.0,-246.0,11.573349065667523,9.03518645400588,3.679598041269303
3592,-86,-60.0,-103.0,22.11236638661196,19.628302143287254,4.174295331254465
3593,-87,-68.0,-155.6604858060866,15.052074409603428,11.77317375530227,4.342414037729362
3594,-90,-71.0,-151.0,16.320767748907517,12.458643070665683,4.433570358332335
3595,-100,-77.0,-166.74313787047868,11.73055872223062,9.120651763374916,4.270927825937817
3596,-99,-74.5429588108827,-215.0,12.555380074761807,8.70100801089215,3.5953802923899265
3597,-98,-71.0,-180.0,9.319362331411682,7.09309087935455,3.964444894734692
3598,-107,-78.0,-255.50185357562302,8.294668215118893,5.340020079747289,3.465218648366509
3599,-106,-76.0,-205.0,10.100043227026362,7.411082727388303,3.593155975372052
3600,-90,-67.0,-139.0,15.17882457383122,11.978327751334769,4.460795412651817
3601,-100,-76.0,-200.0,12.165587813981055,9.725977240493842,3.9446185569419256
3602,-110,-71.0,-217.0,10.027919576149928,7.9461029481719745,3.837338884577504
3603,-87,-70.0,-137.0,13.93505258493314,9.882899295296507,4.216390764203952
3604,-97,-67.55244983049278,-128.0,14.315681869493908,9.79598181778559,4.095929561699301
3605,-103,-70.0,-170.59815209173823,12.565769680928208,8.840997299535562,3.7477191870029927
3606,-85,-72.34315226882391,-150.0,16.578077572745908,12.903287816754164,4.599375768446828
3607,-100,-63.0,-140.0,14.324415104675442,10.567751222166487,3.928379853515113
3608,-85,-60.0,-108.0,13.499547098755116,9.653784422279587,4.29360759195762
3609,-103,-79.0,-251.0,11.378450877000468,8.989392902485069,3.5257427016362377
3610,-102,-59.88465567780064,-103.51058356852093,14.372074680876326,11.297219035078612,4.146324985576375
3611,-95,-57.35213146902158,-154.0,15.353498695279526,11.510436091507469,4.26061837851296
3612,-113,-79.0,-162.10375355209862,9.698468968980194,6.976257728132509,3.119128098803301
3613,-97,-60.005637664362816,-126.0,12.7096046898051,9.472755491205618,4.027566132323411
3614,-87,-70.0,-149.0,13.914954204094892,10.40509777538691,4.169280555536594
3615,-110,-72.0,-229.0,12.104599956941682,9.794532883348795,3.3815993673272664
3616,-108,-77.0,-223.0,9.819975997407154,6.972066699516964,3.485391055907907
3617,-102,-82.25131589157965,-181.0,10.676744287980734,7.944549604253002,3.8981573924374926
3618,-98,-67.0,-168.70542654669555,13.7474781547053,8.965095969613635,3.883502850593877
3619,-98,-70.0,-197.0,8.98248641201573,6.471590351717618,3.702924396977044
3620,-88,-66.0,-174.73557577992005,14.481907469548048,11.35877807330042,4.135274909925146
3621,-101,-71.0,-110.0,14.581201533125704,11.349370464312967,3.808853309610547
3622,-109,-83.53202304305663,-204.0,7.8646487341591556,5.131741197716762,3.8808119737950975
3623,-101,-70.0,-185.0,9.674932323178004,7.022810445374262,3.832950445184746
3624,-98,-66.0,-161.84507119927636,13.69162724787955,9.79703930399976,3.7481195217308736
3625,-98,-72.0,-117.0,12.844189559187425,9.233191156264892,3.700326051832716
3626,-110,-70.0,-224.0,11.588263869715087,10.14701956340956,3.1084469961946883
3627,-102,-75.3745604907801,-186.0,9.993029199452645,7.334592955685452,4.0523508367899925
3628,-111,-83.86886997267794,-245.0,7.896949165126505,5.736838002831288,3.5607005468108683
3629,-86,-71.0,-122.0,12.507666881014647,9.762208393389276,4.470102738302863
3630,-75,-57.0,-88.0,23.17946651294621,20.85603023100664,4.32228163374454
3631,-87,-67.0,-149.0,14.211790280325411,10.263066523555358,4.15766546256335
3632,-97,-65.0,-105.0,15.97161268995034,12.224705446851914,3.966724337381664
3633,-84,-52.0,-104.0,21.54724247398179,18.593798007444608,3.852248017564632
3634,-92,-72.0,-112.0,14.021861214854413,10.640246677705942,4.032411063384849
3635,-95,-73.5509043106668,-164.1137323713848,12.594899515521746,8.740188253309885,3.989868879834461
3636,-100,-61.0,-140.0,12.957684189441974,8.8392144213024,3.807290095518845
3637,-103,-67.0,-129.0,16.350950179116882,13.32732466954345,3.513270877704601
3638,-81,-60.0,-83.0,18.277610334195405,14.238325896846863,4.329229182534089
3639,-90,-66.0,-144.0,13.689128359815642,10.183246873688258,4.048788498848014
3640,-102,-68.0,-146.0,14.147902432158252,9.843136738232769,3.939393834065272
3641,-88,-72.34421250614261,-141.0,14.145255267419897,10.24631896722702,4.4160070409158845
3642,-111,-79.0,-213.0,11.209336573353943,8.943441304427434,3.566975773156431
3643,-92,-72.0,-140.0,14.090699320381724,10.74239797850626,3.7831462572944887
3644,-100,-58.91211536503549,-134.0,14.013638692546625,10.29870259856699,3.606541886928295
3645,-104,-70.84288725479998,-177.91479002312795,7.546902870571256,6.029861542354549,3.342239351510406
3646,-92,-71.0,-139.0,14.76861625252304,10.824725843522751,3.870568865740677
3647,-110,-82.38810122183602,-211.0,9.946884688286008,7.230818748821562,3.327888887234645
3648,-101,-76.0,-177.23771341754798,9.855854982203107,7.064745806783216,3.57090859223874
3649,-89,-62.0,-151.0,14.370763091171188,10.955267187921551,3.9959802719698856
3650,-81,-53.0,-79.0,24.25341651120538,20.467926713437347,3.8612690371425633
3651,-97,-62.0,-161.13452708818804,11.952406738126516,9.211231752333736,4.015817931106092
3652,-106,-78.38710501311347,-227.0,11.698107575790273,8.656683250585802,3.419919464731557
3653,-100,-65.0,-168.04139023222135,16.940009795720453,13.878474474612862,3.807224149301242
3654,-105,-77.0,-230.0,13.03509134454506,10.389958526659068,3.044209580316436
3655,-99,-65.0,-171.5430486071909,17.3684785883275,13.637171374438028,3.8103482831127535
3656,-110,-82.02972599429056,-198.0,11.420742033158563,8.981623008291578,3.529863191733722
3657,-94,-64.0,-161.38012140117672,18.558798459239046,14.81196036357349,4.212913184003474
3658,-89,-59.0,-143.0,16.71435041024474,12.91391855498046,4.0639094436328085
3659,-99,-71.84353402594066,-198.0,7.948260672854863,5.948301002379012,4.057247530905554
3660,-95,-59.5223300204997,-137.0,16.658707243674264,14.58398944520992,3.9131472235716704
3661,-103,-65.0,-169.15876174098472,17.248335974669136,14.22538125268998,3.6268813470673167
3662,-90,-64.0,-165.94349085015315,13.716441629693392,9.341572401377586,4.224897117007265
3663,-104,-84.42000484455261,-270.40146688013493,12.245157741598646,9.9303505104576,3.3489305917537764
3664,-94,-61.45399972903273,-123.0,14.229310570017104,10.43020262871772,4.057323153898331
3665,-96,-70.0,-113.0,17.611614841735626,13.70286622654191,4.298428923845778
3666,-77,-62.0,-92.0,18.635698360926952,13.756572543495295,4.187177168437689
3667,-102,-66.0,-103.0,15.08636513807183,11.48017659892744,3.1418688944975224
3668,-100,-71.53305521934199,-204.0,11.908114994452765,10.488690584120036,3.5640088593501367
3669,-101,-65.0,-98.12364027711597,15.6648273364355,12.161900541860346,3.8272194465260654
3670,-97,-67.0,-142.0,15.625208617068171,12.14295392868609,3.720088430474213
3671,-99,-60.0,-111.0,14.753962072236238,11.473965882902522,3.516635199933104
3672,-95,-65.0,-163.67253071150648,14.417131470064422,10.629332478027557,4.481246747433807
3673,-98,-77.0,-181.0,9.39876181567988,7.179330054118571,3.6208782151310737
3674,-99,-61.0,-112.0,15.836486419432394,12.074643711468262,3.70765166217712
3675,-87,-70.0,-175.52712319461926,16.717915679415384,13.045275453599636,4.506313082154641
3676,-101,-62.0,-155.75056125854357,14.230365438105771,11.107204277243504,3.545415048368356
3677,-101,-70.0,-147.0,17.32433980289493,13.672300947888813,3.771021954760279
3678,-99,-59.00883524442523,-113.0,17.090808232347293,14.012210712866848,3.672548326384718
3679,-86,-71.0,-137.0,16.429895163364396,12.736045386604296,4.292224397537436
3680,-101,-77.0,-184.0,12.032879404827622,9.713330174368464,3.6003431172986464
3681,-98,-72.0,-188.0,10.991452289723812,8.129676120869233,4.052178950324949
3682,-101,-72.31223234188056,-123.0,15.324510839711106,11.39162655673903,4.128640687467023
3683,-109,-77.0,-198.0,9.730074656092894,7.214396885972679,3.631353394392189
3684,-101,-77.0,-186.0,7.438951336224954,5.142402039441574,3.449953495278423
3685,-105,-72.0,-167.66721816417785,8.908339439837365,6.637120385275354,3.4214396257635924
3686,-99,-67.0,-119.0,12.091131112525456,8.957269499627369,4.277267418951413
3687,-89,-63.0,-110.0,16.07912394345906,12.640469865170555,4.14053909652128
3688,-75,-60.0,-72.0,24.656664386934896,20.670775505615467,4.29009686472738
3689,-93,-60.0,-137.0,16.144298991304364,12.183943912633922,4.232584141793871
3690,-90,-65.0,-109.0,13.546476312592906,8.991711529433145,4.221198240901683
3691,-98,-80.0,-209.0,10.247788917094624,7.425145999904239,4.21844702638503
3692,-89,-67.0,-162.93738839861965,16.91225928590929,13.53568545596632,4.189325994716462
3693,-93,-67.0,-158.0415119417975,15.00026090904306,10.816191936005914,4.27572609819077
3694,-106,-72.0,-242.0,10.770573668599301,8.296610887031449,3.8424233916788415
3695,-113,-81.78319285394868,-252.0,7.160772336344805,5.682696125613868,3.127995737372879
3696,-91,-60.33534482014539,-160.59668907802393,17.208275130993215,14.205449655983834,4.468552791598589
3697,-99,-71.66539575608299,-188.0,12.221565328305026,9.78613542255605,3.756504715234684
3698,-109,-72.0,-222.0,11.28441602268368,9.688921081974923,3.510409899486474
3699,-101,-59.0,-136.0,13.74432989455977,9.903851352321642,4.068227206058814
3700,-89,-70.0,-103.34107612821556,13.844033846549406,9.694953823426406,3.900257396557704
3701,-109,-79.0,-244.0,8.535536179157168,6.382319065558501,3.6946631308414974
3702,-97,-72.98046313637771,-141.0,16.64097821881213,13.635151314383211,3.965420586003804
3703,-95,-66.0,-102.86600393090572,15.1931156680095,11.247598396775125,3.869531131178365
3704,-96,-70.32821580062753,-129.0,15.62110587499349,12.207207519319672,3.656540557575173
3705,-96,-72.0,-127.0,13.663504501682246,9.463569006621157,3.607796327717746
3706,-85,-61.0,-118.0,17.59981311140832,14.586210451229023,4.336914282547553
3707,-92,-71.0,-114.44022510000785,15.629298035601485,12.261035267884012,4.251549308658837
3708,-88,-49.0,-70.0,24.53978978949663,22.012910576502456,4.025467631508638
3709,-91,-70.0,-104.0,15.392169162048429,11.673938589445848,4.217419172953415
3710,-96,-62.0,-142.0,14.646420202466691,11.127836778902982,4.049233410308133
3711,-110,-76.0,-246.0,9.2482431518873,6.505432249912887,3.110850364997224
3712,-119,-85.0,-249.0,7.187423707148815,5.642194080099923,3.433198186833819
3713,-85,-58.12700745214275,-96.0,20.77423857750825,15.827813985710758,4.273004254501043
3714,-103,-70.61143216845055,-174.8037376471632,18.03366284794633,13.301398781329414,3.646553638905976
3715,-81,-49.0,-77.0,19.40367391314228,16.613439203352748,4.441828376954886
3716,-86,-62.0,-114.0,14.311093244351392,10.672679079559083,4.253812939502757
3717,-102,-83.26823500747206,-240.0,10.994335167870695,8.16274786664798,3.869348974224221
3718,-84,-52.0,-80.0,24.57306892082028,20.867900864072112,4.0225391255606615
3719,-91,-59.0,-167.28567415450095,12.477909587930277,9.32697252023268,4.385864401368545
3720,-99,-65.0,-106.0,12.668344680823742,8.810451746001275,4.089266435607138
3721,-98,-79.0,-164.80572072705982,11.754067265686349,9.923721471019904,3.8378275006358247
3722,-100,-71.0,-149.0,13.735363363934495,10.660139765378188,3.537968328428632
3723,-93,-70.0,-139.0,15.73357848638748,12.589477662827324,4.099041831261704
3724,-80,-55.0,-107.0,17.528383685515937,13.577846251854345,4.308456841987554
3725,-103,-67.50057118279734,-147.0,15.708484770297105,12.51737254564996,3.29294282274584
3726,-93,-62.0,-146.0,14.099177862628515,10.56966156568715,4.044394940156031
3727,-90,-69.72340540508867,-164.7371194888513,14.058986856949385,10.18781186456862,4.164704344597327
3728,-98,-66.0,-103.0,11.722590111850728,8.916282722778503,3.806469475019988
3729,-92,-60.0,-119.0,13.721368871573718,10.793363652547642,3.843000849967426
3730,-87,-65.0,-162.60338813642866,12.48412915784106,9.14240122533572,4.034616488390967
3731,-108,-75.0,-179.04963175800302,8.366942485220981,6.144306178906742,3.461643499484981
3732,-95,-65.0,-140.0,15.665395236980428,12.41458471723223,3.660823125914925
3733,-104,-68.13980801314003,-191.0,9.412444773689757,6.758365894555979,4.041677007736595
3734,-99,-59.0,-134.0,16.447044817632825,12.748533073870844,3.6391621912047234
3735,-96,-59.0,-121.0,14.195509771970125,10.913549308573092,3.983274054122113
3736,-93,-63.0,-131.0,16.84325967959913,13.49656928509268,4.125019204960292
3737,-86,-70.0,-115.0,16.115671652156617,12.73431582363424,3.838060869448042
3738,-102,-76.0,-251.0140617333387,10.1191237104773,7.39740048112168,3.8125187141790446
3739,-86,-72.0,-134.0,15.864698694205964,12.221861733936723,4.024637965335378
3740,-98,-68.0,-137.0,14.7929116575441,11.347376186136536,3.7564604319935
3741,-98,-70.0,-144.0,17.126676208894153,14.481793827359922,3.699916502835725
3742,-116,-88.0,-261.0,7.347866053139852,5.410575476585166,3.051677261070349
3743,-87,-64.0,-111.72367233656846,14.66749118828692,10.78234013916842,4.279407992503704
3744,-102,-59.199307156529926,-126.0,17.029365169004244,13.82882433071293,3.565083983384051
3745,-101,-70.47426795274608,-118.0,13.862874948360343,10.83666189841347,3.596130862944364
3746,-75,-61.0,-99.36963143255218,20.661283960204656,16.198053441059223,4.430748915713739
3747,-98,-71.61535463180158,-249.0,12.813840362683532,9.114412665927228,4.020042739229131
3748,-103,-66.0,-131.0,14.9841688925253,11.466399302154722,3.786897773983606
3749,-78,-57.8884998629309,-107.0,20.757001749756554,17.22466178236084,4.270332797644502
3750,-96,-59.0,-141.0,14.698840753739743,11.068155981334389,3.9317501403070767
3751,-86,-61.0,-168.59631995089936,14.364364469089438,10.55569563672201,4.080404360138414
3752,-92,-60.0,-155.0,13.559878329087178,10.250302048167065,4.490497573749309
3753,-103,-80.0,-215.0,13.15801372340287,10.06555325889608,3.836974562483471
3754,-104,-72.85285539363703,-205.0,10.713848442521511,8.593218238391989,3.744224406837641
3755,-116,-80.50992466766994,-267.0,6.995645312389235,6.153444795586237,3.211370822655599
3756,-94,-64.0,-147.0,13.099664399767983,10.588083969382115,3.783326752455469
3757,-96,-61.0,-130.0,14.068665129514825,10.858857900129111,3.992823327050522
3758,-91,-60.0,-129.0,14.51311468158914,10.966046861269106,4.22996759017185
3759,-105,-72.0,-224.0,11.677122125258812,9.32982051209663,4.044355120345378
3760,-96,-71.0,-117.0,15.723419424407751,11.953219915931951,4.013684810766304
3761,-87,-63.0,-78.0,22.00731492087607,18.07472218853137,4.497213912248926
3762,-85,-61.0,-132.0,12.386593756301007,9.184271865986496,3.955833547611711
3763,-99,-61.0,-135.0,13.400314477402613,10.254575508024192,3.615623526530053
3764,-89,-53.0,-73.0,20.357640116668687,16.35048035785877,3.8095509278630457
3765,-98,-82.0,-229.0,10.470616575611588,8.27374424418932,3.718745542778677
3766,-105,-78.0,-181.0,12.38545587351604,10.603756591331395,3.277454372471784
3767,-104,-72.0,-165.58019404271892,10.291801807703738,7.738412317368211,4.029707346390177
3768,-78,-59.0,-78.0,20.21606631114405,16.020832553315024,4.102427031905298
3769,-79,-63.0,-77.0,19.49887641978656,16.854191098954917,4.551311662407073
3770,-94,-64.0,-154.74256541170072,15.712625153772846,12.366799847299491,4.308596008666003
3771,-97,-72.0,-156.67380219094701,14.652084376888848,10.870917929777322,3.808011402144909
3772,-76,-54.0,-83.0,22.36565271269928,17.51485103758625,4.593751308915388
3773,-92,-65.0,-113.0,12.97402897564784,9.245422297356498,3.97467651266499
3774,-114,-72.0,-173.6581269977905,11.59204169157643,10.204170354936243,3.33804418252333
3775,-102,-76.0,-210.0,11.01328838865698,8.695781742916466,3.628818370197369
3776,-118,-86.0,-292.0,6.809398613406285,5.9133022170236735,3.0965849092873112
3777,-96,-66.0,-111.0,15.64757884755364,12.015708858253074,4.04554006839756
3778,-103,-56.591436323071065,-117.0,16.67596585039346,12.774567136569331,3.852526299987178
3779,-103,-65.0,-149.0,16.786958408323876,12.928282751760872,3.742725178334281
3780,-101,-59.0,-163.12299961941366,11.819274099214088,8.988624072622754,3.896930731307807
3781,-110,-74.0,-206.0,9.672810981143543,6.796220345322959,3.181844688172684
3782,-85,-66.0,-155.4904443939839,12.587585758783602,9.606924458068685,4.025515695110383
3783,-88,-71.0,-123.0,15.37983595353505,12.316779717225897,3.7950755156422447
3784,-98,-67.0,-126.0,13.49159392727938,10.05850293950082,4.192946907991223
3785,-111,-77.0,-203.0,11.376136392188608,9.85364703461422,3.40686768880306
3786,-109,-80.0,-191.0,8.409698979177673,5.6771349233266655,3.476854089009513
3787,-113,-76.0,-180.674261218632,11.874467575605065,9.819114021467348,3.3947083064957564
3788,-87,-58.28758374258876,-168.28572361716306,16.75605003232398,12.800444277744717,4.196232888536954
3789,-95,-57.06020642415165,-149.0,14.490973582567818,11.477544099380165,4.191516789335961
3790,-113,-84.90600321958584,-247.0,8.918005652988253,7.133637790870915,3.549582212603591
3791,-85,-71.0,-149.0,11.098464524833464,8.157960604883238,4.214688258676766
3792,-101,-68.75280942502316,-164.53072347443126,16.656917270920896,12.708017226101484,3.853316697250326
3793,-112,-74.0,-182.0,10.844164793056636,8.305932058430535,3.183198310375583
3794,-83,-49.0,-97.0,24.42322617377682,20.198918657399577,4.139684637511058
3795,-107,-71.0,-238.0,10.154829485938876,7.584305085023108,3.4890375338768127
3796,-102,-60.0,-147.7508381567432,15.02753128876264,11.31266427861354,3.369011951010853
3797,-90,-58.56256853687291,-171.2289150850247,14.608985276953632,11.560957878215843,4.40497294486694
3798,-88,-71.6672051343023,-105.0,16.50760271025472,12.980317885670235,4.280012819590684
3799,-101,-61.0,-124.0,14.164245207462605,10.861931179571105,4.058184929423138
3800,-85,-67.0,-144.0,18.65180668073667,14.50456227119053,4.16439962028423
3801,-93,-59.0,-152.34357154395994,12.229168603074406,8.855881983537286,4.5342570657362975
3802,-105,-70.0,-215.0,12.848089194522549,10.51790374949411,3.6789312586898286
3803,-93,-68.0,-169.29372378099154,13.41417417059668,9.694962043194938,4.072029798588916
3804,-100,-71.0,-164.3501549263924,15.83485747514554,12.419720710388766,4.304386193619089
3805,-99,-74.0,-235.0,11.63172379293917,9.062551439888422,3.97403561149758
3806,-101,-57.80311472972395,-128.0,12.658801317215442,8.920281442884566,3.715155408595421
3807,-112,-74.0,-167.87184814897122,11.3632679741337,8.65413162204953,3.3940082804380096
3808,-100,-81.9761319111476,-224.0,8.290580421132793,6.418005561235923,3.534228082939996
3809,-87,-71.32117284392892,-107.0,14.805629817694255,10.876850803265256,4.607274407696003
3810,-93,-57.75845247182786,-135.0,15.606758451255288,11.943332559780668,4.04352704602616
3811,-115,-86.0,-268.0,6.168063627730877,4.99926670053367,2.870476031285912
3812,-98,-71.0,-124.0,17.858862470579304,14.56663762179208,3.8945217347270464
3813,-87,-64.0,-167.9222233134885,13.82764064615239,9.768631200869638,4.324463851359794
3814,-94,-67.0,-134.0,14.4295905157794,11.417037331894996,4.193523362479099
3815,-97,-65.0,-164.20498846179336,11.539170695037596,8.243534846610368,3.927489672515128
3816,-99,-70.0,-225.0,11.247373233503202,9.002591405136661,3.828374401127028
3817,-90,-70.51085065415235,-142.0,13.148889574336248,8.776093879374233,4.260192062058873
3818,-83,-57.0,-106.0,24.011022619057293,19.675973469265983,4.474492007719525
3819,-103,-80.0,-183.0,10.52792818770867,8.322846357754266,3.884823757176621
3820,-88,-56.0,-107.0,22.04334639226513,17.367640468950942,4.567363215614926
3821,-114,-72.0,-188.0,10.749020655633617,8.0503224896522,2.8616475129921857
3822,-100,-79.0,-159.12332592847872,8.593917760699288,6.086170585510168,4.019486085501772
3823,-101,-70.0,-225.0,10.948658654496395,8.624954640191763,3.655814545864717
3824,-102,-62.0,-121.0,13.509622144177591,10.80336221923014,3.685238802226328
3825,-102,-79.39435795780389,-225.0,10.854785927965008,8.301908233943978,3.96514114227075
3826,-96,-71.0,-161.86067285423252,16.176460172752073,12.487411919665774,3.6516804162466423
3827,-102,-67.0,-143.0,16.045104165780973,12.302797290851997,3.665510951496669
3828,-92,-64.0,-162.426200206182,14.335202791638393,10.43882399753873,4.332817094302033
3829,-97,-65.0,-173.2378886045918,13.751210338937296,9.075416425153293,3.9484974041440224
3830,-84,-55.0,-110.0,23.985673096396628,20.933544292112938,4.146220556686272
3831,-92,-72.21434676073012,-140.0,16.474629995634185,12.490773346864348,3.927826816426195
3832,-103,-78.0,-213.0,11.466448402331409,8.536833535449603,3.64229940516853
3833,-89,-66.0,-155.28942572130998,13.425578117079581,9.395842414352607,3.95892758814064
3834,-99,-77.0,-259.20077681306776,7.8271447353183765,5.978176866660959,3.39740659764195
3835,-104,-79.0,-183.0,10.054047287005549,7.768651494768924,4.072207917540808
3836,-94,-71.0,-155.0,13.586156407673327,10.15988726621316,3.3835433131022654
3837,-74,-59.0,-81.0,20.89802986828543,17.512415675941895,4.194443175556719
3838,-100,-70.0,-180.88546758761396,8.977554732893047,6.468223427815076,3.849427415722635
3839,-90,-70.0,-100.80051971663144,16.00629222135572,12.046830575316744,4.234774851421422
3840,-95,-60.0,-127.0,17.824040758205328,14.249655707160809,4.066223898257267
3841,-86,-68.0,-149.0,14.61751212141986,10.635817119395428,4.1127388948528285
3842,-100,-63.0,-153.0,15.725167865445592,11.9148983376301,3.9928693026064
3843,-118,-88.0,-286.0,6.981793404594782,5.041496047870594,2.997386094017143
3844,-99,-71.0,-128.0,13.300948344395193,10.399672982741276,3.674626085983313
3845,-108,-70.0,-189.0,10.956283350761858,8.310904559945712,3.655785471119479
3846,-99,-68.0,-181.44324189962776,14.181081437588215,10.959499709123754,3.9930530332935215
3847,-102,-67.55524526550876,-213.0,8.457652408296127,6.084282648412187,3.5987011469139003
3848,-94,-73.88090927274109,-165.38154435071502,11.816088999712415,9.69865209674619,3.987360890685878
3849,-91,-66.0,-137.0,16.24738983290824,12.2481381958494,4.444802451650592
3850,-90,-60.0,-132.0,15.866897750963602,12.806743408993846,4.001959431683725
3851,-103,-72.0,-148.96966739294268,15.717469562291278,12.564306239241237,3.514988636010087
3852,-77,-49.0,-97.60520294423428,17.857476948182438,16.39472324362957,4.014861909535682
3853,-87,-71.0,-124.0,16.712270642060048,13.648893384006149,4.2968286764755605
3854,-101,-72.0,-175.0,13.622951043494744,10.381446764057596,3.5686154374428534
3855,-85,-70.0,-158.38498878588945,14.031551848414654,10.711411138316585,4.044710850355472
3856,-83,-59.0,-102.11189757928543,21.2298358339994,18.816640841675635,4.003372665800375
3857,-100,-72.0,-136.0,13.547231799482628,9.721793003358668,3.5697403724251835
3858,-85,-66.0,-130.0,12.496251946506296,8.77258227649498,4.217073682650528
3859,-114,-84.0,-297.0,9.454807733070195,7.184927405660596,3.1175927704946376
3860,-108,-71.0,-174.54129370972743,10.718485151526,7.760518267306351,3.3737606629829577
3861,-101,-68.0,-123.0,14.642749944726502,9.982928609924471,3.477760138521756
3862,-101,-76.0,-178.37086883522377,10.763720564267445,7.787061907086785,4.147041574261166
3863,-78,-51.0,-110.0,23.54099078182181,19.015470220469503,4.490840814413517
3864,-113,-72.0,-187.0,8.106006776270759,6.382982230971646,3.182228115558263
3865,-109,-80.0,-189.0,8.968880078122377,6.251768730442991,3.3508491443507915
3866,-107,-68.93932066241707,-239.0,12.17594576193573,9.441228017907909,3.411273773170742
3867,-96,-60.0,-177.57536361608342,14.341137684364764,10.416712992779066,3.958317379906983
3868,-88,-72.0,-154.0,12.111378102164975,9.02186120960936,4.21544787650453
3869,-88,-57.0,-71.0,24.57074462449795,22.11414338294108,3.9352959100242058
3870,-89,-62.0,-133.0,14.929097624113968,11.298427650213547,4.116789159216844
3871,-77,-49.0,-103.44679719522968,23.01819333072928,19.36462592689915,4.617750025001133
3872,-77,-59.0,-74.0,20.519468809783824,17.014369350615922,4.458701321035597
3873,-100,-68.95814784248773,-120.0,16.861377566116335,13.38075965070282,3.844901130935709
3874,-114,-82.7466598763072,-258.0,5.105333635525343,4.074553823005713,3.200877865863053
3875,-108,-71.0,-201.0,10.402570910104348,7.901597149605289,3.892975591923633
3876,-86,-72.0,-151.0,16.691294753831396,13.554334978453491,3.9443273911756154
3877,-87,-61.0,-159.7838393939569,16.06787344960575,12.816293352394052,4.142926783269896
3878,-116,-84.0,-300.0,7.510172086133281,6.955173097567693,2.9527475833487724
3879,-95,-68.0,-113.0,12.616483994440001,8.533998805478266,4.075382143011773
3880,-93,-61.0,-125.0,13.863844142229992,9.699636416827389,3.920360099652578
3881,-108,-76.0,-176.09847811176618,10.62815814481917,8.443913305483509,2.8452027491537923
3882,-103,-67.0,-116.0,16.540904893326207,12.9775068600049,3.713245909126969
3883,-86,-57.23702224455347,-88.0,23.654526323979987,21.40564662353745,4.165155327267022
3884,-111,-82.7076326438278,-162.28938887439563,8.252252098426915,6.083860172634834,3.301598417182639
3885,-102,-75.0,-164.27071589480187,11.918749382144684,9.188731341627497,3.3968559939144694
3886,-75,-56.0,-80.0,18.040828484620974,13.650061975131068,4.101154892633984
3887,-99,-64.0,-142.0,17.54981949036847,14.154168867888256,3.7746772247806657
3888,-85,-71.0,-155.0,14.798635135672583,10.887113551991302,4.313815529552336
3889,-93,-70.0,-139.0,16.37503971393585,14.275617902520988,4.311121777169889
3890,-86,-60.0,-132.0,16.639632301425575,13.911060552243123,4.535737948376656
3891,-96,-68.77104208537139,-152.0,12.446444829653398,9.608984246033328,4.023867193803639
3892,-94,-70.0,-107.0,16.54414239234304,13.281837218137149,4.230867162486165
3893,-100,-67.0,-121.0,13.71536834425165,10.026047893943089,3.723109945765539
3894,-89,-71.0,-140.0,11.931597283530136,8.733732036155345,3.9213650282456336
3895,-85,-68.0,-148.0,12.48754227911048,8.53416541551286,4.236837717858027
3896,-84,-48.0,-102.2327955735628,21.10694298305837,18.82027569031099,4.3017641963333455
3897,-109,-82.51680388246449,-232.0,10.887092093049269,8.354545884807584,3.620939637217023
3898,-103,-72.0,-240.0,9.773216023521934,6.998949265303016,3.2780136273419065
3899,-103,-65.0,-145.0,14.087512000339906,10.537446692871455,3.8330357973946287
3900,-91,-57.93451567058676,-168.60956849344774,12.524237827644077,8.659856759144722,4.218061026480957
3901,-106,-74.0,-212.0,8.463581620292816,5.607594217006529,3.559709416165045
3902,-92,-65.0,-103.0,16.61322565432685,13.905235097350218,4.190267603039428
3903,-101,-67.0,-140.0,14.230588276390511,10.417310140667803,3.834410178084769
3904,-98,-70.99025502783756,-253.0,7.483880833875982,6.022088209261297,3.9940130163479832
3905,-110,-72.0,-164.34824084090195,9.243601918322229,7.08722645731498,3.523737770667469
3906,-98,-70.78915982286911,-151.69569372336682,16.737499220428848,13.640953244105589,4.284907001007714
3907,-100,-71.0,-151.0,14.844279702507958,10.994582235665789,3.794057352170808
3908,-103,-62.0,-151.0,15.381128661211571,11.856000218375335,3.3617797031776298
3909,-107,-83.17112874322571,-166.23515986921393,13.38397509049878,10.545806716314043,3.381949502988678
3910,-87,-67.0,-166.9633060358147,17.89127669150392,14.353488736364984,4.224962167839252
3911,-94,-72.0,-113.0,13.597272766714003,9.206846414493368,4.030923632715103
3912,-97,-69.47591131956055,-147.0,12.825659554885792,10.483859761478634,4.083535406247021
3913,-88,-74.17780681935085,-174.10805606754136,11.614611992346829,8.904583521432064,4.1536704663113815
3914,-93,-65.0,-136.0,14.137042014702953,10.28981926156631,3.76053627461324
3915,-89,-61.0,-112.64337801303448,13.419294323982829,10.24234915751208,4.283476180886928
3916,-77,-51.0,-94.0,19.765599862259496,16.266809660241776,4.311994573547253
3917,-76,-61.0,-101.92445407485087,23.21830534863428,18.73444959150075,4.478641391938834
3918,-74,-61.0,-95.98375540940863,20.72863501894013,18.725711555336584,4.325076705109748
3919,-105,-70.0,-206.0,10.561212980427849,8.40793800646866,3.1826803763469864
3920,-103,-70.0,-161.10591684450048,14.178036140307585,10.802719228733723,3.032275099799324
3921,-112,-72.0,-190.0,11.974105069743192,10.456390205644986,3.372796310733868
3922,-102,-70.0,-114.0,17.15067922237118,13.478100129133855,3.8769485468103935
3923,-101,-65.0,-105.0,17.44888964937171,14.755866472924955,3.38695416597717
3924,-104,-79.0,-245.0,8.614267656114722,5.547687109255042,3.585749720226922
3925,-106,-75.0,-233.0,11.250738237081537,8.996183033284305,4.073998966817285
3926,-100,-70.0,-150.0,16.921005265247572,14.05130930301453,4.138002966391756
3927,-95,-68.48337491708409,-122.0,14.655074054574929,10.913699341498216,4.22819682915672
3928,-87,-57.0,-94.0,18.170867643423417,15.144609803109317,3.979141414037072
3929,-120,-82.0,-276.0,7.579861279523583,6.287432978545377,2.405456570574493
3930,-100,-65.0,-111.0,14.930852268276578,11.167639455074555,3.738216064339227
3931,-87,-64.0,-150.0,15.440589355455804,11.767023826764474,4.0452166555735
3932,-108,-72.0,-237.0,9.941352085873726,7.4060763923161,3.3944524447237043
3933,-109,-72.6716156945888,-246.0,10.839010838951737,8.485214245214305,3.8015984300283785
3934,-87,-68.0,-131.0,14.811460073369023,11.719463342177193,4.162372898834115
3935,-95,-60.0,-162.59666468238595,17.814168226328185,14.319881161302684,3.904017267550657
3936,-114,-76.0,-214.0,9.420114872550924,6.604582074513864,3.1222294302068776
3937,-110,-72.0,-252.0,13.499666761574362,10.055715559103296,3.5250481812867225
3938,-90,-68.52968212680133,-102.83250630981019,15.970598464389306,12.021099767837294,4.439531650593476
3939,-99,-67.58194943594073,-178.8504703257424,11.30188035798156,10.23601155057856,4.005383008766754
3940,-89,-63.0,-108.0,21.39293128141534,16.484923962908265,4.4194071489093085
3941,-113,-80.0,-247.0,8.50579103552194,5.437196595209729,3.411207846262716
3942,-95,-73.34190204042694,-105.0,13.421299593657533,10.313575388734616,4.149926643743087
3943,-82,-52.0,-97.52230603454097,23.73368023275113,19.686397980544648,4.377237109345476
3944,-100,-72.54241240894298,-112.0,17.075685629170856,13.879233532574265,3.4243207894366563
3945,-103,-71.0,-243.0,9.287965845125772,5.945197284413277,3.2753481915944764
3946,-111,-82.0,-196.0,11.48991664958424,8.771948987535676,2.996669958258253
3947,-106,-70.0,-211.0,12.58752359296937,10.363418843957486,3.358706686189708
3948,-80,-53.0,-95.27045311696443,22.560218871424368,18.86278336289733,4.5176428551560335
3949,-99,-72.0,-183.90954822382886,9.345902827489484,6.553477214975718,3.886271948246555
3950,-98,-70.0,-118.0,12.322568374549267,9.052581982420602,3.978520100033785
3951,-100,-70.0,-106.0,16.6710008217186,12.91860833731068,3.936701237694454
3952,-88,-62.0,-129.0,13.774822154989048,10.28905253424868,4.45840977371812
3953,-116,-82.0,-262.0,5.211995553180819,3.9473925815769264,3.1153804907133216
3954,-88,-72.5837612856304,-105.0,14.000102788945147,10.338251189591798,4.296888971531048
3955,-93,-67.0,-153.0,14.866939058083716,11.589172276892588,3.862236694274985
3956,-78,-55.0,-110.0,18.140741015535475,14.65141389784212,4.242795958247998
3957,-83,-62.0,-78.0,21.025975644623777,17.765153246469808,4.1048639318557925
3958,-91,-71.0,-141.0,15.448603464354122,11.822752821738078,3.8240232494064497
3959,-91,-61.0,-132.0,14.08509517134488,10.237024155096274,4.18841801224634
3960,-92,-62.0,-135.0,12.665933270238616,9.102361935054317,4.228681672285561
3961,-120,-86.0,-299.0,6.446807455749266,4.750358507334749,2.688476264455653
3962,-114,-71.0,-215.0,13.283278968568482,10.898126191357967,3.0494845743672974
3963,-91,-72.0,-146.0,16.364422378249152,12.70534973605844,4.089323760166981
3964,-82,-58.52692949417491,-89.0,21.875867982084625,18.181547314220925,4.15890085849172
3965,-109,-67.67663267225664,-197.0,10.262553709219087,7.609867586077462,3.5901651730549604
3966,-106,-80.0,-159.57711950044865,8.742399342673409,5.1567340187534665,3.459042596958711
3967,-92,-70.0,-173.84118159844715,14.037553368897008,10.590848173562918,3.8166002456949046
3968,-105,-79.0,-166.10716190895604,11.489691176920438,9.44946608904768,3.5849175235334543
3969,-87,-65.0,-134.0,12.211250466978095,9.109147627899976,4.54367277415564
3970,-102,-62.0,-114.0,14.93807255997946,11.52238489739867,3.586993448242727
3971,-97,-58.52916502943246,-110.0,14.097287678317391,10.355874440869082,4.2728956336037225
3972,-91,-68.0,-138.0,14.8366846690892,11.44911527119471,4.045235926445169
3973,-103,-72.0,-176.6983580501096,15.457578480387006,11.57711548435839,3.587550133093019
3974,-88,-68.0,-133.0,15.632078772018517,12.512273417045169,4.3504537592312325
3975,-110,-82.0,-212.0,8.649723867928289,5.556522600798159,3.3088485217015835
3976,-95,-63.0,-127.0,15.018075163454975,11.279385323688023,4.364053291258233
3977,-95,-59.0,-104.0,15.455557040511094,12.32591144669632,3.758429570429028
3978,-100,-59.0,-107.0,14.25913217145003,9.853578427110223,3.442301324184077
3979,-105,-77.0,-178.8228599815788,8.542750732252722,5.988224586577319,3.4866703510350257
3980,-100,-71.0,-170.23820487366245,10.6547255202868,7.859634818433922,3.772641674863127
3981,-92,-60.0,-128.0,16.654853525555684,13.6127278869148,3.84304278592068
3982,-101,-77.0,-206.0,11.90230192768357,10.586446103442036,3.9469596110030047
3983,-89,-68.0,-108.0,11.627693781534509,8.081748579100879,4.134210746349373
3984,-98,-71.0,-246.0,7.857068304367359,5.148536970705373,3.481740655941323
3985,-111,-70.76582201554734,-233.0,11.365112673474162,9.66331901399584,3.4530097604381527
3986,-85,-62.0,-118.0,16.971557858521827,13.637078544904904,4.608583111310677
3987,-86,-70.0,-115.0,17.82043774643113,14.118519410091652,4.264932788003182
3988,-87,-62.0,-175.0,14.22544010692643,10.239265239016175,4.006867604851196
3989,-102,-74.0,-229.0,9.645984234212513,7.431480603342493,3.7351443435847
3990,-88,-61.0,-120.0,17.145248907780243,13.301794565915356,3.9758281046404513
3991,-83,-53.0,-71.0,22.96506433939458,20.90530136891092,4.135222378723506
3992,-106,-78.0,-223.0,9.411847809159825,6.094826555667074,3.6621307908402025
3993,-104,-79.0,-252.0,10.140380071714883,7.3834865448106175,3.4994878109094545
3994,-81,-55.0,-82.0,20.533377778712246,16.39085257022844,3.948409910450696
3995,-94,-75.60824292331331,-161.049789204441,12.849113497211292,9.734436330119268,3.2463116223302806
3996,-97,-64.0,-106.0,16.719476756598922,13.345662478691034,3.9078061321551663
3997,-103,-70.17093901131824,-209.0,10.838191890134125,7.986403826846187,3.493318327192003
3998,-104,-76.0,-207.0,13.770388401428969,9.255522071261993,3.4800515908997247
3999,-90,-70.0,-136.0,13.333349285813776,9.240708087534712,4.365073702254547
4000,-99,-67.0,-149.0,15.437103569007578,11.596249938078136,4.0668315026735495
4001,-88,-60.0,-183.60231862316712,14.145071580281154,10.315328511008966,4.35991001657331
4002,-78,-60.0,-78.0,22.454689249965565,18.99977742261302,4.284284031770518
4003,-89,-65.0,-123.0,17.92573131305284,13.81859824871566,4.105617912110127
4004,-98,-82.0,-244.0,9.473402946612932,6.632729882455739,3.779390011928121
4005,-113,-77.0,-176.85168939326024,9.758208369555708,7.48621243854486,3.1963876593053064
4006,-100,-80.0,-208.0,10.260772652870696,7.30201100464989,3.16122433226086
4007,-114,-79.0,-238.0,10.84981531106314,9.041917062509713,3.3836098910933528
4008,-117,-87.0,-248.0,6.208052136956679,4.833945814130713,2.5749388218144387
4009,-102,-59.0,-152.0,12.45310862313565,8.967117939482995,3.6917459309183935
4010,-101,-72.0,-182.30037461095455,8.64580088243784,5.760693371429436,3.672973350836648
4011,-112,-80.0,-188.0,11.83438254252081,9.255677104839307,3.1574158844288545
4012,-102,-62.0,-111.0,15.723922266351128,12.240675811984069,3.573396795460224
4013,-87,-72.0,-161.56413228380455,14.562311086651967,10.029311184371092,4.214032082009159
4014,-97,-63.0,-155.82678548425648,16.703991262286408,13.697918599812422,3.7806713236462106
4015,-95,-61.0,-176.19642897012693,16.03714412252672,12.495551414342373,4.254673579364161
4016,-96,-70.0,-145.0,11.16190534911255,9.35534125706673,3.8504686380242736
4017,-107,-80.72813725889236,-190.0,11.394051139903766,8.691453154534477,3.736369716186557
4018,-93,-61.0,-165.9747911709255,15.402007921906629,11.923139700802132,4.025735499253844
4019,-93,-61.0,-103.0,12.403868514401486,8.60142302709607,4.162276256995037
4020,-98,-71.0,-101.45678131209225,16.480576508734135,13.384332772693572,3.9102224919323634
4021,-100,-67.0,-109.0,12.55002571723575,9.422099161899308,4.122758589655335
4022,-96,-60.0,-179.17526386471286,13.668809562576023,9.023646174637651,3.919337678485352
4023,-110,-74.20853567992329,-206.0,9.811418833315049,7.71003033618322,3.4246265973368337
4024,-89,-66.0,-111.0,13.171240626906537,10.140114889793873,4.250328306101141
4025,-113,-72.39940482908519,-241.0,11.92310629541703,9.2177233834306,3.168136538910334
4026,-86,-70.0,-148.0,17.40585114266178,13.75695568329506,4.458152287071449
4027,-103,-68.0,-151.55389542839117,16.653895428856888,12.693415612197615,3.6791459167258873
4028,-89,-61.0,-103.0,16.88339918905729,13.868438937711495,4.528065678557462
4029,-112,-80.46220486798364,-243.0,6.284210118899633,4.461647037967874,3.7220135306413273
4030,-74,-61.0,-77.0,21.342567493307502,19.31877394278071,4.605056497360292
4031,-119,-82.62130228273945,-286.0,8.345163737090793,7.083175289066136,2.6799603794492555
4032,-95,-59.35619363409313,-146.0,14.111134021683238,9.978753904956111,4.23866558745827
4033,-119,-88.0,-289.0,6.684890930906785,5.981738060211693,2.727368097542966
4034,-93,-71.0,-113.0,18.22807522814756,13.987922336111634,4.468559617917688
4035,-85,-72.0,-158.1424380065019,15.278218536266316,12.126546482892817,4.302716395953805
4036,-97,-69.1644974084281,-143.0,14.755985734395123,11.314979739165535,3.817981280609074
4037,-95,-59.0,-146.0,16.37999911532989,12.492279193079616,4.148141030946312
4038,-94,-70.0,-133.0,17.62662168312596,14.919945426524537,4.133715998162994
4039,-88,-62.0,-136.0,12.693441233055273,9.581848287034555,4.535933918614826
4040,-102,-65.0,-113.0,15.49942142907668,12.006379988927598,3.669289139846774
4041,-102,-71.96054674231686,-184.0,9.140709231773576,6.660287307811968,3.6674740670189983
4042,-89,-73.22119416522067,-140.0,17.322977818560883,14.11429995303881,4.454697189839627
4043,-85,-73.11326195401534,-112.0,15.058677242918048,11.368873334752347,4.358831218092674
4044,-89,-68.0,-168.46988738835182,16.925419250101964,13.89223235061305,4.167372866097446
4045,-93,-63.0,-129.0,15.969192926133672,12.03650594955408,3.865133518109915
4046,-95,-67.23153012183161,-155.57820814381165,15.446834304860204,12.28846302786856,4.145759827259637
4047,-101,-72.0,-255.45408150180617,8.099970367757601,5.9734211753353055,3.602198263683652
4048,-107,-72.87778732241628,-195.0,11.63479092212928,9.820044702082551,3.5786167522099586
4049,-96,-71.0,-171.00674513189895,16.471511343277562,13.341962588518186,3.776937013627038
4050,-101,-72.0,-170.51238524237635,14.958444279214827,11.021915440049126,3.66631872558936
4051,-92,-66.0,-174.7360258800777,12.78785790694497,9.443553065450208,3.973791176421992
4052,-95,-62.0,-169.01020474423422,16.25181365429134,12.63811320615948,3.9962777563675513
4053,-120,-85.0,-240.0,7.123921413973332,5.238398155159098,3.037792247630831
4054,-97,-72.0,-153.0,17.292546230196972,13.199209477684027,3.8761222410537663
4055,-77,-62.0,-97.0,22.52251731123426,20.462088656229085,4.407600325367964
4056,-114,-72.0,-192.0,8.317652323552627,5.279008082319123,3.205252961926965
4057,-103,-72.0,-171.08631018617834,12.53233677909823,9.83417187171004,3.853584896198341
4058,-87,-72.54375226653016,-172.11174275621337,12.822974759014317,9.794199942659649,4.099982787924779
4059,-103,-69.47653498277205,-124.0,13.981453570458589,9.964886452897291,3.6083048874217742
4060,-99,-76.0,-175.0,9.526674279068429,7.410222189158714,3.707271374437089
4061,-114,-86.0,-283.0,6.884361841577292,5.2669683498987,3.0669357742624976
4062,-106,-77.0,-211.0,9.183685644817055,5.700625848393763,3.6068988854425377
4063,-92,-62.0,-116.0,17.50637296854013,13.928327619816692,4.070702965423915
4064,-89,-63.0,-164.31690227819365,13.54022702056432,10.74341893070192,3.903404162823743
4065,-103,-81.88387641772124,-203.0,8.181438977883827,5.295254938006119,3.149510091914542
4066,-103,-72.22887432203842,-145.0,14.407336700238432,11.148747927749731,3.737131419260953
4067,-102,-61.0,-127.0,15.37549722729711,12.325922729624695,4.0834945077629685
4068,-99,-61.0,-120.0,14.437200554361535,11.23341192843363,4.340982864437757
4069,-77,-55.0,-76.0,22.32930333604343,20.32719656823239,4.498399978889099
4070,-91,-62.0,-132.0,16.855115541101526,13.841165703586142,3.907812387425434
4071,-110,-79.0,-236.0,9.089129770099573,6.229251870904966,3.3390212132896866
4072,-110,-74.0,-189.0,8.678891186193423,5.898575843007773,3.50512317442378
4073,-108,-78.39872667416836,-211.0,13.22947886394192,10.582052730726026,3.3668610811615967
4074,-77,-57.14315712856992,-95.0,21.160826454121995,16.4175669194712,4.604586941246195
4075,-85,-65.0,-155.0,15.412517921375208,11.829917412480428,3.71130870042467
4076,-90,-59.0,-164.24630372441953,12.133764340138203,9.344312051017107,4.15149342315148
4077,-113,-86.0,-280.0,6.162270671987287,5.039990961671839,2.807362298637564
4078,-87,-62.0,-146.0,13.006914873451745,9.488334546368064,4.3156478694578855
4079,-107,-72.0,-186.0,12.073538936203239,9.62413265648146,3.5961323176206736
4080,-103,-71.0,-173.62730541112103,9.47029321061298,6.936251384148363,3.704090857316365
4081,-109,-79.0,-168.8764481065764,9.525643194006342,7.0523560913647625,3.70709563169136
4082,-107,-82.0,-216.0,10.248824766149742,7.497155661208139,4.02754492997837
4083,-92,-63.0,-164.92181148699467,12.72028436888268,10.779709382956154,3.798431431061537
4084,-112,-68.90015408264564,-238.0,8.13407085282788,6.009538685942871,3.23659909221788
4085,-93,-72.0,-104.0,16.780633104943497,13.26308284081938,3.5911489763173488
4086,-90,-59.0,-118.0,18.044238432319066,14.4898968608678,4.213601514096673
4087,-98,-68.0,-107.0,17.44330178998762,14.435344668092991,3.689180536971598
4088,-88,-64.0,-174.59963314167885,15.384447998406827,11.612414692234188,4.224787973610366
4089,-86,-60.0,-180.93804392840693,13.208320291104805,10.454634863147268,4.539044907159028
4090,-104,-76.0,-165.74692910804433,10.3392447785201,8.020721818792733,3.865799499350129
4091,-106,-68.08271556515534,-227.0,11.3450592473784,9.687360770189114,3.701154347122152
4092,-94,-69.1363303361008,-106.0,15.893888677233708,11.908124784836678,4.102367983553915
4093,-102,-69.39213216850352,-179.65678273838788,13.04904525050129,10.10895491494939,3.677628597817126
4094,-107,-72.0,-243.0,13.22671215233723,10.002067628919818,3.355340604427967
4095,-108,-74.0,-239.0,11.379610223102615,9.110144564275878,3.575382278841829
4096,-89,-70.0,-160.64352663421582,16.736337791774243,12.750307598701358,3.960556970174213
4097,-95,-65.0,-113.0,16.708990231369672,13.841243257223525,3.724377589248584
4098,-94,-59.0,-128.0,15.585226139077626,11.768159859548096,3.761501818934412
4099,-113,-72.0,-248.0,11.079922779297856,10.007467003214067,2.9696989451543843
4100,-102,-76.0,-188.0,9.760679531781893,7.060044168941872,3.3977933625580192
4101,-105,-74.0,-210.0,8.268855975671533,5.579301912376455,3.3786521454202947
4102,-85,-66.0,-114.0,13.948733617216373,9.99905002075438,4.146270126455521
4103,-92,-62.0,-163.31316728126816,16.572290946150503,13.249149095532596,4.107815125526299
4104,-87,-60.0,-114.0,11.480080861928739,8.915588718463198,3.996707324799131
4105,-99,-59.0,-172.39572342776898,15.407180857080355,12.353376312045722,3.905164387419144
4106,-85,-57.0,-87.0,19.42828819866181,14.81848211403681,4.4559332871344415
4107,-100,-79.0,-234.0,11.434380155765572,8.925566759917611,3.86797123123807
4108,-97,-63.0,-121.0,17.752469834607503,14.318014155566903,4.048732385876513
4109,-116,-82.0,-284.0,5.485572665664854,3.549408370023676,2.8805272014046603
4110,-109,-76.0,-188.0,9.170964043725302,6.254692507269956,3.5034868645465576
4111,-86,-73.333075004928,-162.78296034427348,16.300146172758673,12.798535807004292,4.014241952015407
4112,-105,-81.47764378347587,-242.0,9.873353592199216,7.29669956828922,3.4658222099043905
4113,-95,-69.0059729594551,-169.64168891721903,18.332606143002103,14.210537339435218,4.3876025207551725
4114,-96,-64.0,-108.0,11.490757031152304,9.02680139084996,4.057380670240825
4115,-88,-59.0,-136.0,14.920462866489954,11.720497934495974,4.590766604143311
4116,-85,-67.0,-152.0,13.654678139740765,10.215245806165894,4.296876010712425
4117,-100,-65.0,-130.0,15.99296764639582,13.92124699827142,4.109312585726063
4118,-106,-75.0,-244.0,12.654243758056076,10.633965650563203,3.885048938239138
4119,-84,-56.88956356969674,-72.0,18.03443887783132,14.45726705171201,4.451560734414944
4120,-75,-59.0,-97.0,22.89460956974564,19.03182209088585,4.462556436629504
4121,-88,-62.0,-151.0,16.250333649606723,12.699098200900504,3.963357013329974
4122,-98,-84.03482284551981,-247.5797547090034,8.110270373008243,6.357899090173697,4.046606610226764
4123,-97,-61.0,-185.39381695090032,16.90300558993978,14.228844163525787,3.716276126483065
4124,-79,-58.78730494503897,-97.0,21.82620347827669,19.25214891183855,4.517763285284475
4125,-96,-68.0,-175.0,15.307006279253176,11.491508272593164,3.8134251671341697
4126,-100,-70.0,-193.0,11.457912135147735,8.43622973128942,3.776851325689544
4127,-96,-68.38233262344536,-149.0,12.809768078991658,9.073430718605902,4.321041451165497
4128,-109,-71.0,-195.0,10.289630463628232,7.891791678091062,3.136603324368045
4129,-93,-67.0,-161.17844430727808,16.212155201018952,14.043571466602442,4.156018686971876
4130,-92,-60.0,-173.21804863196482,11.621208463741466,8.364989146745648,3.975281366047307
4131,-101,-65.0,-105.57790260579043,18.32526026630805,13.685866881449854,3.5335986067560623
4132,-110,-79.0,-184.0,9.232174505021009,6.900716409573608,3.484547657031344
4133,-93,-58.465252712880556,-128.0,16.80665343013694,12.88556193644122,3.901036006089934
4134,-98,-68.0,-125.0,17.91231302881136,14.694646095596385,4.197738367311354
4135,-94,-70.0,-168.26109823495608,12.396450153358478,8.957972086223254,4.109598495364466
4136,-102,-61.0,-111.0,17.841984426604448,14.36971988336029,3.8321141277297097
4137,-95,-66.0,-136.0,16.257993005292967,12.344510897794189,4.042464715953722
4138,-93,-59.0,-161.27059987637023,14.904979568423004,11.873719702039814,3.844852325654016
4139,-88,-64.0,-157.3829980548534,13.411258088092945,9.615667007762545,4.279429999077371
4140,-91,-68.0,-190.52224040366573,11.798489001044434,8.574080614556175,3.603334229221729
4141,-93,-64.0,-153.0,13.428202323461115,10.250388907986586,3.837972278237703
4142,-93,-64.0,-172.30305745887438,14.722091795038953,11.54851956271089,3.858777340276833
4143,-95,-61.0,-120.0,16.861346966778935,13.37304215799562,4.194041195370383
4144,-103,-72.0,-113.0,15.532168757317937,11.766419019149431,3.864046856078672
4145,-95,-62.0,-144.0,14.656820954741551,9.597405817835291,4.011501826806387
4146,-95,-62.0,-147.0,12.800295233090319,9.37944507512188,3.79773555467004
4147,-101,-71.0,-176.4079733399754,13.017630416259916,8.627547582858712,3.853439615430456
4148,-87,-72.0,-154.0,13.612549472529633,10.474454959360443,4.142150840458017
4149,-99,-72.86896005996395,-169.86815724703519,13.712194124838772,9.777166122520216,3.9485669555468967
4150,-85,-71.0,-150.86350325530617,13.03529213634274,10.171636038482715,3.97526215784744
4151,-105,-71.0,-249.0,8.289730878107504,5.765813884287697,3.6678945191378034
4152,-87,-73.01911651906182,-160.3887075354351,14.796636429321634,10.307768948106173,4.319805900070228
4153,-104,-74.0,-249.0,10.915601376520396,8.836446587742799,3.905899431668985
4154,-90,-61.0,-133.0,16.28357731901987,12.466781627764902,4.114853368413722
4155,-104,-68.98861977590323,-230.0,11.250295134809619,9.35832194239384,3.710041320943767
4156,-87,-68.0,-115.0,15.675300710711948,12.63466881453616,4.586217310936788
4157,-100,-82.0,-214.0,8.787716127918468,6.041431589973505,3.915742479589749
4158,-98,-77.0,-180.0,8.554785346374626,5.852180500300171,3.9775137486088727
4159,-107,-80.18330301026172,-171.37632714455714,8.361436762839645,5.14662924688654,3.696353332770709
4160,-110,-74.0,-207.0,9.791942734552553,6.859020161154289,2.9569920787973136
4161,-97,-71.0,-166.57999894706913,15.653799728552183,12.342760634875033,4.178170048446314
4162,-79,-56.0,-108.0,18.11229261410427,15.121383099375436,4.028134409787683
4163,-94,-68.0,-165.97648858675348,13.999497307996565,10.839462037092863,3.709349046649344
4164,-96,-67.0,-151.0,13.832878976428361,10.12080762620597,4.234931057198488
4165,-79,-63.0,-71.0,23.380310557836435,19.50641332638813,4.440305183137741
4166,-82,-54.0,-80.0,19.73468845389112,15.424493266121493,4.3208578760663405
4167,-114,-88.0,-279.0,6.831777845990342,5.469552831419079,3.0851161577259343
4168,-109,-82.0,-210.0,10.691257066441349,8.324944232865931,3.3277686406595186
4169,-101,-61.0,-101.78496597914318,12.946026710262982,10.388891967193617,3.5702014527199526
4170,-104,-78.0,-180.0,8.86030583721816,6.957106971180719,3.196468522889881
4171,-120,-88.0,-240.0,5.578036437066771,4.053912523247291,2.476772292945174
4172,-81,-56.0,-93.71084486046138,24.45962939236568,19.61888167538279,4.460578775870335
4173,-106,-73.50430889224904,-231.0,7.856387159727522,5.956576442439358,3.5484293854784106
4174,-80,-62.0,-92.0,24.4460426118334,21.968162986315967,4.411292510955694
4175,-95,-70.0,-105.32293510793669,12.38206631930545,9.187218660179798,4.077804155381642
4176,-100,-80.0,-247.0,9.17070880344896,6.069740914920777,3.894807522161569
4177,-93,-63.0,-173.75570416127283,14.217188532300309,10.412930745289977,3.919178328532648
4178,-95,-68.0,-107.0,14.347302139603345,10.126881232053808,3.9386705394118176
4179,-92,-62.0,-113.0,13.29857184541927,9.370027428421723,4.136774228754794
4180,-92,-60.0,-147.0,13.719783588190198,9.041561899061726,4.005764651779445
4181,-83,-50.0,-94.30128986698907,17.597776550942054,13.389184590748716,4.034490809670312
4182,-97,-63.0,-136.0,14.264470663384795,10.46580872921985,3.975254231899725
4183,-96,-64.0,-149.80697781809351,12.56178306021351,9.23791282711158,3.761076635772653
4184,-106,-72.1418974256344,-248.0,13.297024471955998,9.76404670490428,3.24231478486826
4185,-99,-78.0,-182.0,10.3981726069342,8.046299946452711,3.839856739598186
4186,-109,-73.9240844889552,-235.0,11.640075389381268,9.675017094912274,3.522829548991071
4187,-86,-61.0,-141.0,11.59326268809552,9.25932490734909,4.542932830424818
4188,-104,-82.0,-242.0,9.266586068166347,5.929979737054048,4.077950009023426
4189,-97,-60.0,-141.0,16.940011272309086,13.244715958453549,4.111502598372431
4190,-100,-73.52498527644076,-134.0,12.427560493599543,9.412123692002158,3.710529941169646
4191,-102,-71.0,-250.0,11.001689805889184,9.163307810012569,3.826961218338064
4192,-106,-80.89070373045148,-206.0,10.604491180707274,8.074668475345428,3.6950401946340734
4193,-82,-55.0,-108.0,20.670900394895828,17.379821419230172,4.3687272944349065
4194,-107,-73.20926275968203,-249.0,11.21256018562786,9.547846441315166,3.697499951354847
4195,-113,-79.0,-193.0,9.08360120407881,6.302867579286076,3.145437024623573
4196,-85,-64.0,-111.0,16.93170431123193,13.212639998833474,4.2700756672008415
4197,-101,-76.0,-211.0,12.195295006790746,9.509385864125749,3.149530216558302
4198,-100,-57.514355247479,-158.12733856521504,18.19868040686675,13.718250962441513,3.7957004557318994
4199,-109,-75.0,-243.0,9.013712529456978,6.819643837260712,3.7552190659591833
4200,-103,-63.0,-173.3479207461569,15.454091215523276,11.563993253450231,3.548236839100724
4201,-114,-72.0,-167.4599289638166,10.422094867590625,8.135515116475897,2.39278398049314
4202,-89,-62.0,-125.0,16.775034311291122,13.484917222926482,3.943963149682716
4203,-101,-62.0,-142.0,14.040356309663265,10.37712656905575,3.735982797158985
4204,-103,-80.0,-242.0,9.088580541770728,6.335285854908323,3.3203637099176104
4205,-102,-60.0,-131.0,15.90813990516862,12.72685023740988,3.892151115091521
4206,-86,-72.0,-123.0,14.219325152159502,10.045431082988218,4.053643182611037
4207,-101,-70.0,-149.0,16.990297383172962,13.150899713094123,4.12939327567245
4208,-89,-67.0,-106.0,12.780675625249309,9.762015446540117,3.7455182958371904
4209,-96,-67.0,-112.0,14.896717522311931,11.163655683195568,3.87126099760178
4210,-79,-51.0,-98.98068565133647,19.69996076159895,17.28317715761122,4.382748861275322
4211,-100,-82.0,-233.0,8.944843910445714,5.4428460029459895,3.571548220269667
4212,-113,-78.0,-174.43822719734905,8.411448709104208,5.900627041504618,2.9868493257285174
4213,-102,-74.0,-240.0,12.750441114215073,9.347712407274695,4.061543032948999
4214,-103,-67.0,-125.0,14.42485805260584,11.00227795904934,3.565478264713997
4215,-82,-51.0,-95.0,24.723283253645786,20.52810755113272,4.054020630802
4216,-102,-78.0,-183.0,12.818058111604225,9.70276294652157,3.794125634407129
4217,-101,-57.62538277957418,-144.0,13.509818538301257,9.866716437118413,3.409976629350524
4218,-114,-75.0,-223.0,10.030866851036969,7.980360300830389,3.1714317935854943
4219,-95,-71.0,-129.0,12.545354757066686,9.668312107799665,3.838713949450245
4220,-114,-75.0,-188.0,10.809276085339356,8.517067335476478,3.330637688030824
4221,-79,-51.0,-104.0,22.396256473611977,19.603631925622125,4.302023301288871
4222,-113,-80.0,-252.0,11.625880753416512,9.959100420482066,3.0080352334974245
4223,-98,-71.0,-104.0,12.944647836018516,9.641569846428643,3.917703735327492
4224,-86,-71.0,-151.96818985484973,15.868692031857226,12.332008718144374,3.922417283128659
4225,-97,-64.0,-162.45831602307544,16.32164161101645,13.266176228370526,4.0933258021603445
4226,-109,-77.0,-240.0,12.524563733116615,9.847421518977132,3.6186463465367935
4227,-92,-57.64090913552679,-173.7092440175749,14.901336406886596,11.11552442744682,3.993980148676784
4228,-104,-70.09595972887804,-251.0,9.627592606144372,6.999013219507283,3.43971457431965
4229,-89,-59.0,-125.0,14.28390203886639,9.974990617734605,3.7134479610393294
4230,-100,-68.0,-166.62915640209812,16.371402131641673,12.661836250739428,3.312046248770008
4231,-93,-63.0,-169.0098528454975,13.601219903515975,9.76580736598408,4.005855780648708
4232,-85,-69.20910669857585,-163.57456696047535,14.16810035892222,10.995993362388068,4.553511955248271
4233,-116,-82.50651856596207,-257.0,7.071833445953062,5.613646701961233,3.028533765905784
4234,-103,-66.0,-119.0,11.753131902919053,9.233610257595274,3.59910317209078
4235,-89,-72.0,-128.0,14.024255517673183,10.635295219551455,4.24869640041801
4236,-111,-69.46381358867255,-206.0,11.88461609991843,9.111114923797812,3.283221639422324
4237,-103,-64.0,-104.0,13.37227270472552,9.605468472825777,3.61820488702946
4238,-87,-67.0,-155.84171143604917,11.546181980333133,8.764579752903009,4.544841838740651
4239,-94,-67.0,-114.0,16.769800854781547,13.39628935232513,3.8776042042141783
4240,-98,-68.0,-142.0,17.58778412529526,13.853591045549948,3.66977345173597
4241,-103,-68.46556807568076,-214.0,7.903124174088156,6.1454915213774814,3.512580382401251
4242,-103,-65.0,-142.0,14.60798262013606,11.269087010884189,3.529965452489047
4243,-91,-66.0,-127.0,18.366614486416317,14.709187246796107,4.057573662738299
4244,-93,-62.0,-152.0,14.032234350600875,10.7808686483918,4.115476031797345
4245,-79,-50.0,-105.0,19.560804692470217,17.128721398839925,4.390500563796487
4246,-98,-81.85593691985456,-188.0,13.232825053755725,9.642025594866483,4.446940603665127
4247,-105,-70.0,-191.0,11.52350125486181,9.531565270678032,3.656865632034104
4248,-102,-64.0,-108.0,15.563978535309362,12.46159963689421,3.713381412835488
4249,-110,-78.0,-220.0,8.719869149841387,5.791624398400132,3.086991187429271
4250,-99,-65.0,-153.64734688061617,12.111622377556944,8.546686052787416,4.115212734635747
4251,-114,-72.0,-216.0,9.754085293633782,7.0003849252387935,3.512882039881995
4252,-94,-70.0,-161.94055840740174,16.34521008866398,13.260966175782263,3.8929794478724697
4253,-90,-59.0,-142.0,15.500462259464523,12.015557557838576,4.115778057276757
4254,-92,-64.0,-152.0,15.098886006303152,11.976217587212416,4.171311480944604
4255,-88,-62.0,-95.0,21.5168831160256,17.14719678645347,4.002244181731414
4256,-118,-86.0,-285.0,6.206330635651567,4.994924376524328,2.4114669912276665
4257,-103,-64.0,-159.23953018230918,17.00950824409068,13.624874552634212,3.530332170209981
4258,-95,-59.0,-161.94640121122035,14.30151620602768,11.187886527336705,4.215699349490367
4259,-106,-75.0,-228.0,9.229871020504962,6.837396919337034,3.539152531082261
4260,-95,-65.0,-122.0,11.677700346620824,8.938579596325864,3.922125135254961
4261,-90,-72.0,-131.0,15.9343292679046,12.617410146317924,4.392683860313754
4262,-91,-60.0,-169.72429335540392,15.191969069305062,11.959207973658344,4.159162636192929
4263,-102,-59.03658756056263,-168.82831872818699,17.459025669614288,13.958607937665995,3.4549583418878824
4264,-110,-72.13095675397892,-200.0,8.510202350309005,5.416705863428938,3.411104214410307
4265,-90,-67.0,-94.13376911108239,11.719814226957075,8.344344474559534,3.974848885041136
4266,-90,-61.0,-118.0,16.86791379458748,13.604519300758213,4.0009049607063805
4267,-96,-68.03938647394855,-153.0,14.900130663024338,11.15945589194919,3.7783199061041888
4268,-97,-59.0,-149.0,14.858445599838392,11.041907120148164,3.4752865808688185
4269,-85,-67.0,-174.19957165067555,14.284941850962106,9.59048983784242,4.20833130622735
4270,-92,-71.0,-123.0,12.417862249865427,9.040242681786332,4.176071906159749
4271,-98,-68.0,-135.0,12.605258396922267,9.427907278842254,3.967538614109469
4272,-102,-72.0,-251.0,11.498575080543311,9.15236148828393,3.842459885766221
4273,-91,-64.0,-175.22232435693175,16.929534373073096,13.313678430088444,4.181033205722578
4274,-97,-60.0,-160.26955298488505,12.365729507104776,8.870906091462762,3.793889229514425
4275,-114,-79.0,-200.0,7.5538381104139125,5.883238765624286,3.0376218703784543
4276,-103,-67.60117733869684,-176.060472232429,13.724179307613149,9.578415258703195,3.925188296324482
4277,-101,-66.0,-174.6654930746318,13.732445414277231,9.910576915643652,3.864838093629081
4278,-100,-71.0,-130.0,14.350309087423506,11.290377277136123,3.645878777652741
4279,-117,-82.0,-251.0,6.759238792737106,5.02798707272982,3.160640608280425
4280,-91,-66.0,-107.0,16.198450665385863,12.305443994503772,3.724927835418177
4281,-98,-64.0,-164.14347503189228,15.84174407568888,12.595470439217811,4.415533748127826
4282,-88,-72.0,-108.0,14.919781373768668,10.96730974282847,4.226483756492221
4283,-98,-74.0,-248.0,12.60195878708458,9.84468739340006,3.751530205808103
4284,-88,-66.0,-123.0,15.411314308720168,11.837164409495994,3.789529865835414
4285,-101,-82.0,-177.7331676117049,9.716105701996971,6.951807211365679,3.808166189436765
4286,-92,-58.78989188478756,-167.18640399184474,16.93709778528557,13.031920135521132,4.213670960434258
4287,-88,-62.0,-162.9421986072202,15.545093157623874,11.784593360825392,4.3722301114098565
4288,-85,-56.0,-95.0,20.030301215673152,14.30864498129665,3.983014399942772
4289,-111,-71.0,-226.0,11.922923277817732,9.022535879657084,3.367218247369666
4290,-102,-69.20909374569753,-127.0,16.08383721972887,12.382896660689966,3.6930111751126895
4291,-87,-59.0,-82.0,22.670505640242347,19.258541545498733,3.930282655520399
4292,-93,-68.0,-108.0,13.607940827304585,9.861405557907974,3.844183295767426
4293,-94,-70.0,-107.0,14.592789722719175,10.209225093063507,3.863024874881564
4294,-85,-50.0,-94.0,22.74979996340773,19.360919942963367,4.14093909094605
4295,-102,-66.0,-115.0,14.596702526100447,10.42004671507369,4.098185497114683
4296,-102,-84.29699160037471,-185.0,10.578473706480253,7.828354773163847,3.866527825909525
4297,-109,-84.05736014077948,-240.0,11.667143133262028,10.036005297078963,3.3252674891168468
4298,-114,-85.0,-285.0,8.442438863076617,7.1377694090617,3.167840953535374
4299,-100,-80.0,-231.0,11.95306017156616,8.618009711423081,4.125758931688076
4300,-97,-71.0,-117.0,16.555990506127806,12.911249449058262,3.5897794297866543
4301,-105,-77.0,-211.0,7.971321437609016,5.257539801472751,4.0053021321254905
4302,-101,-79.0,-181.62752237513695,9.224766813571442,6.919272278262774,3.7810247387632088
4303,-86,-64.0,-105.0,15.238748334670692,12.181584960978103,4.414438554666045
4304,-88,-72.0,-167.967800384793,13.48025226483785,9.278872663904018,4.488157221365052
4305,-107,-71.0,-213.0,10.478572572319628,8.223966344822689,3.396277434431757
4306,-104,-74.0,-168.93195820162904,8.712022184818734,6.697990625397801,3.809629140706281
4307,-98,-70.0,-96.49150853913703,14.363268869943951,10.586351161213566,4.08723845728436
4308,-91,-61.0,-148.0,13.748210779708282,9.85976920162524,4.054584906075463
4309,-85,-64.0,-173.97581370588853,14.568009592517065,10.658712027988924,4.2531043254285
4310,-95,-67.0,-142.0,16.759870846457474,13.175023865293056,3.89999474370122
4311,-103,-72.0,-144.0,16.199309868160206,13.08952152499995,3.4577408728677144
4312,-102,-65.0,-103.0,15.864010194751412,12.10180093696731,3.733442039451151
4313,-111,-82.0,-186.0,10.354071591529252,7.477775606790992,3.428966435397543
4314,-91,-60.0,-109.0,13.526744250145223,10.55517598103357,4.519420349081931
4315,-101,-66.0,-116.0,15.17525804034645,11.603110673552374,3.637644154277284
4316,-99,-81.21170567354116,-234.0,9.217020296605098,6.129221141503539,3.853994873970225
4317,-81,-54.0,-77.0,24.05822876332197,21.526384149475422,3.797847296751679
4318,-91,-63.0,-153.0,14.975919286712742,11.043159492519129,3.777430434461349
4319,-101,-68.91419068344028,-232.0,13.495351748517807,10.780981246771152,3.858942768484821
4320,-92,-68.0,-128.0,14.64192055010192,10.93572411367314,4.184974532076146
4321,-98,-67.0,-123.0,11.645742807466062,8.74082504090198,4.376030230535433
4322,-93,-69.30594488148475,-93.02894578984248,12.028847726339107,9.000016130724337,3.412670979754282
4323,-99,-60.0,-130.0,13.414860095102577,9.99618233468499,3.667089605777512
4324,-101,-72.0,-115.0,13.076065290150995,9.449939591173305,3.975744963680037
4325,-110,-80.0,-239.0,9.945559511305229,7.142312289961364,3.3839447044567628
4326,-88,-56.96014510480635,-103.0,14.3224848461066,10.60361047920595,4.358418958400995
4327,-95,-62.0,-103.0,16.996283880115154,14.21791657405112,4.0707633446454645
4328,-106,-80.0,-192.0,10.561425378273931,7.598231343646475,3.873236282424558
4329,-85,-50.0,-76.0,22.651649282162264,20.34258778906931,4.258444732677791
4330,-98,-75.11787250434415,-113.0,14.680720529545267,11.045734280576715,3.591121771401413
4331,-103,-72.37395849513739,-205.0,11.790371612731049,9.4156058209376,3.661168300080272
4332,-120,-87.0,-267.0,5.292441847779349,3.7999971085197473,3.162942959685324
4333,-102,-66.0,-107.0,18.064582679045756,14.300289343861929,3.608935448118134
4334,-85,-60.0,-126.0,14.892558069242584,11.38829294618149,4.567341985314635
4335,-100,-78.0,-243.0,9.036666172249598,6.499792835157625,4.0798947989878
4336,-103,-81.64947897813846,-188.0,8.822490531952583,6.039539087691926,3.4826265036127437
4337,-102,-81.85000990493532,-241.0,12.92378276683272,10.813254096601806,3.6058825240821104
4338,-101,-76.0,-230.0,12.049763291699211,9.807694797047375,3.810689340511306
4339,-103,-72.31363667767111,-219.0,11.021250203845481,9.841488256568471,3.6365955361344384
4340,-94,-56.62540718435867,-140.0,16.73212241895941,12.845928297875917,4.068492278320877
4341,-98,-59.0,-177.1867056472145,12.426820496306615,9.348915286232131,3.982335701313672
4342,-87,-72.0,-114.0,11.165926644660049,9.096941460757058,4.575312239371181
4343,-99,-62.0,-153.0,13.345931647441926,10.438061937773965,3.2074621492972004
4344,-104,-74.13939499009251,-173.87172131930913,10.99335773247748,8.884680228584907,3.572066261084624
4345,-98,-68.0,-134.0,17.57917772083893,14.52978176779691,4.173838449742737
4346,-108,-70.0,-205.0,11.25578279925126,9.414659864874672,3.6456272519727455
4347,-86,-72.0,-147.0,15.17261767717918,11.215796540561485,4.228751170860725
4348,-116,-82.72744317514578,-246.0,5.503493088660263,3.610805748431935,2.819533278183018
4349,-100,-79.0,-227.0,8.512564453471757,5.858263520739076,4.20467574400213
4350,-97,-73.11090707363661,-136.0,13.140296579249775,9.250050325104995,4.142474616518375
4351,-115,-85.0,-262.0,8.865399546280761,6.847680633745358,2.764381726268943
4352,-95,-59.0,-107.0,14.241130453858096,10.88275091179934,4.158426330804111
4353,-106,-77.0,-250.67199424718504,10.44625166678916,8.121600485958727,3.352654089561101
4354,-105,-77.0,-182.09166597170795,9.664883548568604,7.160722289958619,3.298342841214129
4355,-108,-70.0,-193.0,9.599430813269455,7.532529849837804,3.618068441944523
4356,-88,-68.0,-156.19718912519147,12.567486624532153,8.503026604247495,4.350451600261998
4357,-98,-73.89325806146866,-247.0,8.866178913306108,5.993427989991496,3.7220340912807215
4358,-90,-72.75240425519762,-137.0,16.44316006633652,13.542528416013068,3.918227145256292
4359,-86,-50.0,-73.0,23.32758404292469,18.35509390077375,4.446133985039011
4360,-101,-75.0,-239.0,10.058969855370185,7.727733212764591,3.6614069012834025
4361,-85,-67.0,-147.0,14.980229656851241,10.250499116313014,4.580602698999738
4362,-84,-51.0,-70.0,24.0083062581819,21.97070758433784,3.8272289357842064
4363,-114,-69.14169910024238,-194.0,10.405485201020118,8.365944653446823,3.426794968562672
4364,-112,-82.0,-293.0,5.160031404424494,4.074975460403588,3.260928451240684
4365,-109,-74.24463226702728,-216.0,8.393069141369503,5.374188384716703,3.340948701018532
4366,-86,-69.7305939282466,-161.60253931044258,13.681766972642574,10.58105614415966,4.364153174295631
4367,-100,-60.0,-128.0,17.726796456968586,14.608421001352198,3.8421741152949114
4368,-102,-80.0,-206.0,9.749139330207791,6.937084766591815,3.719471032380347
4369,-98,-68.14122975601158,-154.0,17.092878322101708,14.227168465769642,3.799065328112729
4370,-88,-57.984336849524034,-144.0,15.56546751343365,11.57135421689128,4.476630257681384
4371,-87,-50.0,-81.0,21.75873567902957,18.16253142223566,3.7533406758065415
4372,-101,-70.0,-115.0,13.255476490431503,9.546721024027969,3.802327881111823
4373,-87,-67.0,-127.0,12.31013897650945,9.150153215764949,4.241611262037661
4374,-86,-61.0,-183.33906370115483,15.470246119447816,12.238448773108695,4.428998478937951
4375,-96,-73.05808515074648,-127.0,16.451309946241313,13.33930496358002,3.877144476911077
4376,-102,-59.0,-137.0,11.702504104876873,8.869475771262772,3.442564151279189
4377,-98,-78.0,-171.66017733500175,8.209249319276305,5.877260690216881,3.998239151724105
4378,-105,-74.0,-222.0,12.865457289919204,9.525860926602562,3.623678914174804
4379,-80,-56.577977293159286,-94.0,23.69741769390149,19.295125427225173,4.34211398950835
4380,-99,-72.3242412390258,-245.0,11.108140300694748,9.370716767811407,3.643001356072229
4381,-119,-84.0,-244.0,7.4117335713222685,5.560763538643517,2.898531409590035
4382,-118,-87.0,-248.0,5.775052696530922,4.758367979080997,3.261849101506152
4383,-114,-70.0,-219.0,10.079099753527707,7.855620034865976,3.1955327816070462
4384,-106,-82.0,-188.0,10.552322081086562,7.838739866930393,3.627386732793967
4385,-101,-70.0,-229.0,13.25429199756643,10.301810850104731,3.768858780036408
4386,-103,-65.0,-162.5980269576325,11.51720021249725,8.933340662709695,4.028783559974967
4387,-115,-88.0,-293.0,8.471545182121579,7.269184820490231,2.974712874512625
4388,-100,-72.0,-180.2613195546747,11.142875234337165,8.86896053266507,3.904964535574941
4389,-79,-53.0,-106.0,21.98827568895628,17.972152389184945,4.202621492657719
4390,-78,-59.0,-87.0,18.516955477073243,16.234498637273337,4.436007490010695
4391,-80,-49.0,-105.0,22.516017615038585,18.5404743710976,4.350897603005433
4392,-101,-66.0,-136.0,15.337654074887697,12.312318993403563,3.7766036375328
4393,-85,-61.0,-163.3213082975685,14.985547617805077,11.478290291970552,4.410167706247521
4394,-87,-63.0,-84.0,23.1067251203255,20.38023744094364,4.483918906520041
4395,-98,-70.23233362778284,-170.43449106239447,15.063411404733436,11.17453703321959,4.073286241396504
4396,-89,-62.0,-106.07250130571398,13.562561480803941,8.934655622499424,4.216030492096842
4397,-100,-59.0,-162.82995790061497,15.850646953601586,12.335359488472031,3.6379954916639328
4398,-87,-61.0,-132.0,15.786295785854843,12.03985190398454,4.256689116116304
4399,-86,-57.301315476942065,-71.0,22.1702992322955,19.31907997769907,4.391061134676154
4400,-91,-65.0,-150.0,16.706454570300373,12.926548967226356,4.202948530059264
4401,-91,-67.0,-144.0,17.043741059479856,13.486558809619565,3.875203804625059
4402,-88,-70.0,-137.0,16.55784498816187,12.623286382323128,3.9914576073505534
4403,-102,-80.0,-198.0,10.133378983708033,7.555947333887257,3.9109370203537206
4404,-88,-66.0,-129.0,14.123301842736131,10.70587838156223,4.32616940341457
4405,-105,-71.0,-211.0,9.025847620313176,6.647393976760846,3.3966689740012126
4406,-101,-61.0,-122.0,14.922719957834603,11.036963919450608,3.469653987178349
4407,-86,-56.89266790563631,-104.0,15.949187416608597,12.089818583938472,4.292106195119754
4408,-100,-75.0,-213.0,8.185591632057756,6.047703049927966,3.6304435162204673
4409,-86,-62.0,-130.0,18.318619966736925,13.689548900960654,4.453093687567368
4410,-80,-62.0,-86.0,24.71328450920872,22.22876960227428,3.943916182900695
4411,-100,-67.0,-169.68065364603194,16.383232229037755,12.698526634628092,3.44297694344427
4412,-92,-73.2612226272268,-106.0,16.21465819437318,12.587159209408842,4.06354630798603
4413,-91,-62.0,-175.0,12.933244892901774,9.54323725694773,4.231777120854119
4414,-99,-70.0,-225.0,9.28065258213236,5.952556460299496,3.7538106002125513
4415,-99,-69.68268670872928,-149.0,13.447425362379402,10.413705041891234,3.770177806769462
4416,-106,-79.0,-202.0,11.359720934931875,9.84378602860392,3.203054946812693
4417,-100,-76.0,-194.0,10.93164589724478,8.88299806299047,3.536680065432096
4418,-86,-62.0,-155.0,16.080705359770242,12.658007715753952,4.428824262899106
4419,-94,-61.0,-173.96260770914253,12.755094847630561,9.552801395543025,3.670535549626436
4420,-95,-59.0,-148.0,14.08316274057461,10.346099761417106,3.729528061141664
4421,-103,-80.95840314697712,-248.0,10.94454460810142,8.93441439052028,3.4664839660295272
4422,-98,-79.0,-225.0,10.360919352571724,7.38974164915648,4.090683357116027
4423,-114,-72.335901421138,-189.0,10.583226154280505,8.047714300904097,2.9435312039514687
4424,-113,-80.94633570914671,-202.0,10.2022044967075,7.996672347020144,3.236157483109253
4425,-96,-71.0,-138.0,17.455605614656946,14.256022104143494,3.636586866060803
4426,-81,-54.0,-76.0,24.153517757241072,19.562549258489,4.194014585100115
4427,-114,-72.21012404108731,-216.0,9.657445126428843,6.771726657674887,3.0362917758500574
4428,-113,-75.0,-217.0,8.2000906522163,5.8226392968388,3.3278619079032024
4429,-81,-61.0,-104.0,23.92126958781849,20.440085535189056,4.011389074377751
4430,-90,-68.0,-173.08301772319004,16.930575323630528,13.841280976483128,3.867787620107496
4431,-74,-50.0,-108.0,21.42566543337857,18.54670787382036,4.36377000273841
4432,-99,-70.0,-172.2678359371025,9.953258692752351,7.905317414988579,4.057865700286388
4433,-98,-72.67997088828147,-206.0,11.932359988677812,8.65674602763682,3.9211420504446775
4434,-98,-71.0,-125.0,16.2703823738465,12.73289201255078,3.763562002567871
4435,-87,-65.0,-111.0,17.153482881585592,14.211595569472228,4.603669979065458
4436,-109,-70.0,-222.0,13.544121469383532,9.700832961573782,3.177671314750344
4437,-109,-69.27475736478097,-189.0,8.049908037711521,6.198323814407115,3.4178675481062184
4438,-111,-79.0,-244.33219624155862,10.239665362388156,7.472329687501822,3.221944213725428
4439,-80,-50.0,-84.0,19.20118184460621,15.699883927701713,4.366597950552846
4440,-86,-66.0,-103.40880103903955,12.531624355436401,9.29043157392638,3.912072067871578
4441,-109,-69.02765999307186,-210.0,9.083667031374596,5.8274454414832775,3.4874815482678434
4442,-92,-72.94624544873442,-168.02891468583329,15.2003733770057,11.21250412688292,3.962350276732351
4443,-92,-59.0,-124.0,13.088076297109215,9.293984090199356,4.1244499520010125
4444,-102,-75.0,-218.0,9.235094145791631,6.894866976949437,3.668892270882327
4445,-85,-67.0,-146.0,17.266708210963927,13.770116052578558,4.605388910053523
4446,-87,-65.0,-120.0,15.449983268076704,12.109417932087124,4.3690493427470605
4447,-104,-74.0,-233.0,11.28159143115261,8.964458931856507,3.6375021763855018
4448,-87,-66.0,-126.0,16.934301803869705,13.474747698641409,4.073846669732897
4449,-93,-71.0,-167.90959392600146,14.458230392622289,11.007462799557649,4.272772210450492
4450,-113,-80.0,-175.0,9.67851456660112,6.68285259234125,3.2807315980431224
4451,-88,-64.0,-183.0542569294842,15.126753453708906,11.156119597857096,4.621790164474144
4452,-90,-67.82237505467877,-103.0,16.741957418727768,13.329745803092768,4.193869865155612
4453,-110,-75.0,-217.0,9.024924105709324,6.910062467047503,3.6131604005091584
4454,-105,-74.0,-220.0,7.944234219473593,5.447735884793982,4.015584007294427
4455,-113,-73.63481211134717,-193.0,9.04564755611937,6.371062720920155,3.164381713450965
4456,-87,-63.0,-133.0,17.50725738244309,13.257817925101612,3.971277417703672
4457,-98,-78.0,-208.0,7.761603227595215,5.349724054428598,3.8078581972744825
4458,-101,-70.0,-117.0,15.209623097761256,11.728280778228594,4.033481014977809
4459,-97,-66.0,-135.0,12.008147999468969,8.27309120771266,3.727414873996087
4460,-93,-70.0,-130.0,16.340435042947107,12.539376701512005,3.9939822353200793
4461,-98,-68.0,-142.0,14.767596322156614,11.722483794503304,4.064935796377628
4462,-110,-80.0,-233.0,14.00401236494974,10.8378594649894,3.2159928059958203
4463,-84,-49.0,-103.0,24.516474045959097,20.21565072187501,4.594361221204349
4464,-119,-83.92269671435652,-240.0,6.723817708009047,5.128244107169538,3.358985036562246
4465,-100,-64.0,-106.0,12.573353651530109,9.036770646154537,3.800525750186259
4466,-102,-70.0,-221.0,10.924500290544232,9.4957657779694,3.4579208771771914
4467,-78,-63.0,-74.0,23.550800621759247,20.099639802477373,4.569415402809759
4468,-100,-80.0,-196.0,11.02351582946157,9.209283711125783,4.100243507647709
4469,-103,-71.20625856120537,-183.27649077903237,11.25774840964402,9.436324586181392,3.667569841414601
4470,-99,-80.0,-244.0,11.649579594210023,10.04871905315594,4.003341338644391
4471,-92,-68.34997805177673,-131.0,13.04402813376368,10.060166717901383,3.945010493589991
4472,-108,-71.0,-197.0,11.858091280949274,9.410172369423892,3.337761174240058
4473,-104,-75.0,-206.0,11.524367135342938,8.694042958491783,3.476605351871398
4474,-104,-78.0,-226.0,9.31053866114071,6.074876168425105,3.434305682872331
4475,-95,-68.0,-120.0,16.18899391765362,12.967059717534298,4.53932334724078
4476,-90,-63.0,-143.0,16.70911167195286,13.19635186907492,3.85882160431178
4477,-79,-61.0,-76.0,23.4195542787229,21.32182773127982,4.581692905843425
4478,-104,-82.0,-185.92961024190654,10.350828856857166,7.7057653690219805,3.876174178485937
4479,-100,-63.0,-99.24837306611879,14.065018386101228,10.65905614607162,4.0765661365395465
4480,-87,-62.0,-160.20148492378885,13.575798949542355,9.554659500712768,4.3100739297115656
4481,-82,-59.59169719884115,-82.0,19.97898663289113,15.12600257509332,4.201350518851563
4482,-109,-70.26099002508714,-230.0,12.231904250163348,9.927159200610255,3.3619528907244423
4483,-119,-84.0,-278.0,5.4594380769855615,3.838797730273505,3.126513378488763
4484,-99,-72.0,-194.0,12.824994098887156,9.097062120784823,3.977173590671209
4485,-112,-79.0,-195.0,10.62441312260627,8.356640615866983,3.510923759957257
4486,-97,-58.84118685089883,-132.0,14.731328978911268,11.097161433350772,4.3215106680951525
4487,-92,-70.0,-160.0330461813823,16.313480308134412,12.562619481606154,4.267018110548476
4488,-107,-70.0,-202.0,9.041610893213704,6.697731287948505,3.5456984568310794
4489,-85,-71.0,-107.0,15.824291474559583,12.21012713387925,4.326169027600813
4490,-86,-62.0,-123.0,18.29536023740102,14.222041759889978,4.440976497802049
4491,-114,-74.0,-225.0,9.017350341361205,6.212810405702372,3.274080432523658
4492,-104,-70.0,-179.70168475095397,10.799668047366112,8.39422152835986,3.799352984321864
4493,-110,-71.0,-200.0,11.0069449419387,8.963399967009597,3.324791415457483
4494,-90,-70.0,-124.0,16.961104563176942,13.350887080958742,4.242758946319252
4495,-102,-59.0,-163.30431561536355,12.308942030871007,8.698209866533547,3.594707358687465
4496,-112,-80.0,-221.0,10.106321518520144,7.37137392461147,3.0482319430535405
4497,-113,-82.68511672028528,-262.0,8.832440814745535,7.129490461080865,3.391037889528141
4498,-107,-79.0,-221.0,10.846249369811522,10.065612917848163,3.505774269172295
4499,-103,-57.571387181754886,-160.6124633032431,12.386902771072528,9.774669599281346,3.5410951223265
4500,-110,-78.0,-225.0,11.68596668419642,9.3417184057059,3.537609208030361
4501,-87,-73.18282816780975,-104.0,14.82914476533285,11.677070722780869,4.38246402676522
4502,-102,-72.0,-222.0,9.318310709249932,6.1857946808634825,3.867563446747429
4503,-101,-67.0,-121.0,14.78936982325017,11.681501557157576,3.474525985439346
4504,-74,-53.0,-109.0,21.49484993234228,16.7182369898309,4.418185812210189
4505,-116,-82.75815725075825,-289.0,5.053170657566783,3.5290580277391816,3.447831427857331
4506,-89,-65.0,-130.0,14.773984176037718,11.51034159310087,4.542628657801524
4507,-98,-59.0,-134.0,18.31119162920613,14.082355788287677,3.8261973891374272
4508,-76,-52.0,-78.0,21.848648461097,19.43782426928035,4.210294265386231
4509,-89,-64.0,-104.0,16.611245406043462,13.401123135598002,3.969593663093913
4510,-101,-59.0,-105.0,12.93594976187787,9.603418638244325,3.952396862957155
4511,-114,-80.72675435985491,-266.3039165449432,11.309693779367105,8.949361940764977,3.139312590387437
4512,-110,-72.0,-163.6392864859393,10.728002015692857,7.932434760115017,3.544514798889718
4513,-114,-70.0,-205.0,11.660302594898893,10.501509904247063,3.799652042295482
4514,-106,-70.0,-187.0,9.649617161925784,6.780119217610182,3.4562226486977288
4515,-87,-59.0,-115.0,17.280749627050447,14.049637208888898,4.118415401899471
4516,-106,-73.10164666772002,-185.0,8.609542871548026,6.107858741437928,3.711070768781485
4517,-98,-71.0,-252.0,8.571054682783242,5.533943144030867,3.813246866655292
4518,-87,-63.0,-162.12340422234269,15.31671702249663,11.957535047869492,4.348593010996017
4519,-111,-78.0,-189.0,13.197637415794153,9.597970813480696,3.614155129324936
4520,-91,-65.0,-131.0,14.016638314556346,10.543427561201725,4.138927248131898
4521,-93,-68.0,-168.98505964631366,14.080965741198417,10.257426394927997,4.210919570557263
4522,-92,-75.13257057792852,-169.33371694822185,15.050810741236914,11.91754508782346,4.3814700595303
4523,-98,-74.0,-203.0,13.424192071320416,8.580347729497188,4.048560973583051
4524,-81,-55.0,-76.0,20.91309429047292,16.12515057564815,4.408761358495807
4525,-98,-62.0,-135.0,17.68218397869566,13.618532243972329,4.027083215240752
4526,-99,-77.0,-166.5265090404993,9.149890711535456,6.17038625475162,4.13411410647563
4527,-116,-85.00462496344294,-254.7749566878974,5.569464520168413,3.59630559715793,2.8241045163256087
4528,-99,-79.20919931635822,-171.57420643587218,10.617217685324938,8.290141997058818,3.71950733967086
4529,-105,-79.0,-244.0,9.534625487310484,6.626654046883038,3.3150566998643365
4530,-113,-80.0,-238.0,11.763601543075424,10.14752096357119,3.0702571098110045
4531,-113,-85.0,-275.0,6.557751650113172,4.61731862532578,3.080570289694871
4532,-97,-72.44222638403981,-147.0,16.959582432799973,12.972356325550187,3.805088326824176
4533,-99,-70.0,-142.0,13.94854437989727,9.904100853738418,4.250287795652399
4534,-90,-68.0,-146.0,13.63970810922356,10.525558232780512,4.44280749872393
4535,-79,-50.0,-90.0,22.073421479312813,18.27303733159959,4.239066558437123
4536,-109,-78.0,-230.0,8.224740434390654,5.878957098097436,3.588482492594097
4537,-111,-82.75708604889766,-197.0,11.950813293545687,9.690357049341674,3.3544857157291355
4538,-101,-64.0,-158.9771915885845,14.504470551853768,11.001419394777209,4.060793415659669
4539,-85,-66.0,-107.0,12.283262304845078,10.010798339663342,3.945827060124012
4540,-94,-61.0,-103.0,15.241779282764549,11.496007683622585,4.532425464202529
4541,-105,-82.0,-248.0,11.863227822166609,9.801366907306049,3.698669466468014
4542,-89,-62.0,-112.0,16.467685738743672,13.774775265019404,4.496013889730265
4543,-117,-84.0,-298.0,8.50517086385862,7.0122060042432,2.9854303884974187
4544,-87,-71.0,-131.0,17.252370363597446,13.612049582694674,4.587860142727672
4545,-83,-59.0,-96.0,22.74063636556314,19.70094095714564,4.465963913231059
4546,-115,-86.0,-258.0,7.570529928295457,5.289161808597742,3.076350865747091
4547,-101,-60.0,-155.0,12.002365215361625,10.20246004205419,3.5934221740129355
4548,-109,-78.0,-230.0,8.249522635661227,5.138335376310318,3.47226900398786
4549,-103,-69.41644715893779,-111.0,15.411444035555848,11.669816872522734,4.0220155316725466
4550,-100,-60.0,-173.91199308608395,16.296919607847755,13.13819616216707,3.467622232934438
4551,-92,-60.0,-151.14417859856064,16.18221926838095,12.6070841773689,3.947419810538891
4552,-114,-71.0,-230.0,11.905508872303075,10.011154845574486,3.116402890348025
4553,-100,-70.0,-157.03943610194108,15.222413043082565,11.493942281724802,3.479275397788973
4554,-98,-63.0,-181.34655278314816,14.921979261898468,11.325369291673333,4.090217156866541
4555,-95,-64.0,-145.0,16.244280482335512,12.629962871069868,3.796188607085029
4556,-96,-66.0,-135.0,13.414211481894602,9.300805061925454,4.39623300977832
4557,-110,-77.0,-245.0,7.902368301965015,5.442734812099891,3.609143028911005
4558,-99,-58.453421739484604,-153.0,13.197505240021831,9.123966788940615,3.71599665411588
4559,-88,-69.80123546458412,-104.0,13.480753741660802,9.968900835081977,4.400969925359897
4560,-95,-59.82159783486468,-154.0,13.205739818809866,8.764750656408031,3.8301610823127694
4561,-93,-68.0,-136.0,16.551137499796113,13.086754578078557,4.0042004527948905
4562,-109,-78.0,-223.0,9.264416757024202,5.926167531684991,3.352044049510232
4563,-114,-82.0,-203.0,10.615476642526042,8.218099348629773,3.009015545946873
4564,-115,-82.0,-258.0,5.767356157960736,3.9000190616049895,3.4293279956893685
4565,-105,-82.0,-224.0,12.456399503923537,10.764408242989465,3.531689821036955
4566,-95,-58.47398521135445,-165.01206925147878,11.559192057578457,8.076971563112167,3.739965618161441
4567,-92,-73.52924182707947,-160.92618834235992,13.495924802447474,9.621208828417611,4.663096978530656
4568,-112,-75.0,-207.0,14.186616353213315,10.500219066839314,3.423024256215389
4569,-99,-78.0,-238.0,10.896338955506192,8.838857469800077,3.6546441468544746
4570,-92,-64.0,-164.95884981236915,13.02792721085659,9.55786345527856,4.072551202493427
4571,-104,-70.0,-210.0,9.016232984692332,6.435602248382882,3.810565536152393
4572,-99,-61.0,-127.0,13.202610110178815,9.957776615305034,3.8886614243881055
4573,-90,-72.75392145953518,-146.0,14.050277933158124,9.471386049127403,4.189529911598805
4574,-86,-68.0,-103.0,16.248439652402936,12.368789630615533,4.087753530191811
4575,-114,-86.0,-240.0,8.1849845332736,7.000820216301386,3.585605128125441
4576,-86,-68.0,-141.0,13.288697993352974,10.782539691875773,4.338293080439797
4577,-102,-70.0,-111.0,12.952344778095084,9.86404297375195,3.282342548147968
4578,-101,-69.73650519962773,-242.0,12.727339641182178,10.60363367294029,3.9574290780225634
4579,-74,-52.0,-93.8561717131585,20.663691071936395,17.525037596257754,4.136333213355458
4580,-119,-80.14212944301114,-262.0,8.50838335776516,6.80644189263673,2.841864821169317
4581,-92,-71.0,-127.0,15.639790198681087,11.91747616386544,4.433941314478555
4582,-99,-78.0,-234.0,10.76428708564597,8.065755503126908,3.905939102969716
4583,-102,-81.40410600547472,-183.0,10.720766048069796,8.065133059722807,3.658066245212031
4584,-101,-70.0,-111.0,16.34996108072971,12.600550952704436,4.018653672767472
4585,-106,-74.0,-233.0,12.771554912056434,10.044034719950425,3.6813118474352153
4586,-83,-49.0,-95.92125862767767,24.89741551194527,22.527329491831505,3.937822841083258
4587,-116,-84.27939196551704,-288.0,5.817316181074434,4.612322207016758,3.226096196445963
4588,-110,-82.68300051131948,-250.0,8.386335086990789,5.842980184785215,3.7903919869936864
4589,-102,-78.0,-258.3693159981455,10.587900692517534,8.919473575290436,3.748024038346106
4590,-99,-62.0,-123.0,14.518902814448992,11.083641982114084,4.114786970735991
4591,-85,-67.0,-142.0,11.465580577351458,8.459792995773668,4.466017703100125
4592,-103,-67.0,-152.0,14.373819511779578,10.964201676171765,4.062269288385722
4593,-75,-56.0,-96.71085712463119,24.76860395286507,20.296258309320148,4.419942582623149
4594,-108,-79.0,-234.0,9.618769182230498,7.544395212876828,3.568252431359756
4595,-112,-78.0,-177.8997970746737,8.695464464447431,5.405898921125858,3.131164221164574
4596,-99,-68.0,-116.0,14.662906832310082,11.404216855422662,3.85550777430413
4597,-103,-69.44313986772273,-138.0,16.792880056093413,12.92004502941727,3.976159082508916
4598,-114,-78.0,-192.0,12.17374552110296,9.929191751764726,2.838105994327439
4599,-119,-83.30953570921764,-271.0,5.185059381153413,4.177864477650594,2.8258008200104165
4600,-85,-62.0,-169.937182239186,16.43560321967567,13.414023317556662,4.340503930500267
4601,-95,-63.0,-123.0,15.966265757379771,12.354773670046914,3.903431866900173
4602,-98,-63.0,-151.0,14.822748303826188,11.545714742854102,3.960654271441035
4603,-85,-63.0,-145.0,14.880619417674236,9.796992172136427,4.091367859508995
4604,-107,-70.2941805736409,-222.0,9.29429581797584,6.770230909212946,3.143857505205184
4605,-96,-59.0,-109.0,13.144706760110653,9.628090634281392,4.262083781395245
4606,-102,-76.0,-215.0,11.984299750362913,9.64318294283721,3.791611664082617
4607,-114,-74.0,-224.0,13.272277176829903,10.12592703196479,2.5984884436961173
4608,-86,-72.0,-123.0,12.484108532757553,8.690177321753072,4.004783609662928
4609,-98,-59.639217453238494,-104.47678515711956,16.73026917654696,12.960692116458452,3.499433162679625
4610,-104,-82.18470929151673,-169.400030406096,8.867244249291122,5.604316082141144,3.7967933441038193
4611,-89,-61.0,-114.0,17.144737896997427,13.577180964652964,4.282878817491952
4612,-94,-72.0,-141.0,17.40189454168708,13.474680156127404,4.267493718972405
4613,-97,-68.90298325135831,-141.0,11.639084017399528,8.587456158004185,4.020478248263681
4614,-87,-74.0075630362921,-134.0,16.972466868130912,13.63409126554174,4.49442528523
4615,-91,-72.0,-116.0,15.216995561021395,11.66844405220775,4.238144983940266
4616,-103,-79.0,-206.0,7.809090393383665,5.747366498636554,3.572206502753504
4617,-87,-71.0,-138.0,12.673680353434253,9.44764232495034,4.233954256378983
4618,-95,-69.74634580689921,-143.0,14.877173624309949,11.83506422800484,4.239062392252344
4619,-87,-67.0,-162.33983636193727,12.11574629502859,9.185003888836226,4.385378852714497
4620,-102,-79.0,-195.0,10.973296151487308,8.208817017292205,3.801829335673346
4621,-115,-88.0,-295.0,5.826446903265751,4.503746234246917,3.32475506483423
4622,-104,-82.0,-195.0,11.266325861266013,10.278546973157995,3.722514583364195
4623,-104,-78.0,-232.0,9.615695468344022,5.984085969150952,3.383746912983228
4624,-93,-60.0,-101.66698452902934,18.190095447735573,14.235522863089743,4.396697683001163
4625,-97,-59.0,-119.0,16.9892560477438,13.204146067649802,3.834545804031321
4626,-105,-74.0,-216.0,8.910140602613755,6.200550756898026,3.825660548136669
4627,-114,-82.0,-299.0,5.360103947401548,3.813530045157316,3.024503908865701
4628,-88,-68.0,-131.0,16.63693511692232,12.882699739640266,4.567156143481974
4629,-96,-57.22563988973125,-152.0,16.73749232868397,13.366289329353268,3.7966300530337382
4630,-106,-76.0,-252.0,9.430369920001706,6.746319013814617,3.3851448989820585
4631,-103,-76.0,-210.0,10.532210566499614,8.073616541772292,3.455233493918271
4632,-106,-77.0,-235.0,9.104405691426921,6.037641713738166,3.535132385456207
4633,-78,-53.0,-93.0,23.5812798075302,20.457830014379887,4.420668491834895
4634,-101,-60.0,-137.0,13.123813853792429,9.563199483693122,3.828229090561851
4635,-108,-80.0,-193.0,9.815524906326344,7.207472979881794,3.4684354487129245
4636,-75,-59.58096640386676,-74.0,22.904927780272164,19.093685401622853,3.8839196535686034
4637,-115,-85.0,-292.0,6.335524740827004,4.489895272277994,2.836479220113929
4638,-113,-78.0,-246.0,11.514039839885028,9.22848957461732,3.29527901009354
4639,-96,-63.0,-108.0,13.004708850552712,9.304184498892326,3.889952797529332
4640,-95,-60.055448433030826,-154.0,16.763434768295944,13.613686478147866,4.088454547593068
4641,-85,-61.0,-97.7053442818986,21.736079718023177,17.861275366970247,4.165816676401885
4642,-97,-70.0,-123.0,15.33646527248004,11.578712641681848,4.1703025455922775
4643,-78,-55.0,-72.0,21.99278706853837,17.782162410672882,4.2360118282419945
4644,-89,-67.0,-126.0,15.818645864433956,11.993078641955227,4.426247849576834
4645,-96,-60.0,-154.148904907181,17.557040296517325,14.257979173991256,4.047599975147987
4646,-106,-75.0,-167.33250032758522,11.641002507600199,9.56531976298717,3.6166696077981
4647,-119,-82.0,-244.0,6.180463455477742,5.494070975362379,2.583805036821959
4648,-98,-72.0,-175.0,13.978349665987047,10.549037351421113,4.0739614005659845
4649,-105,-81.64835978800002,-216.0,10.6509539186418,8.061218572625629,3.589434493746121
4650,-104,-82.97242952114206,-194.0,9.17758282113417,6.765111797859972,3.834675411792508
4651,-78,-53.0,-94.0,19.17097906724388,13.964884316420678,4.612857523018007
4652,-94,-59.0,-158.26141873492048,14.159127479469934,10.797913226673003,4.348871579435659
4653,-118,-87.0,-245.0,7.85771565805982,6.191054747483157,2.739040731578811
4654,-109,-79.0,-248.0,10.211328903107235,7.375001167247242,4.079102839496083
4655,-108,-80.0,-193.0,10.880496806198227,8.612513485174604,3.628893637536277
4656,-98,-63.0,-105.0,16.17824385398684,12.817161578391127,3.652760022281729
4657,-112,-73.19502935904228,-186.0,8.52825607581769,5.836511721662816,3.345801300161863
4658,-86,-70.0,-140.0,15.503208258239896,11.624896394232223,4.003484517703841
4659,-111,-74.0,-193.0,12.580837025442495,9.852885366313869,3.053753043431319
4660,-90,-61.0,-130.0,17.494508601852868,14.548205602655038,4.091321036740302
4661,-111,-80.66481449750634,-246.4636473616477,9.957221972156855,6.975141793110709,2.820155588266955
4662,-103,-72.58670400354379,-146.0,16.328297579078615,12.99501547099424,3.947402566980209
4663,-103,-82.0,-182.0,11.830870180010088,10.742794256022435,3.885367687750593
4664,-100,-71.96346701299856,-158.42502630045917,13.389341056418314,9.584521194693934,3.7833389210557966
4665,-96,-64.0,-171.68075674717448,14.04617908106695,10.260900359341107,3.7890056550697606
4666,-87,-61.0,-86.0,23.011751217546568,18.2967819045456,4.100598615322353
4667,-112,-72.31954170151766,-245.0,11.153271063541476,8.588539277609335,3.255672530970904
4668,-89,-71.0,-159.60728148462331,15.673072067428558,11.905138161352948,3.844498136983044
4669,-91,-59.0,-163.28029597259874,12.406200855536603,9.797534240865792,4.518050183866196
4670,-92,-60.0,-173.26554197799882,17.513966098276004,14.70653741814085,3.936420609532516
4671,-94,-66.0,-174.14706135088142,17.67354197771657,13.818183696491328,3.94601413417872
4672,-81,-61.0,-85.0,19.754956416242475,15.4844703349827,4.3755159749335215
4673,-103,-72.90794311699456,-151.24027026774976,15.954258002617763,12.39171826741685,3.6461980522270903
4674,-96,-60.0,-143.0,17.697243202622737,13.509220930114392,3.907223564581117
4675,-99,-61.0,-155.0,15.239325755763035,11.709443487734328,3.783323555911271
4676,-77,-48.0,-82.0,20.97969944896234,17.554102224051263,4.290858777671149
4677,-106,-79.0,-237.0,13.387790370601902,10.336297849791954,3.131906049237047
4678,-109,-74.0,-199.0,9.261356442108282,7.103761838971944,3.2908851372754344
4679,-98,-62.0,-150.0,12.513446764777852,8.317666866828462,3.7740932033715135
4680,-86,-72.0,-95.95913179518439,11.72776252131506,9.098002106646923,3.851860984569415
4681,-97,-62.0,-174.3836526378564,14.793588627330152,11.05205729845137,3.961924250887608
4682,-83,-52.0,-84.0,18.79400906135674,15.857327256805174,4.135404216630587
4683,-95,-65.0,-119.0,16.50850073513101,13.644409268536116,4.445140464594365
4684,-85,-67.0,-108.0,11.968090049295743,8.549988500667194,4.605039648820382
4685,-113,-79.0,-233.0,12.817645482911038,10.10020856115698,2.7624127116058586
4686,-101,-70.0,-182.0,10.738719972051936,8.801725421675197,3.897744134621375
4687,-85,-60.0,-156.48737215536525,14.11709593567603,10.402347399094896,4.537118950966093
4688,-107,-74.0,-162.70409777095205,10.99826002876912,8.821559932595633,3.5109724651008123
4689,-99,-82.0,-181.0,8.584932760462314,6.0361214354651285,3.824605511953485
4690,-98,-80.0,-250.0,12.773867459811825,9.719348609635135,4.078133906723809
4691,-110,-78.0,-255.5321700184795,11.758826564935038,9.84876615694311,3.9123679742639097
4692,-101,-71.0,-242.0,10.341581134864455,7.74027205273976,3.57326592947975
4693,-96,-59.0,-103.0,16.658962602424555,13.568571662019174,4.243430010300226
4694,-108,-74.0,-175.57382200468749,8.163888997323207,5.821400107533812,3.7616842502275913
4695,-98,-83.34934430407529,-234.0,9.906373472637442,7.172612642092274,4.153525052794202
4696,-94,-59.0,-180.63469574368114,16.281416729748724,13.062074555797343,3.704771492012007
4697,-97,-62.0,-112.0,12.083869694140818,9.064905478514364,3.844804859649513
4698,-104,-73.27855498104941,-215.0,12.725341966383562,9.99556236449465,3.5806191995281336
4699,-97,-62.0,-162.5917029611032,15.7425328017544,12.051547460489568,4.189253210575622
4700,-91,-70.38132113768168,-120.0,14.524084398899776,10.921015243790851,4.619541762588159
4701,-114,-80.0,-170.76628389475204,11.906529096593115,8.8260846688943,3.358175464892897
4702,-94,-60.0,-150.0,13.163612635558469,9.093336744702402,3.840279960773814
4703,-91,-61.0,-145.0,15.008762928134146,11.502805650680408,3.625819910674252
4704,-98,-67.0,-137.0,16.346398648998814,12.53797582654975,3.7470236136709767
4705,-111,-75.0,-166.75265388898003,9.336727059531253,6.931828779438911,3.292127143814122
4706,-101,-64.0,-95.02139108310709,14.151359533710522,9.236420591237472,4.024618692498506
4707,-93,-72.0,-175.0,15.394358275665525,12.034933822209249,3.612171327979766
4708,-93,-64.0,-123.0,14.306165032777152,9.7628318717412,3.6911959823641576
4709,-88,-70.0,-134.0,13.467969730214307,9.212609806648056,4.377199229159109
4710,-108,-68.77654028531879,-202.0,11.779093569806351,9.57757445401334,3.3508309554583757
4711,-80,-55.0,-109.0,19.403285541714077,14.39979386947946,4.259234261780202
4712,-86,-67.0,-164.0092114829204,14.07970221821705,10.663039665033354,4.330046483588244
4713,-101,-64.0,-126.0,17.850632898875777,14.5082749667569,3.543199931579898
4714,-100,-58.23344426497273,-161.73588123784617,16.646630051272908,13.15606889533584,3.655831588003068
4715,-90,-60.0,-117.0,13.019661052556788,9.595063062328215,4.617212188195247
4716,-85,-67.93767991045516,-167.16520793823184,13.53030862595151,10.65687613952908,4.589039827124278
4717,-113,-71.0,-205.0,10.555060576250924,8.500269062938205,3.505702912137956
4718,-99,-74.0,-162.7239185103376,9.535481384712895,7.477548886112454,4.030582688444315
4719,-99,-66.0,-165.15669824769188,16.07522958841393,13.342989881674889,3.74949544894476
4720,-75,-57.0,-72.0,20.41134022644625,17.08900058465483,4.332208851963829
4721,-101,-70.14556274868927,-116.0,12.361422170286604,8.634017216376645,3.504956320381175
4722,-100,-85.2821929243055,-192.0,12.119484786088519,9.9570015871492,3.13263493934051
4723,-87,-59.0,-164.19412768665663,17.996363487462496,14.379698123009382,4.399352444701773
4724,-88,-68.0,-168.3520247263684,15.95880424833726,12.686035262220166,3.85153675278545
4725,-92,-64.0,-169.4973087787245,14.55872661213481,10.941750233606184,4.5804962415649415
4726,-100,-71.0,-174.8132528673093,12.071154556914971,9.88562016174629,3.698880888747402
4727,-87,-69.50998820271744,-102.91108294075246,14.399864788870868,10.434316042195118,4.399867763462087
4728,-102,-58.847392976010894,-156.7975266911704,17.48760168433875,13.353072060885742,3.892509670606056
4729,-103,-82.8998813997131,-247.0,8.584766058486261,5.493425908812801,3.4226978654809086
4730,-89,-61.0,-151.0,16.660019008630165,13.062301153030589,3.8847357649568464
4731,-103,-69.97907063167962,-105.05489870525987,14.608553409986747,10.916282592630804,3.3442570059976697
4732,-114,-74.0,-235.0,9.485163240289925,7.394228769422578,3.190998138332522
4733,-94,-64.0,-111.0,14.739843948357052,10.793514852239976,3.63248177257302
4734,-87,-57.542396528357976,-123.0,14.891388264423044,11.804683266890976,3.876858655059496
4735,-86,-68.0,-155.12390766066073,11.72818037711709,9.10981002567744,4.224993324917636
4736,-99,-66.8115500270261,-250.0,10.204287236241145,7.957311096115477,3.8502775092407098
4737,-111,-70.0,-227.0,9.951109101480377,7.231137644465619,3.448012961609445
4738,-102,-70.0,-166.12192215122494,14.338571455467264,10.511465824201276,3.964709365073218
4739,-88,-72.0,-150.50632375185054,16.69200440078265,13.716365504426662,4.225029993453735
4740,-95,-70.0,-154.0,16.72344908717681,13.438328536366573,3.803072569965914
4741,-99,-61.0,-170.96336006294158,16.629645141319678,14.510873430403096,3.654868453066063
4742,-96,-67.0,-148.0,12.892701497912592,8.655448039079095,4.142167738812855
4743,-99,-72.0,-240.0,11.924957539130757,8.648551190514269,4.009768944897778
4744,-96,-69.12112818730276,-119.0,11.910409602491875,8.646130366073855,4.339599078811222
4745,-98,-70.0,-170.46947703091288,10.678697200828122,8.011391927060032,4.1191113073012735
4746,-92,-64.0,-88.16390151199148,18.181993247909542,14.395488189409877,4.141624400651463
4747,-100,-82.45633793021452,-172.11983411752703,11.676990441901081,10.546246664365404,3.867295613524332
4748,-113,-88.0,-257.0,6.841723449218591,5.427256075309111,3.1930920250325743
4749,-79,-56.0,-92.0,20.68268824187537,17.337173915523802,4.077206400651411
4750,-83,-56.0,-94.0,20.301911204377163,15.54432017589192,4.488141696054057
4751,-100,-74.0,-250.0,10.286816578139426,7.88726625006224,3.935587349791963
4752,-104,-82.28722789712772,-227.0,11.105635370141025,8.83440582502405,3.52242272112162
4753,-100,-61.0,-176.6065498818368,16.391171147247192,13.124699146065636,3.560002882173076
4754,-97,-72.56372204885251,-114.0,15.273465909760718,11.520954311815135,3.955898100661877
4755,-87,-70.3191215842534,-133.0,16.574665522210204,12.792955281685568,3.965304298805441
4756,-86,-71.0,-146.0,15.083016251693529,11.696286225354957,4.113910553779441
4757,-99,-64.0,-114.0,16.998790229104834,14.270690066587523,3.365218423070673
4758,-92,-56.089739676995286,-152.0,14.834749524876113,11.164700488423984,4.36301168018329
4759,-82,-60.0,-79.0,23.40550710959288,19.017634152928256,4.416533310512462
4760,-103,-80.0,-175.0,10.20925252753256,7.474576240384604,3.636952358933279
4761,-98,-66.0,-138.0,11.914140547593842,9.48375480261424,4.018204568431071
4762,-91,-60.0,-157.89038518264172,12.994454123383548,8.567226871517937,4.100911102971288
4763,-92,-73.38400125634658,-109.0,13.97568474032878,10.120318392080256,4.004697154806318
4764,-89,-61.0,-157.26611125271896,15.418817903840898,12.36047603315481,4.138735666250647
4765,-89,-60.0,-148.83089995443464,16.841203592328284,13.364431743748352,3.919036147796047
4766,-92,-67.0,-137.0,15.838881455712563,11.979331369302976,4.165018346923476
4767,-99,-77.0,-220.0,10.372296113571018,7.83702300807396,3.865277756558589
4768,-100,-70.0,-235.0,9.41030629710848,7.000496819187448,3.4643803891336726
4769,-112,-77.0,-220.0,10.093424442195166,7.465903077712669,3.483059524352885
4770,-100,-80.55455154914814,-245.17902232235645,10.153122620589308,7.468951040630545,3.778817242936102
4771,-74,-59.04081892444796,-91.0,24.624626815936853,20.5490029911183,4.527031708468894
4772,-100,-68.0,-134.0,15.536367608681012,11.932945078458832,3.833900716251837
4773,-114,-71.0,-221.0,9.729316513195938,7.07841973470246,3.4851838977779286
4774,-99,-72.0,-241.0,9.326269981923613,6.787591264294418,3.797193366328976
4775,-99,-64.0,-164.72982407579076,14.365846377805775,10.86720433519834,4.111248279618326
4776,-89,-72.0,-110.0,13.851011693184562,10.107540086095666,4.250964550964121
4777,-106,-72.0,-198.0,11.588326470906186,9.38148571986464,3.3694095389375978
4778,-89,-58.0549099754619,-132.0,14.717768862189388,11.198314847292345,4.309826231783722
4779,-99,-70.0,-245.9188935323681,10.658207701477007,7.658682789686192,3.8076660829607807
4780,-108,-78.0,-226.0,10.825797775706862,8.662518451343095,2.9706199358646947
4781,-88,-64.0,-147.0,17.578584819525208,13.731214970667727,4.042252295662072
4782,-101,-80.0,-221.0,9.449347164950971,6.865199515584262,3.37000912132027
4783,-74,-56.0,-104.0,21.107778576543325,17.785066422750653,3.939428876974632
4784,-93,-64.0,-136.0,13.077433545946684,10.801191247831715,4.048160519446314
4785,-103,-82.67335815932238,-214.0,7.720509097012231,6.145152533107575,3.1988203886026763
4786,-103,-59.0,-120.0,17.259609139976728,13.58621756137634,3.4450984889802405
4787,-100,-74.0,-202.0,9.409651660541062,6.870764346178452,3.848164335171259
4788,-102,-63.0,-121.0,14.153783527474808,10.670161159696413,3.634705798669592
4789,-103,-68.0,-119.0,14.583362031211385,11.411337405748457,3.669949488355984
4790,-89,-75.08040155401686,-163.62270916406266,15.288391100627434,11.50707912495681,4.3149723935377455
4791,-92,-67.0,-132.0,13.903604501748223,9.866612244163708,3.864567422109037
4792,-79,-62.0,-83.0,19.68527743980709,16.28023152240861,4.360559318811502
4793,-99,-64.0,-166.52622217735274,13.768394723556975,10.53496438608954,3.990626435007544
4794,-110,-70.0,-227.0,8.833930379296165,6.17677410829134,3.437710067650841
4795,-99,-79.86067429258287,-209.0,9.802532346543565,7.434505119456592,3.8787229660171048
4796,-99,-65.0,-118.0,11.500902393061152,8.813644964090576,3.863958356994497
4797,-91,-74.56599384151808,-100.95139709272257,12.88215882183036,9.517872315898591,3.955093728336715
4798,-102,-68.55302126198632,-140.0,15.192691838972962,11.479345481005836,3.2952756634474074
4799,-97,-60.0,-107.0,13.385364660688001,9.981635704807385,3.47782221499238
4800,-109,-70.0,-197.0,10.255577252585132,8.184083377230486,3.2981026652912697
4801,-85,-74.40963193087855,-154.01490169994923,17.01042887078124,13.545154155346308,3.9362438923671847
4802,-92,-65.0,-171.17776413337646,17.82450479999696,14.170017500666248,4.293061263557823
4803,-100,-68.0,-142.0,12.838064463296316,9.019473324472337,3.732183330392773
4804,-88,-71.0,-129.0,17.46565651430061,13.981912068460767,4.615113089146959
4805,-114,-71.0,-186.0,9.775707961240771,7.647369214059994,3.10137948165859
4806,-101,-72.0,-236.0,11.674441101044891,8.667136208949612,4.273900097019166
4807,-98,-73.18388335782873,-159.1011604327539,13.490737621409622,9.42728614323701,4.133491417367993
4808,-112,-82.0,-189.0,11.508461996696004,8.717087965562081,3.213283464597757
4809,-87,-62.0,-151.1842634177699,16.779190561685837,13.627851002490276,3.68790551412368
4810,-104,-79.0,-261.69370529788716,12.797663133029216,9.792507164767512,3.742159856282013
4811,-108,-76.0,-174.0444605537704,9.221836077344175,6.35162464678584,3.441547869020733
4812,-110,-70.0,-223.0,8.02439688158683,5.552660183552823,3.037449878420225
4813,-91,-63.0,-114.0,14.546903735506875,11.49316984046208,4.569396671200863
4814,-103,-80.40449088704202,-243.0,13.037450917848904,10.528856792087629,3.899139375189823
4815,-109,-75.0,-179.46677016964088,9.340755383831597,6.223905249865361,3.4950560944613387
4816,-111,-75.0,-220.0,8.363498154057693,6.283183397190543,3.304904871805076
4817,-93,-71.45829546992033,-138.0,14.528649517174925,11.368412731371803,4.124698961955871
4818,-110,-72.0,-188.0,9.160167688076308,6.757181397712914,3.1127572243612627
4819,-118,-82.0,-261.0,6.442280586161684,5.030860622094741,2.706753858982072
4820,-89,-62.0,-121.0,16.856462635673385,13.53677467965343,4.474303958708779
4821,-119,-85.0,-280.0,7.285270097993749,6.043240351701664,2.704925672177742
4822,-88,-72.99653068883823,-173.79473748529193,13.087755779206192,10.261717302125565,4.107576497381818
4823,-94,-70.0,-147.0,15.176552271730769,11.300629639017538,4.245432475584072
4824,-100,-58.53926604000764,-166.661894009022,17.806211415932093,13.646632780445788,3.945078184422095
4825,-91,-58.151759637309,-116.0,12.528056078979873,9.826671128172736,4.077659916545024
4826,-101,-63.0,-132.0,14.847763091676438,11.82536010222381,3.507270540441185
4827,-93,-60.0,-132.0,11.48010866452534,8.877447553934699,3.73124603102896
4828,-99,-66.0,-179.39623451432647,16.451209414444776,12.503223401664162,3.6088071316236814
4829,-87,-64.0,-165.66215430993898,13.035252703657372,9.769826626685964,4.5408197594619
4830,-84,-51.0,-99.2834447746542,18.384317410177346,13.117195969081529,4.08992717867439
4831,-90,-61.0,-180.2425441953706,11.777494526581247,9.219833967210812,3.745283545883053
4832,-92,-62.0,-141.0,14.02690547550912,10.750414899481964,4.211191482777049
4833,-105,-71.0,-253.0,11.77412780631242,8.793868973854167,3.839286092120196
4834,-82,-61.0,-105.11161025783053,21.519663359794265,19.450292741004745,4.5367188619745855
4835,-98,-72.0,-133.0,12.545111780989878,9.370492805225208,3.906090284098159
4836,-98,-75.0,-207.0,8.84133006593694,6.373539071308607,3.6079901077325567
4837,-74,-54.0,-109.0,21.9761928552406,19.285645806111635,4.581918337795451
4838,-102,-71.0,-217.0,10.99471970247994,8.470508932305917,3.5683879468207342
4839,-94,-66.0,-160.49493006270063,18.0858196954277,14.390431066606784,3.779824958914415
4840,-100,-59.0,-107.0,17.717604393641814,14.630930982421496,4.082849670954015
4841,-100,-77.0,-209.0,9.7468303155511,7.059673462266812,3.921227196741466
4842,-112,-87.0,-243.53896254794776,6.737796974104034,4.918247100553631,3.119878235287036
4843,-101,-71.0,-164.75562497833488,16.131756499682908,12.251915042542889,3.8965707829256857
4844,-98,-70.0,-143.0,14.496109041337938,11.0576557771699,3.808220480984033
4845,-92,-59.0,-142.0,15.477395985733487,12.199471014643551,4.203669212983079
4846,-101,-77.0,-251.0,12.066859421566019,9.369645666754236,3.716729120608967
4847,-90,-65.0,-119.0,12.196042653052132,8.387977390881828,4.09045517823873
4848,-98,-69.15398264662456,-234.0,11.578397277619551,9.090593573952772,4.024891415221078
4849,-95,-70.0,-115.0,13.87825482516924,9.844471708877382,3.5263328520313424
4850,-86,-69.00285568553004,-151.0,13.477589800725053,10.108075428351246,4.167757488406379
4851,-86,-73.53711683629533,-144.0,16.276117168990186,13.061591323112577,4.556526648966003
4852,-105,-71.0,-226.0,9.630479453045956,7.302696687702522,3.732558818203505
4853,-100,-75.0,-239.0,8.898947706237703,6.067467457918854,3.832368913893019
4854,-111,-75.0,-206.0,8.175816128063188,5.7074836133969855,3.606357472349004
4855,-104,-72.0,-237.0,12.761083177362535,10.63585680847149,3.1249852255028285
4856,-103,-75.0,-240.0,9.236196301901808,6.699450515335979,4.327136457849095
4857,-110,-80.0,-229.0,12.122601741664104,9.629375766673174,3.378332381544105
4858,-100,-68.97382689745102,-137.0,17.32082301643354,14.34496574180777,3.936704942049258
4859,-101,-70.0,-134.0,15.261799327672987,11.668326049261111,3.484108424002674
4860,-117,-86.0,-258.0,6.767165011653039,6.0083543402885535,3.083471485582731
4861,-98,-67.0,-126.0,15.10817963070896,11.766959234438186,3.9642022079239374
4862,-90,-70.0,-169.94977717850924,16.96431164882594,13.43996152596127,4.129071818371622
4863,-86,-60.0,-152.08105226650517,14.466476431435236,11.2030630417163,4.2388684031232815
4864,-98,-57.551707161989015,-160.3374103127151,14.476469378360772,11.147567406221754,4.228136403395752
4865,-97,-72.0,-187.45633607469662,15.422962041579131,11.631289216151586,3.7191191917635327
4866,-118,-82.0,-274.0,8.561902508796948,6.902653804841395,3.22215465724053
4867,-97,-64.0,-144.0,16.21001241888193,13.0775178391766,4.270244007848024
4868,-102,-75.0,-162.68760395081424,7.804536397341756,5.041538586568014,3.7112519108581465
4869,-95,-62.0,-139.0,12.591780494723237,9.651489467297171,3.5404824273012543
4870,-97,-68.0,-153.89030475540545,15.161454510263994,11.433917101959556,3.832988345300526
4871,-98,-82.0,-199.0,10.947321912360836,8.846398110600736,4.383885114876719
4872,-88,-64.0,-143.0,17.15466816323564,13.403518707653555,4.404789110531931
4873,-110,-80.0,-202.0,10.258408792618855,7.786242090998107,3.265698681585039
4874,-93,-63.0,-103.0,13.596099541825287,9.634032268907124,4.121544680969689
4875,-115,-83.33936346194899,-299.0,8.319372674543986,6.242395560201682,3.0444212921045897
4876,-99,-62.0,-149.0,15.093721226243757,11.194180063433812,3.705595604636848
4877,-103,-62.0,-140.0,17.955409955100013,14.768635803079809,3.1230570468500454
4878,-100,-60.0,-95.514779291758,12.641640431598802,9.776750609974956,3.692089516814682
4879,-85,-64.0,-164.86479586910733,15.655463937226877,12.0293199363037,4.302617404765067
4880,-100,-70.0,-233.0,9.139284144035402,6.501366722268656,4.115433977617558
4881,-98,-59.0,-150.0,14.765003081827285,11.45595312463112,3.747005317493017
4882,-117,-88.0,-278.0,8.362374360532142,7.476402212393753,3.074739005829116
4883,-90,-70.0,-150.0,16.292052150628265,12.691104778709487,4.585695256394006
4884,-99,-75.0,-253.0,8.970799796950569,6.13422389154159,4.036306704944072
4885,-99,-71.71955961008263,-120.0,13.843117637042488,8.970342098926947,3.8993718901745655
4886,-100,-63.0,-100.4088465527033,14.588689446271252,11.175857494493789,4.328960677187764
4887,-98,-70.0,-248.0,8.720032305932635,6.048533467480141,3.9459706278547233
4888,-93,-68.0,-154.37236978880833,13.235938267489423,10.420942186333832,4.045378704937642
4889,-99,-77.0,-204.0,8.523290438632985,5.822640087648965,3.86112145385009
4890,-92,-58.78915731099106,-158.40628892354886,16.90499597514392,13.683260295704336,3.797853815210219
4891,-102,-67.0,-118.0,14.164644864500806,11.110194536955158,3.6518413986328766
4892,-103,-68.23599389003311,-141.0,12.967269393587957,9.420020280429693,4.216410781663145
4893,-75,-57.0,-89.0,17.805586285308383,14.758954756082812,4.505945417351797
4894,-102,-79.0,-168.97255364889313,12.98130031912486,9.704676893055236,4.002551340782051
4895,-113,-77.0,-163.13778226976814,8.16790468429181,5.358211435376378,2.9304677040296205
4896,-91,-63.0,-171.19264000721657,17.396630372796984,13.673331002427812,3.956536731758139
4897,-80,-55.0,-107.0,21.91059331433884,19.808475431653505,4.004203725054805
4898,-104,-83.78848037147807,-180.89102087072686,9.781278012501366,7.201705103163824,3.198965966199682
4899,-102,-68.0,-157.67443838511815,15.770411131860442,12.145664305103228,3.601184417306212
4900,-99,-59.0,-139.0,17.59841035749728,13.73262365576328,3.719746490325909
4901,-93,-64.0,-108.0,15.831340320920171,12.481395660471229,4.134275720530321
4902,-106,-74.0,-234.0,8.354283053516403,5.84812187258144,3.629387649942376
4903,-109,-78.0,-229.0,9.858917949995258,7.076311118446659,3.069051422504244
4904,-93,-72.40870287306228,-128.0,12.837340190611794,9.81297413353144,3.745792446901294
4905,-99,-67.0,-137.0,14.294370599613478,10.357782342205844,3.840502947808398
4906,-86,-63.0,-122.0,14.00419394888189,10.008644622744956,3.635660771557299
4907,-108,-82.0,-193.0,7.5530629357041414,5.398194971592188,3.578351852034417
4908,-99,-70.0,-151.0,14.373637268271532,10.958936689663576,3.344977107710469
4909,-93,-65.0,-110.0,13.746614204887559,9.791461529443168,3.909788844811832
4910,-101,-82.0,-200.0,9.990225831314763,7.679339258071182,3.809392557027608
4911,-115,-86.0,-253.0,6.336029964274818,4.344092630295117,3.2342115009797263
4912,-106,-80.0,-246.0,10.952926884930587,8.532434057584442,3.289952077245341
4913,-102,-77.0,-202.0,8.611531290119078,6.303908062808251,3.870678492331741
4914,-87,-54.0,-88.0,23.076809493529616,19.806546611519444,4.066042206317026
4915,-97,-67.0,-172.08051667253645,16.20018276791303,12.286674522268086,3.896011944010239
4916,-100,-83.21227092959023,-222.0,11.458294134252844,9.943737449196592,4.130735518013444
4917,-99,-70.11887834078009,-122.0,14.032560280309635,10.430349030147422,4.0608698450099405
4918,-100,-70.0,-250.0,10.96600630520391,8.552678107829902,3.4249239827616598
4919,-85,-61.0,-100.85001393305191,15.590015702415828,12.348360214782993,4.27303751670962
4920,-120,-82.0,-241.0,7.777505891911217,6.789756722283204,3.1089849426803995
4921,-102,-66.0,-175.0,16.8690849106379,13.561294540778537,4.0140921311112745
4922,-113,-79.0,-220.0,10.690650963970793,8.271042552479573,3.274514484405542
4923,-95,-71.0,-127.0,12.547538296435276,9.045774901021032,3.409656735812791
4924,-87,-70.0,-129.0,14.824983182443294,10.956593746342875,4.229535457608247
4925,-100,-68.0,-114.0,17.127671955282956,13.58189233564334,3.5962699893318435
4926,-114,-72.0,-220.0,10.88190589543002,8.213257545257337,2.8368797867199227
4927,-91,-73.1696680647422,-105.54529245709831,14.720174232267516,11.311332585474036,3.7784834570704415
4928,-100,-71.0,-177.98186571397906,17.15848852853074,14.113699118636369,4.335749157878379
4929,-112,-78.0,-198.0,10.47039264160376,8.377587100965409,3.172330698931876
4930,-102,-82.37382016456633,-173.23766786280808,9.630534008821089,7.575656469055048,3.9692735443510303
4931,-94,-65.0,-127.0,12.495150773804578,9.409471254984917,4.390751644657192
4932,-91,-62.0,-150.0,14.289771247286112,11.289545125654694,4.340857952213847
4933,-88,-62.0,-152.25196314772225,15.305482821269504,11.35166454543256,4.316144806161541
4934,-94,-62.0,-112.0,12.735558864346627,8.974099438184389,3.5042436600279485
4935,-103,-79.0,-251.0,10.626116091656932,8.021938135877303,3.742719569188941
4936,-102,-57.5402406261692,-149.0,16.52891187663238,13.10079164495994,3.5266852693170136
4937,-90,-59.0,-136.0,17.178760662657503,13.953695997410518,3.914633264463315
4938,-100,-70.0,-176.64732017045188,16.640262444804655,13.244742549350471,3.9660470329018014
4939,-98,-70.0,-134.0,15.853080060262736,11.95029444931984,3.788970198134193
4940,-101,-66.0,-124.0,14.514003221694256,10.554866025961026,4.134977222323866
4941,-93,-60.0,-114.0,12.68462243110893,9.30388459367612,4.271928112531568
4942,-85,-62.0,-116.0,17.214657570437037,14.31935936724848,4.322153337369426
4943,-100,-69.0444400833322,-152.0,17.0682925658967,13.780535769197634,3.423766478141574
4944,-85,-62.0,-149.97914050872748,16.258427140787436,12.87818811254506,4.57292114587637
4945,-101,-65.0,-146.09038746333363,14.646105085096885,11.057899986752425,3.902462954168527
4946,-90,-62.0,-159.9437731630408,17.233340641572724,13.941627300395822,4.151069001317467
4947,-87,-66.0,-138.0,14.015799395631388,10.834094034399184,4.182968413127106
4948,-90,-67.0,-137.0,16.42684743853765,13.8680206142737,3.636087887499024
4949,-117,-85.0,-246.0,9.274712689163369,6.553777135388124,2.945678843779489
4950,-110,-79.0,-201.0,12.678669002424048,9.215791069743023,3.1132915017050995
4951,-94,-61.0,-157.03569242471346,12.661598599280772,9.587190878951626,4.309170452315092
4952,-110,-78.0,-166.25411601118532,11.772776840645774,10.033452994453228,3.3543261450404
4953,-96,-74.18445070540909,-168.96849228384355,15.387079728725556,11.838752907114294,4.052801925176961
4954,-86,-61.0,-85.0,23.08783612053845,20.74071807579105,4.57211208905022
4955,-86,-61.0,-86.0,21.16076042923106,17.714107625461335,4.550927485265782
4956,-78,-62.0,-104.0,19.40934954987949,15.923509680941958,4.4138341750499785
4957,-98,-79.56193659453558,-162.46732547590116,10.962239564067998,10.454727036495685,3.949925966857885
4958,-88,-59.0,-168.53274941775587,14.847713731689918,11.073229847986862,3.984569429411621
4959,-88,-59.0,-152.70430007714515,15.898285528229817,12.405928319806764,4.446428066493783
4960,-92,-64.0,-158.24263028821812,13.756738387182612,10.066733274355755,4.3185146897505655
4961,-82,-59.0,-100.94433507466898,18.608231927239352,14.61011715864461,4.239762092836218
4962,-89,-70.0,-143.0,14.391974779852038,9.300139133492628,4.351538783144212
4963,-89,-60.0,-108.0,13.266805260272662,9.859248988978171,4.167132302963696
4964,-115,-86.0,-299.0,7.38866687950227,6.262465756331235,3.2036501607302577
4965,-112,-86.0,-242.0,6.441665797435906,5.083680429592498,3.2976006335478387
4966,-105,-71.0,-225.0,12.82967903120871,9.903504372495853,3.804553393180179
4967,-93,-57.661806067117695,-161.47393987250857,17.344057208165193,13.173613002270493,4.284146980087885
4968,-101,-62.0,-163.1137481094536,17.788905146837415,14.3426359361236,3.772923616778414
4969,-96,-59.0,-138.0,17.645898547993102,13.658286580642642,4.007344691258922
4970,-107,-84.23390965653185,-183.58956119878525,10.689267181405828,7.739849924520866,3.798333928030314
4971,-96,-59.0,-121.0,15.94791604968062,12.595653603126394,3.991583368308692
4972,-93,-59.0,-170.03001253757967,15.415781955550331,11.4194136715078,4.481386508779542
4973,-98,-70.90324189756699,-206.0,14.850150837009405,9.859910387835216,3.675169307901132
4974,-96,-64.0,-124.0,13.99457105511646,10.253309575040552,3.805408422187256
4975,-86,-61.0,-126.0,15.226688111022169,11.78645153325576,4.3073874601188935
4976,-100,-72.0,-233.0,9.56583408756838,6.891912046938328,3.961998354542449
4977,-94,-70.01980252698387,-145.0,12.67442727073928,10.073977461564873,3.8535848687231744
4978,-97,-58.8538864387923,-124.0,14.808910687123108,11.262466246077947,3.715838601773753
4979,-110,-76.0,-208.0,9.314956203003812,6.899960429131408,3.5345290848778856
4980,-86,-73.63777003957316,-174.23937230709106,15.324002504608814,11.65417789033674,4.4442903889613925
4981,-118,-82.0,-297.0,6.647252501211434,5.138832402638618,2.9993756641085514
4982,-98,-83.40787703849165,-228.0,9.842013677353917,5.387217757627707,4.161665228969534
4983,-85,-68.0,-144.0,14.693821013998594,11.67219413647494,4.564693917712095
4984,-100,-65.0,-119.0,16.450155691783223,12.88074771323618,3.842885938015903
4985,-92,-59.0,-171.4883084307609,13.52147570715138,8.559765823818777,4.463332580933553
4986,-102,-76.0,-180.90405122340778,9.548537607076122,6.156023314138446,3.622871062171634
4987,-93,-72.0,-109.0,14.234342898422895,10.496710379769151,4.162438411429099
4988,-93,-60.0,-136.0,14.682812047972082,11.182784159967808,4.046426285809847
4989,-92,-58.34841965449962,-132.0,16.437102397215995,13.07458140080187,4.0091372216204295
4990,-112,-79.0,-207.0,12.026892376363929,8.464982803751823,3.0090753345847148
4991,-93,-60.0,-119.0,13.622539727409078,9.867576388529628,4.171978270380961
4992,-113,-72.0,-253.0,7.883506920349711,5.882949298221861,3.574526696626004
4993,-100,-72.0,-173.8871686673084,18.652660011875255,14.39646382585001,3.654488894780283
4994,-98,-73.58898045205423,-107.0,14.243114319703512,9.594304372582592,3.982153984898917
4995,-88,-63.0,-97.0,18.792455071659216,15.984650429785264,4.5273093423975865
4996,-96,-64.0,-101.00689805653478,11.460579996623366,9.017348617984828,3.87832867881352
4997,-99,-71.04478836054243,-233.0,9.70234117857621,7.327630287447059,3.9733478588693134
4998,-87,-60.0,-174.0105109436409,13.002810268145073,9.78372814120733,4.141802629356109
4999,-94,-73.35001110535002,-155.0,10.575059681247744,8.633577702784244,3.819943502662923
5000,-93,-58.2799624588347,-157.85118176403478,13.161980309126385,10.308271713659412,4.101785402578593
5001,-113,-84.0,-294.0,6.507985058782258,4.789783826657571,2.976969846428301
5002,-90,-59.0,-169.1771427347827,17.538459323317763,13.993375771845717,4.387531754329871
5003,-89,-67.0,-116.0,15.430282194845592,12.417920259374348,4.130079851510945
5004,-94,-69.0195433530094,-165.59333646705707,13.715014433425143,10.339911430298644,4.252580524164707
5005,-112,-80.0,-217.0,8.481980390443328,6.176988081988247,3.3159156317518157
5006,-102,-69.12653381222358,-126.0,14.596692083358988,11.302566539148405,3.8963163653315287
5007,-100,-72.0,-169.5334066500994,17.778897463418676,14.001888344689773,3.930358893500344
5008,-97,-67.86580520891083,-107.0,12.814074005456664,9.460042610033222,3.344610418478799
5009,-106,-79.0,-190.0,10.869409708616116,9.302840572612292,3.7978409399686615
5010,-90,-60.0,-157.73889504676305,13.811317367958843,10.95101739284886,3.91402494722616
5011,-100,-82.0181594224881,-184.0,9.802644312013664,7.026265475394948,4.000170627876814
5012,-109,-77.0,-192.0,13.358643139410809,9.663427968353249,2.981395872961341
5013,-95,-68.0,-134.0,12.493798728228072,9.973869826753136,3.876029886742337
5014,-85,-61.0,-74.0,24.184879466165658,21.16770943175014,4.490143768221249
5015,-98,-77.0,-173.39058515586555,10.6689429255862,8.091238561557995,3.697401769417615
5016,-101,-75.0,-213.0,12.150678436759414,9.706272854899392,3.875360779362957
5017,-89,-59.0,-119.0,15.901767187971092,12.1933435490846,3.8323911909131634
5018,-111,-76.0,-221.0,8.410624972410107,5.770118522334828,3.26608906201036
5019,-92,-71.0,-120.0,14.044053905498975,9.70572264538498,4.140698973535788
5020,-97,-68.0,-160.5712844000712,16.248265248025874,12.9490582936836,4.167677325525348
5021,-95,-65.0,-131.0,14.1551042360047,10.283683361968272,3.922480162270401
5022,-102,-63.0,-158.91514704054276,16.517365812573836,13.018817941190177,3.427998512503863
5023,-101,-80.0,-184.83365025598764,12.614228302360118,10.04203994841787,3.8751056152962073
5024,-87,-70.0,-105.0,16.143093430818475,13.005899410752836,4.256352927676798
5025,-107,-72.0,-202.0,8.582843457061418,6.360246536183853,3.3311141632330257
5026,-95,-58.594102452979655,-139.0,14.309801411787989,10.50144289965436,4.063880840968265
5027,-113,-82.65073430065412,-247.0,10.75545715990972,8.187592193177837,3.7697744521387513
5028,-90,-68.78689499137904,-144.0,15.686997651997148,12.329795265197546,4.353172854083721
5029,-98,-73.41108322992491,-170.07213138563728,12.005310967653797,9.79064719223301,3.7179780352483434
5030,-87,-62.0,-173.11013433108977,13.773693928148887,10.595138177938242,4.032254184934592
5031,-98,-65.0,-185.48257221069127,14.328996904339954,10.501875096043271,3.950944705420556
5032,-97,-71.0,-128.0,16.056196303895494,12.500454756318158,3.85374144876096
5033,-78,-48.0,-108.0,24.696626964588333,21.859283662872908,4.19705498128143
5034,-102,-73.2112294181083,-187.0,10.744108218802308,8.36378251576539,3.7818650402930176
5035,-112,-85.0,-299.0,5.6687457168834126,3.872544303556764,3.3129358321949685
5036,-87,-59.0,-124.0,13.401239825490213,9.608806931974026,3.783291500108993
5037,-111,-81.17781574105531,-227.0,10.510070343296803,8.075506783694541,3.260952822188133
5038,-93,-65.0,-170.9190873867772,16.812932459254668,13.067781042096032,3.8070942181876015
5039,-102,-68.0,-155.0,14.23383351759234,10.931967324475483,3.8254317198932415
5040,-101,-79.0,-210.0,11.735364890329071,9.052408628597348,3.4824662329545286
5041,-89,-68.0,-124.0,15.472869937951678,11.640911015670149,4.106333048211449
5042,-97,-67.0,-124.0,13.382049044399636,9.345728007655184,3.587237373106979
5043,-105,-74.0,-201.0,9.576622429240857,7.072769561228574,3.9879344494879168
5044,-92,-60.0,-150.77634754914592,15.609763741593838,12.502902633163044,3.734300574768219
5045,-110,-80.0,-225.0,10.450105116007864,7.919704658672828,3.1411489982459333
5046,-102,-83.91478111033989,-214.0,10.28458830190755,7.857103574394118,3.9560085115535095
5047,-120,-87.0,-280.0,9.337206297273937,6.741152245727959,2.936000253163664
5048,-99,-77.0,-168.41069095779108,10.57560275760694,8.088731855475089,3.860072341523329
5049,-92,-71.0,-118.0,15.595007064717834,11.633734312199325,4.04884328380545
5050,-87,-62.0,-132.0,14.084868231545908,10.77221542847724,4.135138294880802
5051,-92,-62.0,-175.01687307289285,17.22905930299838,13.318549963151952,4.429792709619834
5052,-98,-71.0,-118.0,16.819388999235077,13.36884320924477,4.078913882734628
5053,-103,-71.0,-183.41423946116575,13.006973232108486,9.631024046891682,3.6105903462006887
5054,-90,-63.0,-136.0,13.217212872441145,10.713866414772175,4.090109890984469
5055,-98,-81.81974794073568,-215.0,9.844062998090031,7.82955364950319,4.02605509799328
5056,-99,-66.0,-130.0,17.973491857626037,14.03530692809232,4.1110724493079465
5057,-99,-79.0,-168.69538805544713,11.514528991662331,8.232634643399898,3.730456499309287
5058,-80,-54.0,-70.0,17.911730316705757,14.401973562353994,4.323344803228867
5059,-100,-80.0,-203.0,12.939291015109934,10.259289624009876,3.9043855960559424
5060,-103,-72.75598728546598,-147.0,11.749287626329343,8.659753635945908,3.864558539808022
5061,-112,-75.0,-241.0,9.111952744071012,6.596715167942819,3.1908906402531207
5062,-103,-60.0,-129.0,12.41515911112319,8.646483513308219,3.6168328746239657
5063,-99,-79.0,-190.0,8.35677353439283,6.56526621409726,4.071365037137977
5064,-99,-71.87271264066786,-104.12722569163957,16.2710100055681,12.71209011651399,3.8171423241522384
5065,-96,-71.0,-104.0,16.76253132942923,13.36820263181361,4.19906436295877
5066,-103,-63.0,-186.31040208707958,14.338148811651251,10.55017796714625,3.472689376943226
5067,-108,-75.0,-221.0,10.69540791164598,8.936838718309108,3.56000061836802
5068,-99,-74.0,-228.0,9.710015719052857,6.756947585212132,4.347964516015334
5069,-106,-71.0,-189.0,9.84533801483292,7.592412484189719,3.865845711663221
5070,-91,-72.0,-130.0,11.78255163189818,9.095433037385169,3.9326996081397896
5071,-90,-59.0,-114.0,14.291688486375742,9.652242118359537,4.104715349415473
5072,-89,-54.0,-82.0,17.919478578447222,16.268274274716557,4.207649713642979
5073,-104,-78.0,-238.0,8.798136704599274,6.557367256264506,3.717515753675666
5074,-87,-68.92662618981782,-150.80086068619147,15.254403789256932,11.319361161133548,4.372046613498424
5075,-86,-71.94752894054714,-111.0,16.611571551670433,13.11884186120233,4.025419885546709
5076,-75,-50.0,-107.0,24.345181235567257,20.92772880652729,4.543229254464554
5077,-111,-76.0,-173.08941502651527,9.22655024865812,7.01077651852046,3.354104035053698
5078,-117,-82.0,-263.0,6.240280609622413,5.060576722215936,3.629937374620852
5079,-102,-62.0,-133.0,15.438550651717891,11.592256335812454,3.748948673903984
5080,-119,-84.0,-254.44023633168888,7.238080399664819,5.694742408509858,2.4785351238284656
5081,-116,-82.6671552269238,-273.0,6.120683788399505,4.940806518768593,2.821148257111936
5082,-109,-74.0,-249.0,9.500872010074765,5.809844209380351,3.4994150720001884
5083,-115,-86.0,-279.0,5.690239195395861,4.350204154267592,2.6855984523891023
5084,-93,-62.0,-123.0,14.137380430121484,10.9217699154703,4.2182031789542025
5085,-103,-71.0,-132.0,12.727993799853602,8.707411125656815,3.963134715543763
5086,-85,-63.0,-173.8957768401292,17.826929756362908,13.990295575848435,4.223380340078355
5087,-91,-59.0,-169.966214460518,13.197592434230573,9.94736081740489,3.855298431561465
5088,-97,-64.0,-107.0,14.137665260700958,11.099001592573591,3.622648635217386
5089,-75,-61.0,-92.0,23.19931001206708,18.992196817137604,4.129475052671045
5090,-103,-80.0,-168.00953548329218,12.665959199767531,9.304297782380116,3.5222347861502143
5091,-87,-65.0,-107.0,13.494979740556444,8.390681434259932,4.309658889090984
5092,-87,-72.60658825982597,-130.0,15.55085943654864,11.657414977220014,4.199866002123231
5093,-107,-71.0,-202.0,10.338126239516376,7.544519491448051,3.440018573217437
5094,-103,-70.0,-168.57049033937608,14.328756566256873,11.068648017400918,3.7876308965466063
5095,-98,-67.0,-142.0,11.262534226748624,8.31127778671707,3.8985469417127407
5096,-78,-59.0,-90.0,19.54866214730613,17.23899267241216,4.214650185660255
5097,-108,-68.66995638412607,-183.0,13.484011825960527,9.83892576696459,3.242441007997737
5098,-87,-69.50743665580974,-175.0,16.212008463258478,12.977936261692872,4.309082359058054
5099,-114,-81.84217368076433,-199.0,10.780628293940287,8.615148426287222,3.2517009239544814
5100,-81,-63.0,-96.0,22.62413710422432,18.89089444359979,4.586464805452492
5101,-94,-62.0,-157.57993615257212,11.258584914474858,8.71021012856841,4.107439631882574
5102,-95,-68.30226545065537,-133.0,15.607194891529238,11.740061692277685,3.9134139032011386
5103,-82,-62.0,-82.0,24.021397796490863,20.24758946862621,4.377843188820532
5104,-86,-57.74981348709057,-118.0,15.550572895828749,12.167864043418064,3.9875348714121808
5105,-112,-72.0,-189.0,10.884294114971642,8.788675717796306,3.121530000443438
5106,-99,-67.0,-129.0,15.615235386877185,12.59036786462076,3.781446883271251
5107,-93,-66.0,-128.0,13.322682694415795,10.292016292300303,3.862288643592848
5108,-104,-71.0,-192.0,11.443366908418119,8.952436130240613,3.2956880491202263
5109,-97,-65.0,-175.51316361585657,18.137013160542118,14.421580824291071,3.963854458566692
5110,-86,-71.0,-155.0617859769221,14.97365683924806,11.48164884172655,4.432074565286218
5111,-96,-70.0,-176.58590430002312,11.677496433299787,8.83951841150701,3.81982762570804
5112,-76,-52.0,-78.0,23.985651819017544,19.312795259448613,4.336025777057818
5113,-82,-63.0,-104.0,20.75766609317776,18.639742417549503,4.5542037408212925
5114,-106,-76.0,-245.0,12.58295488490664,10.24787629828835,3.3993884782156227
5115,-91,-64.0,-114.0,13.50760066977657,9.843697193529527,4.19752730291915
5116,-96,-72.0,-132.0,15.549008600378652,12.401916105650448,3.6353107670874834
5117,-112,-76.0,-200.0,10.751101942327304,8.2882293730354,3.0170734375571358
5118,-82,-62.0,-76.0,18.17241575214828,13.647870883035374,4.56417134907073
5119,-110,-72.97608956199363,-239.42453094012558,12.363695974869064,9.50645496324525,3.5123756406241937
5120,-86,-70.0,-171.4484322862579,14.82656027340648,11.463059127125172,4.404681878648972
5121,-99,-71.0,-108.12859928942773,14.75338706028959,11.559811626574373,4.0012277398505
5122,-74,-51.0,-72.0,24.558052086493483,20.97882477236564,4.2690991402728855
5123,-97,-66.0,-103.0,14.05268961687534,10.810433733575763,3.9883035219184415
5124,-98,-61.0,-148.0,15.078706265719717,11.736832524107273,4.259541086308618
5125,-106,-73.10480436576984,-182.0,11.193792029315862,9.287278747553437,3.258808438742431
5126,-92,-66.0,-128.0,15.894830789735016,12.077159535490354,4.161198493214696
5127,-90,-66.0,-156.0606019491296,14.035716661115755,9.209376927799314,4.310829818098362
5128,-106,-74.0,-183.0,9.521448132246338,7.0618407880719385,3.7632109269225777
5129,-100,-63.0,-120.0,11.495328076971456,8.448807627827497,3.66249073321817
5130,-112,-69.87144831066752,-181.0,8.041996729905536,6.24184929950489,2.9310452340934403
5131,-85,-67.0,-181.58257427381182,14.019683380843889,10.24836494533674,4.312620289963397
5132,-104,-73.52948698246192,-183.0,11.408082413410858,9.07718124484844,3.66449940745501
5133,-94,-72.0,-116.0,17.32577379643972,13.922586190024388,4.220756753008519
5134,-111,-78.0,-250.0,9.417832408070996,7.020684141754327,3.2885676734767784
5135,-108,-74.0,-245.0,11.639607384207627,9.236942708318104,3.177180073076165
5136,-102,-80.0,-230.0,10.81969083025944,8.61960215142619,3.615336671446764
5137,-88,-71.0,-148.0,15.534639858660904,11.607495971181002,3.859853840382161
5138,-87,-60.0,-71.0,24.993544546714705,21.939379514126216,4.026663479631382
5139,-100,-80.0,-229.0,13.563330139536038,10.204307094579937,3.781777035429858
5140,-101,-64.0,-118.0,12.90211834101519,9.336920528196956,3.67796642990751
5141,-89,-70.0,-154.0,16.659551293494815,14.110898851573076,4.270446290993034
5142,-97,-69.50612852319749,-134.0,15.950012425757077,12.78333416476096,4.138529439423782
5143,-120,-82.396572334372,-249.0,6.115422706617865,5.061359484510266,2.3566731307154223
5144,-111,-71.0,-204.0,12.98704816662669,9.89096101802664,2.7201848539747067
5145,-117,-82.24925820046505,-261.60425865548865,6.659136125048627,5.878800498073814,2.935492912359713
5146,-118,-85.0,-279.0,6.393884756865783,5.038756522676806,3.1530002742300645
5147,-97,-67.0,-117.0,13.686698429602838,9.843721760698834,3.963876244365356
5148,-89,-70.0,-122.0,14.71069665352315,11.232221971996214,4.055764977266001
5149,-89,-50.0,-70.0,17.674194524581434,13.612957328286942,4.556237628904237
5150,-112,-77.0,-221.0,8.206992432838668,5.257503886845433,3.6472936222228896
5151,-103,-72.0,-110.0,13.341977228623009,9.875846383783486,3.179533836282147
5152,-97,-66.0,-124.0,17.408329158478523,14.217585492337712,3.8820257670197806
5153,-114,-75.0,-198.0,8.5233034963013,5.34141540961244,3.122781798394164
5154,-96,-65.0,-127.0,14.807051670721812,11.154392079287891,3.838907450755092
5155,-86,-67.0,-153.0,16.325884339050532,13.185334084734222,4.445534675769199
5156,-117,-81.74459207849443,-248.65287614766748,7.71486290598155,7.179832123117162,3.1819187864870235
5157,-88,-67.0,-109.0,12.375643324932849,9.781802596395307,4.330007614293102
5158,-99,-65.0,-166.7134481941856,14.621777238872262,10.866858087649156,3.597907576942028
5159,-101,-77.0,-165.4289464388137,8.084783379898788,5.716671465839307,3.812455314277142
5160,-93,-73.30585294111107,-164.811273756579,16.45939371165096,14.217632511085732,4.042272530861938
5161,-85,-69.63317129104067,-143.0,13.147231278111532,10.471292138921363,4.132792092454076
5162,-105,-68.50722933828064,-227.0,13.695635395299965,10.240143605458297,3.701285405304749
5163,-102,-81.20038752419258,-224.0,9.448331810569266,6.765784335974111,3.6389537821145055
5164,-101,-80.44138005062757,-202.0,9.148276201861773,6.377893855040112,3.662084458223332
5165,-96,-59.0,-118.0,13.29159692402099,8.894502975899352,3.928334352553275
5166,-87,-53.0,-77.0,21.74837085273472,16.98879666125812,4.61970235275484
5167,-89,-72.0,-150.0,16.44185190049265,12.467765865109207,4.419877217353089
5168,-87,-57.49394744431295,-131.0,13.564026930362513,10.292538795910602,4.2359548884169484
5169,-96,-72.00812173824227,-136.0,13.653752962692858,9.823364325038616,3.864034523331578
5170,-106,-75.0,-204.0,9.51833953340206,6.023969339748869,3.4759464554559942
5171,-107,-70.0,-175.0,10.108034439498851,7.278808754839165,3.553103408014997
5172,-78,-53.0,-88.0,24.4670447169222,20.53704937169478,3.906791568729936
5173,-89,-66.0,-112.0,15.60948419187356,12.04815122780114,4.23536346603642
5174,-102,-79.0,-179.80666381936257,11.659553092710714,9.548215123666813,3.5228420150273463
5175,-89,-69.86482846698847,-135.0,13.649458079185777,9.576937761293324,3.820353825582161
5176,-95,-71.0,-174.6174250357024,11.587731399838445,9.377125826255757,4.4826919849678974
5177,-96,-62.0,-113.0,16.35442852117575,12.470182361522744,4.085314326082299
5178,-89,-66.0,-103.0,15.385916826765213,11.851412297491365,4.1653159269364455
5179,-85,-63.0,-108.0,16.607763525093468,13.037069735886826,4.296923415439074
5180,-87,-60.0,-109.0,15.351337264684968,11.37977115037518,3.9837181846300505
5181,-103,-71.44770451753044,-110.0,16.174960857265546,13.024076958387507,3.599026820013328
5182,-86,-59.0,-123.0,14.894041172725649,11.623185216265274,4.581788256637795
5183,-98,-66.0,-110.0,17.083393837805083,14.157478531276745,4.017898272623467
5184,-85,-61.0,-166.97123455401078,18.384087361787277,13.75711871412368,4.125270629184564
5185,-95,-59.0,-143.0,16.340185474132824,12.444700439610518,4.272466286145017
5186,-100,-73.30739278197753,-118.0,13.725059802657773,9.735780050160074,4.016713305616488
5187,-92,-63.0,-146.0,15.77271442366466,12.719030565235215,3.832702855705948
5188,-113,-76.0,-167.91966044908068,12.26738930314564,10.35684783498809,3.204276601881615
5189,-107,-70.0,-250.0,10.123970904989834,6.073559504795488,3.476958361033042
5190,-96,-64.0,-171.28651333193116,14.944162869617776,11.13493359351414,4.210566373110234
5191,-80,-59.0,-94.0,19.504892370025104,16.08325806863962,4.482543849351832
5192,-101,-60.0,-117.0,16.646238923813627,14.329591156855674,3.6332918312848257
5193,-108,-71.0,-230.0,9.20704997271265,7.183771078249452,3.1039165891643394
5194,-90,-66.0,-113.0,16.865604803091173,14.150823409745415,4.043810241447289
5195,-74,-49.0,-97.0,23.317301005517287,19.94646146949088,4.1802954948072095
5196,-118,-88.0,-290.0,5.956637616334037,4.325252436725388,3.128351830303971
5197,-87,-64.0,-154.0,15.369238617386838,11.821086209970634,4.268257541852966
5198,-113,-82.0,-277.0,7.717586395341358,5.803984589789578,3.245432473494518
5199,-88,-60.0,-127.0,11.719464210203425,9.44706938792856,3.6761234505848304
5200,-86,-65.0,-181.02667367884033,14.941907294610184,11.920252090464055,4.593367456843335
5201,-100,-70.0,-153.0,15.43110585441945,11.599426113496992,3.438348072980714
5202,-96,-67.0,-152.0,17.946619242708714,14.062072609752615,3.933867460248425
5203,-75,-53.0,-78.0,22.11957108666675,19.46781349189508,3.785826675750087
5204,-89,-73.78089400781379,-174.6142190861031,16.529624583698656,14.044445699062663,4.229801192790877
5205,-97,-75.07954722119344,-150.0,13.023095542792294,9.627223090037134,3.863181425162575
5206,-110,-80.0,-213.0,9.04337312965484,6.971034622834409,3.602075062113154
5207,-89,-64.0,-171.06703085609573,11.950549322073092,8.461937659547615,4.03008833769907
5208,-107,-80.0,-239.0,8.164073174850325,5.548993418778399,3.4647032534667828
5209,-88,-62.0,-153.0,17.480153346781997,13.991561919294082,4.5145317469218025
5210,-93,-68.0,-139.0,13.74480698654329,9.97875815077021,3.966226208440203
5211,-110,-80.0,-239.0,9.284307160203763,7.056983811513861,3.607254506541288
5212,-101,-61.0,-107.0,16.419072919891534,12.487989419831363,3.9054559796243344
5213,-100,-75.0,-204.0,10.34861673394076,8.214144188684367,4.002540272425909
5214,-96,-62.0,-122.0,17.18881209995099,14.140171626567696,4.070962800008383
5215,-87,-59.0,-86.0,17.83918591636651,14.845876140583828,4.018570956935048
5216,-116,-83.66512191804185,-292.0,6.33906575882408,4.88508644115141,3.003379712857384
5217,-109,-80.0,-195.0,10.846249813806615,7.9046598422215215,3.5859440600844503
5218,-86,-60.0,-138.0,15.330779062595743,11.450539167579477,4.190838793839014
5219,-85,-63.0,-140.0,15.029649024900523,11.854870018542467,4.148059544834143
5220,-93,-67.0,-126.0,14.948743647045372,11.903791387657751,4.5771869075794624
5221,-87,-75.25101551500289,-125.0,14.023633404180886,10.569895383232009,3.976251275875991
5222,-100,-64.0,-134.0,15.85136117396949,12.209450348483866,3.738491397885478
5223,-106,-78.0,-231.0,7.639294179731653,5.4619883528306366,3.4419118875966914
5224,-101,-61.0,-146.0,17.785380976217166,13.37180184156597,3.767111777426853
5225,-98,-67.0,-129.0,17.01518071727717,13.592174407015104,3.548040509089362
5226,-117,-84.0,-248.0,6.782471124018427,5.408257494172847,3.3230580505667024
5227,-89,-72.72823809925397,-181.41009868417154,16.55926850261594,13.564453975678452,4.423395657007958
5228,-114,-80.0,-264.3171939922087,11.733349009820774,9.563554562181334,3.161738392799222
5229,-99,-68.03866598991235,-108.0,14.534577458682197,11.147707979947526,4.245137404847274
5230,-112,-85.0,-299.0,6.982919803770625,5.534532261070011,3.322697884221215
5231,-101,-60.0,-168.5383803784175,12.196627069818822,8.711599960933738,3.763213453628632
5232,-100,-77.0,-214.0,11.526682763468939,8.458406568086799,3.792778890461514
5233,-81,-61.0,-79.0,20.37008909299505,15.551445785840896,4.084515974403684
5234,-103,-72.0,-186.0,9.724539781796018,7.568564278583194,3.9820077913479976
5235,-97,-66.0,-117.0,13.127478049926474,8.655933302392393,3.955532023085094
5236,-98,-72.0,-150.0,17.499154994988846,13.954435624123464,3.8657364381805808
5237,-118,-84.0,-249.41348986229218,8.391900839967692,6.01957993044222,2.8896235192282456
5238,-86,-71.0,-159.89314946377453,13.507103742618103,9.31613838464104,4.19583930856932
5239,-94,-65.0,-106.0,16.7417292994755,13.002115567119104,3.5792391613267
5240,-107,-82.0,-171.18300811157812,8.313032593724147,6.110768071816018,3.626500939686175
5241,-89,-65.0,-130.0,12.996873996162016,10.53076040260664,4.309710948579612
5242,-98,-72.0,-223.0,7.766983499524766,5.70577324360341,3.690856512960643
5243,-114,-86.0,-245.0,5.749572061882551,4.15564497985992,3.131370660937965
5244,-87,-52.0,-76.0,19.309000507930232,14.396795338341535,4.015183182376526
5245,-89,-63.0,-124.0,15.720502062158207,12.442531304316034,4.030970649899666
5246,-86,-66.0,-105.0,14.036237635249057,10.438444009221726,4.452497885104156
5247,-85,-62.0,-161.72558850008497,16.399741490795584,13.22173786341796,4.447953113330841
5248,-100,-66.0,-130.0,17.700758355215406,13.67951247929668,3.831572280988659
5249,-85,-66.0,-163.31704354473678,11.2566757256888,8.81117803447565,4.445061597980732
5250,-96,-60.0,-120.0,15.69794169445404,12.365983602205748,3.662892695800678
5251,-118,-88.0,-245.0,6.899815972543999,5.179674363191547,2.8880496012968444
5252,-110,-68.08232281392098,-158.8966726259333,10.044165119363,7.96242218990313,3.524478373226607
5253,-107,-80.0,-223.0,9.012970345160618,6.352920072655955,3.956907699028306
5254,-108,-70.56333782153906,-226.0,11.59969252819608,9.06356738313142,3.3951812931806544
5255,-105,-70.0,-213.0,10.95612721372436,8.581869574107987,4.008217085302809
5256,-100,-77.0,-175.0,9.076507348358511,6.432022397624419,3.8972498666183
5257,-103,-72.45453646659847,-190.0,13.188538909953888,10.147827373316504,3.695405834556448
5258,-112,-78.0,-210.0,13.735502038674108,9.90172082683745,3.0994145228404326
5259,-111,-78.80901045727062,-173.2535054928965,9.753832724133389,7.023290438160826,3.231413814350792
5260,-104,-77.0,-182.0,8.829692486966188,6.390588117651616,3.568626381423802
5261,-87,-57.67705447322931,-165.2716207285318,14.359158915003311,9.70763423191007,3.99397490568251
5262,-85,-59.316211666470785,-134.0,17.257038575577813,13.254263623965542,4.562004531541819
5263,-112,-79.0,-219.0,9.583570988344215,7.518198273917223,3.749344336552405
5264,-96,-62.0,-125.0,17.092586574769708,14.233481930895149,3.821350606439525
5265,-87,-66.0,-171.14149258090103,14.979917923904845,11.180742961529829,4.560007508664891
5266,-89,-59.131819555006146,-149.0,13.193111244493764,9.29831235615984,4.083343874807889
5267,-107,-72.0,-177.79733672590345,10.15887760110845,7.310020017044912,3.540831766476895
5268,-84,-57.0,-110.0,22.433671850569542,19.08473490514762,4.228052805513429
5269,-107,-77.0,-166.08079635203396,10.850985374229955,8.841049101954834,3.4937962277896677
5270,-98,-72.0,-190.0,9.556081234482479,6.298452681279657,3.6771827567537065
5271,-114,-79.75312472211003,-257.9525381822216,9.744273901591889,7.0392793578622985,3.170127231123681
5272,-94,-70.0,-128.0,14.228623800378212,10.62515778046762,4.109501075564048
5273,-103,-77.0,-239.0,10.658489040424318,7.890420726640556,3.671569245227252
5274,-86,-49.0,-105.0,18.49954787862394,15.578051115461315,3.969144946243724
5275,-74,-59.0,-108.0,19.986593609313648,16.062577896294073,4.39322987890336
5276,-103,-72.0,-213.0,8.014570048884126,6.476588379536352,3.4569150682465546
5277,-80,-59.0,-90.0,21.13718290891152,17.507171047524277,4.171912201650548
5278,-94,-61.0,-173.90100492858542,15.323622217133853,12.23960930597928,4.016011207174957
5279,-98,-70.0,-213.0,10.818850239080827,8.219895083987604,3.869883092883031
5280,-100,-63.0,-131.0,14.041798331651076,10.756446719589237,4.1066957568610345
5281,-112,-75.0,-201.0,10.216453119749696,7.613771851184468,3.5939925158274906
5282,-103,-63.0,-109.0,17.828688791386835,14.093801032251402,3.919390281830881
5283,-105,-75.0,-243.0,9.635261831830949,7.591138113049612,3.6214666691637754
5284,-95,-59.0,-129.0,17.443002130355826,13.88235854701244,3.7366766124231
5285,-95,-64.0,-143.0,15.618462500661742,12.039985842291484,4.236177741434731
5286,-87,-72.3706433065992,-150.95466609171376,15.401897887030252,11.455607561738583,4.322248655432712
5287,-95,-72.81292489735657,-104.0,17.435861329949898,13.959217109147104,3.9483929036672
5288,-78,-52.0,-80.0,20.45595798572928,15.731164113256623,4.308748511473518
5289,-98,-72.0,-130.0,16.81179064135296,13.23250037216726,4.098274454582234
5290,-98,-68.0,-110.0,14.11151848622686,10.517599895209443,3.509238380453211
5291,-76,-58.581311482861075,-90.0,18.728292086762455,14.549982199931817,4.491231473479495
5292,-98,-63.0,-120.0,11.29487986569244,8.795766351131466,3.815749629582273
5293,-87,-66.0,-110.0,13.397205501669234,10.393686495098809,4.259770956282685
5294,-106,-80.24593681925113,-231.0,11.962895749344208,9.757779437709818,3.215671576511917
5295,-105,-71.0,-187.1477142226047,10.38258088217882,7.654407902996525,3.97433075143066
5296,-114,-82.0,-162.1457524181122,11.999197432821418,10.020242308081688,3.107593525923703
5297,-85,-50.0,-78.0,22.870343128021,18.318175627647,4.370172793040792
5298,-86,-62.0,-130.0,14.828293246601252,11.359000941977282,4.147497912908094
5299,-90,-73.06337816320658,-146.0,15.839816239455352,12.651987383131836,4.182856130305272
5300,-96,-65.0,-123.0,16.96867147180609,14.309117861144465,4.011219084508917
5301,-107,-74.0,-192.0,10.170416964462918,7.814043396961576,3.7518370373992194
5302,-94,-60.0,-104.83254605116291,13.589109181948077,9.551648204029105,3.934133437773984
5303,-114,-72.0,-217.0,9.236069116244995,6.061981950618845,3.5616440725007554
5304,-94,-64.0,-169.04935258041027,17.532869157613383,13.637298790571204,4.094567525925721
5305,-87,-62.0,-163.07378535880218,16.655659317140355,13.151992462323204,4.565002322821433
5306,-117,-85.0,-240.0,6.61908532404447,4.7560500378656965,2.59488991985466
5307,-92,-69.23936716443572,-141.0,11.518723405354573,8.805086929335376,3.992166928067103
5308,-101,-73.0984610827306,-241.0,7.621823135580653,5.676199669314533,3.40613086177322
5309,-90,-61.0,-163.66248299933005,14.5958742943157,10.735619417197984,4.127971165365678
5310,-83,-53.0,-80.0,23.425774539754528,19.231952159584715,4.451533688210132
5311,-113,-78.0,-236.0,12.665522096218758,10.615399308891377,3.272219895351184
5312,-74,-48.0,-73.0,24.734355259312967,22.216667425670504,4.194898356823228
5313,-97,-62.0,-143.0,14.005949972350756,10.640874638430237,4.341349498299293
5314,-116,-82.0,-264.0,8.570582909960697,6.939786403759537,3.3040225004633044
5315,-90,-65.0,-172.65609057612252,17.517759156884022,13.482559861568529,4.153996500761379
5316,-89,-53.0,-73.0,22.01353267216025,18.02494351023017,4.346211295109862
5317,-117,-86.0,-287.0,9.024680639494237,6.700612070111319,2.6819557280408186
5318,-112,-67.51997513307508,-206.0,11.846493286797553,8.512029093498228,3.3999172122701573
5319,-108,-82.9328465502465,-227.0,11.894635356417137,9.467202355871253,3.354620084798017
5320,-114,-84.0,-263.0,9.051859548170654,7.57181553955834,2.9428041192836645
5321,-89,-57.15852939255129,-111.0,18.020168292830583,13.804684222284813,4.349920450257247
5322,-118,-88.0,-250.0,6.419806708855264,5.175951249089618,2.4391628140011345
5323,-112,-82.351083337542,-251.0,8.457082490721614,6.8976020669784575,2.832977217539685
5324,-96,-68.70979359461484,-114.0,16.28972474180789,13.00085804984071,4.381797707360647
5325,-91,-69.75002973571493,-125.0,13.154409209494254,10.165410999625664,4.147837169198483
5326,-101,-59.0,-107.0,14.83099404272679,10.894898625077964,4.221171420948946
5327,-105,-80.92940166366513,-249.0,8.717439587569269,6.187286925745303,4.044556263509195
5328,-86,-68.0,-118.0,17.459563855057525,14.292944309421513,4.17868690895596
5329,-98,-57.577847342631706,-170.9278768126535,16.787668559417018,13.59837829633664,4.3999437456048645
5330,-89,-64.0,-174.20704838300261,12.580678005567448,9.193197585618384,4.504975330304735
5331,-108,-72.0,-191.0,11.897010072687626,9.398995713308729,3.419403543385763
5332,-77,-49.0,-89.0,19.036320833814035,16.87627030022039,4.60066970892386
5333,-85,-73.0282272887355,-151.0,13.900237609615512,10.298245575352082,3.975448622510013
5334,-79,-51.0,-108.27906639683643,20.583765244340505,17.795587635610637,4.548180969430191
5335,-93,-66.0,-135.0,15.918583058677903,12.624653100772012,4.3898431798054345
5336,-88,-60.0,-150.0,12.04627126476348,9.230126666326226,4.175619596189835
5337,-100,-64.0,-106.0,14.966297407735148,11.933416059793451,4.328392631568164
5338,-95,-65.0,-122.0,16.90780434592027,13.199371432997651,4.091432461933596
5339,-113,-67.96608580720829,-228.0,12.373550897849352,9.928840433271931,3.428065111122625
5340,-109,-82.0,-226.0,9.802442227460348,7.5045774831711105,3.712078112369976
5341,-94,-71.80792947843094,-151.0,17.194807956807743,13.932290605879698,3.831287250357736
5342,-112,-80.93377965869165,-190.0,11.847362647880532,9.86663223149035,3.4795681544094657
5343,-108,-72.0,-199.0,13.394027202109719,10.734658508169987,3.199925858772352
5344,-114,-80.0,-169.3966653414653,12.597043416753454,9.854155888757592,3.088279079376304
5345,-98,-71.0,-156.10420757936703,13.817914935471794,10.74458173965167,4.009023380757448
5346,-88,-70.0,-161.27167929561978,12.894323086625198,10.578575940653574,3.809954756914711
5347,-86,-68.22643324392105,-137.0,10.795374516865989,8.580826793205985,4.053554640048959
5348,-100,-78.0,-218.0,11.889884835550035,9.792068367997402,3.46544666627555
5349,-95,-72.0,-183.42462735036142,12.610332114826765,9.187823501347324,4.104211429199652
5350,-76,-48.0,-110.0,20.90444784817746,16.130885184060688,4.386294885129156
5351,-89,-63.0,-119.0,14.00168139717521,10.736599909968984,4.124542770309207
5352,-89,-71.0,-154.0,12.430154953464099,9.82430809594265,3.9744404620624616
5353,-113,-71.0,-250.0,11.249654286405743,8.361898153547536,3.0177547039368275
5354,-95,-68.0,-107.0,10.976442909501216,8.407964377023482,4.150731976203767
5355,-86,-68.0,-123.0,16.18318774870274,12.9335290453937,3.8458702042704975
5356,-97,-60.0,-162.1112535140045,16.394437592522713,13.642718084854229,4.345293617639896
5357,-94,-57.518389737540694,-114.0,12.310614832218654,8.887263904575892,3.793791266219128
5358,-112,-78.0,-197.0,10.805849665056927,8.126952235929153,2.9555679057353155
5359,-91,-61.0,-129.0,12.799523900351815,9.252897671170638,3.760047758731104
5360,-111,-71.0,-252.0,10.208988808548682,7.5608927737881,3.215527468643402
5361,-104,-80.0,-192.0,10.421444326507348,7.9680538216227905,3.7377559254692136
5362,-99,-80.0,-178.2979933537355,12.250552447538375,8.812171953538341,3.775608710857222
5363,-102,-82.0,-221.0,11.372459699393051,8.879061060389635,4.079305491284817
5364,-86,-73.43493562217049,-173.76399478290065,13.752615153324998,9.933779906046093,4.193574115403874
5365,-99,-59.0,-107.0,16.675073736612426,13.048362314656394,3.4811882046526024
5366,-119,-84.0,-279.0,5.651889678722764,3.660749131136608,3.146515987165295
5367,-107,-74.0,-199.0,11.888453219538889,8.71186599298461,3.788398219836946
5368,-86,-71.0,-135.0,17.263473422500248,14.014355460243788,4.277735022211683
5369,-86,-63.0,-133.0,10.968910699571545,9.14616536231768,3.462326039232326
5370,-107,-82.0,-253.0,10.261800861104152,9.134968860548751,3.3278540539782706
5371,-108,-70.0,-233.0,9.061850386369285,5.43533684050964,3.467632296580707
5372,-114,-71.27336279282127,-205.0,10.822759279188997,8.416397377273306,2.863841928115438
5373,-89,-70.0,-142.0,14.284018254346964,10.9721547681368,4.329872443667012
5374,-100,-69.43801968415661,-172.40441866052697,17.779070117690328,13.90733660158257,3.941742726422048
5375,-98,-79.20369211702084,-232.0,10.379385437072129,8.279844094584814,4.341440800903214
5376,-86,-56.0,-73.0,22.88101383777813,20.186712990263054,4.574646619785024
5377,-106,-73.0527136922711,-253.0,10.710085160518654,8.06951333899468,3.479053555298286
5378,-90,-62.0,-128.0,15.449398661328487,12.008239226153153,4.03788936804642
5379,-96,-65.0,-133.0,13.573789796538458,9.675093697131722,3.7172796278742286
5380,-115,-80.92680794989434,-298.0,5.638528061945019,3.8776719290025534,3.039572523360223
5381,-93,-72.91841181623829,-162.79748917465494,16.315613127437146,12.494322734499384,3.811412140726557
5382,-94,-64.0,-163.74160469101355,17.220713953850073,14.16322376771452,3.92543297586223
5383,-92,-57.03331442247722,-153.0,14.0868154211145,10.57038417961186,4.284703130143698
5384,-102,-67.0,-145.0,12.001508276663937,10.078768411863424,3.4985256782913616
5385,-74,-57.0,-84.0,20.39844508205607,16.041994477324362,4.302221947111135
5386,-92,-62.0,-114.0,12.861300554061478,10.041892809020034,4.551750353441098
5387,-98,-72.0,-104.0,13.415767884822513,9.459641829448302,4.01212605100898
5388,-103,-62.0,-140.0,14.595817605622068,11.515732520061311,3.360116953083632
5389,-106,-75.0,-197.0,9.214620149253912,6.83216090375035,3.443089106221575
5390,-76,-63.0,-70.0,21.68872835246756,17.33105665358076,4.354429358108976
5391,-79,-49.0,-86.0,24.837932929201624,22.798187728210603,4.090294141560479
5392,-81,-60.0,-95.0,19.39568863871572,15.527181751783148,4.424798639639399
5393,-85,-74.81255087143411,-161.09349155851686,17.35545272069192,13.903245711456428,4.255536146921392
5394,-101,-68.0,-169.25232730563167,14.152195240358612,10.008297534362184,3.941033781370352
5395,-112,-82.0,-289.0,6.296404510505317,4.8081363438433655,2.8031201718683594
5396,-87,-72.8348277002828,-127.0,13.631214382951127,9.84603902445559,3.803088971977126
5397,-84,-56.0,-87.0,23.272322358053287,18.538622300732555,4.14250428307018
5398,-102,-68.0,-126.0,13.208437467164805,9.32225639042587,4.195020259677582
5399,-93,-63.0,-114.0,16.733005526700296,12.80340998325118,4.237700834354579
5400,-102,-63.0,-167.70962173155948,13.372394925633161,9.634419897760864,3.696531726275308
5401,-103,-71.0,-129.0,16.71989334716719,13.055016369485742,3.416832978004799
5402,-98,-75.53323644948995,-205.0,10.036715070253797,7.450880773990635,3.767263119856021
5403,-95,-62.0,-127.0,14.69214056382597,10.348928662114066,3.9060534181157536
5404,-99,-80.0,-171.48936238521475,13.205309782673043,10.05159112618603,3.9698798078145385
5405,-95,-71.0,-118.0,14.082341496838177,9.437020541866907,4.020636054059792
5406,-85,-56.867759479034284,-172.7781968022387,16.927850267272603,13.544404812344064,4.211246572405209
5407,-101,-58.71778246619536,-112.0,16.64256956008889,13.01639030250363,3.490386369000084
5408,-114,-84.56946677493053,-202.0,13.009143920707574,10.093868520592576,2.9968691253834434
5409,-103,-72.0,-152.0,16.271317304623206,12.299662854592809,3.619809534234685
5410,-74,-60.0,-83.0,24.85080300987994,21.810366408131657,4.415567913220805
5411,-86,-53.0,-81.0,22.704579057754195,18.932679654296862,4.317160553311338
5412,-100,-77.0,-220.0,11.529525891790016,9.048206169483285,3.4668287469277628
5413,-108,-77.0,-221.0,9.816195988781772,7.086629481983869,3.091496240659795
5414,-103,-77.0,-238.0,13.505417056332277,9.446935345164812,3.703444472818592
5415,-91,-72.0,-133.0,11.706141451369367,8.743064360538568,4.086799100254767
5416,-101,-74.0,-251.0,10.855909034057612,8.725543891380953,3.800585576495601
5417,-111,-74.0,-189.0,10.55038716394612,8.334284368567864,3.603858811427855
5418,-99,-64.0,-123.0,14.74154061781119,10.82700081719047,3.62416643409824
5419,-90,-57.78904009937037,-131.0,12.596145942097417,8.907145709425285,3.986212510611456
5420,-112,-79.0,-223.0,11.887543881560992,9.534458738682716,3.5214025827141384
5421,-103,-70.0,-235.0,9.965755260423984,7.080945245086314,3.135735259855446
5422,-96,-70.0,-164.15107812198724,18.23598507463618,14.102167078259912,3.648149657146104
5423,-86,-67.0,-120.0,10.977257858213484,8.638015886298795,4.24020002869906
5424,-99,-71.0,-105.0,15.446249489079593,11.796929076773273,4.049939031619032
5425,-114,-78.0,-233.0,9.477898669222885,7.132782876708261,3.0746911591927786
5426,-114,-85.0,-272.0,7.678801006784608,5.276184062839302,3.4413810946070478
5427,-98,-77.0,-175.5752590523497,10.704873652113804,8.539357270015316,3.777243957328428
5428,-114,-80.0,-238.0,9.249201654553437,6.660283963185343,3.324333072325018
5429,-95,-71.0,-105.0,14.474531378993388,10.877737991781174,4.153712729131857
5430,-99,-70.0,-213.0,9.65332826713613,7.078228865132064,3.7537750616629433
5431,-97,-61.0,-128.0,12.78230687253364,9.91265583879946,3.5758566581174205
5432,-96,-60.0,-121.0,16.371615813793667,12.738597611614594,3.84977989808684
5433,-96,-56.96439145334,-97.85899031456088,14.965473618533304,11.443469328180306,4.046891938864907
5434,-104,-78.0,-211.0,10.327774131729925,8.229512842723953,3.5289331937189234
5435,-109,-66.97302042748694,-238.0,12.618461726055088,10.103362151464202,3.710584306942045
5436,-88,-51.0,-78.0,24.49155733485956,20.009561928238465,4.077327345649112
5437,-100,-57.73904389150614,-105.04093363514225,16.132888610143205,13.05534717043748,3.674882873551196
5438,-96,-57.53498708358623,-156.41003540814722,13.514567839118213,9.729199242756556,4.1405930946689775
5439,-98,-70.0,-154.0,16.949727747850453,13.821679106433336,4.147559378035532
5440,-102,-71.0,-105.0,12.955018306557202,9.772310333027278,4.150366795429448
5441,-112,-80.63705262961169,-223.0,12.717031341294323,10.535440695992833,3.054843261137132
5442,-94,-62.0,-132.0,14.591803879111826,11.347520708067975,3.5902532906793687
5443,-120,-86.0,-263.9575906208756,8.88362014471553,7.085094743390734,3.11036281235831
5444,-99,-58.77973078108243,-137.0,14.885995615986818,11.008011250570693,3.93315950535288
5445,-100,-70.0,-224.0,8.012373255210258,5.653552944040619,4.124360487137879
5446,-102,-59.0,-148.0,14.61447092377904,11.38629453940121,3.9014524803455193
5447,-95,-62.0,-148.0,14.225890510098685,10.630079512864905,4.189045845055804
5448,-103,-64.0,-155.74448685023185,14.555592961158954,10.678543465625747,3.9734663721553063
5449,-105,-77.0,-191.0,12.17242272189639,9.832908701187344,3.396743443991724
5450,-89,-60.0,-165.79181444811576,17.85979387466846,14.487133241133844,3.8395683861189513
5451,-94,-71.0,-162.03064835140256,16.65819135856362,13.424287481472982,3.879792549332593
5452,-96,-59.0,-143.0,14.397856638215298,11.017676080837148,3.900789186237249
5453,-88,-71.0,-125.0,16.59246905494441,12.703033778048033,4.1633273250078044
5454,-120,-87.0,-294.0,7.354143355346692,6.7501884030423085,3.16844253213579
5455,-100,-68.86536766857512,-189.39048434001435,9.668583116506095,7.249175477478436,4.124565987494021
5456,-112,-79.0,-253.0,11.936795635315022,9.246223978492614,3.371034551456097
5457,-112,-75.0,-228.0,12.526962144964672,9.870724738616154,3.3443736442494085
5458,-99,-72.0,-220.0,7.858665868553242,5.570584229277064,3.844599700530471
5459,-90,-58.04270845638714,-110.0,12.938686533651659,9.08653569522092,3.75439440256337
5460,-88,-62.0,-172.8647620783457,14.348746097670602,11.045243457477987,4.380407390542678
5461,-114,-84.27230890104283,-206.0,12.622541710766884,10.644149969038924,3.405928776928425
5462,-95,-72.0,-111.0,14.523430925480032,11.354631356449346,3.701376141543586
5463,-101,-60.0,-131.0,14.973473551917264,11.4784859404088,3.576870166911501
5464,-98,-65.0,-170.9585873044334,16.09967593484606,12.46796389179026,3.9597506186733566
5465,-94,-62.0,-169.61003070328456,15.39257350774382,11.869040313005112,4.005820977088639
5466,-115,-86.0,-284.0,5.983006905198127,4.528413514701156,3.4318782028826678
5467,-98,-76.0,-175.0,11.913930704313586,8.947486768734683,3.7436052879780366
5468,-118,-85.0,-261.0,7.930120682277762,5.575532461206324,2.6564100008316758
5469,-113,-72.0,-166.10060477601093,7.998585167805253,6.236478037663628,2.6814704918810937
5470,-104,-75.0,-187.0,11.986344490684214,9.91720097495086,3.909398934081688
5471,-104,-78.0,-247.0,8.407097953234151,5.392195553912618,3.968463015922858
5472,-102,-62.0,-121.0,17.61463725581918,13.989404509625723,3.678553943371543
5473,-95,-65.0,-166.27137636046504,16.6612249781097,12.939611412639032,3.6912756269465024
5474,-102,-65.0,-164.23675501265419,14.559913673168468,10.698513823907362,3.7405642251868088
5475,-85,-53.0,-77.0,23.65483793962674,20.90080051940616,3.9343799591694086
5476,-93,-56.7686846541517,-174.27242098667853,13.945046959562294,10.13865519007296,3.858239192761178
5477,-99,-59.0,-138.0,16.589353607003133,13.017097151664968,3.794466206035057
5478,-94,-67.0,-164.680637996967,15.831417360972043,12.69691616432566,3.832963329506522
5479,-79,-49.0,-74.0,20.036244630974984,16.25290686778752,4.01338749463591
5480,-86,-70.0,-109.0,16.13819589919369,13.03055479120306,4.606972464101987
5481,-87,-60.0,-147.0,15.999852046671286,12.343370547638974,3.9491993691135954
5482,-85,-64.0,-139.0,17.063024662125535,14.110536018251638,4.332673439749333
5483,-98,-72.26640749875948,-167.0179983361076,17.701354451118924,14.358891456611344,3.8363260612768464
5484,-104,-71.0,-156.598328522923,7.655855209851053,6.404969047840634,3.757467642294263
5485,-114,-82.0,-207.0,11.150569456528114,9.183413067498437,3.548354881558179
5486,-86,-60.0,-155.0,13.63154229984027,10.60878914130095,4.028949744439153
5487,-87,-72.0,-131.0,14.549207118089267,10.740345079996652,4.124019384322349
5488,-98,-60.0,-125.0,13.247210208827664,9.893839437010335,3.662131701650563
5489,-112,-75.0,-165.27237747349255,10.22758910885388,8.159431851507502,3.753096308058177
5490,-89,-60.0,-165.14350512685252,14.839920131349276,11.555468232999669,4.2419904948219775
5491,-117,-86.0,-247.0,8.443576439923712,7.187867783332036,3.3410450584182025
5492,-111,-75.0,-180.98747083627217,7.8077360224996655,6.517083063627372,3.610275608810464
5493,-100,-70.0,-186.0,10.907351671380123,8.36833284171388,3.97293967812166
5494,-119,-80.91012717693276,-286.0,6.35181527686426,4.48928561552256,3.2169002344382536
5495,-87,-68.29631441888216,-141.0,17.458270818252934,13.982641926273253,4.159270268363279
5496,-114,-75.0,-201.0,12.328512327412804,9.056582880640184,2.92467863290322
5497,-85,-65.0,-131.0,14.373515344587542,10.398711689158464,4.2923115160861975
5498,-86,-66.0,-130.0,13.223009835973462,8.83393940578173,4.027818686640451
5499,-112,-79.0,-184.0,13.307151302219212,9.89148868102262,3.102947150143116
5500,-92,-58.87262888154525,-132.0,16.648439009392177,12.701760766685473,4.2301179375513405
5501,-78,-55.0,-96.0,24.73429002289491,21.85734639736718,4.153641124676275
5502,-99,-60.0,-113.0,16.8143143581313,13.414603488879646,3.452248344989976
5503,-97,-67.0,-126.0,15.93345702465306,12.642763012381993,4.1462491410584645
5504,-114,-72.0,-200.0,10.277150326044444,7.714390011373327,3.302374151732463
5505,-101,-74.0,-243.0,11.152612654536384,8.996666116954962,3.5404192893307846
5506,-103,-71.0,-243.0,11.372157424359091,9.070395852035258,4.0507186919280205
5507,-97,-70.0,-164.81920317219453,17.142168762126634,13.911566907573178,3.4827291721700364
5508,-105,-77.0,-219.0,10.77007966380577,8.57480618688368,3.3476832435926798
5509,-80,-55.0,-103.0,20.25929555382905,15.872566548095424,4.144831114509289
5510,-84,-51.0,-87.0,22.878567630123463,18.58409569667693,3.82075657335552
5511,-98,-80.15579902435657,-201.0,11.11267691845465,8.10724849233888,3.635680163021141
5512,-113,-84.11345904787093,-172.99166319215988,10.388954410543892,7.77646738478349,2.991744089852024
5513,-110,-77.0,-213.0,10.60200193668104,8.134113604097585,3.879817346457255
5514,-112,-79.0,-155.81799784189994,9.14413069488884,6.295957693190514,3.056199010433693
5515,-100,-70.0,-103.0,13.44335085265252,8.719580516270227,3.887642155672717
5516,-85,-71.73695659519271,-110.0,15.096331079627404,11.109247853808654,4.02180950268907
5517,-112,-76.0,-195.0,14.03619196105217,10.428070699955894,3.137387793416051
5518,-111,-71.0,-225.0,9.227801374136849,5.905773061308832,3.66416562860399
5519,-92,-64.0,-180.89826198303638,17.585616081833184,14.164739812813655,4.371497299174451
5520,-87,-70.0,-108.0,13.01787207518588,9.151578939313064,4.152234102576367
5521,-100,-67.0,-145.0,15.522139456923757,11.620103318532095,3.693681826430025
5522,-101,-61.0,-132.0,18.061947941117573,14.881912778379473,3.730538943932033
5523,-80,-49.0,-93.0,22.91195499282032,19.2236902833758,4.387346952031056
5524,-107,-83.12508434206127,-219.0,11.261296553889633,8.891521596541853,3.6032854790289433
5525,-113,-88.0,-270.0,6.972232310087822,5.218276425223726,3.183416726260346
5526,-87,-63.0,-150.0,17.348078293427633,13.428854257232516,4.034284551133165
5527,-85,-61.0,-109.0,16.238644612912957,13.131683251356078,3.929712587134973
5528,-101,-62.0,-108.0,13.415440634981113,9.291748725660996,4.239422333083435
5529,-85,-57.87655205603626,-174.60137142170447,11.656821549070193,9.422192811297414,4.176597245472811
5530,-99,-72.0,-161.67078124050138,12.900833542194368,9.151496094266529,4.378722691959773
5531,-108,-70.76142297881995,-225.0,9.570592275636017,7.050443498585469,3.3544750956400367
5532,-103,-62.0,-160.59772472875446,16.541357556462376,12.736773990289352,3.900781517827201
5533,-94,-66.0,-108.0,12.999722340153552,9.435272064124046,3.8432066010757007
5534,-117,-82.33526388484407,-282.0,6.478577468201669,4.902075380732089,2.9023352038360843
5535,-87,-66.0,-156.33249438816168,15.243075873859963,11.811937171669214,4.0866168400732334
5536,-79,-62.0,-75.0,22.205392394689788,18.36492808778989,4.577066495346746
5537,-105,-78.0,-194.0,12.39487739132767,9.215835678887824,3.76811999298424
5538,-88,-65.0,-149.0,12.540579753487236,9.899092700801008,4.1384358053520245
5539,-115,-80.36473982271217,-285.0,6.505603397170972,4.771118831869016,3.0342927970643694
5540,-90,-71.0,-105.0,15.629560331920915,11.858564259811525,4.245462179353796
5541,-102,-70.0,-111.0,17.724095260299357,14.004309272875435,3.702460538726456
5542,-92,-60.0,-149.0,14.767077053790691,11.155108381008947,4.310841314756534
5543,-109,-69.50317080067661,-211.0,11.405459036682789,9.326606267735505,3.29191253116799
5544,-106,-80.0,-222.0,11.007501956411348,9.421240022377448,4.014221619320516
5545,-92,-65.0,-115.0,16.36038314370637,12.9326344518364,4.489578825920803
5546,-100,-67.0,-144.0,14.16371819449385,10.556874909994134,3.64465473568672
5547,-100,-63.0,-163.32420753640577,17.43277842112297,13.776323481036147,3.449825402038006
5548,-102,-83.77369117767448,-235.0,7.998354732626731,5.760409601821289,3.761083787947192
5549,-97,-61.0,-164.6509782909311,14.735511852751628,11.08824479863488,3.917125117736341
5550,-94,-72.0,-163.21672413244116,14.386760228124992,10.87161815915314,4.20541692979499
5551,-114,-78.0,-188.0,11.69542502107106,9.487239648001554,3.241747739551301
5552,-113,-84.0,-270.0,6.489517892516888,4.761046817394652,3.177438728863094
5553,-89,-63.0,-137.0,13.341048702995982,10.24168465962846,4.074741274481836
5554,-109,-80.0,-183.0,7.4182227072689475,5.977412092582655,3.537465888346236
5555,-107,-72.15351050517104,-181.0,8.699299868112535,5.950941221772935,3.362248437872771
5556,-101,-63.0,-171.01702177697135,17.62406459259887,14.18637470960186,3.635009473871345
5557,-85,-72.0,-106.0,14.532074891515167,11.23301482565637,4.417655712821372
5558,-105,-70.0,-253.0,11.51905982904207,9.2083659554219,3.597022989689673
5559,-103,-67.0,-103.0,17.758517605562126,13.82638158752803,3.680439292216699
5560,-102,-72.25938194415782,-188.0,9.060839481623947,6.180141580172838,3.7799010389124414
5561,-92,-72.0,-163.40543193501972,16.196775462676104,12.319428425729043,3.970974978448296
5562,-96,-66.0,-103.0,15.544809030066087,11.679811769338883,4.1345462802524535
5563,-99,-64.0,-135.0,16.08223679694553,13.456766216068432,3.694791438892287
5564,-96,-59.0,-172.72971098598413,14.482913249834915,10.864584156906336,3.888475136252018
5565,-108,-80.0,-249.0,10.214199023379413,8.146115961983165,3.586582394060529
5566,-96,-72.0,-163.79933141709418,14.549766664456987,11.302765754264303,4.346558361202905
5567,-96,-68.0,-155.0,16.78448219722955,13.7311723515445,4.167643204070716
5568,-89,-59.0,-162.60873357795,12.776844119200636,8.915878795848814,3.615528815267397
5569,-95,-63.0,-121.0,18.29908910875761,14.211979507077976,4.113789536001689
5570,-98,-82.0,-180.26008742331226,12.701488881601863,10.417240061487334,3.7506487538550446
5571,-96,-63.0,-166.9320393508268,16.227455922170737,13.055775109338324,3.840240481327377
5572,-103,-71.0,-215.0,8.275324050316248,6.655946836466574,3.996053522847335
5573,-113,-80.33392402861656,-251.0,6.106505913371224,4.804166580375101,3.3266053024818474
5574,-87,-68.0,-137.0,14.583548150831568,10.738691827615051,4.176436603114407
5575,-85,-59.0,-106.0,16.191172765312686,12.846620192262304,4.512452582011755
5576,-105,-79.0,-212.0,10.493424112245657,8.514045419819784,3.437026542093099
5577,-94,-63.0,-142.0,16.727276572818727,14.048005095889458,3.6346095994094414
5578,-118,-81.6034851104793,-268.82214863370643,8.209605503830312,7.1033888469673485,2.94282738638397
5579,-103,-66.0,-159.07747026830555,15.265215090065004,11.37893348447354,3.7850840293589343
5580,-101,-64.0,-126.0,14.739113096884036,11.181727560462054,4.218705617842573
5581,-91,-62.0,-136.0,14.973261658109516,11.419279084294658,3.9077208257377434
5582,-103,-70.0,-253.0,9.496548635635635,7.22793980553909,3.666513088667213
5583,-111,-79.0,-243.0,12.770251908761363,10.579439194550163,3.219957103170773
5584,-87,-50.0,-76.0,18.155249672080878,16.26707719413745,4.267625998405268
5585,-87,-61.0,-70.0,18.854141235110507,14.887120134309816,4.139836654528435
5586,-97,-70.0,-174.1364632601746,17.959540195029884,14.081877222924078,3.8841026714064806
5587,-99,-81.94887531297327,-198.0,11.023983919029401,8.292720477358303,3.894915954157896
5588,-109,-72.0,-218.0,9.28664957724061,6.747923225980975,3.4377227114998457
5589,-105,-77.0,-206.0,9.210953546358528,6.150053312275251,3.479013525117165
5590,-108,-67.83358466308202,-181.0,13.061603594134183,10.260462569591546,3.745225383626132
5591,-110,-80.0,-194.0,9.352253868111449,6.400783281601063,3.691353769767952
5592,-114,-81.88038376153617,-186.0,10.246794088402266,7.985472081634311,3.154061755540543
5593,-91,-69.59986948992004,-166.83781491539534,16.75708306605004,13.240792774567897,3.730553685614173
5594,-112,-88.0,-275.0,7.686119554609418,6.812426604220691,3.1592141390116346
5595,-107,-75.0,-226.0,12.156965140085958,9.946896482954545,3.423773569468014
5596,-91,-60.0,-90.18063890915916,14.184700033597752,9.201022807185426,4.321450862905894
5597,-112,-74.12456919949082,-244.0,9.080667616955497,6.258228095574437,3.241062187899109
5598,-98,-68.0,-146.0,15.30676352918373,11.599312894258768,3.874477677551032
5599,-119,-84.0,-293.0,6.998663321752889,5.685091492964453,2.906020381110624
5600,-86,-66.0,-115.0,17.109605015767176,13.65739548642635,4.124499681507749
5601,-109,-78.0,-239.0,10.915444119851449,8.179268755159574,3.272676329839936
5602,-85,-73.18586882663571,-166.4355674351591,12.214946228929078,9.54969028467993,4.224707096173329
5603,-87,-68.80374027790067,-152.0,16.502606115170774,12.525690388269975,4.144428096453373
5604,-87,-64.0,-148.0,16.037122975679726,12.495422525926474,3.8420422988110112
5605,-75,-61.0,-97.0,20.36907907248291,16.792463579416808,4.508993680212837
5606,-98,-70.0,-138.0,16.56070563776251,12.678588609142556,3.547339087657065
5607,-110,-82.25019949021515,-241.0,11.714099333326343,10.637562060814313,3.1224330482548623
5608,-113,-71.94301099919068,-185.0,9.818559533694607,7.364762917157207,3.5437160249433517
5609,-99,-82.0,-202.0,10.43498171685662,7.514090488540237,3.7668446034355534
5610,-91,-71.0,-154.0,13.941491619405415,10.49591258998987,4.4194617768508015
5611,-98,-77.0,-212.0,9.30811152757419,6.39043052964625,3.800547688914764
5612,-104,-85.18185556577588,-182.0,12.383802100920963,10.6048864100871,3.971319087115498
5613,-110,-74.0,-190.0,11.850372245248458,10.069914036821462,3.33946244919692
5614,-89,-60.0,-131.0,16.07369283271838,12.92493617793346,4.407184837455917
5615,-94,-59.0,-165.08109241299923,15.141571979375431,11.489244993005212,4.243642165323052
5616,-115,-81.02419510756599,-243.0,8.562922093040394,7.316227534926323,2.930439840203751
5617,-90,-66.0,-153.5399572432137,17.7235433222393,14.405714402844868,4.045983708667138
5618,-103,-70.0,-163.43891244583065,15.58317681783083,12.556210390645989,3.912787176365725
5619,-92,-61.0,-163.14617760869226,14.426664535521423,10.465929997669232,4.001624529878503
5620,-88,-63.0,-170.21194183250788,13.8083279383288,9.877170224438755,4.285115905708139
5621,-113,-84.0,-261.0,5.796056567037286,4.785974896139049,3.0637002210475
5622,-85,-66.0,-110.0,12.74904634244881,9.904872875239649,3.9900994951019904
5623,-96,-60.0,-123.0,13.280769030309603,8.8792254942136,3.6012467255911305
5624,-99,-64.0,-107.0,14.70970778091217,9.707956893091694,3.847733939164251
5625,-75,-48.0,-93.0,19.71380776286816,16.5759875572515,4.445548370130672
5626,-100,-59.0,-147.0401303498105,16.538787421128333,13.186104675482026,3.518828500213974
5627,-97,-62.0,-151.41654743015587,14.162925023278332,10.591697645278789,4.156612707351997
5628,-108,-70.0,-195.0,12.756864200521276,9.961805954364864,3.616556805798093
5629,-102,-70.0,-131.0,11.468377981084537,9.068996480055334,3.841638035651697
5630,-103,-66.0,-146.0,14.830615102714605,11.09509777583062,3.8650510573009385
5631,-91,-62.0,-129.0,15.427089217215707,12.084023849991093,4.234419180283794
5632,-120,-79.94355951954813,-263.4985819133291,6.8412540828740935,4.88488015397404,2.865862037530272
5633,-100,-77.0,-210.0,9.594207431675844,7.491779361672367,3.849512779201567
5634,-75,-52.0,-85.0,22.078508732742087,17.68616227559958,4.405050297773703
5635,-87,-64.0,-145.0,14.66562472541252,11.494360674254018,4.037349892386987
5636,-85,-66.0,-174.91214891928848,15.66607653545574,11.82727926481584,4.319797866301687
5637,-101,-68.0,-122.0,17.65944792748389,13.536499690963488,4.008851866115807
5638,-89,-71.0,-105.0,16.66259599681096,13.32411699973736,3.948830096657839
5639,-87,-67.89237149856801,-139.0,13.837184919998021,10.12898880230291,4.087823227796758
5640,-101,-72.46671250588214,-196.0,8.973136505833978,5.616021361632612,3.983920112578136
5641,-99,-72.0,-134.0,14.064976905568134,11.022291895921612,4.011931652745229
5642,-91,-65.0,-112.0,13.44006460609651,9.071877377781012,3.6152068335221546
5643,-97,-68.0,-141.0,17.35437701857342,14.163879084196536,3.980850169115204
5644,-117,-87.0,-286.0,5.605532870942863,3.730290910425481,2.741285314402408
5645,-102,-68.0,-103.0,14.007430421784475,10.624881248973834,3.934224986221381
5646,-99,-80.0,-178.23351549738726,13.911167568953259,10.503010268753208,3.704237018416627
5647,-96,-73.11171925472149,-135.0,15.929819408561707,12.712473056808868,4.06046933643812
5648,-90,-60.0,-179.54113935845686,16.27303838085654,12.427856736948696,4.314598455050369
5649,-120,-88.0,-285.0,8.022520911671787,7.222843506592653,2.6810209890180663
5650,-113,-84.0,-261.0,8.30941886738821,6.821021349005662,2.7322268235876286
5651,-90,-72.90358174144826,-104.0,13.756995048092122,9.853985600719016,3.75029934487325
5652,-93,-73.14918409768326,-155.0,13.808192205849386,9.744613280594796,4.54694330858983
5653,-95,-64.0,-165.75660408765722,15.304741278973388,12.070907216019794,3.7383224380934896
5654,-85,-63.0,-113.0,16.523067434599984,13.00935842377517,4.499296073902067
5655,-97,-60.0,-142.0,14.963594878611254,11.396552375950415,4.123545733322789
5656,-95,-66.0,-161.31409049870422,12.985158390035842,8.657550615561117,3.874402942670535
5657,-102,-67.0,-160.31867951112775,14.182877893111788,10.25016135226723,3.926708586719504
5658,-107,-80.0,-208.0,9.257248255469468,6.434620962034227,3.215905281401612
5659,-97,-65.0,-141.0,16.132145887193925,12.359366898306504,3.99124624814519
5660,-99,-73.10650332817833,-237.0,10.375419962264877,8.11979268408288,4.18483623298919
5661,-95,-61.0,-140.0,13.130239916811927,9.66933441980747,4.218299212984261
5662,-92,-62.0,-124.0,12.955608616852862,9.47846679783765,4.183510447900668
5663,-102,-65.0,-137.0,14.157802784717317,9.698792192638605,3.458500279230373
5664,-89,-56.0,-104.0,18.351135572291714,14.07235637551646,4.099389265341963
5665,-95,-63.0,-166.78321619567183,13.289349246431819,10.189429777714365,3.9325397203589074
5666,-101,-79.0,-227.0,12.260603452724677,10.20434909538952,3.618750506554657
5667,-103,-80.0,-205.0,9.051445054228404,6.012127142352504,3.4732247872955675
5668,-92,-68.0,-124.0,13.411234261166053,10.328245026744517,3.939170778391534
5669,-100,-67.0,-149.0,17.74231090894285,13.549971385938722,3.7222519374975
5670,-83,-60.0,-108.0,19.942400237499697,15.886640184153194,4.380181275176198
5671,-101,-59.0,-161.0539421437376,17.292292279748775,13.575149387170578,3.8082322489729816
5672,-116,-82.0179567035864,-251.0,6.160240308265931,4.795645093718775,2.8645441748828304
5673,-88,-59.0,-104.0,13.320996309227402,9.422673762101628,4.513686889648556
5674,-96,-67.0,-155.0,16.24562318368205,12.983267238544869,3.7796793612046415
5675,-102,-59.0,-163.79400631868126,16.59060318280906,13.382342808938622,3.508570601866192
5676,-91,-71.0,-153.0,12.214081663891992,9.679321766118331,4.270637973312185
5677,-97,-60.0,-155.0,12.187896920265658,9.380419543633629,3.960560708375032
5678,-102,-82.35637461262422,-163.5819285486439,11.661290683746474,9.310207184248217,3.561432221969544
5679,-103,-71.0,-202.0,13.31255328293239,10.392057779487558,3.4372371550146834
5680,-106,-72.0,-201.0,10.478760346203485,7.852074381177589,3.359909366549897
5681,-105,-69.19859927700954,-191.0,11.200647756776739,9.532201925579928,3.741964263935055
5682,-110,-74.0,-209.0,8.65279533746121,6.34016969390284,3.773098872229648
5683,-82,-49.0,-79.0,20.15427054973242,17.3721551778196,4.222826196520717
5684,-112,-71.15121700905819,-180.0,10.40090147060296,7.728900442644431,3.0191512598696955
5685,-89,-67.0,-129.0,18.0188531823792,14.460053578566884,4.257279371270602
5686,-108,-83.25129950280372,-174.5366121259561,9.536761266758097,7.280203993471963,3.431904020526122
5687,-101,-77.0,-165.47535378413988,8.92158205824197,6.69356894917925,3.8258325595969054
5688,-98,-69.55321370868721,-214.0,12.621059381386894,8.994639623144536,3.8289340903043
5689,-108,-79.0,-215.0,11.693750847115291,9.348884481665868,3.4226410020534157
5690,-116,-84.0,-243.0,6.392192823259324,5.288444564062409,2.7073387634219976
5691,-99,-74.0,-209.0,12.148556131565062,10.50948493998497,4.0161617364095
5692,-108,-71.0,-184.0,12.337113052850542,10.01945032864921,3.3254417425342764
5693,-88,-52.0,-87.0,20.02141590644213,15.136095004450723,4.01679150527884
5694,-84,-53.0,-96.0,18.53174279594653,14.57450201496049,4.485677374686097
5695,-90,-61.0,-152.0,16.609131696280123,13.651223327777426,4.1896218339813664
5696,-89,-64.0,-138.0,11.941449527598497,9.809346862008825,4.006464810357168
5697,-106,-75.0,-203.0,11.708335614805025,9.384229522010624,3.6477139024049823
5698,-108,-83.80796360244786,-236.0,10.15352366547794,7.740694958726165,3.417986003344693
5699,-109,-82.0,-239.0,10.013540547448288,7.26390061156402,3.658141568186713
5700,-89,-61.0,-89.83428298337849,12.964382982855726,10.051486978648628,3.893962455516016
5701,-114,-86.0,-275.0,6.657782111633503,4.958176394202178,2.909343979494815
5702,-101,-68.77919545834534,-174.78711999898914,15.684311890079329,12.554057132131298,3.920974406552813
5703,-94,-68.0,-133.0,17.1645861504526,13.838582950103696,4.223046919713687
5704,-89,-60.0,-127.0,14.54106842621614,10.7611775362676,4.1790379669384805
5705,-92,-70.0,-152.0,17.457696004927087,13.96391732874202,3.997083508097097
5706,-107,-72.94601841974662,-229.0,13.281893936223256,9.54712353977132,3.737790376943601
5707,-94,-73.46609155277623,-163.97984873037393,15.747103955321808,11.922280500812075,4.36439245618659
5708,-120,-82.0,-252.0,6.814945075979266,5.517827665998466,2.443943692510966
5709,-103,-72.0,-180.8949872684609,11.996063921634171,9.10241575849139,4.078280908367292
5710,-80,-59.0,-93.0,21.30177787178686,18.93458830622226,3.881658074105915
5711,-75,-48.0,-78.0,18.5450583515989,13.86362214917176,4.28014111411876
5712,-89,-63.0,-121.0,15.802398282030724,12.33520773114472,4.48554499059444
5713,-85,-61.0,-152.0,13.114833379595986,9.229517249541283,3.8790049425299022
5714,-89,-52.0,-77.0,19.180294280378348,16.975108608058722,4.045720280172148
5715,-84,-57.0,-94.0,22.4257463006326,18.681776246382675,4.155721418321663
5716,-108,-80.0,-170.4218316037287,12.681870350016771,9.318824076098904,3.3178427624077504
5717,-90,-61.0,-148.0,18.230513303462335,14.846418866382905,4.291364220258089
5718,-96,-59.0,-146.0,17.161634854748897,13.343251955818197,3.951759191433762
5719,-103,-68.0,-106.9554014463115,13.769133961524648,9.988269087523168,3.634800069600489
5720,-118,-84.0,-257.0,7.30909225276283,5.448574063807056,2.821744825221075
5721,-76,-63.0,-88.0,19.484626117942923,17.4075130961421,4.411798407083794
5722,-110,-75.0,-245.0,9.529939387526694,6.644552304799132,3.2018852241609594
5723,-94,-58.48885471159584,-163.59358849436902,16.353565929128973,12.968570260372095,4.03454850698119
5724,-92,-62.0,-106.0,12.944155577620105,9.5185863920571,3.8814182376703648
5725,-87,-73.16702480733429,-174.02159939615993,11.748185325326034,8.883845201917929,4.328888874893575
5726,-95,-68.0,-157.85799795091063,15.60500049277978,11.799722741694753,3.870065521909325
5727,-99,-76.0,-206.0,12.809514716503283,10.08050938692678,3.788405026082934
5728,-102,-59.0,-161.31748229334488,15.37601144241047,12.23998810638375,3.822110504531316
5729,-98,-60.0,-138.0,15.769182505825428,11.902564572636477,3.933324683598468
5730,-97,-67.0,-158.97231416982146,17.245573718676972,13.87266517435876,3.679800339810986
5731,-78,-53.0,-90.0,23.5117712994608,20.77118007867616,4.42782743578766
5732,-100,-68.0,-141.0,13.74822674453254,9.411466735290333,3.980196492622412
5733,-114,-78.0,-250.0,12.196395146224939,10.241064993689347,2.731556364686932
5734,-86,-72.0,-119.0,16.55055787123903,13.129793816636893,4.4283667907277255
5735,-103,-70.0,-152.0,17.130954577882967,13.891746132668889,3.644714568669728
5736,-111,-72.0,-253.0,12.692534309677736,9.347610790185175,3.4149556588643946
5737,-102,-72.0,-169.86809551879261,14.064362851276634,10.413046903353782,3.882093388646817
5738,-109,-76.0,-188.0,10.17230308126328,7.695039180890486,2.958877653123255
5739,-110,-81.73630579358083,-205.0,10.438034800457388,8.001131308137223,3.74869619713844
5740,-101,-75.0,-180.0,13.43944661403255,9.611572067618468,4.114350578782871
5741,-86,-67.0,-155.0,16.945475864975492,13.220460789478889,4.178649143198363
5742,-111,-80.0,-215.0,11.15503011491501,8.368321306708197,3.1844447286594653
5743,-109,-82.19804962413292,-222.0,8.325209836658587,5.761586049123734,3.61197742020524
5744,-99,-66.0,-116.0,15.478955921515048,11.831885937260378,3.707417370689757
5745,-97,-67.0,-172.50769714770354,14.291574120988315,10.388127045611949,3.8317914197226592
5746,-85,-62.0,-97.0,20.44426878459873,16.321566118145583,3.76714741076932
5747,-112,-86.0,-279.0,6.034647481242251,5.022313052705219,3.375035183245457
5748,-117,-81.05297850253885,-267.0,7.949086062463041,6.39942851566766,3.336975075764816
5749,-93,-66.0,-125.0,16.317889348671013,12.356184882181113,3.5194644172338214
5750,-114,-70.0,-197.0,11.81275046295386,9.51036066799006,3.326583993495635
5751,-110,-79.0,-204.0,10.523170692581648,7.964455821422385,3.963461359156757
5752,-98,-60.0,-159.67186752960188,13.9893607598047,10.647001468421571,3.488028705027657
5753,-119,-82.0,-248.0,6.997307198649748,5.227423153923036,2.9538769975888663
5754,-114,-80.0,-199.0,11.030842963452752,9.337499809386038,2.654795934787105
5755,-93,-63.0,-109.0,15.7435645367563,12.464881860204484,3.8404696626107095
5756,-103,-63.0,-175.0,16.008991912646437,12.744757918246831,3.2263028710241746
5757,-87,-71.0,-128.0,15.072836684865315,11.607421823275777,4.090610662471311
5758,-98,-82.43127989738262,-198.0,8.584099111225951,6.2105432162830985,3.681679355920183
5759,-90,-61.0,-147.0,14.484369901101903,10.7953091284189,4.082111311400723
5760,-95,-71.37112774757614,-107.0,11.567240573714319,9.196853906291413,4.085428647315808
5761,-94,-68.0,-153.0,13.065025433593496,9.439468380002292,3.860721571238558
5762,-97,-72.0,-107.0,17.882889777093844,14.55773123905666,3.713459096428388
5763,-94,-60.0,-153.0,14.561506041565847,10.616746661586143,4.026038222443897
5764,-90,-70.0,-154.0,12.235576721818866,9.571554653826915,4.238715097915738
5765,-88,-66.0,-175.0,13.42365920267734,9.935574835168444,4.209876380808315
5766,-102,-80.0,-225.0,13.064797339868425,10.783419132660551,3.4454164949505577
5767,-116,-87.0,-244.0,6.731375705662154,5.011454006810092,3.445826891397203
5768,-95,-64.0,-147.0,16.682453984101507,12.724594667975053,3.666625724400424
5769,-107,-80.0,-200.0,10.633764064886838,7.98327181935103,3.585716407747605
5770,-105,-79.0,-220.0,11.341623736389733,9.248533220385587,3.96070126633804
5771,-101,-71.0,-111.0,12.681314584510934,9.075839942320991,3.3439131377756506
5772,-94,-67.0,-151.0,14.230478961815322,10.696215487230967,4.089976623735442
5773,-114,-82.0,-205.0,11.762671159993557,9.44034763012783,3.142410144454766
5774,-110,-72.0,-207.0,11.460342566570436,9.066653164073854,3.4145416443081973
5775,-99,-65.0,-124.0,15.04848127139746,11.575758784607851,4.171720533193862
5776,-101,-58.297790673558445,-133.0,13.423678936000085,10.09088998711708,3.4101925170499428
5777,-89,-68.0,-155.27021099294166,16.692064844861918,12.7494108970019,4.180240672758342
5778,-99,-74.0,-180.0,9.96290222984156,7.473710462038995,3.821799650619598
5779,-102,-63.0,-151.0,12.296858715441045,9.200575720440275,3.689299658528736
5780,-90,-63.0,-114.0,13.00508254773938,8.572373481785032,4.244681429793888
5781,-88,-67.0,-143.0,12.238197829904024,9.520395527899266,3.807746460743715
5782,-99,-70.69493162676555,-158.2572542775688,16.010211752281087,12.217335768342044,3.8073667702882337
5783,-87,-58.57871811481827,-107.0,11.919443331709742,8.390437631877713,4.065390295949992
5784,-86,-52.0,-89.0,23.013146218609936,19.954545412191145,4.357905158221832
5785,-89,-60.0,-72.0,24.06579956338121,21.959411490251256,4.112084722132588
5786,-100,-64.0,-136.0,16.82484316521431,13.767691227433348,3.7204760712473184
5787,-101,-78.0,-244.5081879169683,12.273683288847971,9.301573550286204,3.8265328472655975
5788,-87,-61.0,-108.0,13.041771804121204,9.16016134316532,4.209374073665016
5789,-107,-82.0,-175.0,9.219129081186493,6.3139499715332255,3.49178539790115
5790,-85,-56.0,-106.0,24.619127301017432,21.962650977956866,4.245503602180683
5791,-93,-57.93864548716758,-159.78231618857262,13.320572730289724,10.560364822074227,4.610073671697585
5792,-97,-68.0,-169.00755889711493,13.565731472093843,9.57182197559234,3.953448766680194
5793,-108,-78.0,-168.0657965197475,10.018341325449327,7.436567620547274,2.9505529442585354
5794,-110,-70.0,-205.0,8.547638513837699,5.620985001017064,3.619416291123276
5795,-108,-82.43613184391712,-225.0,9.724608241027264,6.74763539838726,4.004584549833373
5796,-101,-70.0,-242.0,12.608759886413882,9.741396501858915,3.779527008343108
5797,-85,-58.3457267365154,-109.0,13.531892652103494,9.963419155022146,3.934740111475004
5798,-107,-72.0,-205.0,10.046067423376677,7.489116576691346,3.756927746454804
5799,-92,-57.98164719378815,-181.15941528679042,17.30405488337893,13.51108155293084,3.905753728576221
5800,-77,-55.0,-94.0,22.62081794925884,20.480661447746467,4.434057094048073
5801,-110,-83.21483472491171,-185.0,8.451978960585905,5.603661991658367,3.544997671347692
5802,-101,-80.0,-192.0,11.98998178675792,9.829793478378525,3.7604607283008247
5803,-118,-83.06762675446528,-287.0,5.692808016061312,3.937006290105933,2.958982855527053
5804,-89,-65.0,-170.16047834271916,16.99126781632266,13.552597895516625,4.420414842220585
5805,-89,-59.0,-135.0,17.229495365249363,13.82678200813545,4.371103954688071
5806,-76,-54.0,-80.0,19.48179818326913,15.918674293198723,4.515610638667133
5807,-102,-71.0,-107.0,16.585492784152553,13.777752080629366,3.738930195496641
5808,-93,-60.0,-117.0,17.502689151238563,13.78182811218244,3.920948974377143
5809,-95,-71.0,-146.0,15.745657698070792,12.13974938973468,3.960406126713888
5810,-84,-62.0,-104.0,21.88200634395492,19.3369511501614,3.8807529062825994
5811,-103,-71.0,-128.0,15.254322455269708,11.43539735100082,3.846665290754719
5812,-112,-75.0,-217.0,8.882464035798808,6.071896500712225,3.3044711956285564
5813,-100,-72.0,-118.0,11.790616052967682,9.063847017446902,3.83909074029119
5814,-87,-61.0,-160.4530552555816,15.87065929551738,12.6261576049485,4.211396426052947
5815,-100,-74.0,-182.49631031249208,12.73077836610472,9.854464807196422,3.616492703880872
5816,-103,-75.0,-227.0,11.961650408248392,9.530887122827142,3.699141124470625
5817,-100,-69.14632023698498,-181.0,8.389200119640677,5.604131951966274,3.6324104081789006
5818,-98,-72.0,-150.2913689584452,14.88367406097986,11.325988572138588,4.011463407600304
5819,-98,-78.0,-206.0,9.082798686617581,6.155748029614068,3.8142234246704927
5820,-78,-55.0,-88.0,18.532971481621406,14.827413835330884,4.179805773301995
5821,-88,-50.0,-70.0,23.184692404612413,20.233109311968985,4.02164641420004
5822,-79,-62.0,-101.8456003707615,18.255815575906972,15.277869522575529,4.027696204520696
5823,-103,-68.37430062385921,-168.33414268453808,13.81953619851281,9.619788893059178,3.8738394902814655
5824,-93,-57.91873764780016,-147.0,14.632242830464271,11.610907953317495,3.791471425140768
5825,-104,-82.0,-183.12970144811814,9.543201258240968,7.300312592431075,3.668191196150471
5826,-101,-59.0,-147.5447821741216,14.272640871343969,10.565591688227912,3.891233977772488
5827,-99,-60.0,-127.0,12.905595383764624,8.120206063726746,3.6842320321120856
5828,-107,-79.0,-242.0,10.258033563084645,7.910818397057696,3.8061980979205554
5829,-114,-82.0,-238.0,11.862496551329816,9.871445979393748,2.7296471082339124
5830,-94,-62.0,-127.0,16.364094543805507,13.19911783703968,3.825316559506618
5831,-94,-67.0,-173.73178156724504,15.345592518877442,12.32556875907258,3.601811340888689
5832,-93,-71.0,-116.0,13.76179253506495,10.319211352713648,4.311708614610101
5833,-92,-62.0,-154.0,16.542868769499275,13.402080781480413,4.571160052386061
5834,-88,-66.0,-130.0,16.98006653748636,13.521208804527603,4.260912234222134
5835,-95,-67.0,-169.98884026384502,14.260036917904731,10.438257383591251,4.1276665064572935
5836,-98,-60.0,-147.0,17.607779700971673,13.698304733520027,3.9620962364834953
5837,-101,-71.0,-163.74434013022307,16.68580459696528,13.264290366909847,3.776477380210349
5838,-114,-83.70973509266037,-272.0,6.863164746399675,5.753754118630988,3.37760495823418
5839,-99,-71.0,-112.0,16.962964266010612,13.904841970842725,3.729159074032325
5840,-80,-53.0,-88.0,23.424275364777355,20.060152866412142,4.458057983349219
5841,-86,-63.0,-150.0,16.20011394320955,13.200056977168824,4.447663918413231
5842,-112,-78.95833742444367,-299.0,7.110899879646851,5.736489398124219,3.306639903411308
5843,-103,-77.0,-246.0,9.096849415815536,6.695492803594188,3.854344178650933
5844,-100,-77.0,-233.0,10.576025038330078,7.861879860206095,3.751200881439662
5845,-99,-72.34334773450017,-104.60767317452307,17.32048381306944,13.326763830630645,4.125421196567007
5846,-86,-67.0,-135.0,16.22841513562894,13.155883986125476,4.546380308060988
5847,-102,-59.0,-178.85796415491865,14.852655689098633,11.169383061704025,3.766589243742976
5848,-95,-72.33635495451193,-121.0,15.738987661803415,11.920099743821677,4.57343476719965
5849,-93,-62.0,-132.0,12.005365961888428,9.497674031514666,3.674826868902645
5850,-87,-68.86079911222097,-165.95108976970894,14.665003269671322,10.772659705936682,4.255320526570987
5851,-78,-53.0,-99.98000927159565,18.62693038033647,14.567458825300484,4.306575132724241
5852,-99,-76.0,-248.0,8.922531151396695,6.468793054232704,3.664883486036882
5853,-112,-86.0,-272.0,5.027033840075241,3.647566123538161,3.506076485211977
5854,-92,-65.0,-106.0,17.447731059241367,13.808555078609288,4.030041177802256
5855,-106,-84.25284314180024,-249.0,9.967897678477318,7.046487146262459,4.085699268604135
5856,-90,-71.77488130926092,-127.0,12.36004095979273,8.880009503640794,4.102074763101906
5857,-94,-67.0,-112.0,14.032697373256228,9.497003505975712,4.060641467995483
5858,-86,-64.0,-162.51750101846176,16.784898162181026,13.744153763102256,4.320708881227335
5859,-97,-65.0,-162.120516699051,15.879006225899747,12.487455926507558,4.126599219127047
5860,-92,-66.0,-175.0,13.271542359656623,9.642433293514102,4.108065486606655
5861,-112,-67.62945990545956,-224.0,12.366402094412576,9.2259311637177,2.962284080250644
5862,-91,-59.0,-105.0,15.828827128425592,12.485039195602427,4.577872784078906
5863,-104,-80.0,-172.2417896575634,10.575533641301645,8.188638150739646,3.39804717132999
5864,-93,-57.648904710473374,-175.87055984906357,17.71876663712446,14.148027611948816,3.7619775863128497
5865,-102,-65.0,-104.0,14.749064897708202,10.81638132066669,3.799419712120104
5866,-99,-67.0,-151.6404425295877,18.321620377955355,13.642190585373726,3.5324257735136086
5867,-91,-64.0,-128.0,16.80076414294567,13.618413034234214,3.793047657072597
5868,-90,-73.95824133854872,-155.61583600678514,12.497683548694727,8.769421622325032,3.5647652938194465
5869,-89,-68.0,-175.0,15.838671514212646,12.407797017455646,4.306781183807399
5870,-81,-50.0,-85.0,21.574917608258,19.4800518270419,4.618898570171795
5871,-103,-64.0,-109.21489374062585,12.763684312252328,9.306289785293972,3.725546839512224
5872,-87,-63.0,-159.18853141834916,14.09813119918169,10.811289029640427,3.901653816639678
5873,-102,-60.0,-166.71397788323839,12.190459568492098,8.35902986818402,3.7323805490725617
5874,-109,-74.00526393508949,-189.0,10.005650818995525,7.082954019361948,3.752221456597126
5875,-100,-70.0,-130.0,15.83371044855991,12.229439014391712,4.047126699826958
5876,-89,-62.0,-122.0,14.091767478360714,10.015559446403724,4.301570602050898
5877,-98,-73.2491331241398,-167.85529994540568,8.234962225473925,5.702326024539742,4.120481913055087
5878,-86,-67.0,-148.0,17.713387589221554,14.046675830188558,4.509797537653347
5879,-91,-63.0,-123.0,13.666486248020407,10.307602316565251,4.0261744371875565
5880,-90,-68.0,-138.0,12.776255192424134,9.08906574133518,4.253960015564347
5881,-93,-71.0,-127.0,14.012190989379876,9.112944960488203,4.324061047434823
5882,-105,-75.0,-179.81824562899368,11.49180494292496,9.230692579813216,3.671662094020618
5883,-96,-62.0,-149.74141737316398,14.511689537662305,11.507020475914924,4.113336063770868
5884,-110,-82.0,-249.0,9.265791965746974,6.598210317930459,3.4849682129296555
5885,-103,-63.0,-129.0,16.46029831539061,13.391428955586177,3.580376118235447
5886,-93,-68.0,-169.61891193107985,15.602054429815055,12.33377941456504,4.323030635945871
5887,-104,-77.0,-183.0,9.056106594010936,5.857540916504686,3.504121278728669
5888,-103,-63.0,-155.0,17.41382362384185,13.614641839110057,3.4644999621025714
5889,-105,-71.0,-181.0,9.444154979933032,6.29594246175048,3.520030110253181
5890,-102,-67.0,-174.55392371448622,15.740303300376013,12.152549075652152,3.791073101755517
5891,-77,-63.0,-93.0,24.91030840993969,22.085160917305057,4.331803627659268
5892,-78,-63.0,-78.0,21.26301154336818,16.937579286947688,4.270461257574466
5893,-103,-74.0,-226.0,10.374897586072493,7.825561450524731,3.2898425862841094
5894,-100,-66.0,-186.15115441354124,15.338950268426274,11.364415432079214,3.549219914640505
5895,-85,-65.0,-131.0,11.677781787343282,9.160325276673449,4.1931723312751
5896,-89,-63.0,-103.0,14.843110158025745,11.301297168429144,4.527677721581275
5897,-108,-72.0,-203.0,9.401750927865722,5.9208754591450425,3.4630402293870177
5898,-100,-74.0,-235.0,9.354845818417283,5.997284274504635,3.5092151419104574
5899,-81,-60.0,-89.0,22.8470174657431,20.44782608302021,4.408948509905837
5900,-96,-58.40530098783666,-178.97286089608832,13.431092462539343,10.283729041608474,3.837548761278883
5901,-80,-62.0,-110.0,20.00637136144376,17.51127658513957,3.900717673950349
5902,-112,-68.0210417799272,-167.798267098783,11.598758343945018,9.98896165164107,3.6790021283369296
5903,-86,-67.0,-167.45566909450105,13.83154744173159,9.890170298654908,4.500817576176536
5904,-113,-80.0,-223.0,11.43830862533772,8.786929050211375,3.171064954428469
5905,-88,-69.45601883666691,-140.0,14.610977112275425,11.165404843237082,4.320269005875996
5906,-113,-70.0,-182.0,7.955688046434104,5.525887766127785,3.148269523257869
5907,-90,-64.0,-155.0,16.48869101632913,13.256693868292649,3.9685554062776416
5908,-94,-65.0,-103.0,13.802112137062219,10.60449204807922,4.149044967977183
5909,-103,-59.0,-172.34418332489065,16.484915854582486,13.152359736858138,3.697938866019848
5910,-87,-59.0,-155.0,15.635402451432103,12.124432817518413,4.325772431944726
5911,-114,-72.0,-191.0,11.75928230837378,9.228812915392922,3.5949967216429197
5912,-112,-76.0,-217.0,9.841906485243635,6.93781616789001,3.601675454315883
5913,-84,-54.0,-108.0,18.59475617937649,14.528956394446832,3.927894083251696
5914,-89,-57.0,-71.0,23.03235589610281,20.08251587873924,4.26573810316541
5915,-93,-59.0,-97.55137299400381,16.509515482940994,14.03857236571905,3.573511079414115
5916,-112,-85.0,-240.0,7.994629191361309,7.063227956047015,3.361977586866836
5917,-120,-82.0,-242.0,6.2486677597636255,4.48029563832173,2.9155590098975184
5918,-98,-62.0,-134.0,14.297301892511994,10.482547347963887,3.9530299373839455
5919,-93,-60.0,-132.0,12.75710484508502,8.755264870037788,4.497295525192261
5920,-117,-80.93772784655278,-281.0,7.093423157400232,5.647308367037728,3.1918549583850657
5921,-85,-53.0,-73.0,22.78978467794128,20.44188337846112,4.219399925455961
5922,-102,-82.11554014312462,-251.0,9.856675664835205,7.188952268139488,3.3971304723170745
5923,-99,-64.0,-154.0,14.175424390311976,10.058656247509097,3.700954432840629
5924,-114,-68.6355158467942,-208.0,11.803052771295144,10.047080832127447,3.109148491105154
5925,-91,-63.0,-108.0,16.92330080580794,13.242987085908194,4.067349610982515
5926,-112,-87.0,-284.0,8.329952288552903,6.890735231561735,3.4095619481968327
5927,-99,-70.0,-173.44057347045432,12.950376428563969,9.56437263997623,3.446807228442057
5928,-85,-60.0,-175.0,18.35923346759975,14.579885574702216,4.142401029251339
5929,-100,-64.0,-181.09247970392894,16.604301908639037,13.412093533957185,3.778802582737759
5930,-92,-64.0,-149.0,16.573599020524135,13.55416412832588,4.299209269609928
5931,-100,-75.0,-182.29541824005392,10.895491291427405,8.378407860654601,3.9772278564295287
5932,-86,-65.0,-139.0,11.73796715069566,8.128682843342995,4.035816141659023
5933,-107,-80.72528136432706,-245.0,10.416423463108435,7.713705329738607,3.436124922287128
5934,-98,-77.0,-208.0,14.240079055369096,10.151010969614635,3.354275507707629
5935,-114,-78.0,-182.0,13.306896873436923,9.967588030792465,2.6103957603231462
5936,-86,-62.0,-133.0,14.853022883160117,11.761543359908718,4.093710915065653
5937,-74,-57.580816145484086,-83.0,18.60835771876992,15.627011375380633,3.948395137483959
5938,-104,-79.0,-213.0,10.681349045431684,8.579595221418563,3.6654069676399863
5939,-75,-62.0,-95.0,21.75444173165896,17.263026881101588,4.527131308281362
5940,-93,-67.0,-105.0,12.52143408950045,8.501015641757238,4.117029352887581
5941,-100,-58.265687045739696,-145.0,12.222766928308173,9.352863941008444,3.9952721218220697
5942,-106,-75.0,-216.0,11.925758623795522,10.10500467513648,3.732052745218908
5943,-93,-67.0,-139.0,15.403957465139513,11.930684882319897,3.977129142164597
5944,-102,-63.0,-144.0,15.28832436957466,11.468912448988966,3.930135750588128
5945,-92,-70.0,-131.0,17.141070526022425,14.602412170900395,4.155766422261234
5946,-88,-72.0,-126.0,18.13031755762234,13.958069403355914,4.195253129127067
5947,-119,-84.00736137242386,-271.0,8.090797282278118,5.735791364859743,2.992743138507286
5948,-103,-70.0,-107.0,17.370374906082883,14.45450971650934,3.8685482770348094
5949,-99,-72.51241321790346,-210.0,9.310775047162464,7.306055720136927,3.685971314027337
5950,-79,-52.0,-92.0,21.248283053223737,17.173960867505883,4.401707125615438
5951,-94,-68.86412211435994,-180.392876608441,16.537782371291804,13.455205927510743,4.060300438134075
5952,-103,-76.0,-175.0,12.827215539374523,9.518252693963476,3.534090863047484
5953,-110,-74.0,-252.0,12.15586831293484,10.178635815176218,3.0004665114622604
5954,-87,-60.0,-108.0,13.675255496005512,9.702509282508595,4.420621467400557
5955,-103,-72.0,-241.0,9.393896759767388,6.4135386700564725,4.263661414762441
5956,-119,-86.0,-245.0,6.313303339219152,4.3696175376049,2.9151653849937573
5957,-86,-56.95413192957781,-134.0,16.37347309010733,12.583763493218433,4.378393690555368
5958,-95,-59.0,-155.0,14.657175681911774,10.916172308739238,3.651083215883124
5959,-86,-60.0,-170.89689110912747,15.842646281937265,11.855413934362767,4.06885112649045
5960,-98,-80.0,-233.0,9.839918372397628,7.717541676172913,3.769419409376152
5961,-88,-72.89144723744194,-151.0,12.537156521930957,9.101050392766956,4.5625741492163625
5962,-98,-73.19257325271431,-252.6129205069508,9.049417835270477,7.046153153951899,3.856153785076525
5963,-97,-60.0,-115.0,14.39110844321145,10.92557012828978,3.522429300716756
5964,-93,-61.0,-140.0,16.310899744111037,12.943827667266351,4.128551620705286
5965,-86,-71.0,-108.0,15.637762153714954,11.899893216165273,3.75653745082273
5966,-105,-80.8337353564089,-230.0,10.475075970948783,8.309664310120416,3.621764601434327
5967,-91,-72.0,-93.77360781668861,14.126945483229584,10.16961457081549,4.075719289991886
5968,-99,-79.0,-184.0,9.04445636010036,6.20384085014081,4.174003976617768
5969,-108,-83.55878198706037,-185.0,9.945978988819377,7.678049001520696,3.665395749704489
5970,-96,-57.84123100835004,-136.0,14.741400835978062,10.819469277828816,3.8604660552607166
5971,-105,-82.0,-208.0,10.373015190720311,7.403686083658755,3.6050296004238422
5972,-110,-80.0,-260.229934194785,12.799111740917331,8.457750725095039,3.465115933804273
5973,-99,-77.0,-184.0,9.1216503170501,6.939291096233818,3.8088480484233633
5974,-109,-71.0,-205.0,11.072279176850811,10.532064843196943,3.265342918515675
5975,-92,-72.36941898698188,-152.0,15.893630758612762,12.431907036376296,3.989313485625994
5976,-91,-72.02587237791323,-142.0,11.89644647186133,8.73021281537276,4.280170216177639
5977,-106,-72.0,-253.35060513523382,8.201401883580111,5.710650167383722,3.2135964326590907
5978,-88,-61.0,-109.0,13.856843047981506,10.21469835188512,4.153350310393652
5979,-103,-60.0,-170.29230059040387,16.472729580193917,13.039740464471748,3.636765565191922
5980,-93,-71.0,-180.07931817830539,16.938921401795167,13.242346342312532,4.049576143887017
5981,-100,-70.12288020509081,-154.0,13.68040789964328,10.38638055171263,4.027068919290759
5982,-102,-74.0,-244.0,8.002197822647082,5.31619493520722,3.60809814425333
5983,-89,-57.91578477094354,-153.0,15.89129247178768,12.332087831034256,3.527067072377064
5984,-119,-82.6744007115384,-251.0,6.703103802402827,5.190362950266716,2.512393418188502
5985,-116,-84.0,-247.0,6.868506567060742,5.265570152008387,3.0709214034532715
5986,-97,-65.0,-167.05391280679837,15.17868074594502,11.450677694982456,3.6751501316301134
5987,-89,-68.35205906989306,-151.0,15.47521851031124,12.189507906969984,4.00932500935244
5988,-108,-72.0,-164.54011299518945,8.654266606385406,5.622725287616524,3.6811198049915226
5989,-107,-84.47460382250168,-170.03619953641297,12.494607549624666,9.8150549398105,3.109699140468964
5990,-102,-58.43470116598204,-152.0,13.768805970309506,9.54045860609958,3.642219441538168
5991,-85,-57.45568286815219,-139.0,13.946826792633306,9.94995485455006,3.842759685348241
5992,-90,-68.0,-117.0,11.550572590398616,9.093367232158409,3.905939715036341
5993,-106,-82.56176715867743,-219.0,12.565787634461639,9.007320189827244,3.169014146807528
5994,-95,-72.82129009362208,-138.0,15.80769290894689,12.5883116245186,3.797008733071332
5995,-110,-69.09634912203079,-178.0668278248126,10.984281313411675,8.575354896169474,3.106432351795016
5996,-105,-78.0,-251.0,10.001791544988745,7.960875292853308,3.236186347951004
5997,-109,-79.0,-189.0,8.991631487429997,6.055546629064371,3.183468839592552
5998,-114,-71.0,-204.0,10.382355403131529,7.544749613018872,3.3704704956482314
5999,-101,-69.53080237492806,-130.0,15.255312714988362,11.568727068236528,4.198377956965084
6000,-96,-72.0,-148.0,15.00930132288032,11.74054107542051,4.176966033220642
6001,-102,-60.0,-168.64965774454492,15.517520190467875,12.317888289441443,3.6598047005913945
6002,-96,-57.16882474698716,-129.0,13.397594644991722,10.3412903157327,3.625699986995451
6003,-76,-52.0,-98.338065584295,18.031655431616368,15.774026432495766,4.029135463691379
6004,-94,-69.39304373182385,-144.0,16.643393639099052,13.402297781883297,3.94562722730018
6005,-89,-61.0,-79.0,19.212411902423707,14.747457964220898,3.692331139110949
6006,-108,-80.324170594713,-224.0,10.085132001769916,7.351214349010669,3.045098119342894
6007,-87,-64.0,-159.23784619105643,13.058033981759646,10.166535637503111,4.269917813479312
6008,-87,-60.0,-125.0,15.737961029322726,12.64944985920769,4.322096444930274
6009,-94,-71.0,-115.0,16.92917964353102,13.894199854157126,3.969053680617105
6010,-89,-67.0,-164.1658618909135,18.001677955737673,14.25673859515376,4.104498170269583
6011,-93,-59.0,-132.0,16.868621774190967,13.64712534453611,4.0500097552288405
6012,-92,-67.0,-150.0,16.669233070937523,13.315439774150368,4.098980109469888
6013,-88,-72.13686932838377,-102.0846367040321,16.530328323404454,13.39420769977627,4.547728805926956
6014,-86,-69.51528708216694,-146.0,13.066671262520593,8.750704707299974,4.442372215767408
6015,-98,-68.0,-149.0,12.087236949678385,9.155272073631254,4.206388621409574
6016,-108,-80.0,-216.0,9.721492947946,6.908473743453371,3.622963708322713
6017,-103,-65.0,-145.0,17.008597035645973,13.1642277650678,3.817777615487485
6018,-96,-73.74719500361647,-109.0,14.3234942929598,10.966423164812282,4.08019360534645
6019,-93,-65.0,-148.0,16.299250690390487,12.548228164225684,4.332828693039344
6020,-86,-71.0,-133.0,13.254445958263247,8.966879285652253,4.5191304694487
6021,-89,-60.0,-163.6875166251275,17.34232121448202,13.555957433992432,4.129539722411882
6022,-93,-72.0,-147.0,14.498566060373864,11.04038926731269,3.800611396863689
6023,-104,-79.0,-229.0,9.306618252231184,6.823483680672273,3.885577497281606
6024,-81,-56.745439633519844,-86.0,21.783352197589515,17.836357594340903,4.339544555659289
6025,-86,-61.0,-128.0,16.236148395970442,12.318371131432537,4.073695262414788
6026,-88,-68.0,-167.36415209310638,15.62362279132471,12.002547495038034,4.384136711348353
6027,-99,-78.0,-172.5579029343568,11.355246064979037,9.287332899360887,3.4689221339169607
6028,-98,-59.0,-158.18531579179387,14.682774841272836,10.86553019237174,4.160554158493588
6029,-90,-69.81152749686586,-108.0,17.88559118457032,14.64505001094705,4.087398398489318
6030,-88,-56.0,-86.0,21.672620526280127,18.669250409234017,4.573651885283564
6031,-91,-61.0,-135.0,12.906340496334797,9.59938736945663,4.063515668569434
6032,-83,-49.0,-71.0,22.67664181878005,20.65863872900106,4.587446060424713
6033,-90,-72.0,-119.0,12.884061470398507,9.398350143727704,4.070686115800735
6034,-85,-67.0,-114.0,16.62375859192966,13.9153799452046,4.269983764747355
6035,-107,-71.54223502195904,-225.0,8.313766828707132,6.1641047617928,3.392711840595392
6036,-109,-76.0,-163.68623403013314,12.470105464694095,10.279788502742631,3.001455036549914
6037,-114,-80.0,-233.0,9.85572547920547,7.084587624532598,2.9493836405556118
6038,-95,-69.4039814537789,-167.91852249352795,14.178693738207903,10.12053238205596,4.142406719918172
6039,-101,-57.61843487293199,-165.22179417045436,12.421527062042781,9.103344604011689,4.027192908712038
6040,-111,-84.28835255638676,-181.46173341756648,11.759013788909943,9.441815710572342,2.8540729495434998
6041,-90,-70.0,-141.0,15.274724567676213,11.679917342642934,4.236495454799922
6042,-90,-70.0,-142.0,14.571770489296544,11.230468177110897,4.024846612030698
6043,-95,-63.0,-136.0,11.646791346486964,8.833193045628581,3.7136413089569222
6044,-103,-70.0,-157.09048368894554,13.914395412885508,9.275366268471648,3.817165929919491
6045,-84,-61.0,-91.0,19.87009009191784,16.33132906496059,4.388951296569985
6046,-102,-56.74320032765069,-119.0,13.378085714466838,10.28989110680163,3.87482081948708
6047,-108,-75.0,-236.0,10.944470288294882,8.199313082682675,3.722514714428308
6048,-114,-86.0,-289.0,8.901865066201793,7.335247270633619,3.1402942471700963
6049,-100,-78.0,-220.0,11.963082348163818,10.534813134557048,3.960413270875298
6050,-97,-68.0,-108.0,14.275357776404585,10.759051060813432,3.742334153355469
6051,-88,-70.0,-101.50359738466007,12.83433914301228,8.859259090408822,4.015488641511551
6052,-88,-72.0,-122.0,17.093321985790748,14.001148923332323,4.599165813564001
6053,-81,-60.0,-88.0,24.22277796264493,19.99532053978304,4.183392419227464
6054,-115,-80.61260709806726,-246.0,8.357200535364665,6.90527548952279,2.6446639026864163
6055,-95,-61.0,-127.0,14.8799603338261,11.064876269858395,4.010272197144818
6056,-96,-63.0,-114.0,17.078512507588783,13.658881794586549,4.100044574042574
6057,-101,-72.17347578299437,-209.0,9.112518072773728,7.098197485752296,3.9905295328930057
6058,-114,-70.7833755084641,-209.0,8.662302292005641,6.642630025205329,3.2156624488459014
6059,-102,-59.0,-143.0,16.431213602280906,13.119980898956516,4.011289790035712
6060,-81,-57.76257661712335,-79.0,20.238448484290394,17.579270179607125,4.578928485010688
6061,-102,-68.0,-144.0,13.86452779925846,10.02922934421624,3.950263823593168
6062,-74,-51.0,-71.0,23.021048400370937,18.44354615072652,4.494586357635408
6063,-106,-82.0,-194.0,9.038437284424866,5.599404442635474,3.618370456966352
6064,-101,-60.0,-150.0,18.40980956453462,14.023763354049704,3.661715745920701
6065,-103,-78.0,-227.0,8.16161530246267,5.218847517945054,3.620441938944516
6066,-94,-63.0,-152.0,16.584110112372006,13.007261298690214,3.965425208043081
6067,-78,-62.0,-108.0,23.106284186099334,19.09278441135004,3.907008885141858
6068,-99,-66.0,-123.0,15.507315199282605,11.758479171486432,4.125110549886106
6069,-82,-63.0,-106.0,23.483493700061672,21.225945635346,4.18452126704768
6070,-90,-60.0,-106.34400295713418,16.479994972546613,12.927690535748024,4.0236070407368025
6071,-91,-68.40738420331951,-173.49206645755925,13.127192717410074,8.787500577885968,4.391515985847772
6072,-98,-70.0,-156.63401677716632,13.498617105460028,9.97645947951342,3.637892293749761
6073,-106,-83.1067079007538,-242.0,10.531481420670687,9.612745581985807,3.98146243319302
6074,-96,-64.0,-128.0,13.349511059802287,8.652399739513278,3.4929108820006185
6075,-99,-56.33125329359253,-114.0,17.54762532831225,14.33298751145009,3.65899169181205
6076,-83,-61.0,-84.0,19.94155433404024,16.360596067871562,3.84047592830182
6077,-83,-56.0,-72.0,20.18133386531357,17.90103500017,4.494870340768344
6078,-91,-67.0,-161.66383323394686,16.092508306997885,12.92548829974494,3.8722066639087
6079,-90,-62.0,-130.0,15.904873973003951,12.33595784986514,4.2429266794258
6080,-101,-76.0,-224.0,11.243227750382932,8.852736368520965,4.031069545945437
6081,-86,-70.0,-108.65080098032882,16.04834790642616,12.32401819382966,4.226997522105338
6082,-85,-62.0,-113.0,14.710906832885794,11.612193759893906,4.1869267089118285
6083,-112,-74.0,-197.0,13.482851545556654,10.488500402886896,3.413434734999651
6084,-108,-71.94209782816404,-250.0,11.152749148915161,8.722450884245784,3.29319395307862
6085,-102,-59.0,-147.0,13.5086121288112,10.365463716001573,3.759156791427372
6086,-111,-76.0,-185.0,10.77933234949516,8.384603913475,3.377103276372835
6087,-102,-71.0,-104.0,11.734027799832985,8.946535575983638,4.226248813744957
6088,-76,-58.962879549706244,-91.0,23.97187041631025,20.16078267638392,4.3360123778206825
6089,-119,-88.0,-297.0,6.753945868059216,4.866076748782024,2.8177430311888143
6090,-97,-64.0,-171.25564149251719,14.977644940234368,11.335484043450917,3.8064828641007376
6091,-104,-82.0808696907556,-244.0,9.001499506796154,6.146192620896159,3.383751323496665
6092,-86,-71.98349168865666,-119.0,11.677326925296715,8.986250004030264,3.863603983741705
6093,-91,-68.9500143631814,-113.0,12.50265468655416,9.435496983227951,4.311906084610135
6094,-76,-54.0,-82.0,18.94245815737527,15.45070099655361,4.410147073891296
6095,-93,-67.0,-108.0,13.185642196979517,10.12346621480078,4.113869957420145
6096,-99,-68.00979066820506,-155.0,15.891038208150238,12.654249403471429,3.7267274906591226
6097,-86,-57.289792741069284,-106.31260093694087,13.774915797785265,9.468926592069758,4.372806798552153
6098,-95,-73.65247570277046,-105.0,16.74482140443758,13.201499980244709,4.174535846434073
6099,-102,-67.56371102927811,-151.32093056083414,14.106544997857116,10.886861087903991,3.8002704179898776
6100,-104,-72.0,-230.0,10.74555268733618,8.941222780969815,3.97846675089117
6101,-92,-70.0,-162.04856362478228,16.0498511069908,12.971473084653107,3.866598174297613
6102,-91,-58.10658864121938,-171.69539025669323,15.06586880524502,11.689202569467614,3.811087273401005
6103,-114,-82.0,-171.70740165284533,9.176399357803875,7.066054312677712,3.143507727422622
6104,-87,-69.37332779171345,-181.86922103221391,16.420778046919587,13.073259743529396,4.380094363340486
6105,-87,-68.75302504293325,-151.0,14.881939772247716,11.68750388406053,4.157545241600322
6106,-111,-77.0,-213.0,10.65280986873001,8.349155719901006,3.641725356867031
6107,-92,-68.0,-162.89487066316673,11.904710156834028,8.245602068146294,4.226407214588609
6108,-97,-61.0,-141.0,16.113839008732956,12.28804777433609,4.246230017992153
6109,-99,-76.0,-197.0,10.560416589366024,8.853148241581035,4.214957914843441
6110,-89,-63.0,-164.8952541810282,12.804221353109646,9.511344180665205,4.052847728501948
6111,-80,-55.0,-101.8216209122249,20.97493858890701,16.449179246932072,4.445579613543326
6112,-81,-53.0,-109.0,22.99296561611427,20.169986919077164,4.5476942036578
6113,-116,-82.1310354507599,-246.0,6.347455497385829,4.863705107296521,3.2056890081208462
6114,-101,-61.0,-148.0,12.799337852336476,8.728494161341288,3.6431980244703768
6115,-99,-72.6686121657766,-169.12940846769368,12.934554968926241,9.96380754239677,3.8962312498119975
6116,-92,-71.0,-139.0,16.889667341966543,13.05900225732941,3.9513199075566794
6117,-85,-54.0,-71.0,22.97818911971452,19.25804438799737,3.958963544981572
6118,-100,-65.0,-107.0,16.7481432078839,13.062807449523664,3.7835488724284327
6119,-102,-64.0,-113.0,12.779109882219071,9.43442192676588,3.9272158518866673
6120,-85,-64.0,-145.0,17.830063862637964,14.503118197708268,4.246686591905529
6121,-95,-63.0,-173.07712917721236,17.415599738448922,14.116878948686058,3.4952286014453806
6122,-93,-65.0,-151.0,16.61145680993675,12.98115823144304,4.484100268421292
6123,-85,-58.518669992588315,-90.0,24.626315430764368,21.90091781263447,3.855968946835157
6124,-107,-81.19253112840144,-253.0,7.733330829122191,6.520884575601926,3.5548014890612363
6125,-99,-75.0,-212.0,9.200473901327664,6.471597366217964,3.3814266998524403
6126,-99,-63.0,-150.0118182571772,15.942911907881982,12.226013018872049,4.054745200416802
6127,-110,-71.0,-215.0,9.886685573511048,7.421383997883007,3.2403455593622565
6128,-114,-82.0545807960759,-185.0,11.737764823142788,8.925762342633735,3.3847916141979035
6129,-91,-71.0,-111.0,16.542525438591277,12.959065410971688,3.95040312689302
6130,-110,-73.48662331688236,-211.0,9.455646074387635,7.296674750713756,2.914075160367751
6131,-99,-70.0,-251.0,11.084257246578598,8.821424346494862,3.744483558725154
6132,-99,-75.0,-168.39932846966224,9.684494698845231,7.635961556440861,4.242572980505472
6133,-113,-82.0,-238.0,12.91502479150306,10.34199751589646,3.607622352138462
6134,-99,-72.0,-168.27078128909326,16.80647179779391,12.966841734138113,3.6606121940486056
6135,-112,-74.0,-220.0,9.389171547579062,6.529776329009438,3.217111785333538
6136,-85,-65.0,-106.0,15.18331774897502,11.41453160144698,4.089568703347814
6137,-120,-82.0,-299.0,6.813667071489184,5.221766837302885,2.565232404507708
6138,-101,-69.7075323027399,-232.0,11.768703440959294,9.331605515961328,3.6275393659689184
6139,-111,-82.0,-202.0,11.907031025062432,9.079521307796233,3.0971428118657105
6140,-98,-70.0,-145.0,17.277069591057565,13.53247711973161,3.928186132651826
6141,-99,-64.0,-163.60134580666718,14.482066094918634,10.865330932738509,3.8261679074351735
6142,-112,-82.0,-177.652358691563,10.850111542527646,8.807859940022771,3.25536273756927
6143,-102,-70.0,-142.0,13.468095412752124,9.633913497293587,4.006802055244868
6144,-96,-64.0,-167.91045367681716,13.926468047874605,10.175401823795587,4.07752711736036
6145,-98,-63.0,-142.0,15.01192598192454,11.040242388090864,3.95428103552268
6146,-103,-63.0,-107.61107507152248,15.835149397159164,12.583346470322862,3.5975742436306515
6147,-114,-80.26893236980904,-281.0,6.05532893804234,4.282145924206338,3.023128836057678
6148,-88,-67.0,-169.78080558714524,16.43464174027116,12.735887853476124,3.684958980252184
6149,-89,-59.37101788394146,-97.21891740018631,24.50262964384632,20.927753690952343,4.273135977638878
6150,-99,-80.0,-163.06377907833567,10.992970595281065,9.079665558743349,3.906533161419149
6151,-87,-60.0,-141.0,12.920466019511021,10.015169867775828,3.7416173965503297
6152,-99,-63.0,-135.0,15.8220013767701,12.797400458574728,3.988106388097664
6153,-100,-60.0,-115.0,10.790885505699604,8.570766767830854,4.078364766073332
6154,-89,-62.0,-136.0,13.011986594364181,8.3997729631202,4.240363585121706
6155,-114,-77.0,-197.0,12.358795133114056,9.81286459619035,3.2313647285484226
6156,-96,-63.0,-129.0,16.846743176724043,13.346772041641504,3.86093225635812
6157,-85,-71.0,-160.45232974989582,15.814412923154071,12.484000952129785,3.817164868418116
6158,-94,-70.0,-148.0,12.62106822574528,9.460803837840944,3.715420231019291
6159,-86,-67.0,-106.0,16.220296026808015,12.86877731152526,4.355030099352214
6160,-114,-70.0,-208.0,8.267587775060559,5.193458689815383,2.8182521207668385
6161,-102,-76.0,-177.60438453511577,11.108277935661391,9.25247506490074,4.196211068953278
6162,-99,-76.0,-183.0,12.945458287851096,10.324409893682652,3.711352982059144
6163,-105,-77.0,-182.8626474818999,9.60668758346474,7.527100483306027,3.52565683854566
6164,-101,-59.0,-108.0,14.03341534939971,10.63208211431761,3.395229461850734
6165,-78,-57.15752346449103,-80.0,19.31055321639829,14.60575014974234,4.110310744076731
6166,-91,-64.0,-118.0,16.319992376047463,12.97311433774693,3.945326273679473
6167,-102,-72.0,-152.0,12.737517644579757,8.666068824621213,3.519976118661861
6168,-94,-62.0,-155.0,17.37577197991183,13.982786346783492,4.179275917951432
6169,-101,-70.0,-153.0,15.470608076131532,12.151766242023308,3.621805226421957
6170,-85,-73.17691952365085,-147.0,16.67805938852672,12.877957620453271,3.8862857587358417
6171,-91,-68.0,-143.0,12.461744161840343,9.448728169516633,3.163875366741227
6172,-102,-65.0,-133.0,15.123192518344563,11.375369166664356,4.017645020183057
6173,-99,-82.71005504186894,-198.0,10.650412485452758,7.721513883581892,3.83930320840547
6174,-99,-77.0,-206.0,9.808427746424918,7.001401612360442,3.3769012421282505
6175,-77,-56.0,-86.0,21.69926835293964,16.953436974087644,4.120428674467801
6176,-91,-62.0,-130.0,13.596128935083007,9.90444962286593,4.394072253474249
6177,-94,-72.0,-103.0,18.024697437502375,14.464073384988378,3.716175418348947
6178,-76,-61.0,-88.0,23.39025487296761,19.988230518321974,4.244178151376357
6179,-102,-75.0,-215.0,10.766308092532295,7.890215008850046,3.940672642225881
6180,-102,-65.0,-174.52364144121182,13.522396770962326,10.011040026981508,3.4772167395293234
6181,-99,-72.0,-106.0,16.115935244116983,12.43311570595701,3.941063034461232
6182,-112,-75.0,-181.0,11.653828566061282,9.367087672113552,3.121090003332999
6183,-98,-71.0,-105.0,16.544795075602273,13.144666494087325,3.655637477498832
6184,-102,-74.0,-162.29059367694543,10.684005395971512,8.409822874728164,3.890208775624218
6185,-98,-78.0,-232.0,8.255959182851097,6.225777457184707,4.139692423504681
6186,-101,-75.0,-221.0,12.74836879608671,10.88860236698553,3.651352599133405
6187,-109,-74.0,-245.0,10.94979426271971,7.972683471588629,3.5249570671038
6188,-97,-61.0,-134.0,15.385916190107586,11.779333133070445,3.65953876187482
6189,-102,-82.0,-172.73623725302164,12.579931701635086,9.262392890267195,3.790690363612186
6190,-101,-76.0,-209.0,12.111960110685413,9.897104867594551,3.753603068982471
6191,-99,-65.0,-160.58793256667613,17.20887647095741,14.005336924431322,4.12351894735287
6192,-100,-62.0,-125.0,17.484165212166626,14.887240502498791,3.828101066635959
6193,-104,-72.0,-187.0,10.747688317488128,7.898899047474015,3.765049568605632
6194,-102,-77.0,-164.7203530431627,12.120949502823255,10.36145287728617,3.5725162060061826
6195,-100,-72.87683701367015,-185.0,12.007082281065179,8.697998654835715,3.649897115314784
6196,-100,-59.0,-179.00911553571186,15.491152764650728,12.432987544183732,3.936282826136381
6197,-110,-77.0,-240.0,11.405398420635812,9.935479896563947,3.3234611671768466
6198,-92,-72.37641455304104,-149.0,13.805534735597814,9.093397982163657,4.088381380408952
6199,-103,-64.0,-168.60285381050727,14.49995032883842,10.504082630906332,3.142237141580124
6200,-100,-71.0,-141.0,16.73312391663668,13.102756246685455,3.8833096516884615
6201,-87,-65.0,-128.0,11.999930747331982,8.889033546309115,4.2457606221234965
6202,-87,-61.0,-168.19509551289755,17.10646462501452,13.596639786815016,4.162789470462116
6203,-97,-60.0,-139.0,16.256084246949076,12.850065713748572,3.858006792360036
6204,-97,-67.0,-157.8023614727891,16.973253134184908,13.777163883302752,3.837846984853764
6205,-93,-71.97305756080546,-146.0,12.56637720527427,9.921984967058542,4.0870475505931045
6206,-93,-74.42204245901102,-153.0,12.570630588526031,9.701580338022668,4.118794071509428
6207,-80,-49.0,-102.65130907370025,22.091925680969204,18.11303439327548,3.985021356224175
6208,-105,-72.0,-221.0,9.442048373069136,6.490570361781076,3.7103503738223553
6209,-93,-65.0,-162.6085137556738,15.153242176222072,12.11925141193398,4.170905841137658
6210,-106,-81.34844605615507,-207.0,10.887186288795126,8.887362809484868,3.618714091466829
6211,-113,-79.0,-242.0,11.042357248256966,9.25130403890645,3.0014110136098107
6212,-86,-71.0,-129.0,17.283519914314425,13.491312271449289,4.396583166157713
6213,-86,-54.0,-110.0,23.68066408113749,20.07772539212658,4.11860441985062
6214,-103,-70.0,-181.85739129735632,9.469908782494125,6.737947029860662,3.2698607865975857
6215,-87,-68.0,-146.0,15.579866316285862,12.346721059467978,4.107334793106734
6216,-80,-51.0,-96.42068030921752,22.44620186560001,17.536707212153473,4.58919141393605
6217,-103,-59.0,-137.0,16.8918443275117,13.348108500089875,3.777803768564152
6218,-102,-65.0,-104.3972144518779,13.59136280240612,9.848345584386053,3.774666841976871
6219,-114,-85.0,-265.0,6.294131482545909,4.539524926893966,3.4123367805624567
6220,-104,-75.0,-249.0,11.820920502635234,10.119274716537229,3.5581700851284177
6221,-102,-65.0,-169.79183211869756,17.696520262845834,13.924520272087111,3.6627351930408016
6222,-102,-61.0,-132.0,12.716323179907029,8.98615328798185,3.7908177938738175
6223,-86,-53.0,-81.0,23.91078666782056,21.71867692340711,4.357598833149392
6224,-106,-78.0,-204.0,9.325759510212064,7.095079444544743,3.102840419389908
6225,-108,-73.23759844823397,-262.8273640369316,9.723148597986988,6.812383628927664,3.5556952127389683
6226,-103,-67.0,-111.0,13.66773237083433,8.933679580466599,3.696676351203288
6227,-82,-54.0,-110.0,20.880596700688365,16.242833225100092,4.210971611834527
6228,-102,-77.0,-242.0,9.275578211753382,6.46495857473224,3.651315904706441
6229,-102,-74.0,-211.0,8.326637081921199,5.942049845985091,4.039394702283524
6230,-103,-72.0,-142.0,14.743310793793224,10.902261390665322,3.918441674708743
6231,-79,-48.0,-95.27065163976822,22.59740043191661,17.965071366759094,4.28092813557555
6232,-114,-85.0,-273.0,5.55904279055987,4.430886874307687,3.187894107518596
6233,-98,-64.0,-135.0,16.05890887889361,12.897877550350694,3.831256768474289
6234,-82,-59.0,-92.0,23.94099039029086,19.56671627487665,4.408055626598936
6235,-109,-80.5243672489757,-186.27226733885016,11.344968619513685,9.480307767765789,3.4053091262734454
6236,-103,-71.0,-253.0,9.057788275708344,6.468213918886131,3.923368548374785
6237,-93,-65.0,-137.0,13.60753672299131,10.05355590046184,4.003694423577052
6238,-101,-75.0,-200.0,8.670107054233094,6.194166653011637,3.234368913178748
6239,-114,-72.0,-203.0,10.794033387012146,7.87940455560396,3.315153951415113
6240,-102,-80.0,-249.0,10.365553354253631,8.316325713624217,3.631022819570544
6241,-108,-69.04465640991711,-212.0,12.133240358892111,9.57119893420864,3.304022470305556
6242,-105,-76.0,-180.0,7.356415415148422,5.768401857654499,3.63495435315455
6243,-101,-61.0,-112.0,16.467240898335834,12.53710340239257,3.791356531565534
6244,-94,-59.0,-138.0,13.743296903557995,10.654395266950669,4.337686459882341
6245,-101,-60.0,-163.47477644013827,14.97694402123926,11.952575118052351,3.6886817736469353
6246,-96,-66.0,-153.0,12.998232356199273,10.165635156136378,3.880958871947513
6247,-98,-57.032620532943376,-117.0,16.064553490087725,12.9420635191404,3.726475613045827
6248,-107,-70.0,-199.0,10.655611836128514,7.73741877793439,3.653633392692255
6249,-97,-65.0,-153.0,11.995233815005273,8.872253258401347,4.09421149697891
6250,-102,-66.0,-174.02800338180487,16.835883669314693,13.623566731744578,3.5062474070890963
6251,-107,-79.0,-179.33852969655067,12.14106027370534,9.835495178546251,3.6584890569009536
6252,-97,-71.0,-158.75737345505263,14.92090226152029,11.151379949538622,3.919720059066091
6253,-103,-60.0,-138.0,13.633162113337121,9.219099155619364,3.6942159018772034
6254,-95,-67.0,-154.37123068421738,16.178724204210017,12.971940033668362,3.569717067874778
6255,-90,-60.0,-115.0,12.082656913464465,8.890764604752349,4.075436759217955
6256,-86,-67.0,-153.0,16.84596000695268,13.463168622203042,3.995751859390212
6257,-79,-54.0,-93.0,23.46697887064979,18.886875133096304,4.447353612997528
6258,-88,-70.0,-175.0,15.05480684857958,11.5373939058546,4.175592827013168
6259,-101,-72.0,-151.55689146592007,14.765580846009945,11.523166208315764,3.6022000419934543
6260,-88,-64.0,-169.2686060600642,15.353545169056904,11.987695600794048,4.461440417359068
6261,-77,-57.0,-109.0,23.41858505330432,18.91859849361184,3.9741648044029474
6262,-118,-83.07752350947244,-247.0,8.96069190902654,7.941457383390228,3.068226060358102
6263,-106,-81.39984219987146,-181.0,12.526334683176668,10.34511288779921,3.532373105100811
6264,-116,-81.6766375389184,-285.0,6.111413407307933,4.786384323643286,3.0260023241165803
6265,-116,-84.0,-273.0,8.113982035399777,7.313276458107097,3.016174797107704
6266,-114,-69.71051974334625,-230.0,10.981039723257124,9.448630545952865,3.235032486681328
6267,-94,-64.0,-119.0,16.052247747951125,12.260167098453543,3.660364623971632
6268,-96,-72.70037346254631,-119.0,15.125814012902769,11.882962299739754,4.12765492128554
6269,-87,-61.0,-138.0,15.776805331339927,12.675576569171117,4.002538041179494
6270,-103,-63.0,-146.0,15.793626365097422,12.214084165260108,3.8096291309074464
6271,-97,-60.0,-119.0,13.690085900883714,9.907362008055353,3.7357013515174176
6272,-101,-62.0,-157.19130261761458,14.24773395737825,10.386599955754903,3.678638086347469
6273,-103,-72.0,-241.0,10.967106093330468,9.546208456223628,3.798322790482357
6274,-91,-64.0,-135.0,16.32069701237199,14.075451656461944,3.9605161817489343
6275,-88,-53.0,-100.33694669946713,23.83959689446305,21.30558757014173,3.881158783272825
6276,-89,-59.0,-167.82296925922597,16.305386348528394,12.887768287110218,4.2813205118093975
6277,-89,-71.0,-124.0,16.117392874487965,12.58765454766981,4.251784823386355
6278,-101,-63.0,-131.0,13.186687738754248,8.358980538820996,4.180718835568436
6279,-76,-55.0,-99.55266577610219,22.042220062085,19.02163916636356,4.366557935756721
6280,-86,-66.0,-115.0,17.05538724007846,14.267458049387272,3.721147041734448
6281,-119,-81.10003875370298,-290.0,7.376560308825481,6.456224865868984,2.774381403856202
6282,-97,-60.0,-103.0,15.183149357236784,11.246795839076606,4.338606940920317
6283,-104,-72.0,-191.0,9.167055525807083,6.216010314087501,4.00275195591529
6284,-112,-83.3953164718316,-236.0,13.279100629270989,10.419686706579196,3.83598261329073
6285,-102,-60.0,-108.0,15.78574986826418,12.611184920358108,3.9459148139114832
6286,-92,-60.0,-176.27798596583708,12.176315684549968,9.32150596960029,4.2591751838283685
6287,-95,-59.12313903018858,-143.0,14.1451780943222,10.835510589176153,4.005838909236091
6288,-114,-70.0,-198.0,12.975712614583077,10.28542983209208,3.119635315693327
6289,-100,-64.0,-175.0,15.23372362010172,10.175512586172646,3.749273021627595
6290,-91,-70.21397768316103,-168.74712532716376,13.52863054432506,9.745190360522104,4.544185077231863
6291,-106,-70.0,-219.0,11.760250330754006,9.363947008042452,3.5085372501682413
6292,-90,-65.0,-154.0,14.661227253802284,11.473017854520489,3.834348872408206
6293,-108,-78.0,-207.0,8.432107394231016,5.996350971815056,3.1860553651562693
6294,-102,-80.0,-216.0,10.301344932633931,8.025916296310806,4.201371650507127
6295,-102,-78.0,-229.0,8.369365236337098,5.713743205901768,3.6924306881120894
6296,-103,-82.0932098792088,-244.0,10.58262004081471,8.487330430331262,3.464732879938893
6297,-98,-59.0,-126.0,14.8105428114479,11.118280345301878,3.80029374332812
6298,-111,-82.0,-169.7390893383763,10.310035039467136,7.938851737488363,3.403502361880589
6299,-102,-67.0,-125.0,17.74191125968993,14.205433528128951,3.4109308192967767
6300,-80,-49.0,-80.0,18.58804122134905,15.229876745856458,4.56542824540147
6301,-77,-55.0,-88.0,23.85774556321517,20.40886093070772,4.394472911267808
6302,-81,-55.0,-84.0,24.070727648440627,20.35820425439132,4.136561940444627
6303,-79,-59.0,-84.0,21.516950379349,16.58060269950812,4.193466236474986
6304,-90,-67.0,-160.46781041495663,15.438708745006796,11.644060022121437,4.253123042840085
6305,-85,-73.88585632022956,-105.07545965092558,13.6640467307068,9.937426303636236,4.226790775724323
6306,-86,-61.0,-90.0,18.19196779248636,15.211939443112886,4.185067745172623
6307,-95,-70.0,-179.9743176271002,13.385016964425066,10.467306814596109,3.7789235028032255
6308,-119,-84.0,-277.0,7.9629043138367575,6.121671769784853,3.058930150313784
6309,-97,-65.0,-163.97048910338765,17.55708174890839,14.564091163589897,4.228071297884935
6310,-93,-62.0,-152.0,17.749519075377147,13.676055411700254,4.316146963327193
6311,-104,-70.0,-163.96826929353455,10.939050475045986,8.058228093692312,3.592683594438564
6312,-101,-60.0,-161.08072849020544,15.424726571494066,11.646675348514314,3.758242344021763
6313,-96,-70.0,-122.0,13.349087715211748,9.351343167231798,4.262793713522863
6314,-92,-74.55450314679463,-164.39415831089843,17.554830017652204,14.57083072536582,3.686445754281869
6315,-112,-79.0,-221.0,10.899177807245962,8.775021534530449,3.353926699958412
6316,-106,-78.0,-241.0,11.700245714107124,10.173770658775094,3.719248502413544
6317,-108,-74.0,-185.0,12.248445151741455,8.699774926005002,3.196698307630138
6318,-100,-79.0,-196.0,11.996718480742091,8.815930189240374,3.207295682132621
6319,-113,-80.0,-208.0,10.07934940633428,7.495509830489967,3.3069839137189394
6320,-88,-63.0,-107.0,22.8753401898444,20.02094762343396,3.9003462472823927
6321,-113,-80.0,-191.0,10.69614411104498,7.784266348920426,3.3857067206435967
6322,-96,-60.0,-148.0,14.929548870833708,10.414069459834142,3.811701982151295
6323,-107,-79.73204535956359,-212.0,9.145194624689358,7.081707155928691,3.5881194352319192
6324,-98,-78.0,-242.0,8.326572710469126,6.301674733086303,3.790219181376744
6325,-85,-66.0,-159.32145228207824,15.80238977405554,12.410904736468927,4.072053198296595
6326,-94,-63.0,-164.34275404285827,15.074893924606474,11.748103221559578,4.090621346590549
6327,-101,-67.0,-111.0,14.595805034139724,10.922546664987951,4.017166713564884
6328,-97,-70.0,-153.0,14.614990335735978,11.366185928236188,3.8270165131821137
6329,-96,-61.0,-118.0,14.931906833620012,11.846350946372793,3.865707720154846
6330,-114,-84.0,-241.0,8.650760419204545,7.228358827541044,3.145888581684408
6331,-101,-62.0,-125.0,16.348861231106717,12.789711014423611,3.6905366918045632
6332,-111,-70.0,-184.0,10.926114236125104,9.018022981792292,3.2571096676083067
6333,-110,-75.0,-226.0,9.23646575040849,5.788464978684333,3.490408667048109
6334,-92,-64.0,-112.0,13.342897310675605,9.707008832427867,4.26174561588671
6335,-96,-62.0,-155.71308274207794,14.910284306638532,11.73570960131801,4.334618196398865
6336,-96,-63.0,-157.99163415654021,13.230903701933139,10.092607476580884,4.083352441453545
6337,-98,-74.0,-253.4842552224338,10.705396654420882,8.42035194166953,3.959737660704803
6338,-91,-64.0,-123.0,16.936122772898692,13.468032294580308,4.259780387546663
6339,-74,-57.0,-88.0,24.75657649157665,22.18635702369792,4.3766717826346
6340,-87,-66.0,-104.0,14.066801112415012,10.547590244189324,3.845189321877969
6341,-106,-80.0,-205.0,9.156317427463057,6.261441746088817,3.461989255696675
6342,-98,-67.0,-105.0,12.397081834348407,9.76512190242918,4.342992243205793
6343,-101,-61.0,-115.0,15.279117195974631,11.448728497922756,3.7292344956975176
6344,-85,-71.0,-129.0,12.654338251504614,9.742850952587704,4.316476335670173
6345,-112,-87.0,-241.0,6.962866938536196,6.612838252700542,3.2919641255968544
6346,-107,-72.0,-222.0,10.0294210231424,7.839938748433998,3.3801133366988934
6347,-82,-50.0,-80.0,19.0316914008564,15.566323509698607,4.1769068315883215
6348,-113,-70.0,-202.0,10.898699501264439,8.388340931813095,3.086512968873027
6349,-75,-63.0,-76.0,20.82274307125893,18.42678920518903,4.327406444585535
6350,-89,-74.374806359256,-134.0,11.180555913873928,8.820930617123508,3.911743052074328
6351,-87,-68.0,-166.29169518805818,16.080495243757493,12.852808193176674,4.0552962946544575
6352,-112,-84.0,-278.0,8.734479300200022,7.506571457078905,3.358104217451515
6353,-85,-68.0,-175.06743575920373,14.397918820116056,10.654713954648958,4.211763584856994
6354,-85,-50.0,-80.0,22.537178913792943,18.847106007378635,4.274241921371602
6355,-103,-74.09648856168268,-165.19838230294027,12.659595792531519,10.033037664124356,3.716068505006472
6356,-100,-80.0,-167.75220454001345,9.534627122896628,6.720693272429934,4.112128347775442
6357,-113,-88.0,-250.0,5.961672545221949,4.673166322452987,3.3678671341339776
6358,-90,-66.0,-154.0,14.853136605845318,11.467781287747563,4.587187863747717
6359,-111,-82.0,-225.0,8.949392040851206,6.0586788534141744,3.655300353857046
6360,-88,-63.0,-149.0,17.04754118639814,14.6751394104246,4.087129437787383
6361,-100,-78.0,-248.0,9.935821688757898,7.106751222065153,3.616462909856785
6362,-87,-62.0,-157.71486504969636,13.65502873431529,9.761527840554985,4.0682429429326366
6363,-107,-71.59836844453403,-233.0,10.515506366589182,7.643549858551946,3.086747698392015
6364,-106,-69.04710246393174,-210.0,11.399548156571775,8.451568007052352,3.651767544635269
6365,-106,-74.0,-227.0,9.171866621611265,5.614688633380816,3.634647596795536
6366,-115,-88.0,-300.0,8.056853244198123,6.091579313596137,3.4064823503727517
6367,-106,-83.1934112639107,-215.0,11.468374825418623,9.926880551015651,3.668978675869668
6368,-110,-82.0,-162.67676643239815,10.663224005928104,8.04991768710349,3.1549128681185468
6369,-80,-63.0,-74.0,22.58746630430085,17.69838448988063,4.229307812037854
6370,-100,-60.0,-137.0,11.778518077580568,8.698099600075935,4.274923506539192
6371,-105,-80.80444486707194,-187.0,10.70931598946228,8.571004292216738,3.3669673615294493
6372,-99,-67.0,-143.0,12.681229009714523,10.100184413349032,4.078131872153106
6373,-107,-73.12571854367873,-193.0,11.152184046240635,9.76801157650142,3.3621314796253263
6374,-103,-59.0,-115.0,14.720443873529527,11.680308218010843,3.931183697454909
6375,-89,-63.0,-153.0,14.003304983932216,10.89979977535174,4.046149189911362
6376,-85,-67.0,-107.0,12.703581543753907,8.360441254398737,4.617761749515903
6377,-99,-79.0,-238.0,9.530753880647758,7.48046831148754,4.051611841293108
6378,-92,-63.0,-122.0,16.612716574583704,13.565813628572386,3.959147433357617
6379,-86,-72.0,-171.95588714288553,13.518110145628984,10.725534279744428,4.597551159304801
6380,-88,-72.64162304450983,-116.0,13.326678136087315,9.972162924229934,3.889480177260986
6381,-120,-86.0,-275.0,7.257804984709324,5.971005672439892,3.0594261386506
6382,-85,-66.0,-175.0,14.948223938685484,11.56300383206202,4.298779606828274
6383,-86,-61.0,-117.0,13.47053397296631,8.376152461229747,4.206548543045601
6384,-103,-68.0,-147.0,16.08003031645851,12.59163959336567,3.09751240233776
6385,-88,-57.0,-86.0,24.83638529950577,22.76541277779308,4.151195801538004
6386,-92,-66.0,-114.0,15.809807086070304,12.649543749036235,3.7524447664163
6387,-96,-66.0,-142.0,14.405752814359026,10.707787550677262,4.089019797071571
6388,-88,-48.0,-93.0,23.61571127751856,20.175999560384536,3.8108675250247863
6389,-91,-71.0,-142.0,12.327643715262402,9.606901325263845,4.210665149398273
6390,-89,-71.0,-154.45848679767744,16.74148592105905,13.69953454577705,3.830031706610532
6391,-91,-60.0,-126.0,15.336813866506452,12.228936886475648,3.812380485617473
6392,-77,-50.0,-103.0,19.06913866457265,14.373933962874204,3.9825918695728006
6393,-109,-71.0,-229.0,11.983690977213994,9.160335861105647,3.183537733228937
6394,-107,-76.0,-190.0,10.224902476282464,7.8755293197256835,3.282319676148954
6395,-93,-63.0,-171.885269191089,15.931362832469702,12.857604373721768,4.284084269858575
6396,-112,-78.0,-238.0,11.227408901937974,8.68680007280312,3.185226596324729
6397,-110,-72.0,-232.0,10.312813493401322,7.641860097798141,3.456267903210528
6398,-102,-72.0,-105.11479834192322,14.850555972718258,11.725839879304532,3.661292114205605
6399,-88,-63.0,-104.10583316161134,15.277957696840849,12.11414798688778,3.9863504139646753
6400,-96,-70.0,-109.0,13.38785974254836,8.44239724603986,3.7405016878464257
6401,-102,-62.0,-163.32680589558944,16.374795337158083,13.15853336807396,3.7647629296075458
6402,-109,-75.0,-237.0,7.920599385827341,5.975808891329109,3.44481235801278
6403,-97,-67.0,-104.0,15.862512963981912,12.381841156350909,3.9989122289070567
6404,-118,-82.0,-290.0,6.409593381422713,4.630174715044346,2.687195282916319
6405,-100,-64.0,-164.33808183940562,17.473356434790155,13.858338632701187,3.3795989618888296
6406,-119,-85.0,-278.0,7.542319663024498,6.667825268447128,3.255773671158108
6407,-99,-61.0,-106.0,13.457875886406889,10.517902526211728,3.7231503913527706
6408,-101,-60.0,-167.9336520648162,14.34621729400394,11.122644747036505,3.963359681306837
6409,-91,-68.0,-144.0,12.365556900136681,8.587111434680091,4.1076145483013615
6410,-100,-65.0,-146.45088031712606,12.707357334845797,9.783679753165398,3.4932870279981945
6411,-90,-62.0,-147.0,15.770631826627824,12.306087047431282,4.288130906665309
6412,-105,-78.0,-229.0,10.668127292621817,7.9124400410762865,3.253902853994407
6413,-99,-70.0,-252.0,9.297756752412676,6.492296420139069,3.76436130364448
6414,-105,-83.6188826171088,-246.0,8.522783857980604,5.451468048025685,3.822171924489442
6415,-107,-77.0,-252.0,12.434832279198583,9.152264602343788,3.266835530016365
6416,-111,-77.0,-242.0,10.513292720392442,8.330824504383193,3.075127374789937
6417,-101,-70.0,-162.84834226683537,15.673478041293327,12.03096008062718,3.4500487202753214
6418,-112,-70.0,-174.907635143724,9.373998338270422,6.8106321785745685,3.771009844787965
6419,-92,-59.0,-130.0,16.674133261481145,13.304964528846517,4.302472213538499
6420,-100,-68.0,-109.0,13.066875037338104,9.390618232472548,3.819093222109924
6421,-101,-71.0,-109.0,18.36687751250376,13.988683886346651,3.522598742073866
6422,-96,-60.0,-139.0,13.260741151230299,9.224170923260196,4.084515898248374
6423,-80,-57.0,-106.0,20.09104273842481,16.70647554944575,4.287716038966815
6424,-103,-76.0,-237.0,10.366309979709351,8.25053288444855,3.3134826170940164
6425,-92,-62.0,-119.0,13.708170032755117,10.596563942322891,3.848975778078575
6426,-85,-61.0,-103.0,14.626982113970044,10.808139389272554,4.443359271218862
6427,-94,-63.0,-118.0,14.9384850410826,11.75097969442358,3.835693830064916
6428,-113,-77.0,-199.0,12.142328326607553,9.251845068675804,3.231297513105739
6429,-112,-70.0,-221.0,12.404442445224289,9.882649768053303,3.410444038384911
6430,-101,-75.346143944985,-173.74879121534977,9.379781113741576,6.4271687434156375,3.4615825790902
6431,-116,-82.71054521377397,-298.0,5.210070539759185,3.350870402861756,2.8275768039610467
6432,-99,-71.0,-162.15401113649816,8.344228273240144,6.090584000979423,4.010511814066226
6433,-105,-83.46789243896141,-199.0,11.207813079184962,9.347251456819368,3.604025374727757
6434,-100,-82.4872580851944,-209.0,10.794201174660568,7.827910068931901,3.504490465387645
6435,-101,-65.0,-152.0,12.173204757584463,9.365563715910238,3.521602109534031
6436,-86,-49.0,-105.89099564369346,21.80786433503649,17.81990207804757,4.071011980158022
6437,-78,-50.0,-71.0,18.1148014672633,14.073314755939744,4.330760409699704
6438,-75,-51.0,-85.0,18.10623837093712,15.404246150271828,4.484516920628432
6439,-101,-70.0,-151.0,15.811933611815194,11.83913265673249,3.705269596106232
6440,-101,-72.355232758745,-175.0,12.928198525903303,8.929006564555777,3.94680001414762
6441,-97,-68.0,-175.0,13.673990087294065,9.800817035476728,3.708253177412888
6442,-116,-82.21922684664716,-288.0,7.695160833583844,6.111266988684891,3.118426136276573
6443,-111,-76.0,-250.0,11.979867868378127,9.798308484226334,3.521267143977699
6444,-88,-63.0,-105.71250116132053,16.20881736134676,12.594926787053112,4.12256756827836
6445,-99,-68.0,-150.0,18.280116326230644,13.582220133106391,4.340161425723364
6446,-89,-70.0,-138.0,15.758709733407688,11.88691515164145,4.09283783613695
6447,-102,-67.0,-150.0,14.498258731072424,11.385849039516373,3.993414207476123
6448,-99,-64.0,-122.0,14.905209932280217,11.298741344826585,4.080367760844041
6449,-93,-72.0,-132.0,13.623768835546022,9.738975926519071,4.3136404292707455
6450,-105,-71.0,-253.0,13.457760154564314,9.77148246775888,3.601350692611363
6451,-95,-70.0,-159.53924778662366,17.73228081151831,13.850512701917726,4.119314512706966
6452,-113,-82.85570156951037,-258.0,7.7464469108251155,5.595105911453691,3.625129555501958
6453,-90,-59.0,-168.2357248518514,18.098402062124894,14.488447554901414,4.374788500694216
6454,-97,-72.05806495991568,-142.0,17.383934436270007,13.323558602529117,3.752758467165557
6455,-100,-71.0,-139.0,16.045362126269527,12.799881169767584,3.618676827158708
6456,-113,-83.52484692640085,-287.0,6.642506996999647,5.043298402377669,2.9712108677930984
6457,-98,-77.0,-240.0,8.884571028077422,5.3424243175403925,4.1255857696230445
6458,-78,-58.06262433484109,-79.0,18.202567072189296,15.233777030916812,4.313321891716334
6459,-105,-77.0,-191.0,8.123562523968642,5.924017492205212,3.675731674860792
6460,-102,-77.0,-208.0,10.571990528136421,8.892437697087013,3.459176715429072
6461,-86,-56.0,-101.45015604831258,17.827060039074482,14.463770486526345,4.285821453044754
6462,-119,-80.89775530746728,-295.0,6.975562907362718,5.007122333344295,3.0442599122793497
6463,-103,-63.0,-129.0,16.816597499837787,13.876025866431554,3.665424850494368
6464,-78,-53.0,-96.0,18.194688982045733,13.811977176604984,4.163504123211112
6465,-118,-84.0,-292.0,7.857475809354639,5.803155279860707,2.8224799833896896
6466,-93,-58.866369345793814,-157.7833829984292,11.282299296694804,8.911493712078478,4.066109794529588
6467,-74,-49.0,-87.0,20.410468213629592,16.987902185160667,4.408225822232164
6468,-100,-60.0,-162.7700129866203,12.418040141017414,8.732763735887279,3.3846947243836616
6469,-86,-52.0,-95.0,24.25139842429528,20.512302638473145,4.130828262315146
6470,-83,-53.0,-76.0,23.04567202887269,18.25622752319623,4.304381260384304
6471,-95,-73.9601792466613,-105.0,16.93404042060615,13.301218703087708,4.178905085187663
6472,-120,-85.0,-266.0,5.218034880053692,3.4127572738652177,2.7444965221721187
6473,-106,-72.0,-197.0,8.819156487572847,6.342894172134883,3.508704418882419
6474,-113,-76.0,-167.6316438169187,13.83249747417907,9.571833365457326,3.149824878166333
6475,-102,-59.0,-127.0,16.016832236017862,12.344034344526836,3.69970660183905
6476,-118,-84.0,-295.0,8.269272747371852,6.924417492373976,3.1308575028364896
6477,-108,-71.0,-169.88502440764907,11.675867288308284,8.285878526885858,3.351269763469037
6478,-74,-60.0,-75.0,20.3873358577034,16.91740274805877,4.058744337258644
6479,-95,-68.0,-144.0,16.783721801691563,13.592471313517944,4.315918713618522
6480,-96,-68.0,-166.66730196686314,16.20943923104671,12.405318525577592,4.147873185432366
6481,-93,-59.0,-130.0,15.494986434915148,11.607913141839528,4.183217331206655
6482,-92,-68.48013730021343,-115.0,18.028727036804835,14.046826623647911,3.89800939729844
6483,-101,-68.0,-168.5711550678545,15.530401028119249,12.246549976101935,3.8878751312813273
6484,-101,-65.0,-171.62167998302937,11.69487109460924,8.879278865327326,3.781551913913662
6485,-94,-61.0,-139.0,16.410768206233534,13.147187382958188,3.894989070635164
6486,-107,-70.0,-225.0,8.919175724971426,5.977516369882801,3.659334734712865
6487,-101,-74.0,-240.0,11.452370943119965,9.078065398354257,3.528041013813405
6488,-85,-71.38414837964507,-151.0,14.486222488327895,11.47514952032484,4.194737558758371
6489,-102,-76.0,-224.0,11.728144319433977,10.457403012811028,3.474995431948768
6490,-94,-62.0,-103.0,12.958901010597112,9.525374357815334,3.81832752315578
6491,-99,-70.19036127985346,-121.0,16.25978879342818,13.018578172341446,3.854697078672329
6492,-112,-81.13650964942629,-207.0,12.003131082863254,9.881983819800585,3.3582538991441964
6493,-103,-64.0,-106.0,16.313464972270655,13.504117244759495,4.130869013125668
6494,-85,-67.0,-157.9568498425176,16.70850274656223,12.812847760670788,4.044591087465767
6495,-112,-72.0,-200.0,11.252064234972876,9.065741539762264,3.2724947215679423
6496,-96,-67.0,-129.0,16.29194409878641,12.56170057433697,3.963669587738068
6497,-111,-71.0,-245.0,10.576938309990672,7.640839722415544,3.304897821306157
6498,-97,-61.0,-126.0,17.955013863538806,14.06566577868526,3.778610188567395
6499,-105,-76.0,-161.98375721494142,8.205260844267755,5.399009804876538,3.6244643511784647
6500,-94,-68.0,-139.0,12.242109303395983,8.75366362704954,3.816580616834969
6501,-84,-63.0,-72.0,19.141027198658872,13.851128110592027,4.396072981975522
6502,-83,-60.0,-88.0,19.299060215873567,14.6473726218182,4.185772784063939
6503,-94,-61.0,-120.0,15.934010146176853,12.728020475118296,4.019556423807964
6504,-112,-84.0,-287.0,6.556399625452127,5.031023948262841,3.232402545533428
6505,-105,-79.0,-222.0,12.948853082167586,10.687361396719483,3.596117519170714
6506,-86,-59.0,-141.0,18.072853040761807,13.50793359553296,4.38558289602359
6507,-96,-65.0,-119.0,12.777371776795615,9.887101501759844,3.889546003630002
6508,-86,-59.71235783714207,-139.0,14.964140161731,11.154948041350904,4.361579246282089
6509,-99,-77.0,-240.0,11.30375174056317,8.534331373316451,3.6175496900266833
6510,-107,-78.0,-246.0,10.742241281988996,8.151150194796363,3.143884850979663
6511,-109,-80.0,-237.0,9.676731908327788,6.814731299240279,3.198284911801282
6512,-83,-53.0,-90.0,24.40234500700992,21.59504074802247,4.090738303659115
6513,-98,-78.0,-172.93542362267672,7.991874604297489,5.788660765336299,3.972552103912848
6514,-79,-48.0,-72.0,21.955051535072226,19.59663749929195,3.782033634148833
6515,-84,-63.0,-93.0,19.38002326924289,16.683463427453415,4.186352899744641
6516,-109,-82.0,-228.0,10.001179845398728,7.963266971314589,3.5669195850682587
6517,-77,-59.0,-92.0,17.999166986924138,13.353883789247732,4.582141163972694
6518,-111,-70.2711580288352,-168.81330931819747,8.642103849855433,5.604271934070696,3.7019876015762887
6519,-113,-87.0,-271.0,7.585214231320724,6.233683173517109,3.023984346942171
6520,-94,-69.71629986088367,-111.0,16.128299972188877,12.874173001255173,3.978889370264568
6521,-86,-67.0,-136.0,14.194955543157562,10.990295828333508,4.258620566489233
6522,-115,-80.42222871067472,-285.0,6.896655738907369,5.752571368816463,2.9791367299422946
6523,-85,-56.0,-108.0,18.24040337484477,16.348496095717866,4.254101857834032
6524,-99,-72.0,-147.0,13.63934246205675,9.803678611958595,3.6240150280942
6525,-97,-62.0,-159.27386596503635,12.976650417626013,10.079087760569676,4.019520767920242
6526,-75,-48.0,-90.0,19.90174922988876,16.640055508599477,4.483790685931561
6527,-78,-56.87203063519796,-85.0,21.502933939928976,17.80348176755443,4.485599964366087
6528,-92,-67.0,-135.0,14.159317299743835,10.473933005757315,4.165247727328943
6529,-87,-62.0,-98.19345188349558,18.33111319642031,13.581431445801895,4.193205140988974
6530,-106,-76.0,-232.0,10.750627834208691,8.428017095072295,3.481196823726532
6531,-97,-68.87444085448107,-121.0,12.921130053933666,10.596228154195302,3.6721169430428544
6532,-98,-70.0,-111.0,14.57401898743282,10.84794824582343,3.771211721651436
6533,-90,-67.0,-173.43568040128108,16.889185008420906,14.030796443774424,4.151145624508499
6534,-114,-80.0,-256.8711763537112,11.980886399180982,10.316708129270785,3.268249214754533
6535,-109,-82.11604400927476,-225.0,9.198887858236972,6.315382496737287,3.361825626364045
6536,-100,-65.0,-152.0,14.058962692810173,9.772269397690817,3.8094057553964
6537,-86,-59.0,-87.0,20.172093073440973,15.713376768231724,4.545928928265616
6538,-88,-58.063552458471385,-147.0,13.222966926734514,9.709686180047608,4.139986463059709
6539,-97,-64.0,-174.61394720384862,16.501264586409754,13.41833643376492,4.137690294296659
6540,-82,-57.0,-84.0,24.6172173103599,21.84732607462277,4.361987976770191
6541,-109,-79.0,-215.0,12.42784562598642,8.934397858207891,3.3564741973143333
6542,-108,-79.0,-168.7481063276653,9.36216629079,7.021560071487364,3.135997708977478
6543,-103,-81.83603246981004,-201.0,8.475599086769556,6.142063436121518,3.602176661094626
6544,-77,-52.0,-76.0,17.681197296305452,13.87133058205118,4.6586205859707865
6545,-102,-82.0,-212.0,10.620536423300278,8.492670161214972,3.618267060400962
6546,-89,-60.0,-126.0,17.350050069256476,13.74687422739343,4.217773797763352
6547,-111,-70.0,-200.0,10.529700551631093,8.47710075878813,2.550299109072241
6548,-102,-68.0,-159.46926024577135,12.790370743839203,9.197308706678662,3.5591542026010443
6549,-91,-66.0,-121.0,17.500082742302325,13.757257282479642,4.245476382296293
6550,-98,-63.0,-126.0,14.967456197433354,11.565097049413136,3.980111309610789
6551,-89,-63.0,-167.53573686357106,12.151742157295999,8.963122810273203,4.342439688519913
6552,-103,-63.0,-160.73547460432624,13.493233273685053,10.781613530472086,3.4155171201065224
6553,-85,-57.43208246698338,-143.0,16.44824874766881,13.257776302910838,4.477972532307691
6554,-85,-60.0,-167.74037006143493,17.12803671919543,13.833241339532051,3.860801335353835
6555,-94,-64.0,-160.89722511386557,13.604440782889995,8.790524344821183,4.336372555899759
6556,-112,-74.0,-230.0,10.354772121438245,8.26643677466209,3.3249981577495644
6557,-93,-61.0,-168.77446179012045,17.84875946724881,14.771772539596416,3.875215488270379
6558,-90,-65.0,-147.0,15.794420065664172,12.67260938418635,4.273338457190283
6559,-110,-76.0,-169.78375703371137,9.30711774174021,6.941461802205789,3.408923543061768
6560,-77,-49.0,-73.0,18.888064851112123,16.837197281723377,4.441640271292003
6561,-87,-67.0,-135.0,14.019905933483091,10.574521608720993,4.157296602254569
6562,-112,-82.0,-204.0,12.46460662655507,10.245057572104194,3.2804109708309364
6563,-99,-67.0,-123.0,14.673045327463893,11.053521657158283,4.055597585467429
6564,-97,-65.0,-104.0,15.54264082211068,12.510198754040331,3.676669543898719
6565,-90,-69.91860963070303,-145.0,12.903359328305188,10.467562512152796,3.9561180624834495
6566,-114,-87.0,-266.0,7.395404746046954,6.132850249271426,3.007126617663648
6567,-95,-57.83769629668597,-136.0,14.174847345722355,9.775980960467937,4.066841946802624
6568,-85,-58.01843404905991,-152.0,13.78317043998138,9.17841237660864,4.449734116599167
6569,-98,-61.0,-156.6071901831795,12.65796313369045,9.47541817682088,3.7932236429159047
6570,-90,-66.0,-129.0,11.839840261654754,8.617499880257316,3.4074820179253456
6571,-93,-71.0,-113.0,16.326487181410872,12.422985326230082,4.112909401046874
6572,-85,-60.0,-112.0,17.41521922678402,13.88202640904142,4.115041672757526
6573,-83,-60.0,-96.0,20.517691596071224,16.606840896799888,4.163085653713831
6574,-99,-60.0,-115.0,12.90800734523293,9.954378160361545,3.852195584326618
6575,-102,-69.46224049864703,-192.0,9.374952874196977,6.630694256907914,3.7930689770134016
6576,-96,-59.0,-111.0,11.874905603593746,8.68933882367017,3.6335080168553047
